rank	word	definition	sentence_1	pinyin_1	translation_1	sentence_2	pinyin_2	translation_2	sentence_3	pinyin_3	translation_3
1	嘛	sentence particle: “obviously / come on” (marks something as obvious or softens a request)	你快说嘛，我等不了了。	nǐ kuài shuō ma ， wǒ děng bù liǎo le 。	Come on, just tell me, I can't wait.	这个很简单嘛，你看一下就会了。	zhè ge hěn jiǎn dān ma ， nǐ kàn yī xià jiù huì le 。	It's easy, honestly — just take a look and you'll get it.	我早就说了嘛，他不会来的。	wǒ zǎo jiù shuō le ma ， tā bù huì lái de 。	I told you so — he wasn't going to come.
2	呀	sentence particle: softer variant of 啊 (surprise, friendliness)	你怎么才来呀？	nǐ zěn me cái lái ya ？	Why are you only getting here now?	好可爱呀，我也想要一个！	hǎo kě ài ya ， wǒ yě xiǎng yào yī gè ！	So cute! I want one too!	谢谢你呀，下次请你吃饭。	xiè xie nǐ ya ， xià cì qǐng nǐ chī fàn 。	Thank you! Dinner's on me next time.
3	啥	(coll.) what (= 什么)	你说啥？我没听到。	nǐ shuō shá ？ wǒ méi tīng dào 。	What'd you say? I didn't catch that.	这是啥意思啊？	zhè shì shá yì si a ？	What does this mean?	晚上吃啥？我都行。	wǎn shang chī shá ？ wǒ dōu xíng 。	What are we eating tonight? I'm fine with anything.
4	啦	sentence particle: 了 + 啊 (lively, friendly tone)	我到家啦，你早点睡。	wǒ dào jiā la ， nǐ zǎo diǎn shuì 。	I'm home! Get some sleep.	好啦好啦，别生气了。	hǎo la hǎo la ， bié shēng qì le 。	Okay, okay, don't be mad.	终于放假啦！	zhōng yú fàng jià la ！	Finally on holiday!
5	人家	other people; (cute/whiny) I, me	人家都下班了，你还在忙。	rén jia dōu xià bān le ， nǐ hái zài máng 。	Everyone else has gone home and you're still working.	别老跟人家比，做好自己就行。	bié lǎo gēn rén jia bǐ ， zuò hǎo zì jǐ jiù xíng 。	Stop comparing yourself to others; just do your own thing.	人家不想一个人去嘛。	rén jia bù xiǎng yī gè rén qù ma 。	But I don't wanna go alone~
6	反正	anyway; in any case	反正明天不上班，再玩一会儿。	fǎn zhèng míng tiān bù shàng bān ， zài wán yī huìr 。	I don't have work tomorrow anyway, so let's play a bit longer.	我反正不去，你们去吧。	wǒ fǎn zhèng bù qù ， nǐ men qù ba 。	I'm not going anyway, you guys go.	反正也没人看，随便写写。	fǎn zhèng yě méi rén kàn ， suí biàn xiě xie 。	Nobody reads it anyway, so I just write whatever.
7	搞	to do; to make; to mess with (all-purpose verb)	这么晚了你还在搞什么？	zhè me wǎn le nǐ hái zài gǎo shén me ？	It's so late — what are you still doing?	这个问题我搞不懂。	zhè ge wèn tí wǒ gǎo bù dǒng 。	I can't figure this problem out.	别搞了，你会把电脑搞坏的。	bié gǎo le ， nǐ huì bǎ diàn nǎo gǎo huài de 。	Stop messing with it, you'll break the computer.
8	宝宝	baby; (term of endearment) babe, sweetie	宝宝今天睡得很好。	bǎo bao jīn tiān shuì de hěn hǎo 。	The baby slept really well today.	宝宝，你吃饭了吗？	bǎo bao ， nǐ chī fàn le ma ？	Babe, have you eaten?	宝宝们，明天见！	bǎo bao men ， míng tiān jiàn ！	See you tomorrow, babes! (creator signing off to followers)
9	妈	mum, mom	我妈又打电话来了。	wǒ mā yòu dǎ diàn huà lái le 。	My mum's calling again.	妈，我今天不回家吃饭。	mā ， wǒ jīn tiān bù huí jiā chī fàn 。	Mum, I won't be home for dinner today.	这个菜跟我妈做的一样好吃。	zhè ge cài gēn wǒ mā zuò de yī yàng hǎo chī 。	This dish is as good as my mum's.
10	粉丝	fan, follower (of a person or account)	他的粉丝真的太多了。	tā de fěn sī zhēn de tài duō le 。	He has so many fans.	我是你十年的老粉丝了！	wǒ shì nǐ shí nián de lǎo fěn sī le ！	I've been your fan for ten years!	怎么才能有更多粉丝？	zěn me cái néng yǒu gèng duō fěn sī ？	How do I get more followers?
11	个人	personal; individual; (in opinions) personally	我个人觉得还不错。	wǒ gè rén jué de hái bù cuò 。	Personally, I think it's pretty good.	这是我的个人看法。	zhè shì wǒ de gè rén kàn fǎ 。	That's just my personal opinion.	个人原因，不方便说。	gè rén yuán yīn ， bù fāng biàn shuō 。	Personal reasons — I'd rather not say.
12	超	super-, extremely (intensifier); to exceed	这家店超好吃！	zhè jiā diàn chāo hǎo chī ！	This place is super tasty!	今天超累，不想动了。	jīn tiān chāo lèi ， bù xiǎng dòng le 。	So tired today, I don't want to move.	这个月钱又花超了。	zhè ge yuè qián yòu huā chāo le 。	I've gone over budget again this month.
13	推荐	to recommend	有没有好看的电影推荐一下？	yǒu méi yǒu hǎo kàn de diàn yǐng tuī jiàn yī xià ？	Any good movies you'd recommend?	非常推荐这家店，去了不会后悔。	fēi cháng tuī jiàn zhè jiā diàn ， qù le bù huì hòu huǐ 。	Highly recommend this place, you won't regret it.	这是朋友推荐给我的。	zhè shì péng you tuī jiàn gěi wǒ de 。	A friend recommended this to me.
14	什么的	and so on; and stuff	我周末就看看书什么的。	wǒ zhōu mò jiù kàn kan shū shén me de 。	On weekends I just read and stuff.	水果、面包什么的都可以带。	shuǐ guǒ 、 miàn bāo shén me de dōu kě yǐ dài 。	You can bring fruit, bread and so on.	他喜欢打球、游泳什么的。	tā xǐ huan dǎ qiú 、 yóu yǒng shén me de 。	He likes playing ball, swimming, that kind of thing.
15	靠	to rely on; to lean on; (exclamation) damn!	靠，我又忘带钥匙了！	kào ， wǒ yòu wàng dài yào shi le ！	Damn, I forgot my keys again!	这次全靠你了。	zhè cì quán kào nǐ le 。	It's all on you this time.	别靠在门上。	bié kào zài mén shàng 。	Don't lean on the door.
16	求	to beg; to ask for (“求更新” = please update)	求歌名！好好听。	qiú gē míng ！ hǎo hǎo tīng 。	Song name please! It's so good.	求你了，帮帮我吧。	qiú nǐ le ， bāng bang wǒ ba 。	Please, I'm begging you, help me out.	求大家帮个忙。	qiú dà jiā bāng gè máng 。	Could everyone please help me out?
17	根本	at all (with negation: 根本不…); fundamentally	我根本不知道这件事。	wǒ gēn běn bù zhī dào zhè jiàn shì 。	I had no idea about this at all.	他根本没听我说话。	tā gēn běn méi tīng wǒ shuō huà 。	He wasn't listening to me at all.	这根本不是一回事。	zhè gēn běn bù shì yī huí shì 。	That's not the same thing at all.
18	比如说	for example	我喜欢运动，比如说跑步、游泳。	wǒ xǐ huan yùn dòng ， bǐ rú shuō pǎo bù 、 yóu yǒng 。	I like sports, like running and swimming.	你可以换个方法，比如说早点去。	nǐ kě yǐ huàn gè fāng fǎ ， bǐ rú shuō zǎo diǎn qù 。	You could try something else — like going earlier.	比如说我吧，每天都很晚睡。	bǐ rú shuō wǒ ba ， měi tiān dōu hěn wǎn shuì 。	Take me, for example — I go to bed late every night.
19	分享	to share (post, experience)	谢谢分享，很有用！	xiè xie fēn xiǎng ， hěn yǒu yòng ！	Thanks for sharing, super useful!	今天来跟大家分享一下我的早饭。	jīn tiān lái gēn dà jiā fēn xiǎng yī xià wǒ de zǎo fàn 。	Today I'm sharing my breakfast with you all.	好东西要跟朋友分享。	hǎo dōng xi yào gēn péng you fēn xiǎng 。	Good stuff should be shared with friends.
20	哥	older brother; bro (form of address)	哥，你也太强了吧！	gē ， nǐ yě tài qiáng le ba ！	Bro, you're way too good!	我哥比我大三岁。	wǒ gē bǐ wǒ dà sān suì 。	My brother is three years older than me.	谢谢哥，下次我请客！	xiè xie gē ， xià cì wǒ qǐng kè ！	Thanks bro, my treat next time!
21	毕竟	after all	别生他的气，他毕竟还小。	bié shēng tā de qì ， tā bì jìng hái xiǎo 。	Don't be mad at him, he's still young after all.	毕竟是第一次，紧张很正常。	bì jìng shì dì yī cì ， jǐn zhāng hěn zhèng cháng 。	It's your first time after all, being nervous is normal.	他变化这么大也不奇怪，毕竟十年没见了。	tā biàn huà zhè me dà yě bù qí guài ， bì jìng shí nián méi jiàn le 。	No wonder he's changed so much — it's been ten years, after all.
22	那时候	at that time; back then	那时候我们还在上学。	nà shí hou wǒ men hái zài shàng xué 。	Back then we were still in school.	那时候的歌真好听。	nà shí hou de gē zhēn hǎo tīng 。	The songs back then were so good.	我那时候什么都不懂。	wǒ nà shí hou shén me dōu bù dǒng 。	I didn't know anything back then.
23	明星	celebrity, star	他长得像个明星。	tā zhǎng de xiàng gè míng xīng 。	He looks like a celebrity.	你最喜欢哪个明星？	nǐ zuì xǐ huan nǎ ge míng xīng ？	Which celebrity do you like most?	明星也是普通人啊。	míng xīng yě shì pǔ tōng rén a 。	Stars are just ordinary people too.
24	骂	to scold; to curse at, to insult	我被我妈骂了一顿。	wǒ bèi wǒ mā mà le yī dùn 。	I got told off by my mum.	别骂了别骂了，我知道错了。	bié mà le bié mà le ， wǒ zhī dào cuò le 。	Okay, stop roasting me, I know I messed up. (meme)	他在网上被很多人骂。	tā zài wǎng shàng bèi hěn duō rén mà 。	Loads of people are slamming him online.
25	评论	comment; to comment on	我每次都先看评论。	wǒ měi cì dōu xiān kàn píng lùn 。	I always read the comments first.	欢迎大家在下面评论。	huān yíng dà jiā zài xià miàn píng lùn 。	Feel free to comment below.	这条评论太好笑了。	zhè tiáo píng lùn tài hǎo xiào le 。	This comment is hilarious.
26	笑死	(slang) LOL, dying of laughter	笑死，他一句话都说不出来了。	xiào sǐ ， tā yī jù huà dōu shuō bù chū lái le 。	LOL, he was left totally speechless.	笑死我了，这只猫在干什么？	xiào sǐ wǒ le ， zhè zhī māo zài gàn shén me ？	I'm dying, what is this cat doing?	真的笑死，我看了五遍。	zhēn de xiào sǐ ， wǒ kàn le wǔ biàn 。	Literally dying, I watched it five times.
27	更新	to update; update (new episode/post)	怎么还不更新啊？	zěn me hái bù gēng xīn a ？	Why haven't you posted anything new yet?	手机要更新了，等一下。	shǒu jī yào gēng xīn le ， děng yī xià 。	My phone needs to update, hang on.	他每周五更新一次。	tā měi zhōu wǔ gēng xīn yī cì 。	He uploads every Friday.
28	黑	(slang) to hate on, to smear; black; dark	我不是黑他，我说的都是真的。	wǒ bù shì hēi tā ， wǒ shuō de dōu shì zhēn de 。	I'm not hating on him, everything I said is true.	外面天都黑了。	wài miàn tiān dōu hēi le 。	It's already dark outside.	我想要那件黑的。	wǒ xiǎng yào nà jiàn hēi de 。	I want the black one.
29	咋	(coll.) how; why (= 怎么)	你咋还没睡？	nǐ zǎ hái méi shuì ？	How come you're still up?	这个咋用啊？	zhè ge zǎ yòng a ？	How do you use this?	咋了？出什么事了？	zǎ le ？ chū shén me shì le ？	What's up? What happened?
30	超级	super	这个游戏超级好玩。	zhè ge yóu xì chāo jí hǎo wán 。	This game is super fun.	今天超级冷，我都不想出门。	jīn tiān chāo jí lěng ， wǒ dōu bù xiǎng chū mén 。	It's super cold today, I don't even want to go out.	我超级喜欢这首歌！	wǒ chāo jí xǐ huan zhè shǒu gē ！	I love this song so much!
31	属于	to belong to; to count as	这是属于我们的回忆。	zhè shì shǔ yú wǒ men de huí yì 。	These are memories that belong to us.	这不属于我的工作内容，别找我。	zhè bù shǔ yú wǒ de gōng zuò nèi róng ， bié zhǎo wǒ 。	That's not part of my job, don't come to me.	这种情况属于正常。	zhè zhǒng qíng kuàng shǔ yú zhèng cháng 。	This sort of thing is perfectly normal.
32	为啥	(coll.) why (= 为什么)	你为啥不回我消息？	nǐ wèi shá bù huí wǒ xiāo xi ？	Why aren't you replying to my messages?	为啥我的手机这么慢？	wèi shá wǒ de shǒu jī zhè me màn ？	Why is my phone so slow?	不知道为啥，今天特别想家。	bù zhī dào wèi shá ， jīn tiān tè bié xiǎng jiā 。	Dunno why, but I'm really homesick today.
33	熬夜	to stay up late	别熬夜了，早点睡。	bié áo yè le ， zǎo diǎn shuì 。	Stop staying up late, go to bed.	昨天熬夜看球，今天好累。	zuó tiān áo yè kàn qiú ， jīn tiān hǎo lèi 。	Stayed up watching the game last night, so tired today.	熬夜对身体不好。	áo yè duì shēn tǐ bù hǎo 。	Staying up late is bad for your health.
34	老婆	wife; (slang) waifu, used for female idols/characters	我老婆不让我玩游戏。	wǒ lǎo po bù ràng wǒ wán yóu xì 。	My wife won't let me play games.	老婆今天也太好看了吧！	lǎo po jīn tiān yě tài hǎo kàn le ba ！	My waifu looks amazing today!	这是我老婆，你们都别想了。	zhè shì wǒ lǎo po ， nǐ men dōu bié xiǎng le 。	She's my waifu, don't even think about it.
35	是的	yes; that's right	是的，我也这么觉得。	shì de ， wǒ yě zhè me jué de 。	Yeah, I think so too.	是的是的，你说得对。	shì de shì de ， nǐ shuō de duì 。	Yep, yep, you're right.	是的，他明天就回来。	shì de ， tā míng tiān jiù huí lái 。	Yes, he's back tomorrow.
36	爸	dad	我爸今天做饭了。	wǒ bà jīn tiān zuò fàn le 。	My dad cooked today.	爸，你别担心我。	bà ， nǐ bié dān xīn wǒ 。	Dad, don't worry about me.	我爸每次打电话都问我钱够不够花。	wǒ bà měi cì dǎ diàn huà dōu wèn wǒ qián gòu bù gòu huā 。	Every time my dad calls, he asks if I have enough money.
37	日本	Japan	我明年想去日本玩。	wǒ míng nián xiǎng qù rì běn wán 。	I want to go to Japan next year.	这是在日本买的。	zhè shì zài rì běn mǎi de 。	I bought this in Japan.	你喜欢日本菜吗？	nǐ xǐ huan rì běn cài ma ？	Do you like Japanese food?
38	咱	(coll.) we, us (including the listener); (northern) I, me	时间不早了，咱们走吧。	shí jiān bù zǎo le ， zán men zǒu ba 。	It's getting late, let's go.	咱也不知道，咱也不敢问。	zán yě bù zhī dào ， zán yě bù gǎn wèn 。	No idea, and I don't dare ask. (meme)	咱俩谁跟谁啊。	zán liǎ shéi gēn shéi a 。	Come on, we're practically family.
39	穿搭	outfit; to put together an outfit	今天的穿搭好好看！	jīn tiān de chuān dā hǎo hǎo kàn ！	Today's outfit looks great!	有没有适合夏天的穿搭？	yǒu méi yǒu shì hé xià tiān de chuān dā ？	Any good summer outfit ideas?	她每天都发自己的穿搭。	tā měi tiān dōu fā zì jǐ de chuān dā 。	She posts her outfits every day.
40	抽	to pull out; to smoke; to draw (lottery, gacha)	我抽了十次，什么都没抽到。	wǒ chōu le shí cì ， shén me dōu méi chōu dào 。	I pulled ten times and got nothing.	别在房间里抽烟。	bié zài fáng jiān lǐ chōu yān 。	Don't smoke in the room.	他从书里抽出一张纸。	tā cóng shū lǐ chōu chū yī zhāng zhǐ 。	He pulled a sheet of paper out of the book.
41	状态	state, condition; form (physical/mental shape)	我今天状态不太好。	wǒ jīn tiān zhuàng tài bù tài hǎo 。	I'm not in great shape today.	他最近状态很好，比赛都赢了。	tā zuì jìn zhuàng tài hěn hǎo ， bǐ sài dōu yíng le 。	He's in great form lately, he's won every match.	这就是我现在的状态。	zhè jiù shì wǒ xiàn zài de zhuàng tài 。	This is literally me right now.
42	期待	to look forward to; expectation	好期待明天的比赛！	hǎo qī dài míng tiān de bǐ sài ！	Can't wait for tomorrow's match!	别抱太大期待，没那么好看。	bié bào tài dà qī dài ， méi nà me hǎo kàn 。	Don't get your hopes up too much — it's not that good.	我很期待跟你见面。	wǒ hěn qī dài gēn nǐ jiàn miàn 。	I'm really looking forward to meeting you.
43	未来	future	未来的事谁知道呢。	wèi lái de shì shéi zhī dào ne 。	Who knows what the future holds.	我对未来没什么想法。	wǒ duì wèi lái méi shén me xiǎng fǎ 。	I haven't really got any ideas about the future.	你未来想做什么？	nǐ wèi lái xiǎng zuò shén me ？	What do you want to do in the future?
44	款	style, model (of a product); measure word for products	这款手机怎么样？	zhè kuǎn shǒu jī zěn me yàng ？	How's this phone model?	我也买了这款，真的好用。	wǒ yě mǎi le zhè kuǎn ， zhēn de hǎo yòng 。	I bought this one too, it's really good.	这款有黑色和白色两种。	zhè kuǎn yǒu hēi sè hé bái sè liǎng zhǒng 。	This model comes in black and white.
45	蛮	(coll.) quite, pretty (= 挺)	这个电影蛮好看的。	zhè ge diàn yǐng mán hǎo kàn de 。	This movie's pretty good.	他这个人蛮好的，就是话少。	tā zhè ge rén mán hǎo de ， jiù shì huà shǎo 。	He's quite nice, just doesn't talk much.	今天蛮冷的，多穿点。	jīn tiān mán lěng de ， duō chuān diǎn 。	It's pretty cold today, wear more layers.
46	评论区	comment section	评论区比视频还好笑。	píng lùn qū bǐ shì pín hái hǎo xiào 。	The comment section is funnier than the video.	有问题可以在评论区问我。	yǒu wèn tí kě yǐ zài píng lùn qū wèn wǒ 。	If you have questions, ask me in the comments.	我是来看评论区的。	wǒ shì lái kàn píng lùn qū de 。	I'm just here for the comments.
47	还好	not bad; fortunately; it's OK	还好我带了伞。	hái hǎo wǒ dài le sǎn 。	Good thing I brought an umbrella.	今天的考试怎么样？还好。	jīn tiān de kǎo shì zěn me yàng ？ hái hǎo 。	How was the exam today? It was okay.	还好吧，没有你说的那么难。	hái hǎo ba ， méi yǒu nǐ shuō de nà me nán 。	It's alright, not as hard as you said.
48	居然	unexpectedly; to one's surprise	他居然忘了我的生日！	tā jū rán wàng le wǒ de shēng rì ！	He actually forgot my birthday!	这么难的题你居然会做。	zhè me nán de tí nǐ jū rán huì zuò 。	Wow, you can actually do a question this hard.	我居然睡到中午了。	wǒ jū rán shuì dào zhōng wǔ le 。	I can't believe I slept till noon.
49	体验	to experience; experience	第一次坐飞机，体验很不错。	dì yī cì zuò fēi jī ， tǐ yàn hěn bù cuò 。	First time flying, and it was a great experience.	想体验一下那边的生活。	xiǎng tǐ yàn yī xià nà biān de shēng huó 。	I want to experience life over there.	这家店的体验太差了。	zhè jiā diàn de tǐ yàn tài chà le 。	The experience at this shop was awful.
50	啥的	(coll.) and so on (= 什么的)	饿了就吃点水果啥的。	è le jiù chī diǎn shuǐ guǒ shá de 。	If you're hungry, have some fruit or something.	你去超市的话，帮我带点牛奶啥的。	nǐ qù chāo shì de huà ， bāng wǒ dài diǎn niú nǎi shá de 。	If you're going to the supermarket, grab me some milk or something.	衣服、鞋啥的都准备好了。	yī fu 、 xié shá de dōu zhǔn bèi hǎo le 。	Clothes, shoes and all that are ready.
51	英雄	hero	你是我的英雄！	nǐ shì wǒ de yīng xióng ！	You're my hero!	这个游戏里我最喜欢的英雄是他。	zhè ge yóu xì lǐ wǒ zuì xǐ huan de yīng xióng shì tā 。	He's my favourite hero in this game.	他帮了那么多人，大家都说他是英雄。	tā bāng le nà me duō rén ， dà jiā dōu shuō tā shì yīng xióng 。	He's helped so many people, everyone calls him a hero.
52	神	god; (slang) amazing, godlike	神操作！他是怎么做到的？	shén cāo zuò ！ tā shì zěn me zuò dào de ？	Godlike play! How did he even pull that off?	神了，他真的猜对了！	shén le ， tā zhēn de cāi duì le ！	Unreal, he actually guessed it!	他们相信山上有神。	tā men xiāng xìn shān shàng yǒu shén 。	They believe there's a god on the mountain.
53	杀	to kill	他一个人杀了五个！	tā yī gè rén shā le wǔ gè ！	He took out five by himself!	这场比赛他直接杀疯了！	zhè chǎng bǐ sài tā zhí jiē shā fēng le ！	He went on an absolute rampage this match!	我不敢杀鱼，你来吧。	wǒ bù gǎn shā yú ， nǐ lái ba 。	I can't bring myself to kill the fish, you do it.
54	牛逼	(vulgar) awesome, badass; amazing	牛逼！这也太强了！	niú bī ！ zhè yě tài qiáng le ！	Badass! That's insane!	你真牛逼，一次就过了。	nǐ zhēn niú bī ， yī cì jiù guò le 。	You're awesome, you passed first try.	这个人太牛逼了，什么都会。	zhè ge rén tài niú bī le ， shén me dōu huì 。	This guy is amazing, he can do everything.
55	角色	role; character (in a story or game)	你在游戏里玩什么角色？	nǐ zài yóu xì lǐ wán shén me jué sè ？	What character do you play in the game?	这个角色太可爱了。	zhè ge jué sè tài kě ài le 。	This character is so cute.	他演的角色我都喜欢。	tā yǎn de jué sè wǒ dōu xǐ huan 。	I like every role he's played.
56	白	in vain, for nothing; white; free (白嫖)	我白等了一个小时。	wǒ bái děng le yī gè xiǎo shí 。	I waited an hour for nothing.	能白嫖为什么要花钱？	néng bái piáo wèi shén me yào huā qián ？	Why pay when you can freeload?	她穿白衣服真好看。	tā chuān bái yī fu zhēn hǎo kàn 。	She looks great in white.
57	三连	“triple” (like + coin + favourite on Bilibili)	喜欢的话记得一键三连！	xǐ huan de huà jì de yī jiàn sān lián ！	If you liked it, remember to smash like, coin and save! (meme)	这么好的视频，必须三连。	zhè me hǎo de shì pín ， bì xū sān lián 。	A video this good deserves the full triple.	已经三连了，快出下一期！	yǐ jīng sān lián le ， kuài chū xià yī qī ！	Already gave the triple — hurry up with the next episode!
58	么	sentence particle: question (= 吗) or emphasis	你明天还来么？	nǐ míng tiān hái lái me ？	Are you coming again tomorrow?	这不是挺好的么？	zhè bù shì tǐng hǎo de me ？	Isn't this pretty good?	有人一起去么？	yǒu rén yī qǐ qù me ？	Anyone want to go together?
59	配	to match; to deserve (“不配” = not worthy)	你不配跟我说话。	nǐ bù pèi gēn wǒ shuō huà 。	You're not worthy of talking to me.	这件衣服配什么鞋好看？	zhè jiàn yī fu pèi shén me xié hǎo kàn ？	What shoes go with this?	他们两个真的好配！	tā men liǎng gè zhēn de hǎo pèi ！	Those two are such a good match!
60	真实	real, true; (slang) so relatable	太真实了，我也是这样。	tài zhēn shí le ， wǒ yě shì zhè yàng 。	So relatable, I'm exactly the same. (meme)	这是一个真实的故事。	zhè shì yī gè zhēn shí de gù shi 。	This is a true story.	你说说你真实的想法。	nǐ shuō shuo nǐ zhēn shí de xiǎng fǎ 。	Tell me what you really think.
61	减肥	to lose weight; to diet	我明天开始减肥。	wǒ míng tiān kāi shǐ jiǎn féi 。	I'm starting my diet tomorrow.	减肥的人不能吃这个。	jiǎn féi de rén bù néng chī zhè ge 。	People on a diet can't eat this.	你又不胖，减什么肥啊？	nǐ yòu bù pàng ， jiǎn shén me féi a ？	You're not even fat, why are you dieting?
62	软件	software, app	你用的是什么软件？	nǐ yòng de shì shén me ruǎn jiàn ？	What app are you using?	这个软件太难用了。	zhè ge ruǎn jiàn tài nán yòng le 。	This app is so hard to use.	手机里的软件太多了。	shǒu jī lǐ de ruǎn jiàn tài duō le 。	There are way too many apps on my phone.
63	宿舍	dormitory	我们宿舍有四个人。	wǒ men sù shè yǒu sì gè rén 。	There are four of us in our dorm room.	宿舍晚上十一点关门。	sù shè wǎn shang shí yī diǎn guān mén 。	The dorm locks up at eleven at night.	我在宿舍打游戏呢。	wǒ zài sù shè dǎ yóu xì ne 。	I'm playing games in the dorm.
64	规划	to plan; plan	你对以后有什么规划？	nǐ duì yǐ hòu yǒu shén me guī huà ？	What are your plans for the future?	我要好好规划一下这个月的钱。	wǒ yào hǎo hǎo guī huà yī xià zhè ge yuè de qián 。	I need to plan my money properly this month.	这个城市规划得很好。	zhè ge chéng shì guī huà de hěn hǎo 。	This city is really well planned.
65	刷到	to come across (while scrolling a feed)	怎么又刷到你了！	zěn me yòu shuā dào nǐ le ！	How are you on my feed again?!	昨天刷到一个很好笑的视频。	zuó tiān shuā dào yī gè hěn hǎo xiào de shì pín 。	I came across a really funny video yesterday.	希望大家都能刷到这条。	xī wàng dà jiā dōu néng shuā dào zhè tiáo 。	I hope everyone gets to see this post.
66	眼	eye	我看了一眼就走了。	wǒ kàn le yī yǎn jiù zǒu le 。	I took one look and left.	我眼都看花了。	wǒ yǎn dōu kàn huā le 。	My eyes are going blurry from staring.	你眼真好，这都能看到。	nǐ yǎn zhēn hǎo ， zhè dōu néng kàn dào 。	You've got sharp eyes to spot that.
67	冲	to rush, charge; (slang) go for it!	冲啊！我们能赢！	chōng a ！ wǒ men néng yíng ！	Charge! We can win!	他一下就冲了出去。	tā yī xià jiù chōng le chū qù 。	He rushed out in a flash.	这么便宜，冲了冲了！	zhè me pián yi ， chōng le chōng le ！	This cheap? Going for it!
68	现实	reality; realistic	现实里哪有这么好的事？	xiàn shí lǐ nǎ yǒu zhè me hǎo de shì ？	Things that good don't happen in real life.	你能不能现实一点？	nǐ néng bù néng xiàn shí yī diǎn ？	Can you be a bit more realistic?	网上和现实是两回事。	wǎng shàng hé xiàn shí shì liǎng huí shì 。	Online and real life are two different things.
69	就算	even if	就算下雨我也要去。	jiù suàn xià yǔ wǒ yě yào qù 。	Even if it rains, I'm still going.	就算你不说，我也知道。	jiù suàn nǐ bù shuō ， wǒ yě zhī dào 。	Even if you don't say it, I know.	就算失败了也没关系。	jiù suàn shī bài le yě méi guān xì 。	Even if it fails, that's okay.
70	时代	era, age	时代变了，大家都用手机了。	shí dài biàn le ， dà jiā dōu yòng shǒu jī le 。	Times have changed, everyone uses phones now.	现在谁还用这个啊？时代的眼泪。	xiàn zài shéi hái yòng zhè ge a ？ shí dài de yǎn lèi 。	Who even uses these anymore? A relic of a bygone era (lit. 'tears of the era'). (meme)	学生时代真好。	xué shēng shí dài zhēn hǎo 。	School days were the best.
71	搭配	to match, pair (clothes, food); combination	这两个颜色搭配起来很好看。	zhè liǎng gè yán sè dā pèi qǐ lái hěn hǎo kàn 。	These two colours look great together.	这个菜搭配米饭最好吃。	zhè ge cài dā pèi mǐ fàn zuì hǎo chī 。	This dish is best with rice.	你这身搭配不错啊。	nǐ zhè shēn dā pèi bù cuò a 。	Nice outfit combo.
72	人类	humanity, humankind	人类最早是从哪里来的？	rén lèi zuì zǎo shì cóng nǎ lǐ lái de ？	Where did humans first come from?	狗是人类最好的朋友。	gǒu shì rén lèi zuì hǎo de péng you 。	Dogs are humanity's best friend.	人类真的太难懂了。	rén lèi zhēn de tài nán dǒng le 。	Humans are so hard to understand.
73	导致	to lead to, cause	睡太晚导致第二天起不来。	shuì tài wǎn dǎo zhì dì èr tiān qǐ bù lái 。	Going to bed too late means I can't get up the next day.	是什么导致了这个问题？	shì shén me dǎo zhì le zhè ge wèn tí ？	What caused this problem?	一个小错误导致我们输了比赛。	yī gè xiǎo cuò wù dǎo zhì wǒ men shū le bǐ sài 。	One small mistake cost us the match.
74	设计	to design; design	这个设计也太好看了。	zhè ge shè jì yě tài hǎo kàn le 。	This design is gorgeous.	这是谁设计的？太难用了。	zhè shì shéi shè jì de ？ tài nán yòng le 。	Who designed this? It's so hard to use.	我是学设计的。	wǒ shì xué shè jì de 。	I studied design.
75	堆	pile; to pile up; (measure word) a pile of	我桌上堆了一堆书。	wǒ zhuō shàng duī le yī duī shū 。	There's a pile of books stacked on my desk.	衣服别堆在床上。	yī fu bié duī zài chuáng shàng 。	Don't pile your clothes on the bed.	他问了一堆问题。	tā wèn le yī duī wèn tí 。	He asked a ton of questions.
76	老板	boss; shop owner	老板，来两碗面！	lǎo bǎn ， lái liǎng wǎn miàn ！	Boss, two bowls of noodles please!	我们老板今天心情不好。	wǒ men lǎo bǎn jīn tiān xīn qíng bù hǎo 。	Our boss is in a bad mood today.	老板人很好，还送了我一瓶水。	lǎo bǎn rén hěn hǎo ， hái sòng le wǒ yī píng shuǐ 。	The owner was really nice, he even gave me a free bottle of water.
77	追	to chase; to binge/follow (a show); to court (someone)	最近在追什么电视剧？	zuì jìn zài zhuī shén me diàn shì jù ？	What shows are you following lately?	他追了她三年。	tā zhuī le tā sān nián 。	He chased her for three years.	狗一直追着我跑。	gǒu yī zhí zhuī zhe wǒ pǎo 。	The dog kept chasing me.
78	大部分	most; the majority	大部分人都不知道这个。	dà bù fen rén dōu bù zhī dào zhè ge 。	Most people don't know this.	我大部分时间都在家。	wǒ dà bù fen shí jiān dōu zài jiā 。	I'm at home most of the time.	钱大部分都花在吃上了。	qián dà bù fen dōu huā zài chī shàng le 。	Most of my money goes on food.
79	姐	older sister; sis (form of address)	姐，借我点钱吧。	jiě ， jiè wǒ diǎn qián ba 。	Sis, lend me some money.	我姐下个月结婚。	wǒ jiě xià gè yuè jié hūn 。	My older sister is getting married next month.	姐，你这条裙子在哪儿买的？	jiě ， nǐ zhè tiáo qún zi zài nǎr mǎi de ？	Sis, where'd you get that dress?
80	剧情	plot, storyline	这部电影剧情太简单了。	zhè bù diàn yǐng jù qíng tài jiǎn dān le 。	This movie's plot is way too simple.	先别告诉我剧情，我还没看！	xiān bié gào su wǒ jù qíng ， wǒ hái méi kàn ！	No spoilers, I haven't watched it yet!	这个游戏的剧情很好。	zhè ge yóu xì de jù qíng hěn hǎo 。	This game has a great storyline.
81	绝对	absolutely	这家店绝对好吃，相信我。	zhè jiā diàn jué duì hǎo chī ， xiāng xìn wǒ 。	This place is definitely good, trust me.	我绝对不会告诉别人。	wǒ jué duì bù huì gào su bié rén 。	I absolutely won't tell anyone.	你绝对想不到他是谁。	nǐ jué duì xiǎng bù dào tā shì shéi 。	You'll never guess who he is.
82	不然	otherwise; or else; (opening a suggestion) how about…	快走吧，不然要迟到了。	kuài zǒu ba ， bù rán yào chí dào le 。	Let's hurry, otherwise we'll be late.	还好你提醒我，不然我就忘了。	hái hǎo nǐ tí xǐng wǒ ， bù rán wǒ jiù wàng le 。	Good thing you reminded me, or I would have forgotten.	不然我们明天再去？	bù rán wǒ men míng tiān zài qù ？	Or should we just go tomorrow?
83	必要	necessary; necessity	没必要为这点小事生气。	méi bì yào wèi zhè diǎn xiǎo shì shēng qì 。	No need to get angry over something so small.	有必要买这么贵的吗？	yǒu bì yào mǎi zhè me guì de ma ？	Do you really need to buy such an expensive one?	我觉得没这个必要。	wǒ jué de méi zhè ge bì yào 。	I don't think that's necessary.
84	那会儿	(coll.) back then, at that time	我那会儿还在上大学。	wǒ nà huìr hái zài shàng dà xué 。	I was still at uni back then.	那会儿手机还很少。	nà huìr shǒu jī hái hěn shǎo 。	Back then hardly anyone had a mobile.	你来那会儿我正好出去了。	nǐ lái nà huìr wǒ zhèng hǎo chū qù le 。	I happened to be out when you came by.
85	女主	female lead	女主太好看了！	nǚ zhǔ tài hǎo kàn le ！	The female lead is gorgeous!	我不喜欢这个女主。	wǒ bù xǐ huan zhè ge nǚ zhǔ 。	I don't like this female lead.	女主最后跟谁在一起了？	nǚ zhǔ zuì hòu gēn shéi zài yī qǐ le ？	Who did the female lead end up with?
86	卧槽	(vulgar) holy shit! WTF!	卧槽，这也行？	wò cáo ， zhè yě xíng ？	WTF, that actually works?	卧槽，这么贵？	wò cáo ， zhè me guì ？	WTF, it's that expensive?	卧槽，我的钱包呢？	wò cáo ， wǒ de qián bāo ne ？	Oh shit, where's my wallet?
87	风格	style	我很喜欢你的风格。	wǒ hěn xǐ huan nǐ de fēng gé 。	I really like your style.	这不是他的风格啊。	zhè bù shì tā de fēng gé a 。	That's not his style at all.	这家店的风格很特别。	zhè jiā diàn de fēng gé hěn tè bié 。	This shop has a really unique style.
88	算是	to count as; more or less	这算是我第一次出国。	zhè suàn shì wǒ dì yī cì chū guó 。	This kind of counts as my first time abroad.	今天也算是学到了。	jīn tiān yě suàn shì xué dào le 。	Well, I guess I learned something today.	他算是我最好的朋友了。	tā suàn shì wǒ zuì hǎo de péng you le 。	He's pretty much my best friend.
89	唯一	only, sole	你是我唯一的朋友。	nǐ shì wǒ wéi yī de péng you 。	You're my only friend.	这是唯一的办法了。	zhè shì wéi yī de bàn fǎ le 。	This is the only way left.	我唯一的爱好就是睡觉。	wǒ wéi yī de ài hào jiù shì shuì jiào 。	My only hobby is sleeping.
90	国内	domestic, in China	国内现在几点？	guó nèi xiàn zài jǐ diǎn ？	What time is it back in China now?	这个在国内买不到。	zhè ge zài guó nèi mǎi bù dào 。	You can't buy this in China.	国内的东西比这边便宜多了。	guó nèi de dōng xi bǐ zhè biān pián yi duō le 。	Stuff back home is way cheaper than here.
91	博主	blogger, content creator	这个博主的视频很有意思。	zhè ge bó zhǔ de shì pín hěn yǒu yì si 。	This creator's videos are really interesting.	博主在哪儿买的？	bó zhǔ zài nǎr mǎi de ？	Where did you buy it? (asking the creator)	我也想当博主。	wǒ yě xiǎng dāng bó zhǔ 。	I want to be a content creator too.
92	玩家	player, gamer	他是个老玩家了。	tā shì gè lǎo wán jiā le 。	He's a veteran player.	新玩家先玩这个。	xīn wán jiā xiān wán zhè ge 。	New players should start with this.	这个游戏的玩家越来越少了。	zhè ge yóu xì de wán jiā yuè lái yuè shǎo le 。	This game has fewer and fewer players.
93	离谱	outrageous, ridiculous	这也太离谱了吧！	zhè yě tài lí pǔ le ba ！	That's absolutely ridiculous!	他说的话越来越离谱了。	tā shuō de huà yuè lái yuè lí pǔ le 。	The stuff he says is getting more and more ridiculous.	离谱，十块钱一瓶水？	lí pǔ ， shí kuài qián yī píng shuǐ ？	Ridiculous — ten yuan for a bottle of water?
94	老公	husband; hubby; (slang) what fans call a male idol/character they adore	我老公今天做饭。	wǒ lǎo gōng jīn tiān zuò fàn 。	My husband's cooking today.	老公，你几点回来？	lǎo gōng ， nǐ jǐ diǎn huí lái ？	Honey, what time are you coming home?	老公好帅！	lǎo gōng hǎo shuài ！	My husband is so hot! (about an idol)
95	兼职	part-time job; to work part-time	我周末在咖啡店兼职。	wǒ zhōu mò zài kā fēi diàn jiān zhí 。	I work part-time at a café on weekends.	有没有适合学生的兼职？	yǒu méi yǒu shì hé xué shēng de jiān zhí ？	Are there any part-time jobs suitable for students?	他白天上班，晚上做兼职。	tā bái tiān shàng bān ， wǎn shang zuò jiān zhí 。	He works during the day and does a side job at night.
96	弹幕	bullet comments (scrolling on-screen comments)	我看视频一定要开弹幕。	wǒ kàn shì pín yī dìng yào kāi dàn mù 。	I always turn on bullet comments when I watch videos.	弹幕太多了，什么都看不见。	dàn mù tài duō le ， shén me dōu kàn bù jiàn 。	Too many bullet comments, I can't see a thing.	前面的弹幕太好笑了。	qián miàn de dàn mù tài hǎo xiào le 。	The earlier bullet comments were hilarious.
97	情绪	mood, emotions	他今天情绪不太好。	tā jīn tiān qíng xù bù tài hǎo 。	He's not in a great mood today.	找男朋友，一定要找能给你情绪价值的人。	zhǎo nán péng you ， yī dìng yào zhǎo néng gěi nǐ qíng xù jià zhí de rén 。	Pick a boyfriend who gives you emotional value — someone who actually makes you feel good.	看到这里，情绪一下就上来了。	kàn dào zhè lǐ ， qíng xù yī xià jiù shàng lái le 。	Got to this part and the emotions just hit me.
98	实力	strength, ability	他的实力大家都知道。	tā de shí lì dà jiā dōu zhī dào 。	Everyone knows how good he is.	这就是实力！	zhè jiù shì shí lì ！	That's what real skill looks like!	两个队实力差不多。	liǎng gè duì shí lì chà bù duō 。	The two teams are about evenly matched.
99	技能	skill	你有什么特别的技能吗？	nǐ yǒu shén me tè bié de jì néng ma ？	Do you have any special skills?	又学到了一个新技能！	yòu xué dào le yī gè xīn jì néng ！	Picked up another new skill!	他的技能太强了，打不过。	tā de jì néng tài qiáng le ， dǎ bù guò 。	His abilities are way too OP — I can't beat him.
100	直播	livestream; to livestream	他今天晚上八点直播。	tā jīn tiān wǎn shang bā diǎn zhí bō 。	He's going live at eight tonight.	我在看直播呢，等一下。	wǒ zài kàn zhí bō ne ， děng yī xià 。	I'm watching a livestream, hang on.	直播的时候他一直在笑。	zhí bō de shí hou tā yī zhí zài xiào 。	He kept laughing during the stream.
101	绝	(slang) amazing, unbeatable; absolutely	这首歌真的绝了！	zhè shǒu gē zhēn de jué le ！	This song is seriously amazing!	他这个回答也太绝了吧。	tā zhè ge huí dá yě tài jué le ba 。	That answer of his is just too good.	我绝不会再去那家店了。	wǒ jué bù huì zài qù nà jiā diàn le 。	I'm absolutely never going to that shop again.
102	命	life; fate	这作业要了我的命。	zhè zuò yè yào le wǒ de mìng 。	This homework is killing me.	没有他，我早就没命了。	méi yǒu tā ， wǒ zǎo jiù méi mìng le 。	Without him I'd have been dead long ago.	这就是命吧，没办法。	zhè jiù shì mìng ba ， méi bàn fǎ 。	I guess it's just fate, nothing you can do.
103	本身	itself; in itself	这个问题本身就不难。	zhè ge wèn tí běn shēn jiù bù nán 。	The question itself isn't hard.	游戏本身没问题，问题是玩的人太少。	yóu xì běn shēn méi wèn tí ， wèn tí shì wán de rén tài shǎo 。	The game itself is fine, the problem is hardly anyone plays it.	他本身就是医生。	tā běn shēn jiù shì yī shēng 。	He's actually a doctor himself.
104	干嘛	(coll.) what are you doing; why	你在干嘛呢？	nǐ zài gàn má ne ？	What are you up to?	干嘛不早说？	gàn má bù zǎo shuō ？	Why didn't you say so earlier?	你看我干嘛？我又没说错。	nǐ kàn wǒ gàn má ？ wǒ yòu méi shuō cuò 。	Why are you looking at me? I didn't say anything wrong.
105	反而	on the contrary, instead	吃了药反而更难受了。	chī le yào fǎn ér gèng nán shòu le 。	I took the medicine and actually feel worse.	他不生气，反而笑了。	tā bù shēng qì ， fǎn ér xiào le 。	Instead of getting angry, he laughed.	越着急，反而越慢。	yuè zháo jí ， fǎn ér yuè màn 。	The more you rush, the slower it goes.
106	搞笑	funny; to be funny	这个视频太搞笑了，笑死我了。	zhè ge shì pín tài gǎo xiào le ， xiào sǐ wǒ le 。	This video is hilarious, I'm dying.	他说话特别搞笑。	tā shuō huà tè bié gǎo xiào 。	The way he talks is really funny.	别搞笑了，这怎么可能？	bié gǎo xiào le ， zhè zěn me kě néng ？	Stop kidding, how is that even possible?
107	队友	teammate (猪队友 = useless teammate)	我的队友太厉害了。	wǒ de duì yǒu tài lì hai le 。	My teammates are amazing.	这把又输了，全是猪队友！	zhè bǎ yòu shū le ， quán shì zhū duì yǒu ！	Lost again, my teammates are total dead weight!	有人缺队友吗？带我一个！	yǒu rén quē duì yǒu ma ？ dài wǒ yī gè ！	Anyone need a teammate? Count me in!
108	伤害	to hurt; harm; damage	这句话伤害性不高，侮辱性极强。	zhè jù huà shāng hài xìng bù gāo ， wǔ rǔ xìng jí qiáng 。	That comment: low damage, extremely insulting. (meme)	别为了一个男人伤害自己，不值得。	bié wèi le yī gè nán rén shāng hài zì jǐ ， bù zhí dé 。	Don't hurt yourself over a guy, he's not worth it.	这一下伤害好高！	zhè yī xià shāng hài hǎo gāo ！	That hit did so much damage!
109	好玩	fun	这个游戏挺好玩的。	zhè ge yóu xì tǐng hǎo wán de 。	This game is pretty fun.	有什么好玩的地方吗？	yǒu shén me hǎo wán de dì fang ma ？	Are there any fun places to go?	你觉得这样很好玩吗？	nǐ jué de zhè yàng hěn hǎo wán ma ？	You think this is funny?
110	人气	popularity	他最近人气越来越高了。	tā zuì jìn rén qì yuè lái yuè gāo le 。	He's been getting more and more popular lately.	这家店人气特别高，每天都要排队。	zhè jiā diàn rén qì tè bié gāo ， měi tiān dōu yào pái duì 。	This place is super popular, there's a queue every day.	这个节目没什么人气。	zhè ge jié mù méi shén me rén qì 。	This show isn't very popular.
111	有钱	rich	有钱人的世界我不懂。	yǒu qián rén de shì jiè wǒ bù dǒng 。	The world of the rich is beyond me. (meme)	等我有钱了，就去旅游。	děng wǒ yǒu qián le ， jiù qù lǚ yóu 。	Once I've got money, I'm going travelling.	他家特别有钱。	tā jiā tè bié yǒu qián 。	His family is really rich.
112	位置	position, place, seat	你现在在什么位置？	nǐ xiàn zài zài shén me wèi zhì ？	Where are you right now?	这个位置有人吗？	zhè ge wèi zhì yǒu rén ma ？	Is this seat taken?	把手机放回原来的位置。	bǎ shǒu jī fàng huí yuán lái de wèi zhì 。	Put the phone back where it was.
113	粉	fan; to become a fan of (路转粉 = casual viewer turned fan)	我粉他好几年了。	wǒ fěn tā hǎo jǐ nián le 。	I've been a fan of his for years.	你是谁的粉？	nǐ shì shéi de fěn ？	Who are you a fan of?	看完这个视频，我直接路转粉了。	kàn wán zhè ge shì pín ， wǒ zhí jiē lù zhuǎn fěn le 。	This video took me from casual viewer straight to fan.
114	意义	meaning, significance	这样做有什么意义？	zhè yàng zuò yǒu shén me yì yì ？	What's the point of doing this?	这张照片对我很有意义。	zhè zhāng zhào piàn duì wǒ hěn yǒu yì yì 。	This photo means a lot to me.	活着的意义是什么？	huó zhe de yì yì shì shén me ？	What's the meaning of life?
115	完了	it's over! we're doomed; to finish	完了完了，我忘带钥匙了！	wán le wán le ， wǒ wàng dài yào shi le ！	Oh no, oh no, I forgot my keys!	明天考试，我完了。	míng tiān kǎo shì ， wǒ wán le 。	Exam tomorrow, I'm doomed.	等电影完了，我们去吃点东西吧。	děng diàn yǐng wán le ， wǒ men qù chī diǎn dōng xi ba 。	Let's grab something to eat once the movie's over.
116	韩国	South Korea	我想去韩国玩。	wǒ xiǎng qù hán guó wán 。	I want to go to Korea for a trip.	她特别喜欢韩国的歌。	tā tè bié xǐ huan hán guó de gē 。	She really loves Korean songs.	这家店的韩国菜很好吃。	zhè jiā diàn de hán guó cài hěn hǎo chī 。	The Korean food at this place is really good.
117	链接	link	能发一下链接吗？	néng fā yī xià liàn jiē ma ？	Can you send the link?	链接我放在下面了。	liàn jiē wǒ fàng zài xià miàn le 。	I've put the link below.	别乱点不认识的人发的链接。	bié luàn diǎn bù rèn shi de rén fā de liàn jiē 。	Don't go clicking links from people you don't know.
118	某	a certain, some (某人 = somebody)	某人又迟到了。	mǒu rén yòu chí dào le 。	A certain someone is late again.	我在某个视频里看过。	wǒ zài mǒu gè shì pín lǐ kàn guo 。	I saw it in some video.	某些人说话真难听。	mǒu xiē rén shuō huà zhēn nán tīng 。	Some people really say nasty things.
119	空间	space, room	手机空间不够了。	shǒu jī kōng jiān bù gòu le 。	My phone's out of storage.	这房间空间挺大的。	zhè fáng jiān kōng jiān tǐng dà de 。	This room has plenty of space.	他需要一点自己的空间。	tā xū yào yī diǎn zì jǐ de kōng jiān 。	He needs a bit of space for himself.
120	完美	perfect	今天的表演太完美了！	jīn tiān de biǎo yǎn tài wán měi le ！	Today's performance was perfect!	世界上没有完美的人。	shì jiè shàng méi yǒu wán měi de rén 。	Nobody in the world is perfect.	完美！就是这个感觉。	wán měi ！ jiù shì zhè ge gǎn jué 。	Perfect! That's exactly the vibe.
121	来着	sentence particle: “…again?” (recalling something)	他叫什么来着？	tā jiào shén me lái zhe ？	What's his name again?	我刚才说到哪儿来着？	wǒ gāng cái shuō dào nǎr lái zhe ？	Where was I again?	我们上次去哪家店来着？	wǒ men shàng cì qù nǎ jiā diàn lái zhe ？	Which place did we go to last time again?
122	经典	classic	这部电影太经典了。	zhè bù diàn yǐng tài jīng diǎn le 。	This movie is such a classic.	这首老歌是经典中的经典。	zhè shǒu lǎo gē shì jīng diǎn zhōng de jīng diǎn 。	This old song is the classic of classics.	又是这个经典问题。	yòu shì zhè ge jīng diǎn wèn tí 。	Ah, this classic question again.
123	平台	platform	这个平台上什么都能买。	zhè ge píng tái shàng shén me dōu néng mǎi 。	You can buy anything on this platform.	你在哪个平台看的？	nǐ zài nǎ ge píng tái kàn de ？	Which platform did you watch it on?	很多平台都有他的视频。	hěn duō píng tái dōu yǒu tā de shì pín 。	His videos are on lots of platforms.
124	怎么说呢	how should I put it…	怎么说呢，我也不太懂。	zěn me shuō ne ， wǒ yě bù tài dǒng 。	How do I put it... I don't really get it either.	这部电影，怎么说呢，还行吧。	zhè bù diàn yǐng ， zěn me shuō ne ， hái xíng ba 。	This movie was, how do I put it, okay I guess.	怎么说呢，他这个人其实不坏。	zěn me shuō ne ， tā zhè ge rén qí shí bù huài 。	How should I put it, he's actually not a bad guy.
125	巨	(slang) super, extremely	这个巨好吃！	zhè ge jù hǎo chī ！	This is super tasty!	今天巨累，不想动。	jīn tiān jù lèi ， bù xiǎng dòng 。	I'm super tired today, don't want to move.	他唱歌巨难听。	tā chàng gē jù nán tīng 。	His singing is seriously awful.
126	明显	obvious	他明显不高兴了。	tā míng xiǎn bù gāo xìng le 。	He's obviously not happy.	他喜欢你，这不是很明显吗？	tā xǐ huan nǐ ， zhè bù shì hěn míng xiǎn ma ？	He likes you. Isn't it obvious?	效果不是很明显。	xiào guǒ bù shì hěn míng xiǎn 。	The effect isn't very noticeable.
127	上岸	(slang) to pass an exam / land a job (lit. to go ashore)	终于上岸了，太开心了！	zhōng yú shàng àn le ， tài kāi xīn le ！	Finally passed and got in, so happy!	希望今年考试能上岸。	xī wàng jīn nián kǎo shì néng shàng àn 。	Hope I pass the exam this year.	上岸以后终于可以休息了。	shàng àn yǐ hòu zhōng yú kě yǐ xiū xi le 。	Once I've made it through, I can finally rest.
128	这样子	(coll.) like this, this way	你别这样子说话。	nǐ bié zhè yàng zi shuō huà 。	Don't talk like that.	他每天都这样子，习惯就好。	tā měi tiān dōu zhè yàng zi ， xí guàn jiù hǎo 。	He's like this every day, you'll get used to it.	原来是这样子啊！	yuán lái shì zhè yàng zi a ！	Oh, so that's how it is!
129	明明	clearly, obviously (contrast: “but…”)	我明明说过了，你又忘了。	wǒ míng míng shuō guo le ， nǐ yòu wàng le 。	I clearly told you, and you forgot again.	他明明知道，还问我。	tā míng míng zhī dào ， hái wèn wǒ 。	He knew full well, but he still asked me.	明明是你的错，你还说我？	míng míng shì nǐ de cuò ， nǐ hái shuō wǒ ？	It's clearly your fault, and you're having a go at me?
130	呗	sentence particle: “just…, that's all” (resigned, obvious)	不想去就别去呗。	bù xiǎng qù jiù bié qù bei 。	If you don't want to go, then just don't.	还能怎么办，等呗。	hái néng zěn me bàn ， děng bei 。	What else can we do? Just wait.	喜欢就买呗，别想太多。	xǐ huan jiù mǎi bei ， bié xiǎng tài duō 。	If you like it just buy it, don't overthink.
131	长大	to grow up	我是在北京长大的。	wǒ shì zài běi jīng zhǎng dà de 。	I grew up in Beijing.	长大以后才发现，生活不容易。	zhǎng dà yǐ hòu cái fā xiàn ， shēng huó bù róng yì 。	Only after growing up did I realise life isn't easy.	孩子一下子就长大了。	hái zi yī xià zi jiù zhǎng dà le 。	Kids grow up in no time.
132	版本	version	你用的是哪个版本？	nǐ yòng de shì nǎ ge bǎn běn ？	Which version are you using?	新版本太难用了。	xīn bǎn běn tài nán yòng le 。	The new version is so hard to use.	我更喜欢原来的版本。	wǒ gèng xǐ huan yuán lái de bǎn běn 。	I prefer the original version.
133	包括	to include	每个人都要去，包括你。	měi gè rén dōu yào qù ， bāo kuò nǐ 。	Everyone has to go, including you.	价格包括早饭吗？	jià gé bāo kuò zǎo fàn ma ？	Does the price include breakfast?	包括我，大家都没看懂。	bāo kuò wǒ ， dà jiā dōu méi kàn dǒng 。	Nobody understood it, me included.
134	嘞	sentence particle: lively, “OK!” (e.g. 好嘞)	好嘞，马上来！	hǎo lei ， mǎ shàng lái ！	You got it, coming right up!	得嘞，那就这么定了！	dé lei ， nà jiù zhè me dìng le ！	Alright then, it's settled!	知道嘞，你放心吧。	zhī dào lei ， nǐ fàng xīn ba 。	Got it, don't worry.
135	爽	(feel) great, satisfying; refreshing	夏天喝冰水太爽了！	xià tiān hē bīng shuǐ tài shuǎng le ！	Ice water in summer feels so good!	打完这把游戏，真爽！	dǎ wán zhè bǎ yóu xì ， zhēn shuǎng ！	Finished this round, that was so satisfying!	他这么说，我听着很不爽。	tā zhè me shuō ， wǒ tīng zhe hěn bù shuǎng 。	Hearing him say that really annoys me.
136	炒	to stir-fry; to hype (炒作); to fire someone (炒鱿鱼)	我最会炒鸡蛋了。	wǒ zuì huì chǎo jī dàn le 。	Scrambled eggs are my specialty.	这件事被炒得太热了。	zhè jiàn shì bèi chǎo de tài rè le 。	This thing has been way overhyped.	他上个月被公司炒了。	tā shàng gè yuè bèi gōng sī chǎo le 。	He got fired by his company last month.
137	说实话	to be honest, honestly; to tell the truth	说实话，我不太喜欢。	shuō shí huà ， wǒ bù tài xǐ huan 。	Honestly, I don't really like it.	说实话，这个价格有点贵。	shuō shí huà ， zhè ge jià gé yǒu diǎn guì 。	To be honest, the price is a bit high.	你就跟我说实话吧。	nǐ jiù gēn wǒ shuō shí huà ba 。	Just tell me the truth.
138	纯	pure; (slang) totally, purely	他就是纯来玩的。	tā jiù shì chún lái wán de 。	He's purely here to have fun.	我纯问问，没别的意思。	wǒ chún wèn wen ， méi bié de yì si 。	I'm just asking, nothing more to it.	这是纯牛奶吗？	zhè shì chún niú nǎi ma ？	Is this pure milk?
139	心理	psychology; mentality	这只是你的心理作用。	zhè zhǐ shì nǐ de xīn lǐ zuò yòng 。	That's just in your head.	我心理压力好大。	wǒ xīn lǐ yā lì hǎo dà 。	I'm under so much mental pressure.	她是学心理的。	tā shì xué xīn lǐ de 。	She studied psychology.
140	骗	to lie to, trick, scam	你别骗我了。	nǐ bié piàn wǒ le 。	Stop lying to me.	我被骗了五百块。	wǒ bèi piàn le wǔ bǎi kuài 。	I got scammed out of five hundred kuai.	这种广告都是骗人的。	zhè zhǒng guǎng gào dōu shì piàn rén de 。	These kinds of ads are all scams.
141	舞台	stage	她站在舞台上特别好看。	tā zhàn zài wǔ tái shàng tè bié hǎo kàn 。	She looks amazing on stage.	这次的舞台太好了，看了十遍。	zhè cì de wǔ tái tài hǎo le ， kàn le shí biàn 。	This stage performance was so good, I've watched it ten times.	第一次站上舞台，我有点紧张。	dì yī cì zhàn shàng wǔ tái ， wǒ yǒu diǎn jǐn zhāng 。	Standing on a stage for the first time, I was a bit nervous.
142	本人	oneself; in person; (formal) I	他本人比照片好看。	tā běn rén bǐ zhào piàn hǎo kàn 。	He looks better in person than in photos.	本人不喜欢吃辣。	běn rén bù xǐ huan chī là 。	Yours truly doesn't like spicy food.	这件事你得问他本人。	zhè jiàn shì nǐ děi wèn tā běn rén 。	You'll have to ask him about that directly.
143	脑子	brain; mind	你脑子没问题吧？	nǐ nǎo zi méi wèn tí ba ？	Are you out of your mind?	我今天脑子有点乱。	wǒ jīn tiān nǎo zi yǒu diǎn luàn 。	My head's a bit of a mess today.	做事要用脑子。	zuò shì yào yòng nǎo zi 。	Use your brain when you do things.
144	提升	to improve, raise	下班以后我想提升一下自己。	xià bān yǐ hòu wǒ xiǎng tí shēng yī xià zì jǐ 。	After work, I want to spend some time improving myself.	换了新手机，速度提升了很多。	huàn le xīn shǒu jī ， sù dù tí shēng le hěn duō 。	Got a new phone and the speed is way better.	他的水平提升得很快。	tā de shuǐ píng tí shēng de hěn kuài 。	His level is improving fast.
145	男主	male lead	这个电影的男主好帅啊。	zhè ge diàn yǐng de nán zhǔ hǎo shuài a 。	The male lead in this movie is so hot.	男主最后死了吗？	nán zhǔ zuì hòu sǐ le ma ？	Does the male lead die in the end?	我觉得这个男主一般。	wǒ jué de zhè ge nán zhǔ yī bān 。	I thought this male lead was just meh.
146	里边	inside	包里边有什么？	bāo lǐ bian yǒu shén me ？	What's in the bag?	外边冷，快到里边来。	wài bian lěng ， kuài dào lǐ bian lái 。	It's cold out, come inside.	里边的人太多了。	lǐ bian de rén tài duō le 。	There are way too many people inside.
147	简直	simply, practically (“简直太…了”)	这简直太好吃了！	zhè jiǎn zhí tài hǎo chī le ！	This is just insanely good!	他简直不像个孩子。	tā jiǎn zhí bù xiàng gè hái zi 。	He's nothing like a kid at all.	今天热得简直受不了。	jīn tiān rè de jiǎn zhí shòu bù liǎo 。	It's so hot today it's practically unbearable.
148	恭喜	congratulations	恭喜你通过考试！	gōng xǐ nǐ tōng guò kǎo shì ！	Congrats on passing the exam!	恭喜你们结婚了！	gōng xǐ nǐ men jié hūn le ！	Congratulations on your wedding!	听说你找到工作了，恭喜啊！	tīng shuō nǐ zhǎo dào gōng zuò le ， gōng xǐ a ！	Heard you found a job, congrats!
149	要么	either… or…	要么现在走，要么别去了。	yào me xiàn zài zǒu ， yào me bié qù le 。	Either we leave now, or we don't go at all.	要么吃饭，要么睡觉，你选一个。	yào me chī fàn ， yào me shuì jiào ， nǐ xuǎn yī gè 。	Either eat or sleep, pick one.	他要么不说话，要么一说就停不下来。	tā yào me bù shuō huà ， yào me yī shuō jiù tíng bù xià lái 。	Either he says nothing, or once he starts he can't stop.
150	打卡	to check in (visit a spot and post it); to clock in	今天去那家新开的店打卡了。	jīn tiān qù nà jiā xīn kāi de diàn dǎ kǎ le 。	Went and checked out that new shop today.	上班别忘了打卡。	shàng bān bié wàng le dǎ kǎ 。	Don't forget to clock in at work.	学习第三十天，打卡！	xué xí dì sān shí tiān ， dǎ kǎ ！	Day thirty of studying, checking in!
151	抢	to grab, snatch; to rush to buy	这票太难抢了。	zhè piào tài nán qiǎng le 。	These tickets are so hard to get.	别抢我的东西！	bié qiǎng wǒ de dōng xi ！	Don't grab my stuff!	有人发红包了，快去抢！	yǒu rén fā hóng bāo le ， kuài qù qiǎng ！	Someone's sent a red packet, quick, go grab it!
152	坑	pit; (slang) trap, rip-off; to scam; unfinished project	这家店太坑了，别去。	zhè jiā diàn tài kēng le ， bié qù 。	This shop is a total rip-off, don't go.	我又被朋友坑了。	wǒ yòu bèi péng you kēng le 。	My friend screwed me over again.	作者又开新坑了。	zuò zhě yòu kāi xīn kēng le 。	The author's started yet another new series (with the old ones still unfinished).
153	人物	character (in a story); figure, personality	这个人物写得很好。	zhè ge rén wù xiě de hěn hǎo 。	This character is really well written.	你最喜欢哪个人物？	nǐ zuì xǐ huan nǎ ge rén wù ？	Which character is your favourite?	他在我们学校是个大人物。	tā zài wǒ men xué xiào shì gè dà rén wù 。	He's a big deal at our school.
154	如何	how	这个主意你觉得如何？	zhè ge zhǔ yi nǐ jué de rú hé ？	What do you think of this idea?	如何学好中文？	rú hé xué hǎo zhōng wén ？	How do you learn Chinese well?	结果如何，明天就知道了。	jié guǒ rú hé ， míng tiān jiù zhī dào le 。	We'll know how it turned out tomorrow.
155	评价	to evaluate, rate; review	大家对这部电影评价很高。	dà jiā duì zhè bù diàn yǐng píng jià hěn gāo 。	Everyone rates this movie highly.	买之前先看看评价。	mǎi zhī qián xiān kàn kan píng jià 。	Check the reviews before you buy.	你怎么评价他这个人？	nǐ zěn me píng jià tā zhè ge rén ？	What do you make of him as a person?
156	操作	operation; move, play (in a game); to operate	这个操作太厉害了！	zhè ge cāo zuò tài lì hai le ！	That play was insane!	这是什么骚操作？我没看懂。	zhè shì shén me sāo cāo zuò ？ wǒ méi kàn dǒng 。	What kind of wild move is that? I don't get it.	这个手机操作起来很简单。	zhè ge shǒu jī cāo zuò qǐ lái hěn jiǎn dān 。	This phone is easy to use.
157	一开始	at first, in the beginning	一开始我也不习惯。	yī kāi shǐ wǒ yě bù xí guàn 。	At first I wasn't used to it either.	我一开始以为他是开玩笑。	wǒ yī kāi shǐ yǐ wéi tā shì kāi wán xiào 。	At first I thought he was joking.	早知道这样，我一开始就不来了。	zǎo zhī dào zhè yàng ， wǒ yī kāi shǐ jiù bù lái le 。	If I'd known it would be like this, I wouldn't have come in the first place.
158	温柔	gentle, tender	她说话特别温柔。	tā shuō huà tè bié wēn róu 。	She speaks really gently.	你能不能温柔一点？	nǐ néng bù néng wēn róu yī diǎn ？	Can you be a bit gentler?	我喜欢温柔的人。	wǒ xǐ huan wēn róu de rén 。	I like gentle people.
159	搜	to search	你自己搜一下就知道了。	nǐ zì jǐ sōu yī xià jiù zhī dào le 。	Just search it yourself and you'll see.	我搜了半天也没找到。	wǒ sōu le bàn tiān yě méi zhǎo dào 。	I searched forever and couldn't find it.	这首歌叫什么？我想去搜一下。	zhè shǒu gē jiào shén me ？ wǒ xiǎng qù sōu yī xià 。	What's this song called? I want to look it up.
160	枪	gun	警察手里拿着枪。	jǐng chá shǒu lǐ ná zhe qiāng 。	The police officer is holding a gun.	我听到了枪声。	wǒ tīng dào le qiāng shēng 。	I heard a gunshot.	游戏里我最喜欢用这把枪。	yóu xì lǐ wǒ zuì xǐ huan yòng zhè bǎ qiāng 。	This is my favourite gun to use in the game.
161	点赞	to like (a post)	喜欢的话记得点赞！	xǐ huan de huà jì de diǎn zàn ！	If you liked it, remember to hit like!	我给你点了个赞。	wǒ gěi nǐ diǎn le gè zàn 。	I gave you a like.	这个视频点赞好多啊。	zhè ge shì pín diǎn zàn hǎo duō a 。	This video has so many likes.
162	流量	data (mobile); traffic, views, attention	我手机流量用完了。	wǒ shǒu jī liú liàng yòng wán le 。	I've used up my phone data.	他就是想要流量。	tā jiù shì xiǎng yào liú liàng 。	He's just after attention.	这个视频流量很大。	zhè ge shì pín liú liàng hěn dà 。	This video is getting tons of views.
163	想象	to imagine; imagination	我想象不到他会这样。	wǒ xiǎng xiàng bù dào tā huì zhè yàng 。	I couldn't imagine him doing that.	比我想象的好多了。	bǐ wǒ xiǎng xiàng de hǎo duō le 。	Way better than I imagined.	你想象一下，要是你是他呢？	nǐ xiǎng xiàng yī xià ， yào shi nǐ shì tā ne ？	Imagine it, what if you were him?
164	赞	to praise; like; great!	赞！说得太好了。	zàn ！ shuō de tài hǎo le 。	Nice! Well said.	这家店的服务真赞。	zhè jiā diàn de fú wù zhēn zàn 。	The service at this place is great.	这个视频做得太赞了！	zhè ge shì pín zuò de tài zàn le ！	This video is so well made!
165	炸	to deep-fry; to explode; (slang) amazing, explosive	我妈最会炸鸡了。	wǒ mā zuì huì zhá jī le 。	My mum makes the best fried chicken.	他说完这句话，网上直接炸了。	tā shuō wán zhè jù huà ， wǎng shàng zhí jiē zhà le 。	After he said that, the internet went nuts.	这首歌一出来就炸了！	zhè shǒu gē yī chū lái jiù zhà le ！	This song blew up the moment it came out!
166	卷	(slang) hyper-competitive, rat race; to roll	现在的学生太卷了。	xiàn zài de xué shēng tài juǎn le 。	Students these days are way too competitive.	别卷了，早点睡吧。	bié juǎn le ， zǎo diǎn shuì ba 。	Stop grinding, go to bed early.	把这张纸卷起来放好。	bǎ zhè zhāng zhǐ juǎn qǐ lái fàng hǎo 。	Roll up this sheet of paper and put it away.
167	接触	to come into contact with	我第一次接触中文是在大学。	wǒ dì yī cì jiē chù zhōng wén shì zài dà xué 。	I first came across Chinese in university.	我们平时接触不多。	wǒ men píng shí jiē chù bù duō 。	We don't really have much contact normally.	不要接触生病的动物。	bù yào jiē chù shēng bìng de dòng wù 。	Don't touch sick animals.
168	反应	reaction; to react	他的反应好快。	tā de fǎn yìng hǎo kuài 。	His reactions are so fast.	我一下没反应过来。	wǒ yī xià méi fǎn yìng guò lái 。	It didn't click for me right away.	发了消息他都没反应。	fā le xiāo xi tā dōu méi fǎn yìng 。	I messaged him and got no response.
169	化妆	to put on makeup	她化妆以后像变了个人。	tā huà zhuāng yǐ hòu xiàng biàn le gè rén 。	With makeup on she looks like a different person.	我出门不化妆。	wǒ chū mén bù huà zhuāng 。	I don't wear makeup when I go out.	化妆要花一个小时。	huà zhuāng yào huā yī gè xiǎo shí 。	Doing my makeup takes an hour.
170	皇帝	emperor	他是中国历史上有名的皇帝。	tā shì zhōng guó lì shǐ shàng yǒu míng de huáng dì 。	He's a famous emperor in Chinese history.	这个皇帝演得太好了。	zhè ge huáng dì yǎn de tài hǎo le 。	The emperor is played so well.	你以为你是皇帝啊？	nǐ yǐ wéi nǐ shì huáng dì a ？	Who do you think you are, the emperor?
171	刚好	just right; it so happens	我刚好也要去那里。	wǒ gāng hǎo yě yào qù nà lǐ 。	I happen to be going there too.	这件衣服大小刚好。	zhè jiàn yī fu dà xiǎo gāng hǎo 。	This one's just the right size.	你来得刚好，饭刚做好。	nǐ lái de gāng hǎo ， fàn gāng zuò hǎo 。	Perfect timing, dinner's just ready.
172	记录	to record; record	我用手机记录每天吃了什么。	wǒ yòng shǒu jī jì lù měi tiān chī le shén me 。	I log what I eat every day on my phone.	发个视频记录一下今天。	fā gè shì pín jì lù yī xià jīn tiān 。	Posting a video to record today.	聊天记录我还留着呢。	liáo tiān jì lù wǒ hái liú zhe ne 。	I've still got the chat history.
173	贴	to stick, paste; post (on a forum)	把照片贴在门上。	bǎ zhào piàn tiē zài mén shàng 。	Stick the photo on the door.	他把我的照片贴到网上了！	tā bǎ wǒ de zhào piàn tiē dào wǎng shàng le ！	He posted my photo online!	你把那段话贴出来我看看。	nǐ bǎ nà duàn huà tiē chū lái wǒ kàn kan 。	Paste that bit here so I can take a look.
174	自由	freedom; free (X自由 = can afford X without a second thought, e.g. 奶茶自由)	工作以后，我终于奶茶自由了。	gōng zuò yǐ hòu ， wǒ zhōng yú nǎi chá zì yóu le 。	Now that I'm working, I've finally got bubble-tea freedom: I buy it whenever I want. (meme)	放假了，终于自由了！	fàng jià le ， zhōng yú zì yóu le ！	Holidays! Finally free!	这是我的自由，你别管。	zhè shì wǒ de zì yóu ， nǐ bié guǎn 。	That's my choice, stay out of it.
175	表达	to express	我不太会表达自己。	wǒ bù tài huì biǎo dá zì jǐ 。	I'm not great at expressing myself.	这个意思用中文怎么表达？	zhè ge yì si yòng zhōng wén zěn me biǎo dá ？	How do you say this in Chinese?	他想表达什么？我没看懂。	tā xiǎng biǎo dá shén me ？ wǒ méi kàn dǒng 。	What's he trying to say? I don't get it.
176	系列	series	这个系列我全看完了。	zhè ge xì liè wǒ quán kàn wán le 。	I've watched this whole series.	他最近开了一个新系列。	tā zuì jìn kāi le yī gè xīn xì liè 。	He's recently started a new series.	希望这个系列能一直做下去。	xī wàng zhè ge xì liè néng yī zhí zuò xià qù 。	Hope this series keeps going.
177	综艺	variety show	最近有什么好看的综艺？	zuì jìn yǒu shén me hǎo kàn de zōng yì ？	Any good variety shows lately?	我吃饭的时候喜欢看综艺。	wǒ chī fàn de shí hou xǐ huan kàn zōng yì 。	I like watching variety shows while I eat.	他上了一个很火的综艺。	tā shàng le yī gè hěn huǒ de zōng yì 。	He was on a really popular variety show.
178	翻	to flip, turn over; to rummage through; (coll.) to translate (翻车 = to fail spectacularly)	你帮我翻一下这句话。	nǐ bāng wǒ fān yī xià zhè jù huà 。	Can you translate this sentence for me?	我翻了半天才找到。	wǒ fān le bàn tiān cái zhǎo dào 。	I dug around forever before I found it.	第一次做蛋糕就翻车了。	dì yī cì zuò dàn gāo jiù fān chē le 。	My first go at making a cake was a total fail.
179	等等	and so on; wait a moment	等等，你说什么？	děng deng ， nǐ shuō shén me ？	Wait, what did you say?	等等我，我马上到！	děng deng wǒ ， wǒ mǎ shàng dào ！	Wait for me, I'll be right there!	我买了水果、牛奶等等。	wǒ mǎi le shuǐ guǒ 、 niú nǎi děng děng 。	I bought fruit, milk, and so on.
180	对象	partner (boyfriend/girlfriend); target, object	你有对象了吗？	nǐ yǒu duì xiàng le ma ？	Are you seeing anyone?	过年回家又被问什么时候找对象。	guò nián huí jiā yòu bèi wèn shén me shí hou zhǎo duì xiàng 。	Went home for New Year and got asked when I'm finding a partner, again.	他是大家学习的对象。	tā shì dà jiā xué xí de duì xiàng 。	He's someone everyone learns from.
181	美女	beautiful woman; (address) miss	美女，这个多少钱？	měi nǚ ， zhè ge duō shao qián ？	Hi miss, how much is this?	她是我们班的大美女。	tā shì wǒ men bān de dà měi nǚ 。	She's the class beauty.	街上美女好多啊。	jiē shàng měi nǚ hǎo duō a 。	So many pretty girls on the street.
182	训练	to train; training	他每天训练五个小时。	tā měi tiān xùn liàn wǔ gè xiǎo shí 。	He trains five hours a day.	今天的训练太累了。	jīn tiān de xùn liàn tài lèi le 。	Today's training was exhausting.	这只狗训练得很好。	zhè zhī gǒu xùn liàn de hěn hǎo 。	This dog is well trained.
183	算了	forget it; never mind	算了，不说了。	suàn le ， bù shuō le 。	Never mind, forget I said anything.	不想去就算了。	bù xiǎng qù jiù suàn le 。	If you don't want to go, forget it.	算了算了，我自己来吧。	suàn le suàn le ， wǒ zì jǐ lái ba 。	Forget it, I'll just do it myself.
184	焦虑	anxious; anxiety	最近好焦虑，睡不着。	zuì jìn hǎo jiāo lǜ ， shuì bù zháo 。	I've been so anxious lately, I can't sleep.	别太焦虑了，会好的。	bié tài jiāo lǜ le ， huì hǎo de 。	Don't stress too much, it'll be okay.	看多了网上的照片，我都有点容貌焦虑了。	kàn duō le wǎng shàng de zhào piàn ， wǒ dōu yǒu diǎn róng mào jiāo lǜ le 。	Seeing so many photos online is giving me a bit of a complex about my looks.
185	程度	degree, extent	你的中文到什么程度了？	nǐ de zhōng wén dào shén me chéng dù le ？	How good is your Chinese now?	没想到他累到这种程度。	méi xiǎng dào tā lèi dào zhè zhǒng chéng dù 。	I didn't expect him to be this exhausted.	在一定程度上，他说得对。	zài yī dìng chéng dù shàng ， tā shuō de duì 。	To some extent, he's right.
186	攻略	guide, walkthrough; (slang) to win someone over	你这是在攻略我吗？	nǐ zhè shì zài gōng lüè wǒ ma ？	Are you trying to win me over?	这个游戏攻略写得很好。	zhè ge yóu xì gōng lüè xiě de hěn hǎo 。	This game walkthrough is really well written.	谁有北京旅游攻略？	shéi yǒu běi jīng lǚ yóu gōng lüè ？	Anyone got a Beijing travel guide?
187	恐怖	horror; terrifying	我不敢看恐怖电影。	wǒ bù gǎn kàn kǒng bù diàn yǐng 。	I'm too scared to watch horror movies.	这个声音好恐怖啊。	zhè ge shēng yīn hǎo kǒng bù a 。	That sound is so creepy.	他的学习能力太恐怖了。	tā de xué xí néng lì tài kǒng bù le 。	He's scarily good at picking things up.
188	事儿	(coll.) matter, thing, business	你找我有事儿吗？	nǐ zhǎo wǒ yǒu shìr ma ？	Did you need something from me?	没事儿，别担心。	méi shìr ， bié dān xīn 。	It's fine, don't worry.	这事儿我不管了。	zhè shìr wǒ bù guǎn le 。	I'm staying out of this one.
189	道理	reason, logic, principle	你说得有道理。	nǐ shuō de yǒu dào lǐ 。	You've got a point.	这个道理大家都懂。	zhè ge dào lǐ dà jiā dōu dǒng 。	Everyone gets that logic.	没道理啊，怎么会这样？	méi dào lǐ a ， zěn me huì zhè yàng ？	That makes no sense, how did this happen?
190	官方	official	这是官方消息吗？	zhè shì guān fāng xiāo xi ma ？	Is this official news?	官方还没说什么。	guān fāng hái méi shuō shén me 。	There's no official word yet.	去官方网站买比较好。	qù guān fāng wǎng zhàn mǎi bǐ jiào hǎo 。	It's better to buy from the official website.
191	曾经	once, used to	我曾经也这么想过。	wǒ céng jīng yě zhè me xiǎng guo 。	I used to think that way too.	他曾经是我最好的朋友。	tā céng jīng shì wǒ zuì hǎo de péng you 。	He used to be my best friend.	我曾经在上海住过两年。	wǒ céng jīng zài shàng hǎi zhù guo liǎng nián 。	I once lived in Shanghai for two years.
192	疯狂	crazy, frantic	他最近疯狂学习。	tā zuì jìn fēng kuáng xué xí 。	He's been studying like crazy lately.	那天晚上太疯狂了！	nà tiān wǎn shang tài fēng kuáng le ！	That night was insane!	我疯狂给他发消息，他都不回。	wǒ fēng kuáng gěi tā fā xiāo xi ， tā dōu bù huí 。	I've been spamming him with messages and he won't reply.
193	烂	rotten; terrible; mushy (摆烂 = to give up, stop trying)	这部电影太烂了。	zhè bù diàn yǐng tài làn le 。	This movie is so bad.	这个苹果已经烂了。	zhè ge píng guǒ yǐ jīng làn le 。	This apple has gone rotten.	今天不想学了，摆烂了。	jīn tiān bù xiǎng xué le ， bǎi làn le 。	Not studying today, I'm just letting it all slide.
194	回归	return, comeback	他终于回归了！	tā zhōng yú huí guī le ！	He's finally back!	假期结束了，生活又回归正常了。	jià qī jié shù le ， shēng huó yòu huí guī zhèng cháng le 。	The holidays are over and life's back to normal.	听说他们明年要回归。	tīng shuō tā men míng nián yào huí guī 。	I heard they're making a comeback next year.
195	群	group (chat); crowd; measure word for groups	我把你拉进群了。	wǒ bǎ nǐ lā jìn qún le 。	I've added you to the group chat.	群里好热闹啊。	qún lǐ hǎo rè nao a 。	The group chat is so lively.	一群人在外面等你。	yī qún rén zài wài miàn děng nǐ 。	There's a bunch of people waiting for you outside.
196	主播	streamer, host	这个主播唱歌很好听。	zhè ge zhǔ bō chàng gē hěn hǎo tīng 。	This streamer sings really well.	主播今天几点开播？	zhǔ bō jīn tiān jǐ diǎn kāi bō ？	What time is the streamer going live today?	她以后想当主播。	tā yǐ hòu xiǎng dāng zhǔ bō 。	She wants to be a streamer one day.
197	集	episode	这个节目一共有多少集？	zhè ge jié mù yī gòng yǒu duō shao jí ？	How many episodes does this show have?	我昨天一晚上没睡，看了十集。	wǒ zuó tiān yī wǎn shang méi shuì ， kàn le shí jí 。	I was up all last night watching ten episodes.	最后一集我看哭了。	zuì hòu yī jí wǒ kàn kū le 。	The last episode made me cry.
198	恶心	disgusting; nauseous	这个味道好恶心。	zhè ge wèi dào hǎo ě xin 。	This smell is so gross.	我坐车坐得有点恶心。	wǒ zuò chē zuò de yǒu diǎn ě xin 。	I'm feeling a bit carsick.	他做的事太恶心了。	tā zuò de shì tài ě xin le 。	What he did is disgusting.
199	什么样	what kind of	你喜欢什么样的人？	nǐ xǐ huan shén me yàng de rén ？	What kind of person are you into?	他长什么样？	tā zhǎng shén me yàng ？	What does he look like?	不管什么样，我都喜欢。	bù guǎn shén me yàng ， wǒ dōu xǐ huan 。	No matter what it's like, I'll love it.
200	身材	figure, body shape	她身材真好。	tā shēn cái zhēn hǎo 。	She has a great figure.	为了身材，我晚上不吃饭。	wèi le shēn cái ， wǒ wǎn shang bù chī fàn 。	For the sake of my figure, I skip dinner.	运动以后身材变好了。	yùn dòng yǐ hòu shēn cái biàn hǎo le 。	My body got in better shape after I started exercising.
201	网络	internet, network	这里网络太差了，视频一直打不开。	zhè lǐ wǎng luò tài chà le ， shì pín yī zhí dǎ bù kāi 。	The internet here is awful, the video just won't load.	网络上的东西不能全信。	wǎng luò shàng de dōng xi bù néng quán xìn 。	You can't believe everything online.	网络一线牵，珍惜这段缘。	wǎng luò yī xiàn qiān ， zhēn xī zhè duàn yuán 。	The internet brought us together, let's treasure it. (jokey reply to an online coincidence) (meme)
202	挑战	challenge; to challenge	我要挑战一天不玩手机！	wǒ yào tiǎo zhàn yī tiān bù wán shǒu jī ！	I'm going to challenge myself to go a day without my phone!	这个对我来说是个大挑战。	zhè ge duì wǒ lái shuō shì gè dà tiǎo zhàn 。	This is a big challenge for me.	有人敢挑战吗？	yǒu rén gǎn tiǎo zhàn ma ？	Anyone dare to take it on?
203	偏	to insist on (doing contrary); slanted, biased	不让他去，他偏要去。	bù ràng tā qù ， tā piān yào qù 。	We told him not to go, so of course he insists on going.	这个视频说得有点偏，别全信。	zhè ge shì pín shuō de yǒu diǎn piān ， bié quán xìn 。	This video's a bit one-sided, don't believe all of it.	照片拍偏了，人都不在中间。	zhào piàn pāi piān le ， rén dōu bù zài zhōng jiān 。	The photo's off-center, you're not even in the middle.
204	要不	how about…; otherwise	要不我们明天再去吧？	yào bù wǒ men míng tiān zài qù ba ？	How about we go tomorrow instead?	快点走，要不就迟到了。	kuài diǎn zǒu ， yào bù jiù chí dào le 。	Hurry up, otherwise we'll be late.	要不你先吃，别等我了。	yào bù nǐ xiān chī ， bié děng wǒ le 。	Why don't you eat first, don't wait for me.
205	香港	Hong Kong	我下个月去香港玩。	wǒ xià gè yuè qù xiāng gǎng wán 。	I'm going to Hong Kong next month for a trip.	香港的东西真的好贵。	xiāng gǎng de dōng xi zhēn de hǎo guì 。	Stuff in Hong Kong is seriously expensive.	你去过香港吗？	nǐ qù guo xiāng gǎng ma ？	Have you been to Hong Kong?
206	控制	to control	我真的控制不住自己买东西。	wǒ zhēn de kòng zhì bù zhù zì jǐ mǎi dōng xi 。	I seriously can't stop myself from buying stuff.	我最近在控制体重，晚上只吃水果。	wǒ zuì jìn zài kòng zhì tǐ zhòng ， wǎn shang zhǐ chī shuǐ guǒ 。	I'm watching my weight at the moment, so I only eat fruit at night.	这游戏里的车好难控制。	zhè yóu xì lǐ de chē hǎo nán kòng zhì 。	The cars in this game are so hard to control.
207	颜值	looks (attractiveness)	这个男生颜值好高！	zhè ge nán shēng yán zhí hǎo gāo ！	This guy is so good-looking!	我就是冲着颜值来的。	wǒ jiù shì chòng zhe yán zhí lái de 。	I'm only here for the looks.	这家店颜值很高，菜一般。	zhè jiā diàn yán zhí hěn gāo ， cài yī bān 。	This place looks great, but the food's just okay.
208	整体	overall, whole	整体来说还不错。	zhěng tǐ lái shuō hái bù cuò 。	Overall it's not bad.	这部电影整体有点慢。	zhè bù diàn yǐng zhěng tǐ yǒu diǎn màn 。	This movie is a bit slow overall.	整体感觉很舒服。	zhěng tǐ gǎn jué hěn shū fu 。	The overall vibe is really comfortable.
209	硬	hard; stiff; (嘴硬 = won't admit it)	这面包太硬了，吃不动。	zhè miàn bāo tài yìng le ， chī bù dòng 。	This bread is so hard I can't even chew it.	床太硬了，我一晚上没睡好。	chuáng tài yìng le ， wǒ yī wǎn shang méi shuì hǎo 。	The bed was too hard, I didn't sleep well all night.	你就嘴硬吧，其实你早就想去了。	nǐ jiù zuǐ yìng ba ， qí shí nǐ zǎo jiù xiǎng qù le 。	Keep denying it, you've wanted to go all along.
210	蹲	to squat; (slang) to wait for (an update)	我也想知道，蹲一个答案。	wǒ yě xiǎng zhī dào ， dūn yī gè dá àn 。	Same question here, waiting for an answer.	我天天在这里蹲你的新视频。	wǒ tiān tiān zài zhè lǐ dūn nǐ de xīn shì pín 。	I camp out here every day waiting for your new video.	他蹲在门口玩手机。	tā dūn zài mén kǒu wán shǒu jī 。	He's squatting by the door playing on his phone.
211	类似	similar	有没有类似的电影？	yǒu méi yǒu lèi sì de diàn yǐng ？	Are there any similar movies?	我也遇到过类似的事。	wǒ yě yù dào guo lèi sì de shì 。	Something similar happened to me too.	这首歌跟那首挺类似的。	zhè shǒu gē gēn nà shǒu tǐng lèi sì de 。	This song is pretty similar to that one.
212	自我	self; (adj.) self-centered (太自我)	他太自我了，从来不考虑别人的感受。	tā tài zì wǒ le ， cóng lái bù kǎo lǜ bié rén de gǎn shòu 。	He's so self-centered, he never thinks about anyone else's feelings.	先来个自我介绍吧。	xiān lái gè zì wǒ jiè shào ba 。	Let's start with a self-introduction.	他自我感觉太好了。	tā zì wǒ gǎn jué tài hǎo le 。	He's way too full of himself.
213	娃	kid, baby	我家娃今天又不睡觉。	wǒ jiā wá jīn tiān yòu bù shuì jiào 。	My kid won't sleep again today.	带娃真的太累了。	dài wá zhēn de tài lèi le 。	Looking after a kid is seriously exhausting.	这娃长得真像他爸。	zhè wá zhǎng de zhēn xiàng tā bà 。	This kid really looks like his dad.
214	剪	to cut; to edit (video)	这个视频剪得真好。	zhè ge shì pín jiǎn de zhēn hǎo 。	This video is edited really well.	我昨天去剪头发了。	wǒ zuó tiān qù jiǎn tóu fa le 。	I went and got a haircut yesterday.	这段被剪掉了吧？	zhè duàn bèi jiǎn diào le ba ？	This part got cut, right?
215	最多	at most	我最多等你十分钟。	wǒ zuì duō děng nǐ shí fēn zhōng 。	I'll wait ten minutes for you, tops.	这个最多一百块。	zhè ge zuì duō yī bǎi kuài 。	This is worth a hundred bucks at most.	他最多二十岁吧。	tā zuì duō èr shí suì ba 。	He's twenty at most, I'd say.
216	丑	ugly	这衣服丑得我都不敢穿出去。	zhè yī fu chǒu de wǒ dōu bù gǎn chuān chū qù 。	These clothes are so ugly I wouldn't dare wear them out.	我拍照好丑啊。	wǒ pāi zhào hǎo chǒu a 。	I look so ugly in photos.	丑是丑，但是很好用。	chǒu shì chǒu ， dàn shì hěn hǎo yòng 。	Sure it's ugly, but it works great.
217	拥有	to have, own	我也想拥有这样的朋友。	wǒ yě xiǎng yōng yǒu zhè yàng de péng you 。	I want a friend like that too.	拥有一只猫是什么感觉？	yōng yǒu yī zhī māo shì shén me gǎn jué ？	What's it like to have a cat?	拥有健康比什么都重要。	yōng yǒu jiàn kāng bǐ shén me dōu zhòng yào 。	Having your health matters more than anything.
218	精神	spirit; energetic; mental	你今天看起来好精神啊！	nǐ jīn tiān kàn qǐ lái hǎo jīng shen a ！	You look so lively today!	睡了一觉，精神多了。	shuì le yī jiào ， jīng shen duō le 。	After a nap I feel way more energetic.	这种精神值得学习。	zhè zhǒng jīng shén zhí dé xué xí 。	That kind of spirit is worth learning from.
219	时尚	fashion; fashionable	你妈妈好时尚啊！	nǐ mā ma hǎo shí shàng a ！	Your mum is so stylish!	我不太懂时尚。	wǒ bù tài dǒng shí shàng 。	I don't really get fashion.	这个颜色穿起来很时尚。	zhè ge yán sè chuān qǐ lái hěn shí shàng 。	This colour looks really stylish on.
220	成长	to grow up, develop	看着他一点点成长，好感动。	kàn zhe tā yī diǎn diǎn chéng zhǎng ， hǎo gǎn dòng 。	Watching him grow up bit by bit is so touching.	这一年我成长了很多。	zhè yī nián wǒ chéng zhǎng le hěn duō 。	I've grown a lot this year.	谢谢你陪我成长。	xiè xie nǐ péi wǒ chéng zhǎng 。	Thanks for being there for me while I grew up.
221	思想	thought, ideology	你这是老思想了，现在早就不这样了。	nǐ zhè shì lǎo sī xiǎng le ， xiàn zài zǎo jiù bù zhè yàng le 。	That's old-school thinking, things haven't been like that for ages.	他都六十了，思想还很年轻。	tā dōu liù shí le ， sī xiǎng hái hěn nián qīng 。	He's already sixty, but he still thinks young.	年轻人思想跟我们不一样。	nián qīng rén sī xiǎng gēn wǒ men bù yī yàng 。	Young people think differently from us.
222	拉满	(slang) maxed out (“氛围感拉满”)	音乐一响，回忆直接拉满！	yīn yuè yī xiǎng ， huí yì zhí jiē lā mǎn ！	The moment the music starts, the nostalgia hits full blast!	这家店的氛围感直接拉满！	zhè jiā diàn de fēn wéi gǎn zhí jiē lā mǎn ！	The vibe in this place is off the charts!	我把声音拉满了。	wǒ bǎ shēng yīn lā mǎn le 。	I cranked the volume all the way up.
223	节奏	rhythm, pace; (slang) to stir up drama (带节奏)	这首歌节奏好快。	zhè shǒu gē jié zòu hǎo kuài 。	This song has such a fast beat.	别带节奏了好吗？	bié dài jié zòu le hǎo ma ？	Can you stop stirring things up?	老了，跟不上年轻人的节奏了。	lǎo le ， gēn bù shàng nián qīng rén de jié zòu le 。	I'm getting old, I can't keep up with young people's pace anymore.
224	享受	to enjoy	周末就要好好享受。	zhōu mò jiù yào hǎo hǎo xiǎng shòu 。	Weekends are for enjoying yourself.	我很享受一个人吃饭。	wǒ hěn xiǎng shòu yī gè rén chī fàn 。	I really enjoy eating alone.	这才叫享受生活。	zhè cái jiào xiǎng shòu shēng huó 。	Now that's what I call enjoying life.
225	青春	youth	这首歌是我的青春啊！	zhè shǒu gē shì wǒ de qīng chūn a ！	This song is my whole youth!	青春就是要多出去走走。	qīng chūn jiù shì yào duō chū qù zǒu zou 。	Youth is for getting out and going places.	看完想起了我的青春。	kàn wán xiǎng qǐ le wǒ de qīng chūn 。	Watching this brought back my youth.
226	主角	protagonist, lead	这个电视剧的主角是谁演的？	zhè ge diàn shì jù de zhǔ jué shì shéi yǎn de ？	Who plays the lead in this show?	主角光环太强了，怎么打都打不死。	zhǔ jué guāng huán tài qiáng le ， zěn me dǎ dōu dǎ bù sǐ 。	The plot armour is too strong, nothing can kill him.	生活里我从来不是主角。	shēng huó lǐ wǒ cóng lái bù shì zhǔ jué 。	In real life I'm never the main character.
227	模式	mode, pattern	我已经进入假期模式了。	wǒ yǐ jīng jìn rù jià qī mó shì le 。	I'm already in holiday mode.	我现在是学习模式，别找我。	wǒ xiàn zài shì xué xí mó shì ， bié zhǎo wǒ 。	I'm in study mode right now, don't bother me.	这个游戏有两种模式。	zhè ge yóu xì yǒu liǎng zhǒng mó shì 。	This game has two modes.
228	痛苦	pain; painful	早起对我来说太痛苦了。	zǎo qǐ duì wǒ lái shuō tài tòng kǔ le 。	Getting up early is pure torture for me.	他看起来好痛苦。	tā kàn qǐ lái hǎo tòng kǔ 。	He looks like he's really suffering.	看到这么多作业，我直接戴上痛苦面具。	kàn dào zhè me duō zuò yè ， wǒ zhí jiē dài shàng tòng kǔ miàn jù 。	Seeing all this homework, on goes my pain mask. (痛苦面具: the anguished-face reaction image) (meme)
229	当初	at the beginning, originally	早知道当初就不买了。	zǎo zhī dào dāng chū jiù bù mǎi le 。	If I'd known, I wouldn't have bought it in the first place.	当初说好的呢？	dāng chū shuō hǎo de ne ？	What happened to what we agreed on?	当初是你要来的。	dāng chū shì nǐ yào lái de 。	You're the one who wanted to come in the first place.
230	抓	to grab, catch	快抓住他！	kuài zhuā zhù tā ！	Quick, grab him!	他抓了一把糖给我。	tā zhuā le yī bǎ táng gěi wǒ 。	He grabbed a handful of candy for me.	这个视频一开始就抓住我了。	zhè ge shì pín yī kāi shǐ jiù zhuā zhù wǒ le 。	This video had me hooked from the very start.
231	果然	as expected, sure enough	果然又下雨了。	guǒ rán yòu xià yǔ le 。	Sure enough, it's raining again.	我就知道，果然是他。	wǒ jiù zhī dào ， guǒ rán shì tā 。	I knew it, of course it was him.	果然没让我失望。	guǒ rán méi ràng wǒ shī wàng 。	As expected, it didn't let me down.
232	数据	data	这个视频的数据不太好。	zhè ge shì pín de shù jù bù tài hǎo 。	This video's numbers aren't great.	手机数据全没了。	shǒu jī shù jù quán méi le 。	All the data on my phone is gone.	你这个数据是哪来的？	nǐ zhè ge shù jù shì nǎ lái de ？	Where'd you get that data?
233	喷	to spray; (slang) to flame, rant at	他一说话就被人喷。	tā yī shuō huà jiù bèi rén pēn 。	Every time he says something, people flame him.	别喷了，他也不容易。	bié pēn le ， tā yě bù róng yì 。	Stop flaming him, he's got it hard too.	给花喷点水。	gěi huā pēn diǎn shuǐ 。	Spray some water on the flowers.
234	屏幕	screen	我手机屏幕又坏了。	wǒ shǒu jī píng mù yòu huài le 。	My phone screen broke again.	屏幕太小了，看不清楚。	píng mù tài xiǎo le ， kàn bù qīng chu 。	The screen's too small, I can't see it properly.	你屏幕上那是什么？	nǐ píng mù shàng nà shì shén me ？	What's that on your screen?
235	细节	detail	这个细节做得太好了！	zhè ge xì jié zuò de tài hǎo le ！	They nailed this detail!	你注意到这个细节了吗？	nǐ zhù yì dào zhè ge xì jié le ma ？	Did you notice this detail?	细节我就不说了。	xì jié wǒ jiù bù shuō le 。	I'll skip the details.
236	相当于	equivalent to	这相当于一个月的工资。	zhè xiāng dāng yú yī gè yuè de gōng zī 。	That's the same as a month's pay.	不回消息相当于不想聊。	bù huí xiāo xi xiāng dāng yú bù xiǎng liáo 。	Not replying is basically saying you don't want to chat.	他说的相当于没说。	tā shuō de xiāng dāng yú méi shuō 。	What he said is as good as saying nothing.
237	鬼	ghost; (prefix) damn, freaking	这鬼天气，热死了。	zhè guǐ tiān qì ， rè sǐ le 。	This damn weather, it's boiling.	我怕鬼，晚上不敢一个人睡。	wǒ pà guǐ ， wǎn shang bù gǎn yī gè rén shuì 。	I'm scared of ghosts, I don't dare sleep alone at night.	鬼知道他去哪了。	guǐ zhī dào tā qù nǎ le 。	God knows where he went.
238	类	kind, type	我不喜欢这类电影。	wǒ bù xǐ huan zhè lèi diàn yǐng 。	I don't like this kind of movie.	这类问题每天都有人问。	zhè lèi wèn tí měi tiān dōu yǒu rén wèn 。	People ask this kind of question every day.	他跟我们不是一类人。	tā gēn wǒ men bù shì yī lèi rén 。	He's not the same kind of person as us.
239	惨	miserable, tragic	他今天真够惨的，手机钱包都丢了。	tā jīn tiān zhēn gòu cǎn de ， shǒu jī qián bāo dōu diū le 。	He's had a rough day. Lost his phone and his wallet.	我考得好惨。	wǒ kǎo de hǎo cǎn 。	I did terribly on the exam.	输得太惨了。	shū de tài cǎn le 。	That was a brutal loss.
240	系统	system; systematic	手机换了新系统，好用多了。	shǒu jī huàn le xīn xì tǒng ， hǎo yòng duō le 。	My phone's on the new system now, it's way better.	系统出问题了，等一下。	xì tǒng chū wèn tí le ， děng yī xià 。	The system's having issues, hang on.	他学得很系统。	tā xué de hěn xì tǒng 。	He studies very systematically.
241	圈	circle (social/industry); ring; lap	我不太懂你们圈里的事。	wǒ bù tài dǒng nǐ men quān lǐ de shì 。	I don't really get what goes on in your circle.	这首歌已经出圈了，我妈都会唱。	zhè shǒu gē yǐ jīng chū quān le ， wǒ mā dōu huì chàng 。	This song has gone mainstream, even my mum can sing it.	我每天跑五圈。	wǒ měi tiān pǎo wǔ quān 。	I run five laps every day.
242	服	(coll.) to be convinced, impressed (“我服了” = I give up / unbelievable)	我服了，他又迟到了。	wǒ fú le ， tā yòu chí dào le 。	Unbelievable, he's late again.	这都能赢，我服了！	zhè dōu néng yíng ， wǒ fú le ！	He won even with that? I'm impressed!	我不服，再来一次！	wǒ bù fú ， zài lái yī cì ！	I don't accept that, one more go!
243	救	to save, rescue	救命，这也太好笑了！	jiù mìng ， zhè yě tài hǎo xiào le ！	Help, this is way too funny!	谁来救救我，作业写不完了。	shéi lái jiù jiu wǒ ， zuò yè xiě bù wán le 。	Someone save me, I'm never going to finish this homework.	他救了一只小猫。	tā jiù le yī zhī xiǎo māo 。	He rescued a kitten.
244	摸	to touch, feel	好想摸摸这只猫。	hǎo xiǎng mō mo zhè zhī māo 。	I really want to pet this cat.	别摸我头发！	bié mō wǒ tóu fa ！	Don't touch my hair!	你摸一下，水热不热？	nǐ mō yī xià ， shuǐ rè bù rè ？	Feel it, is the water hot?
245	心态	mindset, attitude	心态要好，别想太多。	xīn tài yào hǎo ， bié xiǎng tài duō 。	Keep a good mindset, don't overthink it.	他心态真好，输了也笑。	tā xīn tài zhēn hǎo ， shū le yě xiào 。	He's got such a good attitude, he laughs even when he loses.	连输五把，心态崩了。	lián shū wǔ bǎ ， xīn tài bēng le 。	Lost five in a row, I'm totally tilted.
246	品牌	brand	这是什么品牌的？	zhè shì shén me pǐn pái de ？	What brand is this?	我不看品牌，好用就行。	wǒ bù kàn pǐn pái ， hǎo yòng jiù xíng 。	I don't care about brands, as long as it works.	这个品牌最近很火。	zhè ge pǐn pái zuì jìn hěn huǒ 。	This brand is really hot right now.
247	偷	to steal; secretly	我的自行车被偷了。	wǒ de zì xíng chē bèi tōu le 。	My bike got stolen.	他上课偷偷玩手机。	tā shàng kè tōu tōu wán shǒu jī 。	He secretly plays on his phone in class.	谁偷吃了我的蛋糕？	shéi tōu chī le wǒ de dàn gāo ？	Who sneakily ate my cake?
248	宝贝	treasure; darling, baby	宝贝，晚饭想吃什么？	bǎo bèi ， wǎn fàn xiǎng chī shén me ？	Babe, what do you want for dinner?	这些书都是我的宝贝。	zhè xiē shū dōu shì wǒ de bǎo bèi 。	These books are my treasures.	宝贝们，这家店真的太好吃了！	bǎo bèi men ， zhè jiā diàn zhēn de tài hǎo chī le ！	You guys, this place is seriously delicious! (how influencers address followers)
249	家族	family, clan	我们家族的人都很高。	wǒ men jiā zú de rén dōu hěn gāo 。	Everyone in our family is tall.	家族群里又有人发红包了。	jiā zú qún lǐ yòu yǒu rén fā hóng bāo le 。	Someone's sending red packets in the family group chat again.	他们家族是做生意的。	tā men jiā zú shì zuò shēng yi de 。	Their family is in business.
250	尽量	as much as possible	我尽量早点回来。	wǒ jǐn liàng zǎo diǎn huí lái 。	I'll try to be back early.	尽量别吃太晚。	jǐn liàng bié chī tài wǎn 。	Try not to eat too late.	我会尽量帮你的。	wǒ huì jǐn liàng bāng nǐ de 。	I'll do my best to help you.
251	之类的	and things like that	我喜欢猫狗之类的动物。	wǒ xǐ huan māo gǒu zhī lèi de dòng wù 。	I like animals like cats and dogs.	带点水果之类的就行。	dài diǎn shuǐ guǒ zhī lèi de jiù xíng 。	Just bring some fruit or something.	不要说谢谢之类的话。	bù yào shuō xiè xie zhī lèi de huà 。	Don't say thanks or anything like that.
252	哪怕	even if	哪怕只有一个人看，我也要做。	nǎ pà zhǐ yǒu yī gè rén kàn ， wǒ yě yào zuò 。	Even if only one person watches, I'll still make it.	哪怕再累，也要吃饭。	nǎ pà zài lèi ， yě yào chī fàn 。	No matter how tired you are, you've got to eat.	你哪怕回我一句话也行啊。	nǐ nǎ pà huí wǒ yī jù huà yě xíng a 。	Even a one-line reply would do!
253	类型	type, genre	你喜欢什么类型的男生？	nǐ xǐ huan shén me lèi xíng de nán shēng ？	What type of guy do you like?	这种类型的游戏我不玩。	zhè zhǒng lèi xíng de yóu xì wǒ bù wán 。	I don't play this kind of game.	他不是我的类型。	tā bù shì wǒ de lèi xíng 。	He's not my type.
254	合理	reasonable	这个价格挺合理的。	zhè ge jià gé tǐng hé lǐ de 。	The price is pretty reasonable.	你这要求不太合理吧。	nǐ zhè yāo qiú bù tài hé lǐ ba 。	That's not a very reasonable request.	听起来很合理。	tīng qǐ lái hěn hé lǐ 。	Sounds reasonable.
255	好奇	curious	我很好奇，后来怎么样了？	wǒ hěn hào qí ， hòu lái zěn me yàng le ？	I'm curious, what happened after that?	只有我好奇这个吗？	zhǐ yǒu wǒ hào qí zhè ge ma ？	Am I the only one curious about this?	小孩子对什么都好奇。	xiǎo hái zi duì shén me dōu hào qí 。	Little kids are curious about everything.
256	涂	to apply, smear	我手上涂了点药。	wǒ shǒu shàng tú le diǎn yào 。	I put some ointment on my hand.	你脸上涂了什么？	nǐ liǎn shàng tú le shén me ？	What have you put on your face?	他在本子上乱涂乱画。	tā zài běn zi shàng luàn tú luàn huà 。	He's scribbling all over his notebook.
257	后续	follow-up; sequel; what happened next	有后续吗？	yǒu hòu xù ma ？	Is there a follow-up?	后续怎么样了？	hòu xù zěn me yàng le ？	So what happened next?	后续有消息再跟大家说。	hòu xù yǒu xiāo xi zài gēn dà jiā shuō 。	I'll keep you all posted if there's any further news.
258	爆	to explode; to go viral, sell out (“爆火”); (slang) extremely	这首歌突然爆了。	zhè shǒu gē tū rán bào le 。	This song suddenly went viral.	他今天帅爆了！	tā jīn tiān shuài bào le ！	He looks insanely good today!	我的作业多到爆。	wǒ de zuò yè duō dào bào 。	I have a ridiculous amount of homework.
259	到时候	when the time comes	到时候再说吧。	dào shí hou zài shuō ba 。	Let's deal with it when the time comes.	到时候我叫你。	dào shí hou wǒ jiào nǐ 。	I'll call you when it's time.	别到时候又说没时间。	bié dào shí hou yòu shuō méi shí jiān 。	Don't go saying you have no time when it comes to it.
260	可怕	scary, terrible	晚上一个人走回家，好可怕。	wǎn shang yī gè rén zǒu huí jiā ， hǎo kě pà 。	Walking home alone at night is so scary.	最可怕的是他还不知道。	zuì kě pà de shì tā hái bù zhī dào 。	The scariest part is he still doesn't know.	一年过得好快，可怕。	yī nián guò de hǎo kuài ， kě pà 。	The year went by so fast, it's terrifying.
261	一辈子	lifetime; all one's life	我一辈子都忘不了。	wǒ yī bèi zi dōu wàng bù liǎo 。	I'll never forget it as long as I live.	这种好事一辈子就一次。	zhè zhǒng hǎo shì yī bèi zi jiù yī cì 。	Something this good happens once in a lifetime.	我想跟你过一辈子。	wǒ xiǎng gēn nǐ guò yī bèi zi 。	I want to spend my whole life with you.
262	倒是	actually (contrary to expectation); though…; (urging) come on then (你倒是说啊)	你倒是说话啊！	nǐ dào shì shuō huà a ！	Well, say something then!	好看倒是好看，就是太贵了。	hǎo kàn dào shì hǎo kàn ， jiù shì tài guì le 。	It does look nice, it's just too expensive.	我还以为他会生气，他倒是挺高兴的。	wǒ hái yǐ wéi tā huì shēng qì ， tā dào shì tǐng gāo xìng de 。	I thought he'd be mad, but he was actually pretty happy.
263	投币	to give coins (Bilibili tipping)	已经投币了！	yǐ jīng tóu bì le ！	Already tossed a coin!	做得这么认真，不投币说不过去吧！	zuò de zhè me rèn zhēn ， bù tóu bì shuō bù guò qù ba ！	This much effort? Not tossing a coin would feel wrong!	下次一定投币。	xià cì yī dìng tóu bì 。	Next time for sure! (the classic Bilibili non-promise: i.e. not today) (meme)
264	尝试	to try; attempt	我想尝试一下新的东西。	wǒ xiǎng cháng shì yī xià xīn de dōng xi 。	I want to try something new.	第一次尝试，别笑我。	dì yī cì cháng shì ， bié xiào wǒ 。	First attempt, don't laugh at me.	可以尝试换个方法。	kě yǐ cháng shì huàn gè fāng fǎ 。	You could try a different approach.
265	搭	to put up; to match (clothes); to take (a ride)	这件衣服怎么搭都好看。	zhè jiàn yī fu zěn me dā dōu hǎo kàn 。	This top looks good with anything.	我能搭你的车回家吗？	wǒ néng dā nǐ de chē huí jiā ma ？	Can I get a lift home with you?	他们在门口搭了个小房子。	tā men zài mén kǒu dā le gè xiǎo fáng zi 。	They put up a little hut by the door.
266	学历	education level, degree	现在找工作都看学历。	xiàn zài zhǎo gōng zuò dōu kàn xué lì 。	These days every job looks at your degree.	学历高不一定能力强。	xué lì gāo bù yī dìng néng lì qiáng 。	A fancy degree doesn't necessarily mean you're capable.	你什么学历？	nǐ shén me xué lì ？	What's your education level?
267	治愈	to heal; (slang) heartwarming, soothing	这个视频太治愈了。	zhè ge shì pín tài zhì yù le 。	This video is so wholesome.	看猫真的很治愈。	kàn māo zhēn de hěn zhì yù 。	Watching cats is really soothing.	这病能治愈吗？	zhè bìng néng zhì yù ma ？	Can this illness be cured?
268	皮	skin; (slang) naughty, cheeky	这孩子太皮了。	zhè hái zi tài pí le 。	This kid is so naughty.	苹果皮也能吃。	píng guǒ pí yě néng chī 。	You can eat apple skin too.	你又皮了是吧？	nǐ yòu pí le shì ba ？	Being cheeky again, huh?
269	夸	to praise, compliment	你也太会夸人了吧！	nǐ yě tài huì kuā rén le ba ！	You're way too good at giving compliments!	老师今天夸我了。	lǎo shī jīn tiān kuā wǒ le 。	The teacher praised me today.	你别夸了，我会不好意思的。	nǐ bié kuā le ， wǒ huì bù hǎo yì si de 。	Stop complimenting me, you'll make me embarrassed.
270	煮	to boil, cook	我今晚煮面吃。	wǒ jīn wǎn zhǔ miàn chī 。	I'm cooking noodles tonight.	鸡蛋煮几分钟？	jī dàn zhǔ jǐ fēn zhōng ？	How many minutes do you boil the eggs?	饭煮好了，快来吃。	fàn zhǔ hǎo le ， kuài lái chī 。	The rice is ready, come eat.
271	亲	dear (online-shop address); to kiss; one's own (亲生)	亲，在吗？	qīn ， zài ma ？	Hi dear, are you there?	他亲了我一下。	tā qīn le wǒ yī xià 。	He gave me a kiss.	这是你亲妈吗？	zhè shì nǐ qīn mā ma ？	Is this really your own mum? (joke when a mum is savage to her kid)
272	瞬间	instant; in an instant	看到这个我瞬间不累了。	kàn dào zhè ge wǒ shùn jiān bù lèi le 。	Seeing this, I instantly stopped feeling tired.	那一瞬间我哭了。	nà yī shùn jiān wǒ kū le 。	In that moment I cried.	钱瞬间就没了。	qián shùn jiān jiù méi le 。	The money was gone in an instant.
273	标题	title, headline	又是标题党，内容跟标题一点关系都没有。	yòu shì biāo tí dǎng ， nèi róng gēn biāo tí yī diǎn guān xì dōu méi yǒu 。	Clickbait again, the content has nothing to do with the title.	我是看标题进来的。	wǒ shì kàn biāo tí jìn lái de 。	I clicked in because of the title.	这个标题谁起的？	zhè ge biāo tí shéi qǐ de ？	Who came up with this title?
274	扣	to deduct; to button; to type “1” in chat (扣1)	同意的扣一。	tóng yì de kòu yī 。	Type 1 if you agree.	迟到一次扣五十块。	chí dào yī cì kòu wǔ shí kuài 。	You get docked fifty yuan each time you're late.	你衣服没扣好。	nǐ yī fu méi kòu hǎo 。	Your shirt isn't buttoned properly.
275	年纪	age	年纪大了，记不住事。	nián jì dà le ， jì bù zhù shì 。	I'm getting old, I can't remember things.	他小小年纪就这么厉害。	tā xiǎo xiǎo nián jì jiù zhè me lì hai 。	He's so impressive at such a young age.	您多大年纪了？	nín duō dà nián jì le ？	How old are you? (polite; usually asked of an older person)
276	分手	to break up	他们分手了？	tā men fēn shǒu le ？	They broke up?	分手了还能做朋友吗？	fēn shǒu le hái néng zuò péng you ma ？	Can you still be friends after breaking up?	这种男的，早点分手吧。	zhè zhǒng nán de ， zǎo diǎn fēn shǒu ba 。	A guy like that? Break up with him already.
277	单纯	simple, innocent; purely	他这个人很单纯，你说什么他都信。	tā zhè ge rén hěn dān chún ， nǐ shuō shén me tā dōu xìn 。	He's really naive. He'll believe anything you say.	我就是单纯想问一下。	wǒ jiù shì dān chún xiǎng wèn yī xià 。	I'm literally just asking.	小时候的快乐很单纯。	xiǎo shí hou de kuài lè hěn dān chún 。	Happiness was so simple when we were kids.
278	对比	to compare; contrast	对比一下就知道了。	duì bǐ yī xià jiù zhī dào le 。	Just compare them and you'll see.	前后对比太大了。	qián hòu duì bǐ tài dà le 。	The before-and-after contrast is huge.	跟去年一对比，好太多了。	gēn qù nián yī duì bǐ ， hǎo tài duō le 。	Compared to last year, it's way better.
279	无所谓	don't care; it doesn't matter	吃什么都无所谓。	chī shén me dōu wú suǒ wèi 。	I don't mind what we eat.	他说什么我都无所谓。	tā shuō shén me wǒ dōu wú suǒ wèi 。	I don't care what he says.	你去不去无所谓。	nǐ qù bù qù wú suǒ wèi 。	It doesn't matter whether you go or not.
280	打压	to suppress, put down	他总是打压别人。	tā zǒng shì dǎ yā bié rén 。	He's always putting other people down.	别老是打压孩子的想法。	bié lǎo shì dǎ yā hái zi de xiǎng fǎ 。	Stop always shooting down your kid's ideas.	大公司打压小公司。	dà gōng sī dǎ yā xiǎo gōng sī 。	Big companies crush small ones.
281	气质	aura, temperament, elegance	她气质好好啊。	tā qì zhì hǎo hǎo a 。	She has such a classy aura.	你穿这身衣服很有气质。	nǐ chuān zhè shēn yī fu hěn yǒu qì zhì 。	You look really elegant in that outfit.	他有一种安静的气质。	tā yǒu yī zhǒng ān jìng de qì zhì 。	He has a quiet kind of air about him.
282	补	to make up for; to mend; to supplement	我明天把作业补上。	wǒ míng tiān bǎ zuò yè bǔ shàng 。	I'll make up the homework tomorrow.	周末补个觉。	zhōu mò bǔ gè jiào 。	Catching up on sleep this weekend.	衣服破了，补一下。	yī fu pò le ， bǔ yī xià 。	The shirt's torn, let me patch it.
283	从不	never	我从不吃早饭。	wǒ cóng bù chī zǎo fàn 。	I never eat breakfast.	他从不迟到。	tā cóng bù chí dào 。	He's never late.	他从不回我消息。	tā cóng bù huí wǒ xiāo xi 。	He never replies to my messages.
284	省流	(slang) TL;DR, summary	省流：没成功。	shěng liú ： méi chéng gōng 。	TL;DR: it didn't work.	有没有人省流一下？	yǒu méi yǒu rén shěng liú yī xià ？	Can someone give a TL;DR?	感谢省流，不用看了。	gǎn xiè shěng liú ， bù yòng kàn le 。	Thanks for the TL;DR, now I don't have to watch it.
285	稳定	stable	他工作很稳定。	tā gōng zuò hěn wěn dìng 。	He has a really stable job.	最近天气不太稳定。	zuì jìn tiān qì bù tài wěn dìng 。	The weather's been pretty unpredictable lately.	他的成绩很稳定。	tā de chéng jì hěn wěn dìng 。	His grades are very consistent.
286	话题	topic	我们换个话题吧。	wǒ men huàn gè huà tí ba 。	Let's change the subject.	这个话题最近很火。	zhè ge huà tí zuì jìn hěn huǒ 。	This topic's been really hot lately.	跟他没什么话题可聊。	gēn tā méi shén me huà tí kě liáo 。	There's nothing to talk about with him.
287	大佬	expert, big shot; (address) boss	大佬，带带我！	dà lǎo ， dài dai wǒ ！	Boss, carry me!	请大佬帮忙看看。	qǐng dà lǎo bāng máng kàn kan 。	Could one of the experts take a look, please?	这里都是大佬，我不敢说话。	zhè lǐ dōu shì dà lǎo ， wǒ bù gǎn shuō huà 。	Everyone here is a pro, I don't dare say anything.
288	尴尬	awkward, embarrassing	好尴尬啊，我想走了。	hǎo gān gà a ， wǒ xiǎng zǒu le 。	So awkward, I want to leave.	叫错名字，太尴尬了。	jiào cuò míng zi ， tài gān gà le 。	Called them the wrong name, so embarrassing.	第一次见面，大家都有点尴尬。	dì yī cì jiàn miàn ， dà jiā dōu yǒu diǎn gān gà 。	It was our first time meeting, so everyone was a bit awkward.
289	黄金	gold; golden (prime)	黄金周出去玩，到处都是人。	huáng jīn zhōu chū qù wán ， dào chù dōu shì rén 。	Travel during Golden Week and it's people everywhere.	早上是学习的黄金时间。	zǎo shang shì xué xí de huáng jīn shí jiān 。	Mornings are prime time for studying.	我妈喜欢买黄金。	wǒ mā xǐ huan mǎi huáng jīn 。	My mum loves buying gold.
290	偶像	idol	他是我的偶像！	tā shì wǒ de ǒu xiàng ！	He's my idol!	见到偶像了，好激动！	jiàn dào ǒu xiàng le ， hǎo jī dòng ！	I met my idol, so excited!	你小时候的偶像是谁？	nǐ xiǎo shí hou de ǒu xiàng shì shéi ？	Who was your idol as a kid?
291	剩下	to be left over	剩下的我明天再做。	shèng xià de wǒ míng tiān zài zuò 。	I'll do the rest tomorrow.	就剩下我一个人了。	jiù shèng xià wǒ yī gè rén le 。	I'm the only one left.	这个月的钱没剩下多少了。	zhè ge yuè de qián méi shèng xià duō shao le 。	There's hardly any money left this month.
292	全程	the whole way; throughout	全程笑着看完。	quán chéng xiào zhe kàn wán 。	Smiled the whole way through.	我全程都在看手机。	wǒ quán chéng dōu zài kàn shǒu jī 。	I was on my phone the entire time.	全程开车要五个小时。	quán chéng kāi chē yào wǔ gè xiǎo shí 。	The whole drive takes five hours.
293	踩	to step on; (slang) to diss, trash-talk	你踩到我脚了。	nǐ cǎi dào wǒ jiǎo le 。	You stepped on my foot.	喜欢他就喜欢，别踩别人。	xǐ huan tā jiù xǐ huan ， bié cǎi bié rén 。	Like him all you want, but don't trash other people.	这部电影被很多人踩。	zhè bù diàn yǐng bèi hěn duō rén cǎi 。	Loads of people have trashed this movie.
294	捏	(slang) particle = 呢 (cute); to pinch	好可爱捏！	hǎo kě ài nie ！	So cute~!	想捏捏他的脸。	xiǎng niē nie tā de liǎn 。	I want to pinch his cheeks.	今天也要加油捏！	jīn tiān yě yào jiā yóu nie ！	Keep it up today too~!
295	实现	to realise, achieve	我的梦想终于实现了！	wǒ de mèng xiǎng zhōng yú shí xiàn le ！	My dream finally came true!	这个想法很难实现。	zhè ge xiǎng fǎ hěn nán shí xiàn 。	This idea is hard to pull off.	一起努力，一定能实现。	yī qǐ nǔ lì ， yī dìng néng shí xiàn 。	If we work together, we can definitely make it happen.
296	理	to pay attention to (“不理他” = ignore him)	别理他，他就这样。	bié lǐ tā ， tā jiù zhè yàng 。	Ignore him, he's always like that.	我发了消息，没人理我。	wǒ fā le xiāo xi ， méi rén lǐ wǒ 。	I sent a message and nobody replied.	他生气了，不理我了。	tā shēng qì le ， bù lǐ wǒ le 。	He's mad and isn't talking to me.
297	参考	to refer to; reference	这个只能参考一下。	zhè ge zhǐ néng cān kǎo yī xià 。	This is just for reference.	我参考了网上的方法。	wǒ cān kǎo le wǎng shàng de fāng fǎ 。	I went off a method I found online.	有没有可以参考的图片？	yǒu méi yǒu kě yǐ cān kǎo de tú piàn ？	Are there any reference pictures?
298	伟大	great	妈妈真的太伟大了。	mā ma zhēn de tài wěi dà le 。	Mums are seriously amazing.	想出这个办法的人真伟大。	xiǎng chū zhè ge bàn fǎ de rén zhēn wěi dà 。	Whoever came up with this is a legend.	他做了一件很伟大的事。	tā zuò le yī jiàn hěn wěi dà de shì 。	He did something truly great.
299	领导	leader, boss	领导又让我加班。	lǐng dǎo yòu ràng wǒ jiā bān 。	My boss made me work overtime again.	领导说什么就是什么。	lǐng dǎo shuō shén me jiù shì shén me 。	Whatever the boss says goes.	他是我们的新领导。	tā shì wǒ men de xīn lǐng dǎo 。	He's our new boss.
300	画面	picture, scene, visuals	这部电影的画面太美了。	zhè bù diàn yǐng de huà miàn tài měi le 。	This film is visually stunning.	我已经有画面了。	wǒ yǐ jīng yǒu huà miàn le 。	I can already picture it. (meme)	这游戏画面一般。	zhè yóu xì huà miàn yī bān 。	This game's graphics are just okay.
301	攻击	to attack	别在这里攻击别人了。	bié zài zhè lǐ gōng jī bié rén le 。	Stop attacking people here.	我就说了一句，怎么就变成攻击你了？	wǒ jiù shuō le yī jù ， zěn me jiù biàn chéng gōng jī nǐ le ？	I said one thing, how does that count as attacking you?	这个游戏里他的攻击太高了。	zhè ge yóu xì lǐ tā de gōng jī tài gāo le 。	His attack is way too high in this game.
302	在意	to care about, mind	别太在意别人怎么说。	bié tài zài yì bié rén zěn me shuō 。	Don't care so much about what others say.	我其实一点都不在意。	wǒ qí shí yī diǎn dōu bù zài yì 。	Honestly, I don't mind at all.	你这么在意他，就直接说吧。	nǐ zhè me zài yì tā ， jiù zhí jiē shuō ba 。	If you care about him that much, just tell him.
303	审美	(aesthetic) taste	这家店审美在线，每件衣服都好看。	zhè jiā diàn shěn měi zài xiàn ， měi jiàn yī fu dōu hǎo kàn 。	This shop's taste is on point — every piece looks good.	每个人审美不一样，很正常。	měi gè rén shěn měi bù yī yàng ， hěn zhèng cháng 。	Everyone's taste is different, that's normal.	这什么审美啊？也太难看了吧。	zhè shén me shěn měi a ？ yě tài nán kàn le ba 。	What kind of taste is that? It's so ugly.
304	智能	smart, intelligent (tech)	现在的手机越来越智能了。	xiàn zài de shǒu jī yuè lái yuè zhì néng le 。	Phones are getting smarter and smarter.	这个智能手表有点贵。	zhè ge zhì néng shǒu biǎo yǒu diǎn guì 。	This smartwatch is a bit pricey.	这个电视也太不智能了。	zhè ge diàn shì yě tài bù zhì néng le 。	This TV is so dumb to use.
305	差点	almost, nearly	我差点笑死。	wǒ chà diǎn xiào sǐ 。	I nearly died laughing.	今天早上差点没赶上车。	jīn tiān zǎo shang chà diǎn méi gǎn shàng chē 。	I almost missed the bus this morning.	我差点忘了今天是你生日。	wǒ chà diǎn wàng le jīn tiān shì nǐ shēng rì 。	I almost forgot it's your birthday today.
306	饮食	diet, food and drink	我最近饮食很健康，少吃肉，多吃水果。	wǒ zuì jìn yǐn shí hěn jiàn kāng ， shǎo chī ròu ， duō chī shuǐ guǒ 。	My diet's been really healthy lately: less meat, more fruit.	南方和北方的饮食很不一样。	nán fāng hé běi fāng de yǐn shí hěn bù yī yàng 。	Food in the south and north is really different.	医生说我要注意饮食。	yī shēng shuō wǒ yào zhù yì yǐn shí 。	The doctor says I need to watch what I eat.
307	疯	crazy, mad	我真的要被他气疯了。	wǒ zhēn de yào bèi tā qì fēng le 。	He's seriously driving me crazy.	你疯了吧？这么贵也买？	nǐ fēng le ba ？ zhè me guì yě mǎi ？	Are you crazy? Buying it at that price?	考完试大家都玩疯了。	kǎo wán shì dà jiā dōu wán fēng le 。	After the exams everyone went wild.
308	震撼	stunning, mind-blowing; to blow (sb) away	在电影院看真的太震撼了！	zài diàn yǐng yuàn kàn zhēn de tài zhèn hàn le ！	Watching it in the cinema was mind-blowing!	第一次看到大海，被震撼到了。	dì yī cì kàn dào dà hǎi ， bèi zhèn hàn dào le 。	Seeing the sea for the first time totally blew me away.	这也行？我大受震撼。	zhè yě xíng ？ wǒ dà shòu zhèn hàn 。	That actually works? I'm absolutely shook. (meme)
309	藏	to hide	你把我的手机藏在哪里了？	nǐ bǎ wǒ de shǒu jī cáng zài nǎ lǐ le ？	Where did you hide my phone?	他心里藏着很多话。	tā xīn lǐ cáng zhe hěn duō huà 。	He's keeping a lot of things to himself.	这个视频最后还藏了一段。	zhè ge shì pín zuì hòu hái cáng le yī duàn 。	There's a hidden bit at the end of this video.
310	古代	ancient times	古代人没有手机，怎么聊天？	gǔ dài rén méi yǒu shǒu jī ， zěn me liáo tiān ？	People in ancient times had no phones — how did they chat?	我特别喜欢古代人穿的衣服。	wǒ tè bié xǐ huan gǔ dài rén chuān de yī fu 。	I really love the clothes people wore in ancient times.	要是在古代，我肯定活不过三天。	yào shi zài gǔ dài ， wǒ kěn dìng huó bù guò sān tiān 。	If I lived in ancient times, I wouldn't last three days.
311	配音	dubbing; voice acting	这段配音让我笑了好久。	zhè duàn pèi yīn ràng wǒ xiào le hǎo jiǔ 。	This dub had me laughing for ages.	我还是喜欢原来的配音。	wǒ hái shi xǐ huan yuán lái de pèi yīn 。	I still prefer the original voice acting.	她以后想当配音演员。	tā yǐ hòu xiǎng dāng pèi yīn yǎn yuán 。	She wants to be a voice actor in the future.
312	显	to make look (“显瘦” = slimming); to show	这条裤子很显瘦。	zhè tiáo kù zi hěn xiǎn shòu 。	These pants are really slimming.	这个颜色显白。	zhè ge yán sè xiǎn bái 。	This colour makes your skin look fairer.	这样拍显脸小。	zhè yàng pāi xiǎn liǎn xiǎo 。	Shooting it this way makes your face look smaller.
313	没错	that's right	没错，就是他！	méi cuò ， jiù shì tā ！	That's right, it's him!	你说得没错，是我想多了。	nǐ shuō de méi cuò ， shì wǒ xiǎng duō le 。	You're right, I was overthinking it.	没错没错，我也是这么想的。	méi cuò méi cuò ， wǒ yě shì zhè me xiǎng de 。	Yep, yep, that's exactly what I think too.
314	功能	function, feature	这个功能到底在哪里？	zhè ge gōng néng dào dǐ zài nǎ lǐ ？	Where on earth is this feature?	手机里很多功能我都没用过。	shǒu jī lǐ hěn duō gōng néng wǒ dōu méi yòng guo 。	I've never used a lot of the features on my phone.	这个功能太好用了！	zhè ge gōng néng tài hǎo yòng le ！	This feature is so handy!
315	救命	help!; to save a life	救命！我的作业还没写完！	jiù mìng ！ wǒ de zuò yè hái méi xiě wán ！	Help! I still haven't finished my homework!	救命，这也太可爱了吧！	jiù mìng ， zhè yě tài kě ài le ba ！	Help, this is way too cute!	这杯咖啡真的救命了。	zhè bēi kā fēi zhēn de jiù mìng le 。	This coffee is literally a lifesaver.
316	思考	to think, reflect	这个问题值得好好思考一下。	zhè ge wèn tí zhí dé hǎo hǎo sī kǎo yī xià 。	This question is worth thinking about properly.	这部电影让我思考了很久。	zhè bù diàn yǐng ràng wǒ sī kǎo le hěn jiǔ 。	That film left me thinking for a long time.	我现在累得没法思考了。	wǒ xiàn zài lèi de méi fǎ sī kǎo le 。	I'm too tired to think right now.
317	追求	to pursue; to court	他在追求我们班一个女生。	tā zài zhuī qiú wǒ men bān yī gè nǚ shēng 。	He's chasing a girl in our class.	人总要有点追求吧。	rén zǒng yào yǒu diǎn zhuī qiú ba 。	You've got to have some kind of goal in life.	我没什么追求，吃饱就行。	wǒ méi shén me zhuī qiú ， chī bǎo jiù xíng 。	I don't aim for much — as long as I'm fed, I'm good.
318	抽象	abstract; (slang) weird, absurd, unhinged	这个视频也太抽象了吧。	zhè ge shì pín yě tài chōu xiàng le ba 。	This video is so unhinged.	下面的人一个比一个抽象。	xià miàn de rén yī gè bǐ yī gè chōu xiàng 。	Every comment down here is more unhinged than the last.	我朋友说话越来越抽象了。	wǒ péng you shuō huà yuè lái yuè chōu xiàng le 。	My friend talks weirder and weirder.
319	说是	supposedly; it's said that	说是明天下雨，也不知道真的假的。	shuō shì míng tiān xià yǔ ， yě bù zhī dào zhēn de jiǎ de 。	Supposedly it'll rain tomorrow, who knows if that's true.	他没来，说是身体不舒服。	tā méi lái ， shuō shì shēn tǐ bù shū fu 。	He didn't come — said he wasn't feeling well.	说是五分钟，结果等了一个小时。	shuō shì wǔ fēn zhōng ， jié guǒ děng le yī gè xiǎo shí 。	Five minutes, they said — I ended up waiting an hour.
320	核心	core	他是我们队的核心。	tā shì wǒ men duì de hé xīn 。	He's the core of our team.	这件事的核心问题是钱。	zhè jiàn shì de hé xīn wèn tí shì qián 。	The core issue here is money.	说了半天，核心就一句话：他不想去。	shuō le bàn tiān ， hé xīn jiù yī jù huà ： tā bù xiǎng qù 。	All that talk, and the core of it is one thing: he doesn't want to go.
321	舞蹈	dance	她从小就学舞蹈。	tā cóng xiǎo jiù xué wǔ dǎo 。	She's been learning dance since she was little.	这个舞蹈的动作好难，我跟着视频学了好久。	zhè ge wǔ dǎo de dòng zuò hǎo nán ， wǒ gēn zhe shì pín xué le hǎo jiǔ 。	The moves in this dance are so hard, it took me ages to learn them from the video.	有没有人知道这个舞蹈叫什么？	yǒu méi yǒu rén zhī dào zhè ge wǔ dǎo jiào shén me ？	Does anyone know what this dance is called?
322	有种	to have guts (“有种你…” = I dare you to…)	有种你再说一遍！	yǒu zhǒng nǐ zài shuō yī biàn ！	Say that again, I dare you!	有种你别跑！	yǒu zhǒng nǐ bié pǎo ！	If you've got guts, don't run!	你有种就自己去跟老师说。	nǐ yǒu zhǒng jiù zì jǐ qù gēn lǎo shī shuō 。	If you've got the guts, go tell the teacher yourself.
323	干啥	(coll.) what (are you doing); why (= 干什么)	你在干啥呢？	nǐ zài gàn shá ne ？	What are you up to?	你干啥不早说？	nǐ gàn shá bù zǎo shuō ？	Why didn't you say so earlier?	你买这么多纸干啥？	nǐ mǎi zhè me duō zhǐ gàn shá ？	Why are you buying so much paper?
324	以及	as well as, and	视频里用到的音乐以及图片，都放在下面了。	shì pín lǐ yòng dào de yīn yuè yǐ jí tú piàn ， dōu fàng zài xià miàn le 。	The music and images used in the video are all listed below.	明天的时间、地点以及要带的东西，我都发给大家了。	míng tiān de shí jiān 、 dì diǎn yǐ jí yào dài de dōng xi ， wǒ dōu fā gěi dà jiā le 。	I've sent everyone tomorrow's time, place, and what to bring.	感谢我的家人、朋友，以及每一个支持我的人。	gǎn xiè wǒ de jiā rén 、 péng you ， yǐ jí měi yī gè zhī chí wǒ de rén 。	Thanks to my family, my friends, and every single person who supports me.
325	伤	to hurt; injury	他打球的时候伤了脚。	tā dǎ qiú de shí hou shāng le jiǎo 。	He hurt his foot playing ball.	你这句话太伤人了。	nǐ zhè jù huà tài shāng rén le 。	That was a really hurtful thing to say.	他腿上的伤还没好。	tā tuǐ shàng de shāng hái méi hǎo 。	The injury on his leg hasn't healed yet.
326	主打	to feature, focus on; flagship, main (selling point)	这个手机主打拍照好看。	zhè ge shǒu jī zhǔ dǎ pāi zhào hǎo kàn 。	This phone's big selling point is its camera.	这家店主打面条。	zhè jiā diàn zhǔ dǎ miàn tiáo 。	This place specialises in noodles.	这首主打歌也太好听了吧！	zhè shǒu zhǔ dǎ gē yě tài hǎo tīng le ba ！	This lead single is so good!
327	没用	useless	哭也没用，快想办法吧。	kū yě méi yòng ， kuài xiǎng bàn fǎ ba 。	Crying won't help, figure something out.	我真没用，这点事都做不好。	wǒ zhēn méi yòng ， zhè diǎn shì dōu zuò bù hǎo 。	I'm so useless, I can't even do this little thing.	这个东西买回来也没用。	zhè ge dōng xi mǎi huí lái yě méi yòng 。	There's no point buying this thing.
328	一路	all the way	祝你一路顺利！	zhù nǐ yī lù shùn lì ！	Have a smooth trip!	我一路跑过来的，累死了。	wǒ yī lù pǎo guò lái de ， lèi sǐ le 。	I ran all the way here, I'm dead tired.	从小学一路看到现在，太感动了。	cóng xiǎo xué yī lù kàn dào xiàn zài ， tài gǎn dòng le 。	I've watched it all the way from primary school till now — so moving.
329	定位	positioning; location; to locate	你把定位发我一下。	nǐ bǎ dìng wèi fā wǒ yī xià 。	Send me your location.	手机定位有时候不太准。	shǒu jī dìng wèi yǒu shí hou bù tài zhǔn 。	My phone's location is sometimes off.	这家店的定位就是年轻人。	zhè jiā diàn de dìng wèi jiù shì nián qīng rén 。	This shop is positioned for young people.
330	罢了	sentence particle: that's all, merely	我只是随便说说罢了。	wǒ zhǐ shì suí biàn shuō shuo bà le 。	I was just saying, that's all.	他不过是比我早来一年罢了。	tā bù guò shì bǐ wǒ zǎo lái yī nián bà le 。	He just started a year before me, that's all.	开个玩笑罢了，别生气。	kāi gè wán xiào bà le ， bié shēng qì 。	It was only a joke, don't be mad.
331	保持	to keep, maintain	大家保持联系啊！	dà jiā bǎo chí lián xì a ！	Let's all keep in touch!	我每天跑步，保持健康。	wǒ měi tiān pǎo bù ， bǎo chí jiàn kāng 。	I run every day to stay healthy.	希望你一直保持现在这样。	xī wàng nǐ yī zhí bǎo chí xiàn zài zhè yàng 。	Hope you always stay just like you are now.
332	删	to delete	那条消息我已经删了。	nà tiáo xiāo xi wǒ yǐ jīng shān le 。	I already deleted that message.	你怎么把我删了？	nǐ zěn me bǎ wǒ shān le ？	Why did you delete me?	这个视频怎么被删了？	zhè ge shì pín zěn me bèi shān le ？	Why did this video get deleted?
333	收藏	to save/bookmark; to collect	先收藏了，以后慢慢看。	xiān shōu cáng le ， yǐ hòu màn màn kàn 。	Saving this to watch properly later.	这个方法太好用了，收藏了！	zhè ge fāng fǎ tài hǎo yòng le ， shōu cáng le ！	This trick is so useful, bookmarked!	我爸喜欢收藏老照片。	wǒ bà xǐ huan shōu cáng lǎo zhào piàn 。	My dad likes collecting old photos.
334	没法	(coll.) no way to, can't	这样我真的没法工作。	zhè yàng wǒ zhēn de méi fǎ gōng zuò 。	I seriously can't work like this.	他说的话我没法接。	tā shuō de huà wǒ méi fǎ jiē 。	I just don't know how to respond to what he said.	没电了，没法看视频。	méi diàn le ， méi fǎ kàn shì pín 。	Battery's dead, can't watch videos.
335	火锅	hotpot	今天晚上去吃火锅吧！	jīn tiān wǎn shang qù chī huǒ guō ba ！	Let's go for hotpot tonight!	没有什么是一顿火锅解决不了的。	méi yǒu shén me shì yī dùn huǒ guō jiě jué bù liǎo de 。	There's nothing a hotpot can't fix. (meme)	夏天吃火锅也很舒服。	xià tiān chī huǒ guō yě hěn shū fu 。	Hotpot is great even in summer.
336	稳	steady, stable; (slang) safe, reliable	有他在，这把稳了。	yǒu tā zài ， zhè bǎ wěn le 。	With him here, this round's in the bag.	你开车稳一点。	nǐ kāi chē wěn yī diǎn 。	Drive a bit more steadily.	这个工作挺稳的，别换了。	zhè ge gōng zuò tǐng wěn de ， bié huàn le 。	This job is pretty stable, don't switch.
337	性价比	value for money	这家店性价比很高。	zhè jiā diàn xìng jià bǐ hěn gāo 。	This place is great value for money.	说真的，这个手机性价比不行。	shuō zhēn de ， zhè ge shǒu jī xìng jià bǐ bù xíng 。	Honestly, this phone isn't good value.	有没有性价比高一点的？	yǒu méi yǒu xìng jià bǐ gāo yī diǎn de ？	Is there anything with better value?
338	如此	like this, so	原来如此！	yuán lái rú cǐ ！	Oh, so that's how it is!	我还以为有多好看，也不过如此嘛。	wǒ hái yǐ wéi yǒu duō hǎo kàn ， yě bù guò rú cǐ ma 。	I thought it'd be something special — turns out it's nothing much.	生活就是如此，别想太多。	shēng huó jiù shì rú cǐ ， bié xiǎng tài duō 。	That's life, don't overthink it.
339	行为	behaviour	这种行为真的很没礼貌。	zhè zhǒng xíng wéi zhēn de hěn méi lǐ mào 。	That kind of behaviour is really rude.	他的行为太奇怪了。	tā de xíng wéi tài qí guài le 。	He's acting really weird.	这是什么迷惑行为？	zhè shì shén me mí huò xíng wéi ？	What kind of baffling behaviour is this?
340	周边	merch; surroundings	我为了买周边花了好多钱。	wǒ wèi le mǎi zhōu biān huā le hǎo duō qián 。	I've spent so much money on merch.	这个周边做得也太好看了。	zhè ge zhōu biān zuò de yě tài hǎo kàn le 。	This merch is so nicely made.	酒店周边有很多好吃的。	jiǔ diàn zhōu biān yǒu hěn duō hǎo chī de 。	There's lots of good food around the hotel.
341	账号	account	我的账号被别人用了。	wǒ de zhàng hào bèi bié rén yòng le 。	Someone else has been using my account.	你的账号叫什么？我去看看。	nǐ de zhàng hào jiào shén me ？ wǒ qù kàn kan 。	What's your account name? I'll go check it out.	这个账号好久没发视频了。	zhè ge zhàng hào hǎo jiǔ méi fā shì pín le 。	This account hasn't posted a video in ages.
342	生物	living thing; biology	我高中最怕的就是生物。	wǒ gāo zhōng zuì pà de jiù shì shēng wù 。	Biology was what I dreaded most in high school.	这是什么生物？我从来没见过！	zhè shì shén me shēng wù ？ wǒ cóng lái méi jiàn guo ！	What kind of creature is that? I've never seen one!	海里还有很多我们不知道的生物。	hǎi lǐ hái yǒu hěn duō wǒ men bù zhī dào de shēng wù 。	There are still lots of creatures in the sea we don't know about.
343	电子	electronic	我现在只看电子书。	wǒ xiàn zài zhǐ kàn diàn zǐ shū 。	I only read e-books now.	有电子版吗？发我一下。	yǒu diàn zǐ bǎn ma ？ fā wǒ yī xià 。	Is there a digital copy? Send it over.	我妈不让我玩电子游戏。	wǒ mā bù ràng wǒ wán diàn zǐ yóu xì 。	My mum won't let me play video games.
344	漫画	comic, manga	我小时候特别爱看漫画。	wǒ xiǎo shí hou tè bié ài kàn màn huà 。	I loved reading comics as a kid.	这个电视剧是漫画改的。	zhè ge diàn shì jù shì màn huà gǎi de 。	This TV show is adapted from a comic.	漫画里的他比电视剧里帅多了。	màn huà lǐ de tā bǐ diàn shì jù lǐ shuài duō le 。	He's way better-looking in the comic than in the show.
345	情感	emotion, feelings	他把所有的情感都放在这首歌里了。	tā bǎ suǒ yǒu de qíng gǎn dōu fàng zài zhè shǒu gē lǐ le 。	He poured all his feelings into this song.	她是一个情感很丰富的人。	tā shì yī gè qíng gǎn hěn fēng fù de rén 。	She feels things really deeply.	这是一个情感问题，我帮不了你。	zhè shì yī gè qíng gǎn wèn tí ， wǒ bāng bù liǎo nǐ 。	That's a relationship issue, I can't help you there.
346	混	to mix; to muddle along, get by	他在公司天天混日子。	tā zài gōng sī tiān tiān hùn rì zi 。	He just coasts along at work every day.	别把这两种东西混在一起。	bié bǎ zhè liǎng zhǒng dōng xi hùn zài yī qǐ 。	Don't mix these two things together.	我最近混得不太好。	wǒ zuì jìn hùn de bù tài hǎo 。	I haven't been doing so well lately.
347	事故	accident	前面出了事故，车走不了。	qián miàn chū le shì gù ， chē zǒu bù liǎo 。	There's been an accident ahead, the traffic can't move.	那次事故以后，他再也不开车了。	nà cì shì gù yǐ hòu ， tā zài yě bù kāi chē le 。	After that accident he never drove again.	昨天的演出出了个小事故。	zuó tiān de yǎn chū chū le gè xiǎo shì gù 。	There was a little mishap at yesterday's show.
348	利用	to use, take advantage of	他只是在利用你。	tā zhǐ shì zài lì yòng nǐ 。	He's just using you.	好好利用周末的时间。	hǎo hǎo lì yòng zhōu mò de shí jiān 。	Make good use of your weekend.	旧衣服还能再利用。	jiù yī fu hái néng zài lì yòng 。	Old clothes can still be reused.
349	好耶	(slang) yay!	好耶！明天放假！	hǎo yē ！ míng tiān fàng jià ！	Yay! Day off tomorrow!	好耶，明天又要上班了。	hǎo yē ， míng tiān yòu yào shàng bān le 。	Oh, yay… back to work tomorrow. (sarcastic)	好耶！我考过了！	hǎo yē ！ wǒ kǎo guò le ！	Yay! I passed!
350	新手	beginner, newbie	我是新手，有什么要注意的吗？	wǒ shì xīn shǒu ， yǒu shén me yào zhù yì de ma ？	I'm a newbie — anything I should watch out for?	新手开车一定要慢一点。	xīn shǒu kāi chē yī dìng yào màn yī diǎn 。	New drivers really need to take it slow.	这个游戏对新手不太友好。	zhè ge yóu xì duì xīn shǒu bù tài yǒu hǎo 。	This game isn't very beginner-friendly.
351	除非	unless	我不会去的，除非你也去。	wǒ bù huì qù de ， chú fēi nǐ yě qù 。	I'm not going unless you go too.	除非他先道歉，我才原谅他。	chú fēi tā xiān dào qiàn ， wǒ cái yuán liàng tā 。	I'll only forgive him if he apologises first.	除非有事，要不然我周末都在家。	chú fēi yǒu shì ， yào bù rán wǒ zhōu mò dōu zài jiā 。	Unless something comes up, I'm home on weekends.
352	演技	acting skill	这段演技炸裂，我都看哭了。	zhè duàn yǎn jì zhà liè ， wǒ dōu kàn kū le 。	The acting in this scene is off the charts — it actually made me cry.	长得好看，可惜没有演技。	zhǎng de hǎo kàn ， kě xī méi yǒu yǎn jì 。	Good-looking, but sadly can't act.	你这演技不当演员太可惜了。	nǐ zhè yǎn jì bù dāng yǎn yuán tài kě xī le 。	With acting like that, it's a waste you're not an actor.
353	实习	internship; to intern	我下个月开始实习。	wǒ xià gè yuè kāi shǐ shí xí 。	I start my internship next month.	实习工资太少了。	shí xí gōng zī tài shǎo le 。	Intern pay is way too low.	他在一家大公司实习。	tā zài yī jiā dà gōng sī shí xí 。	He's interning at a big company.
354	挑	to pick, choose; to be picky	你帮我挑一件衣服吧。	nǐ bāng wǒ tiāo yī jiàn yī fu ba 。	Help me pick out something to wear.	他吃饭特别挑。	tā chī fàn tè bié tiāo 。	He's a really picky eater.	别挑了，都差不多。	bié tiāo le ， dōu chà bù duō 。	Just pick one already, they're all about the same.
355	占	to occupy, take up	这个沙发好看是好看，就是太占地方了。	zhè ge shā fā hǎo kàn shì hǎo kàn ， jiù shì tài zhàn dì fang le 。	This sofa looks nice and all, but it takes up way too much space.	帮我占个座。	bāng wǒ zhàn gè zuò 。	Save me a seat.	学习占了我大部分时间。	xué xí zhàn le wǒ dà bù fen shí jiān 。	Studying takes up most of my time.
356	宇宙	universe	宇宙到底有多大？	yǔ zhòu dào dǐ yǒu duō dà ？	Just how big is the universe?	他是全宇宙最可爱的人。	tā shì quán yǔ zhòu zuì kě ài de rén 。	He's the cutest person in the whole universe.	我觉得宇宙里不只有我们。	wǒ jué de yǔ zhòu lǐ bù zhǐ yǒu wǒ men 。	I don't think we're alone in the universe.
357	背景	background	这张照片的背景好美。	zhè zhāng zhào piàn de bèi jǐng hǎo měi 。	The background of this photo is so pretty.	这首背景音乐叫什么？	zhè shǒu bèi jǐng yīn yuè jiào shén me ？	What's this background music called?	他家背景不简单。	tā jiā bèi jǐng bù jiǎn dān 。	His family's got serious connections.
358	也好	fine, OK; (也好…也好) whether…or…	不去也好，在家休息吧。	bù qù yě hǎo ， zài jiā xiū xi ba 。	Not going is fine too — just rest at home.	去也好，不去也好，你自己决定吧。	qù yě hǎo ， bù qù yě hǎo ， nǐ zì jǐ jué dìng ba 。	Go or don't go — it's your call.	早点知道也好。	zǎo diǎn zhī dào yě hǎo 。	It's good to find out early, anyway.
359	后期	later stage; post-production (editing)	这个视频后期做得真好。	zhè ge shì pín hòu qī zuò de zhēn hǎo 。	The editing on this video is really good.	照片都是后期修过的。	zhào piàn dōu shì hòu qī xiū guo de 。	The photos were all edited in post.	这个电视剧后期越来越无聊。	zhè ge diàn shì jù hòu qī yuè lái yuè wú liáo 。	This show gets more and more boring in the later episodes.
360	消失	to disappear	他突然就消失了，也不回消息。	tā tū rán jiù xiāo shī le ， yě bù huí xiāo xi 。	He suddenly vanished and stopped replying.	我的作业怎么消失了？	wǒ de zuò yè zěn me xiāo shī le ？	Where did my homework go?	好想消失几天。	hǎo xiǎng xiāo shī jǐ tiān 。	I really want to disappear for a few days.
361	闹	to make noise; to make a scene; noisy	孩子一直在闹，我头都疼了。	hái zi yī zhí zài nào ， wǒ tóu dōu téng le 。	The kid won't stop making a fuss, I've got a headache.	别闹了，我是说真的。	bié nào le ， wǒ shì shuō zhēn de 。	Stop messing around, I'm serious.	这里太闹了，我们换个地方吧。	zhè lǐ tài nào le ， wǒ men huàn gè dì fang ba 。	It's too noisy here, let's go somewhere else.
362	足够	enough	一百块钱足够了。	yī bǎi kuài qián zú gòu le 。	A hundred yuan is plenty.	我们有足够的时间。	wǒ men yǒu zú gòu de shí jiān 。	We've got enough time.	只要你开心就足够了。	zhǐ yào nǐ kāi xīn jiù zú gòu le 。	As long as you're happy, that's enough.
363	行业	industry	你是做什么行业的？	nǐ shì zuò shén me háng yè de ？	What industry are you in?	这个行业现在不好做。	zhè ge háng yè xiàn zài bù hǎo zuò 。	It's tough to make it in this industry right now.	我想换个行业试试。	wǒ xiǎng huàn gè háng yè shì shi 。	I want to try a different industry.
364	结局	ending	这个结局我接受不了。	zhè ge jié jú wǒ jiē shòu bù liǎo 。	I can't accept this ending.	希望有个好结局！	xī wàng yǒu gè hǎo jié jú ！	Hoping for a happy ending!	别告诉我结局！	bié gào su wǒ jié jú ！	Don't tell me the ending!
365	动画	animation	我从小就喜欢看动画。	wǒ cóng xiǎo jiù xǐ huan kàn dòng huà 。	I've loved cartoons since I was little.	这部动画画得太好看了。	zhè bù dòng huà huà de tài hǎo kàn le 。	The art in this anime is gorgeous.	做一分钟动画要很长时间。	zuò yī fēn zhōng dòng huà yào hěn cháng shí jiān 。	One minute of animation takes ages to make.
366	产品	product	这个产品真的好用吗？	zhè ge chǎn pǐn zhēn de hǎo yòng ma ？	Is this product actually any good?	他们家的产品质量很好。	tā men jiā de chǎn pǐn zhì liàng hěn hǎo 。	Their products are really good quality.	别买了，这个产品是假的。	bié mǎi le ， zhè ge chǎn pǐn shì jiǎ de 。	Don't buy it, this product's fake.
367	可怜	pitiful, poor thing	小狗好可怜啊。	xiǎo gǒu hǎo kě lián a 。	The poor little dog.	别装可怜了。	bié zhuāng kě lián le 。	Stop acting all pitiful.	可怜的我，周末还要加班。	kě lián de wǒ ， zhōu mò hái yào jiā bān 。	Poor me, working overtime on the weekend.
368	喂	hello (on the phone); hey!; to feed	喂？你听得到吗？	wéi ？ nǐ tīng de dào ma ？	Hello? Can you hear me?	喂，你等一下！	wèi ， nǐ děng yī xià ！	Hey, wait a sec!	我每天下班回来喂猫。	wǒ měi tiān xià bān huí lái wèi māo 。	I feed the cat every day when I get home from work.
369	满满	full of, packed with	冰箱里满满的都是吃的。	bīng xiāng lǐ mǎn mǎn de dōu shì chī de 。	The fridge is packed with food.	这个周末安排得满满的。	zhè ge zhōu mò ān pái de mǎn mǎn de 。	This weekend is fully booked.	这个视频干货满满，建议多看几遍。	zhè ge shì pín gān huò mǎn mǎn ， jiàn yì duō kàn jǐ biàn 。	This video is packed with useful stuff — worth watching a few times.
370	开头	beginning	这个开头太好笑了。	zhè ge kāi tóu tài hǎo xiào le 。	The opening is hilarious.	什么事都是开头最难。	shén me shì dōu shì kāi tóu zuì nán 。	The start is always the hardest part.	我只看了个开头就睡着了。	wǒ zhǐ kàn le gè kāi tóu jiù shuì zháo le 。	I only watched the beginning and fell asleep.
371	抄	to copy	作业借我抄一下。	zuò yè jiè wǒ chāo yī xià 。	Let me copy your homework.	这张画一看就是抄的。	zhè zhāng huà yī kàn jiù shì chāo de 。	This drawing is obviously copied.	你这样穿太好看了，我直接抄作业！	nǐ zhè yàng chuān tài hǎo kàn le ， wǒ zhí jiē chāo zuò yè ！	You look so good dressed like that — I'm copying your look! (抄作业 = copy someone's outfit, recipe, plan)
372	角度	angle, point of view	换个角度想想吧。	huàn gè jiǎo dù xiǎng xiang ba 。	Try looking at it from a different angle.	这个角度把我拍得好胖。	zhè ge jiǎo dù bǎ wǒ pāi de hǎo pàng 。	This angle makes me look so fat.	从我的角度来说，这样不太好。	cóng wǒ de jiǎo dù lái shuō ， zhè yàng bù tài hǎo 。	From where I stand, that's not great.
373	欺负	to bully	你别欺负他了。	nǐ bié qī fu tā le 。	Stop picking on him.	有人欺负你就告诉我。	yǒu rén qī fu nǐ jiù gào su wǒ 。	If anyone bullies you, tell me.	你就是欺负我不会说。	nǐ jiù shì qī fu wǒ bù huì shuō 。	You're just taking advantage because I'm bad with words.
374	政治	politics; political	我对政治不感兴趣。	wǒ duì zhèng zhì bù gǎn xìng qù 。	I'm not interested in politics.	吃饭的时候别聊政治。	chī fàn de shí hou bié liáo zhèng zhì 。	No talking politics at dinner.	他高中的政治成绩很好。	tā gāo zhōng de zhèng zhì chéng jì hěn hǎo 。	He got good grades in politics class in high school.
375	祝福	blessing; to wish well	祝福你们一直幸福！	zhù fú nǐ men yī zhí xìng fú ！	Wishing you both happiness forever!	谢谢大家的祝福！	xiè xie dà jiā de zhù fú ！	Thanks for all the good wishes, everyone!	生日那天收到了好多人的祝福。	shēng rì nà tiān shōu dào le hǎo duō rén de zhù fú 。	I got loads of birthday wishes on the day.
376	无敌	invincible; (slang) unbeatable, the best	这家的面条无敌好吃。	zhè jiā de miàn tiáo wú dí hǎo chī 。	The noodles here are unbeatable.	我妈做的饭真的无敌。	wǒ mā zuò de fàn zhēn de wú dí 。	My mum's cooking is the best, hands down.	他在游戏里就是无敌的。	tā zài yóu xì lǐ jiù shì wú dí de 。	He's unstoppable in the game.
377	灵魂	soul	唱得很好听，可是没有灵魂。	chàng de hěn hǎo tīng ， kě shì méi yǒu líng hún 。	Sounds nice, but there's no soul in it.	身体在上班，灵魂已经回家了。	shēn tǐ zài shàng bān ， líng hún yǐ jīng huí jiā le 。	My body's at work, but my soul has already gone home. (meme)	我画的猫像狗，大家都叫我灵魂画手。	wǒ huà de māo xiàng gǒu ， dà jiā dōu jiào wǒ líng hún huà shǒu 。	My cats come out looking like dogs — everyone calls me a 'soul artist' (= hilariously bad at drawing).
378	化学	chemistry	我高中化学一直考得很差。	wǒ gāo zhōng huà xué yī zhí kǎo de hěn chà 。	I always did badly in chemistry in high school.	这个视频把化学讲得很有意思。	zhè ge shì pín bǎ huà xué jiǎng de hěn yǒu yì si 。	This video makes chemistry really interesting.	这里面加了好多化学的东西。	zhè lǐ miàn jiā le hǎo duō huà xué de dōng xi 。	There's loads of chemical stuff in this.
379	石头	stone, rock	小心脚下的石头。	xiǎo xīn jiǎo xià de shí tou 。	Watch out for the rocks under your feet.	这块石头好像一只猫。	zhè kuài shí tou hǎo xiàng yī zhī māo 。	This rock looks like a cat.	我心里的石头终于放下了。	wǒ xīn lǐ de shí tou zhōng yú fàng xià le 。	That's a weight off my mind at last.
380	恋爱	romantic love; to be in love	我想谈恋爱了。	wǒ xiǎng tán liàn ài le 。	I want to be in a relationship.	他们都谈了三年恋爱了。	tā men dōu tán le sān nián liàn ài le 。	They've been together for three years now.	她就是个恋爱脑，男朋友说什么她都信。	tā jiù shì gè liàn ài nǎo ， nán péng you shuō shén me tā dōu xìn 。	She's so love-brained — she believes anything her boyfriend says.
381	假如	if, supposing	假如明天下雨，我们就不去了。	jiǎ rú míng tiān xià yǔ ， wǒ men jiù bù qù le 。	If it rains tomorrow, we won't go.	假如你是我，你会怎么做？	jiǎ rú nǐ shì wǒ ， nǐ huì zěn me zuò ？	If you were me, what would you do?	假如能回到过去，你想做什么？	jiǎ rú néng huí dào guò qù ， nǐ xiǎng zuò shén me ？	If you could go back in time, what would you do?
382	演唱会	concert	我买到演唱会的票了！	wǒ mǎi dào yǎn chàng huì de piào le ！	I got concert tickets!	第一次去演唱会，太开心了。	dì yī cì qù yǎn chàng huì ， tài kāi xīn le 。	My first concert — so happy.	这次演唱会我坐在最后一排，什么都看不见。	zhè cì yǎn chàng huì wǒ zuò zài zuì hòu yī pái ， shén me dōu kàn bù jiàn 。	I was in the very back row at this concert and couldn't see a thing.
383	逆天	(slang) outrageous, unbelievable (good or bad)	他这个人也太逆天了。	tā zhè ge rén yě tài nì tiān le 。	That guy is unreal.	这是什么逆天的想法？	zhè shì shén me nì tiān de xiǎng fǎ ？	What kind of outrageous idea is that?	这个价格有点逆天啊。	zhè ge jià gé yǒu diǎn nì tiān a 。	This price is kind of ridiculous.
384	合作	to cooperate	那就这么定了，合作愉快！	nà jiù zhè me dìng le ， hé zuò yú kuài ！	It's a deal, then — pleasure doing business!	希望下次还能合作！	xī wàng xià cì hái néng hé zuò ！	Hope we can work together again next time!	他们两个第一次合作拍电影。	tā men liǎng gè dì yī cì hé zuò pāi diàn yǐng 。	It's the first time those two have made a film together.
385	循环	to loop, repeat (单曲循环 = song on repeat)	这首歌我单曲循环了一整天。	zhè shǒu gē wǒ dān qǔ xún huán le yī zhěng tiān 。	I've had this song on repeat all day.	每天都是上班下班，一直循环。	měi tiān dōu shì shàng bān xià bān ， yī zhí xún huán 。	Every day it's work, go home, repeat.	这段我循环看了十遍。	zhè duàn wǒ xún huán kàn le shí biàn 。	I watched this bit on loop ten times.
386	好家伙	(slang) wow!; whoa, seriously?	好家伙，这也太贵了吧！	hǎo jiā huo ， zhè yě tài guì le ba ！	Whoa, that's way too expensive!	好家伙，你一个人吃了三碗？	hǎo jiā huo ， nǐ yī gè rén chī le sān wǎn ？	Wow, you ate three bowls by yourself?	好家伙，原来是这样。	hǎo jiā huo ， yuán lái shì zhè yàng 。	Whoa, so that's what's going on.
387	真心	sincere; sincerely, really	说句真心话，我觉得他不适合你。	shuō jù zhēn xīn huà ， wǒ jué de tā bù shì hé nǐ 。	To be honest, I don't think he's right for you.	真心觉得这个好看。	zhēn xīn jué de zhè ge hǎo kàn 。	I honestly think this looks good.	我是真心为你好。	wǒ shì zhēn xīn wèi nǐ hǎo 。	I genuinely want what's best for you.
388	镜头	camera lens; shot, scene	我一看到镜头就紧张。	wǒ yī kàn dào jìng tóu jiù jǐn zhāng 。	I get nervous as soon as I see a camera.	这个镜头拍得太美了。	zhè ge jìng tóu pāi de tài měi le 。	This shot is gorgeous.	他的镜头太少了吧。	tā de jìng tóu tài shǎo le ba 。	He barely gets any screen time.
389	晒	to sun-dry, tan; (slang) to show off online (晒照片)	她又在网上晒新衣服了。	tā yòu zài wǎng shàng shài xīn yī fu le 。	She's showing off her new clothes online again.	今天太阳好，把衣服拿出去晒一晒。	jīn tiān tài yáng hǎo ， bǎ yī fu ná chū qù shài yī shài 。	It's sunny today, put the clothes out to dry.	在外面晒了一天，脸都疼了。	zài wài miàn shài le yī tiān ， liǎn dōu téng le 。	I was out in the sun all day and now my face hurts.
390	梗	meme, running joke, reference	这个梗我看不懂。	zhè ge gěng wǒ kàn bù dǒng 。	I don't get this meme.	他说话全是梗。	tā shuō huà quán shì gěng 。	Everything he says is a meme reference.	别再玩这个梗了，都好几年了。	bié zài wán zhè ge gěng le ， dōu hǎo jǐ nián le 。	Give that meme a rest, it's been years.
391	充	to charge (battery, phone credit); to top up	我手机没电了，借我充一下。	wǒ shǒu jī méi diàn le ， jiè wǒ chōng yī xià 。	My phone's dead, can I borrow your charger for a bit?	我给游戏充了好多钱。	wǒ gěi yóu xì chōng le hǎo duō qián 。	I've spent so much topping up in that game.	卡里没钱了，我得去充一下。	kǎ lǐ méi qián le ， wǒ děi qù chōng yī xià 。	My card's empty, I need to top it up.
392	吵	noisy; to argue	楼上太吵了，睡不着。	lóu shàng tài chǎo le ， shuì bù zháo 。	Upstairs is so noisy I can't sleep.	他们两个又吵起来了。	tā men liǎng gè yòu chǎo qǐ lái le 。	Those two are fighting again.	别吵了，我在看电视。	bié chǎo le ， wǒ zài kàn diàn shì 。	Quiet down, I'm watching TV.
393	捡	to pick up	我在路上捡到一个钱包。	wǒ zài lù shàng jiǎn dào yī gè qián bāo 。	I found a wallet on the street.	东西掉了，快捡起来。	dōng xi diào le ， kuài jiǎn qǐ lái 。	You dropped something, pick it up.	这只猫是我在外面捡回来的。	zhè zhī māo shì wǒ zài wài miàn jiǎn huí lái de 。	I found this cat outside and brought it home.
394	教程	tutorial	有没有详细一点的教程？	yǒu méi yǒu xiáng xì yī diǎn de jiào chéng ？	Is there a more detailed tutorial?	我照着教程做，还是失败了。	wǒ zhào zhe jiào chéng zuò ， hái shi shī bài le 。	I followed the tutorial and it still didn't work.	这个教程讲得很清楚。	zhè ge jiào chéng jiǎng de hěn qīng chu 。	This tutorial explains it really clearly.
395	撞	to bump into, crash	我走路看手机，撞到门上了。	wǒ zǒu lù kàn shǒu jī ， zhuàng dào mén shàng le 。	I was looking at my phone and walked into a door.	他的车被撞了。	tā de chē bèi zhuàng le 。	His car got hit.	在超市撞见了我的老师，我马上就跑了。	zài chāo shì zhuàng jiàn le wǒ de lǎo shī ， wǒ mǎ shàng jiù pǎo le 。	I ran into my teacher at the supermarket and bolted.
396	差距	gap, difference	现在差距还不大，我们还有机会！	xiàn zài chā jù hái bù dà ， wǒ men hái yǒu jī huì ！	The gap isn't big yet — we've still got a chance!	网上的照片和真的差距太大了。	wǎng shàng de zhào piàn hé zhēn de chā jù tài dà le 。	The photos online look nothing like the real thing.	看完他的视频，我才知道什么叫差距。	kàn wán tā de shì pín ， wǒ cái zhī dào shén me jiào chā jù 。	After watching his video, I finally get what being outclassed means.
397	物理	physics	我物理只考了五十分。	wǒ wù lǐ zhǐ kǎo le wǔ shí fēn 。	I only got fifty in physics.	物理老师讲课特别有意思。	wù lǐ lǎo shī jiǎng kè tè bié yǒu yì si 。	Our physics teacher's classes are really fun.	这已经不是物理能解释的了。	zhè yǐ jīng bù shì wù lǐ néng jiě shì de le 。	Physics can't explain this anymore.
398	平衡	balance	工作和生活很难平衡。	gōng zuò hé shēng huó hěn nán píng héng 。	It's hard to balance work and life.	他一下子失去了平衡。	tā yī xià zi shī qù le píng héng 。	He suddenly lost his balance.	这个游戏的平衡做得不错。	zhè ge yóu xì de píng héng zuò de bù cuò 。	This game is pretty well balanced.
399	资源	resources; (slang) download links, content	有没有这部电影的资源？	yǒu méi yǒu zhè bù diàn yǐng de zī yuán ？	Anyone got a link for this movie?	这个网站资源很多，什么电影都有。	zhè ge wǎng zhàn zī yuán hěn duō ， shén me diàn yǐng dōu yǒu 。	This site has loads of stuff, every movie you can think of.	大城市的教育资源更好。	dà chéng shì de jiào yù zī yuán gèng hǎo 。	Big cities have better educational resources.
400	满足	to satisfy; satisfied	有吃有喝，我就很满足了。	yǒu chī yǒu hē ， wǒ jiù hěn mǎn zú le 。	As long as there's food and drink, I'm happy.	他总是不满足。	tā zǒng shì bù mǎn zú 。	He's never satisfied.	吃到这一口，满足了！	chī dào zhè yī kǒu ， mǎn zú le ！	Finally got to eat this, so satisfying!
401	陪伴	to accompany; companionship	谢谢你一直陪伴我。	xiè xie nǐ yī zhí péi bàn wǒ 。	Thanks for always being there for me.	有猫陪伴的日子真好。	yǒu māo péi bàn de rì zi zhēn hǎo 。	Life with a cat for company is so nice.	最好的礼物就是陪伴。	zuì hǎo de lǐ wù jiù shì péi bàn 。	The best gift is just being there.
402	下载	to download	这个游戏在哪儿下载？	zhè ge yóu xì zài nǎr xià zài ？	Where do I download this game?	视频下载不了，怎么办？	shì pín xià zài bù liǎo ， zěn me bàn ？	The video won't download, what do I do?	我手机里下载了太多东西。	wǒ shǒu jī lǐ xià zài le tài duō dōng xi 。	I've downloaded way too much stuff on my phone.
403	狠狠	hard, fiercely; (slang) totally, really (狠狠感动了)	他把门狠狠地关上了。	tā bǎ mén hěn hěn de guān shàng le 。	He slammed the door shut.	今天狠狠地吃了一顿。	jīn tiān hěn hěn de chī le yī dùn 。	Totally pigged out today.	被这个视频狠狠感动了。	bèi zhè ge shì pín hěn hěn gǎn dòng le 。	This video got me right in the feels.
404	现场	on site; live (performance)	现场听真的太好听了！	xiàn chǎng tīng zhēn de tài hǎo tīng le ！	It sounds amazing live!	我昨天去看了他的现场。	wǒ zuó tiān qù kàn le tā de xiàn chǎng 。	I went to see him live yesterday.	警察已经到现场了。	jǐng chá yǐ jīng dào xiàn chǎng le 。	The police are already on the scene.
405	碰到	to run into, come across	今天在路上碰到老师了。	jīn tiān zài lù shàng pèng dào lǎo shī le 。	Ran into my teacher on the street today.	第一次碰到这种问题。	dì yī cì pèng dào zhè zhǒng wèn tí 。	First time I've come across this kind of problem.	碰到不会的就问我。	pèng dào bù huì de jiù wèn wǒ 。	If you hit something you can't do, just ask me.
406	广东	Guangdong (province)	我是广东人，不怕热。	wǒ shì guǎng dōng rén ， bù pà rè 。	I'm from Guangdong, the heat doesn't bother me.	广东人真的什么都吃吗？	guǎng dōng rén zhēn de shén me dōu chī ma ？	Do people from Guangdong really eat everything?	广东这几天一直下雨。	guǎng dōng zhè jǐ tiān yī zhí xià yǔ 。	It's been raining nonstop in Guangdong these past few days.
407	起码	at least	起码要等半个小时。	qǐ mǎ yào děng bàn gè xiǎo shí 。	You'll have to wait at least half an hour.	你起码说一声啊！	nǐ qǐ mǎ shuō yī shēng a ！	You could at least have said something!	不好吃，但起码便宜。	bù hǎo chī ， dàn qǐ mǎ pián yi 。	Not tasty, but at least it's cheap.
408	路人	passer-by; random person; (slang) non-fan	我只是个路人，不太懂。	wǒ zhǐ shì gè lù rén ， bù tài dǒng 。	I'm just an outsider here, I don't really get it.	作为路人，我觉得这首歌还不错。	zuò wéi lù rén ， wǒ jué de zhè shǒu gē hái bù cuò 。	Speaking as a non-fan, I think this song's pretty good.	路人都看不下去了。	lù rén dōu kàn bù xià qù le 。	Even random bystanders couldn't stand it.
409	挣	to earn (money)	他一个月能挣多少钱？	tā yī gè yuè néng zhèng duō shao qián ？	How much does he make a month?	挣钱真的太难了。	zhèng qián zhēn de tài nán le 。	Making money is so hard.	挣的还不够花的。	zhèng de hái bù gòu huā de 。	What I earn isn't even enough to cover my spending.
410	氛围	atmosphere, vibe	图书馆的学习氛围比在家好多了。	tú shū guǎn de xué xí fēn wéi bǐ zài jiā hǎo duō le 。	The study vibe at the library is way better than at home.	现在过年都没什么氛围了。	xiàn zài guò nián dōu méi shén me fēn wéi le 。	New Year just doesn't have much of a vibe anymore.	评论区氛围真好。	píng lùn qū fēn wéi zhēn hǎo 。	The comment section has such a good vibe.
411	室友	roommate	我室友又在打游戏。	wǒ shì yǒu yòu zài dǎ yóu xì 。	My roommate's gaming again.	有个好室友太重要了。	yǒu gè hǎo shì yǒu tài zhòng yào le 。	Having a good roommate is so important.	室友半夜两点还不睡觉。	shì yǒu bàn yè liǎng diǎn hái bù shuì jiào 。	My roommate's still up at two a.m.
412	酷	cool	这件衣服好酷啊！	zhè jiàn yī fu hǎo kù a ！	This outfit is so cool!	他平时话不多，很酷。	tā píng shí huà bù duō ， hěn kù 。	He doesn't usually say much. Very cool.	酷！我也想试试。	kù ！ wǒ yě xiǎng shì shi 。	Cool! I want to try too.
413	价值	value	这个视频很有价值。	zhè ge shì pín hěn yǒu jià zhí 。	This video is really worthwhile.	这东西没什么价值。	zhè dōng xi méi shén me jià zhí 。	This thing isn't worth much.	每个人都有自己的价值。	měi gè rén dōu yǒu zì jǐ de jià zhí 。	Everyone has their own worth.
414	哥们	(coll.) buddy, bro	哥们，你太厉害了！	gē men ， nǐ tài lì hai le ！	Bro, you're amazing!	我哥们明天结婚。	wǒ gē men míng tiān jié hūn 。	My buddy's getting married tomorrow.	哥们，帮我个忙吧。	gē men ， bāng wǒ gè máng ba 。	Bro, do me a favor.
415	万一	just in case; what if	带把伞吧，万一下雨呢。	dài bǎ sǎn ba ， wàn yī xià yǔ ne 。	Take an umbrella, just in case it rains.	万一他不来怎么办？	wàn yī tā bù lái zěn me bàn ？	What if he doesn't come?	先存着，万一用得上呢。	xiān cún zhe ， wàn yī yòng de shàng ne 。	Save it for now, it might come in handy.
416	不止	more than; not only	我看了不止十遍。	wǒ kàn le bù zhǐ shí biàn 。	I've watched it more than ten times.	不止我一个人这么想。	bù zhǐ wǒ yī gè rén zhè me xiǎng 。	I'm not the only one who thinks so.	他不止会唱，还会跳。	tā bù zhǐ huì chàng ， hái huì tiào 。	He doesn't just sing, he can dance too.
417	网红	influencer, internet celebrity	这家网红店不好吃。	zhè jiā wǎng hóng diàn bù hǎo chī 。	This Insta-famous restaurant isn't good.	她现在是个大网红了。	tā xiàn zài shì gè dà wǎng hóng le 。	She's a big influencer now.	我不想当网红。	wǒ bù xiǎng dāng wǎng hóng 。	I don't want to be an influencer.
418	氛围感	(slang) vibe, atmosphere	这张照片好有氛围感。	zhè zhāng zhào piàn hǎo yǒu fēn wéi gǎn 。	This photo has such a vibe.	晚上拍更有氛围感。	wǎn shang pāi gèng yǒu fēn wéi gǎn 。	Shooting at night gives it more of a vibe.	氛围感一下就出来了！	fēn wéi gǎn yī xià jiù chū lái le ！	The vibe instantly comes through!
419	表情	facial expression; emoji, sticker (表情包)	你这个表情太好笑了。	nǐ zhè ge biǎo qíng tài hǎo xiào le 。	The look on your face is hilarious.	谁有这个表情包？	shéi yǒu zhè ge biǎo qíng bāo ？	Who's got this sticker?	他发了个哭的表情。	tā fā le gè kū de biǎo qíng 。	He sent a crying emoji.
420	咬	to bite	我被狗咬了一口。	wǒ bèi gǒu yǎo le yī kǒu 。	I got bitten by a dog.	咬一口试试，很好吃。	yǎo yī kǒu shì shi ， hěn hǎo chī 。	Take a bite, it's really good.	这猫老咬我的手。	zhè māo lǎo yǎo wǒ de shǒu 。	This cat keeps biting my hand.
421	无限	unlimited, endless	这张卡可以无限次使用吗？	zhè zhāng kǎ kě yǐ wú xiàn cì shǐ yòng ma ？	Can this card be used an unlimited number of times?	钱又不是无限的，省着点花吧。	qián yòu bù shì wú xiàn de ， shěng zhe diǎn huā ba 。	Money isn't unlimited, you know. Go easy on the spending.	年轻人有无限可能。	nián qīng rén yǒu wú xiàn kě néng 。	Young people have endless possibilities.
422	热爱	to love deeply	我热爱这份工作。	wǒ rè ài zhè fèn gōng zuò 。	I love this job.	他是真的热爱音乐。	tā shì zhēn de rè ài yīn yuè 。	He genuinely loves music.	热爱生活的人最可爱。	rè ài shēng huó de rén zuì kě ài 。	People who love life are the best.
423	需求	demand, need	每个人的需求不一样。	měi gè rén de xū qiú bù yī yàng 。	Everyone's needs are different.	有需求的可以找我。	yǒu xū qiú de kě yǐ zhǎo wǒ 。	If you need it, hit me up.	这个东西需求很大。	zhè ge dōng xi xū qiú hěn dà 。	There's big demand for this.
424	地区	region	南方很多地区冬天都不下雪。	nán fāng hěn duō dì qū dōng tiān dōu bù xià xuě 。	A lot of places in the south don't get snow in winter.	这个视频有些地区看不了。	zhè ge shì pín yǒu xiē dì qū kàn bù liǎo 。	This video isn't available in some regions.	不同地区的说法不一样。	bù tóng dì qū de shuō fǎ bù yī yàng 。	Different regions say it differently.
425	营养	nutrition	早饭要吃得有营养。	zǎo fàn yào chī de yǒu yíng yǎng 。	Breakfast should be nutritious.	多喝牛奶，有营养。	duō hē niú nǎi ， yǒu yíng yǎng 。	Drink more milk, it's good for you.	这种视频看了没营养。	zhè zhǒng shì pín kàn le méi yíng yǎng 。	These kinds of videos are brain junk food.
426	实用	practical, useful	这个方法很实用。	zhè ge fāng fǎ hěn shí yòng 。	This method is really practical.	好看是好看，就是不实用。	hǎo kàn shì hǎo kàn ， jiù shì bù shí yòng 。	Sure it looks nice, but it's not practical.	送点实用的礼物吧。	sòng diǎn shí yòng de lǐ wù ba 。	Give something practical as a gift.
427	天下	the world	天下没有免费的午餐。	tiān xià méi yǒu miǎn fèi de wǔ cān 。	There's no such thing as a free lunch.	天下的妈妈都一样。	tiān xià de mā ma dōu yī yàng 。	Moms are the same everywhere.	这道菜天下第一！	zhè dào cài tiān xià dì yī ！	This dish is the best in the world!
428	小姐姐	(slang) young woman, miss (friendly, used online)	小姐姐好好看啊！	xiǎo jiě jie hǎo hǎo kàn a ！	She's so pretty!	店里的小姐姐很热情。	diàn lǐ de xiǎo jiě jie hěn rè qíng 。	The girl working in the shop was really friendly.	小姐姐，衣服在哪儿买的？	xiǎo jiě jie ， yī fu zài nǎr mǎi de ？	Hey girl, where'd you get that outfit?
429	强大	powerful	他的内心真的很强大。	tā de nèi xīn zhēn de hěn qiáng dà 。	He's got real inner strength.	这个手机太强大了。	zhè ge shǒu jī tài qiáng dà le 。	This phone is a beast.	我想变得更强大。	wǒ xiǎng biàn de gèng qiáng dà 。	I want to become stronger.
430	战争	war	希望世界上没有战争。	xī wàng shì jiè shàng méi yǒu zhàn zhēng 。	I hope there's no war in the world.	这部电影讲的是战争。	zhè bù diàn yǐng jiǎng de shì zhàn zhēng 。	This movie is about war.	我爷爷经历过战争。	wǒ yé ye jīng lì guo zhàn zhēng 。	My grandpa lived through a war.
431	合集	compilation	有没有合集啊？	yǒu méi yǒu hé jí a ？	Is there a compilation?	这是他唱歌的合集。	zhè shì tā chàng gē de hé jí 。	This is a compilation of him singing.	合集看完了，还想看。	hé jí kàn wán le ， hái xiǎng kàn 。	Finished the compilation and I still want more.
432	只不过	only, it's just that	我只不过是开个玩笑。	wǒ zhǐ bù guò shì kāi gè wán xiào 。	I was only joking.	他这个人不错，只不过话有点多。	tā zhè ge rén bù cuò ， zhǐ bù guò huà yǒu diǎn duō 。	He's nice, it's just that he talks a bit much.	这只不过是开始。	zhè zhǐ bù guò shì kāi shǐ 。	This is only the beginning.
433	规则	rule	先看一下游戏规则。	xiān kàn yī xià yóu xì guī zé 。	Check the game rules first.	规则就是规则。	guī zé jiù shì guī zé 。	Rules are rules.	这是什么奇怪的规则？	zhè shì shén me qí guài de guī zé ？	What kind of weird rule is this?
434	调整	to adjust	我需要调整一下心情。	wǒ xū yào tiáo zhěng yī xià xīn qíng 。	I need to get my head right.	时间可以再调整。	shí jiān kě yǐ zài tiáo zhěng 。	We can adjust the time.	听说下个月价格要调整了。	tīng shuō xià gè yuè jià gé yào tiáo zhěng le 。	Apparently prices are getting 'adjusted' next month.
435	高级	high-level; (slang) classy, high-end	这个颜色看起来好高级。	zhè ge yán sè kàn qǐ lái hǎo gāo jí 。	This color looks so classy.	她穿得好高级啊。	tā chuān de hǎo gāo jí a 。	Her outfit looks so high-end.	高级的东西都不便宜。	gāo jí de dōng xi dōu bù pián yi 。	High-end stuff is never cheap.
436	隔壁	next door	隔壁的狗叫了一晚上。	gé bì de gǒu jiào le yī wǎn shang 。	The neighbor's dog barked all night.	我就住你隔壁。	wǒ jiù zhù nǐ gé bì 。	I live right next door to you.	隔壁班的男生好帅。	gé bì bān de nán shēng hǎo shuài 。	The guy in the class next door is so hot.
437	记忆	memory	这首歌是我小时候的记忆。	zhè shǒu gē shì wǒ xiǎo shí hou de jì yì 。	This song is a childhood memory for me.	我只有七秒的记忆，你刚才说什么来着？	wǒ zhǐ yǒu qī miǎo de jì yì ， nǐ gāng cái shuō shén me lái zhe ？	I've got the memory of a goldfish. What did you just say again? (meme)	喝多了，我对昨晚一点记忆都没有。	hē duō le ， wǒ duì zuó wǎn yī diǎn jì yì dōu méi yǒu 。	I drank too much. I have zero memory of last night.
438	技巧	technique, trick	有没有什么学习技巧？	yǒu méi yǒu shén me xué xí jì qiǎo ？	Any study tricks?	说话也是要讲技巧的。	shuō huà yě shì yào jiǎng jì qiǎo de 。	Talking takes skill too.	这个技巧太好用了！	zhè ge jì qiǎo tài hǎo yòng le ！	This trick is so handy!
439	身为	as (in one's capacity as)	你身为老师，怎么能说这种话？	nǐ shēn wéi lǎo shī ， zěn me néng shuō zhè zhǒng huà ？	You're a teacher! How could you say something like that?	身为南方人，我没见过雪。	shēn wéi nán fāng rén ， wǒ méi jiàn guo xuě 。	As a southerner, I've never seen snow.	身为他的朋友，我得帮他。	shēn wéi tā de péng you ， wǒ děi bāng tā 。	As his friend, I have to help him.
440	群体	group (of people)	年轻人这个群体很爱上网。	nián qīng rén zhè ge qún tǐ hěn ài shàng wǎng 。	Young people as a group love being online.	每个群体都应该被看到。	měi gè qún tǐ dōu yīng gāi bèi kàn dào 。	Every group deserves to be seen.	这个视频的观众群体主要是学生。	zhè ge shì pín de guān zhòng qún tǐ zhǔ yào shì xué shēng 。	This video's audience is mostly students.
441	时期	period (of time)	那段时期我过得很不好。	nà duàn shí qī wǒ guò de hěn bù hǎo 。	I was in a bad place during that period.	学生时期的朋友最真。	xué shēng shí qī de péng you zuì zhēn 。	Friends from school days are the realest.	现在是非常时期，少出门。	xiàn zài shì fēi cháng shí qī ， shǎo chū mén 。	These are unusual times, go out less.
442	歪	crooked; off-topic (歪楼)	你的帽子戴歪了。	nǐ de mào zi dài wāi le 。	Your hat's on crooked.	楼歪了，大家别聊这个了。	lóu wāi le ， dà jiā bié liáo zhè ge le 。	Thread's gone off the rails, let's drop this.	照片拍歪了，再拍一张。	zhào piàn pāi wāi le ， zài pāi yī zhāng 。	The photo's crooked, take another.
443	寻找	to look for	我还在寻找答案。	wǒ hái zài xún zhǎo dá àn 。	I'm still searching for the answer.	寻找一起打游戏的朋友。	xún zhǎo yī qǐ dǎ yóu xì de péng you 。	Looking for people to game with.	他一直在寻找自己。	tā yī zhí zài xún zhǎo zì jǐ 。	He's been trying to find himself.
444	刺激	exciting, thrilling; to stimulate	这个游戏太刺激了！	zhè ge yóu xì tài cì jī le ！	This game is such a thrill!	他最近受了点刺激。	tā zuì jìn shòu le diǎn cì jī 。	He's had a bit of a shock lately.	别刺激他了，他已经很难过了。	bié cì jī tā le ， tā yǐ jīng hěn nán guò le 。	Don't push his buttons, he's already upset.
445	傻	stupid, silly	你是不是傻？	nǐ shì bù shì shǎ ？	Are you dumb or what?	我当时整个人都傻了。	wǒ dāng shí zhěng gè rén dōu shǎ le 。	I was completely stunned at the time.	这只狗傻傻的，好可爱。	zhè zhī gǒu shǎ shǎ de ， hǎo kě ài 。	This dog is so goofy and cute.
446	惊喜	pleasant surprise	这是我准备的小惊喜。	zhè shì wǒ zhǔn bèi de xiǎo jīng xǐ 。	Here's a little surprise I put together.	没想到这么好吃，太惊喜了！	méi xiǎng dào zhè me hǎo chī ， tài jīng xǐ le ！	Didn't expect it to be this good, what a nice surprise!	生日那天他给了我一个惊喜。	shēng rì nà tiān tā gěi le wǒ yī gè jīng xǐ 。	He surprised me on my birthday.
447	拼	to put together; to go all out; to team-buy (拼单)	这次真的要拼了！	zhè cì zhēn de yào pīn le ！	This time I'm really going all out!	有人一起拼单吗？	yǒu rén yī qǐ pīn dān ma ？	Anyone want to split an order?	这个我拼了两个小时。	zhè ge wǒ pīn le liǎng gè xiǎo shí 。	It took me two hours to put this together.
448	亏	to lose (money); at a loss; (亏你…) ironic: "and you even…" / "good of you to…"	他做生意亏了不少钱。	tā zuò shēng yi kuī le bù shǎo qián 。	He lost quite a bit of money in business.	这个价格买到真的不亏。	zhè ge jià gé mǎi dào zhēn de bù kuī 。	At this price, you really can't go wrong.	亏你还记得我的生日。	kuī nǐ hái jì de wǒ de shēng rì 。	Wow, you actually remembered my birthday.
449	烧	to burn; to cook	他烧的菜特别好吃。	tā shāo de cài tè bié hǎo chī 。	The food he cooks is amazing.	小心，别被火烧到手。	xiǎo xīn ， bié bèi huǒ shāo dào shǒu 。	Careful, don't burn your hand on the fire.	这个游戏太烧钱了。	zhè ge yóu xì tài shāo qián le 。	This game burns through money.
450	天赋	talent, gift	他在音乐上很有天赋。	tā zài yīn yuè shàng hěn yǒu tiān fù 。	He's got a real gift for music.	我没有画画的天赋。	wǒ méi yǒu huà huà de tiān fù 。	I have zero talent for drawing.	天赋再好也要努力。	tiān fù zài hǎo yě yào nǔ lì 。	No matter how talented you are, you still have to work hard.
451	替	to replace; on behalf of	替我向阿姨问好。	tì wǒ xiàng ā yí wèn hǎo 。	Say hi to your mom for me.	我替你高兴！	wǒ tì nǐ gāo xìng ！	I'm so happy for you!	你能替我上一天班吗？	nǐ néng tì wǒ shàng yī tiān bān ma ？	Can you cover a shift for me?
452	动漫	anime and comics	我是看动漫长大的。	wǒ shì kàn dòng màn zhǎng dà de 。	I grew up on anime.	有什么好看的动漫吗？	yǒu shén me hǎo kàn de dòng màn ma ？	Any good anime?	这个动漫里的男生好帅！	zhè ge dòng màn lǐ de nán shēng hǎo shuài ！	The guy in this anime is so hot!
453	穷	poor	我现在穷得只能吃面了。	wǒ xiàn zài qióng de zhǐ néng chī miàn le 。	I'm so broke I can only afford noodles.	穷人也有穷人的快乐。	qióng rén yě yǒu qióng rén de kuài lè 。	Poor people have their own kind of happiness.	买了这个，我又穷了。	mǎi le zhè ge ， wǒ yòu qióng le 。	Bought this, broke again.
454	制作	to make, produce	这个视频是怎么制作的？	zhè ge shì pín shì zěn me zhì zuò de ？	How was this video made?	制作不易，喜欢的话支持一下吧！	zhì zuò bù yì ， xǐ huan de huà zhī chí yī xià ba ！	This took a lot of work to make, so show some love if you enjoyed it!	这部电影制作得很好。	zhè bù diàn yǐng zhì zuò de hěn hǎo 。	This movie is really well made.
455	立马	(coll.) immediately	我立马就去。	wǒ lì mǎ jiù qù 。	I'll go right now.	一听到这首歌，我立马就哭了。	yī tīng dào zhè shǒu gē ， wǒ lì mǎ jiù kū le 。	The second I heard this song, I burst into tears.	看完我立马买了。	kàn wán wǒ lì mǎ mǎi le 。	I bought it right after watching.
456	猛	fierce, intense	这酒太猛了。	zhè jiǔ tài měng le 。	This booze is way too strong.	他猛地站了起来。	tā měng de zhàn le qǐ lái 。	He suddenly shot to his feet.	这个人打球好猛啊！	zhè ge rén dǎ qiú hǎo měng a ！	This guy plays so hard!
457	碰	to touch, bump	别碰我的东西！	bié pèng wǒ de dōng xi ！	Don't touch my stuff!	我的头碰到门了。	wǒ de tóu pèng dào mén le 。	I bumped my head on the door.	这种东西我从来不碰。	zhè zhǒng dōng xi wǒ cóng lái bù pèng 。	I never touch this kind of stuff.
458	所谓	so-called	这就是所谓的爱情吗？	zhè jiù shì suǒ wèi de ài qíng ma ？	So this is what they call love?	所谓的朋友，都是假的。	suǒ wèi de péng you ， dōu shì jiǎ de 。	These so-called friends are all fake.	他所谓的忙，就是在打游戏。	tā suǒ wèi de máng ， jiù shì zài dǎ yóu xì 。	His so-called "busy" is just gaming.
459	在于	to lie in, depend on	问题在于他不想做。	wèn tí zài yú tā bù xiǎng zuò 。	The problem is he doesn't want to do it.	去不去全在于你。	qù bù qù quán zài yú nǐ 。	Whether you go is entirely up to you.	学习的关键在于多练。	xué xí de guān jiàn zài yú duō liàn 。	The key to learning is lots of practice.
460	不愧	worthy of, truly is (“不愧是…”)	不愧是你，太强了！	bù kuì shì nǐ ， tài qiáng le ！	As expected of you, amazing!	不愧是老师，什么都懂。	bù kuì shì lǎo shī ， shén me dōu dǒng 。	That's a teacher for you, knows everything.	这家店不愧是老店，真好吃。	zhè jiā diàn bù kuì shì lǎo diàn ， zhēn hǎo chī 。	This place really lives up to its reputation, so good.
461	奶	milk; grandma	我每天早上喝一杯奶。	wǒ měi tiān zǎo shang hē yī bēi nǎi 。	I drink a glass of milk every morning.	我奶做的饭最好吃。	wǒ nǎi zuò de fàn zuì hǎo chī 。	My grandma's cooking is the best.	咖啡要加奶吗？	kā fēi yào jiā nǎi ma ？	Want milk in your coffee?
462	阶段	stage, phase	我现在还在学习阶段。	wǒ xiàn zài hái zài xué xí jiē duàn 。	I'm still in the learning stage.	每个阶段都有不同的问题。	měi gè jiē duàn dōu yǒu bù tóng de wèn tí 。	Every stage has its own problems.	这个阶段先别想太多。	zhè ge jiē duàn xiān bié xiǎng tài duō 。	Don't overthink it at this stage.
463	成分	ingredient; (slang) one's background/allegiances	看看这个饮料的成分。	kàn kan zhè ge yǐn liào de chéng fèn 。	Check the ingredients in this drink.	这个人的成分有点复杂。	zhè ge rén de chéng fèn yǒu diǎn fù zá 。	This person's allegiances are a bit all over the place.	先查查他的成分再说。	xiān chá cha tā de chéng fèn zài shuō 。	Let's check his background first, then decide.
464	意外	accident; unexpected	这完全是个意外。	zhè wán quán shì gè yì wài 。	This was totally an accident.	他会来，我一点都不意外。	tā huì lái ， wǒ yī diǎn dōu bù yì wài 。	I'm not at all surprised he's coming.	路上注意安全，别出意外。	lù shàng zhù yì ān quán ， bié chū yì wài 。	Stay safe on the road, don't get into any accidents.
465	举报	to report (to authorities/platform)	这种视频应该举报。	zhè zhǒng shì pín yīng gāi jǔ bào 。	This kind of video should be reported.	我已经举报了。	wǒ yǐ jīng jǔ bào le 。	I already reported it.	你再这样我就举报你！	nǐ zài zhè yàng wǒ jiù jǔ bào nǐ ！	Keep this up and I'll report you!
466	贼	(slang) really, super (dialect intensifier); thief	这个贼好吃！	zhè ge zéi hǎo chī ！	This is super tasty!	今天贼冷。	jīn tiān zéi lěng 。	It's freezing today.	小心有贼，包要拿好。	xiǎo xīn yǒu zéi ， bāo yào ná hǎo 。	Watch out for thieves, hold on to your bag.
467	切	to cut; to skip (a song/video, 切歌); (exclamation) pfft, tch	这首不好听，快切歌！	zhè shǒu bù hǎo tīng ， kuài qiē gē ！	This one's no good, skip it!	切，我才不信呢。	qiè ， wǒ cái bù xìn ne 。	Pfft, like I'd believe that.	切菜的时候小心手。	qiē cài de shí hou xiǎo xīn shǒu 。	Watch your fingers when you're chopping veg.
468	逻辑	logic	你这是什么逻辑？	nǐ zhè shì shén me luó jí ？	What kind of logic is that?	他说话很有逻辑。	tā shuō huà hěn yǒu luó jí 。	He makes a lot of sense when he talks.	这个故事一点逻辑都没有。	zhè ge gù shi yī diǎn luó jí dōu méi yǒu 。	This story makes zero sense.
469	男孩	boy	那个男孩好可爱。	nà ge nán hái hǎo kě ài 。	That boy is so cute.	我家有两个男孩，每天都很热闹。	wǒ jiā yǒu liǎng gè nán hái ， měi tiān dōu hěn rè nao 。	We've got two boys, so it's never quiet at home.	他还只是个小男孩。	tā hái zhǐ shì gè xiǎo nán hái 。	He's still just a little boy.
470	谈恋爱	to be in a relationship, date	你们谈恋爱多久了？	nǐ men tán liàn ài duō jiǔ le ？	How long have you two been dating?	我不想谈恋爱，太累了。	wǒ bù xiǎng tán liàn ài ， tài lèi le 。	I don't want to date, it's too exhausting.	学生不能谈恋爱吗？	xué shēng bù néng tán liàn ài ma ？	Students aren't allowed to date?
471	沟通	to communicate	有问题要多沟通。	yǒu wèn tí yào duō gōu tōng 。	If there's a problem, talk it out.	跟他真的沟通不了。	gēn tā zhēn de gōu tōng bù liǎo 。	There's just no talking to him.	我们先沟通一下吧。	wǒ men xiān gōu tōng yī xià ba 。	Let's talk it over first.
472	思路	train of thought, approach	跟你聊完，我的思路一下就打开了。	gēn nǐ liáo wán ， wǒ de sī lù yī xià jiù dǎ kāi le 。	After talking with you, my mind just opened right up.	被你一说我思路全没了。	bèi nǐ yī shuō wǒ sī lù quán méi le 。	You said that and I totally lost my train of thought.	换个思路试试。	huàn gè sī lù shì shi 。	Try a different approach.
473	一下子	all at once, suddenly	一下子就到冬天了。	yī xià zi jiù dào dōng tiān le 。	All of a sudden it's winter.	他一下子吃了三碗饭。	tā yī xià zi chī le sān wǎn fàn 。	He ate three bowls of rice in one go.	我一下子没听懂。	wǒ yī xià zi méi tīng dǒng 。	I didn't get it at first.
474	求求	(slang) please, I beg you (“求求了”)	求求你了，别走！	qiú qiu nǐ le ， bié zǒu ！	Please, I'm begging you, don't go!	求求了，让我睡一会儿吧。	qiú qiu le ， ràng wǒ shuì yī huìr ba 。	Please, just let me sleep a bit.	求求了，这次一定要过啊！	qiú qiu le ， zhè cì yī dìng yào guò a ！	Please please, I have to pass this time!
475	剑	sword	他手里拿着一把剑。	tā shǒu lǐ ná zhe yī bǎ jiàn 。	He's holding a sword.	这把剑做得跟真的一样。	zhè bǎ jiàn zuò de gēn zhēn de yī yàng 。	This sword looks just like a real one.	我在游戏里用剑。	wǒ zài yóu xì lǐ yòng jiàn 。	I use a sword in the game.
476	一代	generation	我们这一代人压力太大了。	wǒ men zhè yī dài rén yā lì tài dà le 。	Our generation is under so much pressure.	一代比一代强。	yī dài bǐ yī dài qiáng 。	Each generation is better than the last.	新一代的手机出来了。	xīn yī dài de shǒu jī chū lái le 。	The new generation of phones is out.
477	无语	speechless (exasperated)	我真的无语了。	wǒ zhēn de wú yǔ le 。	I'm literally speechless.	他这样做让人很无语。	tā zhè yàng zuò ràng rén hěn wú yǔ 。	What he did just leaves you speechless.	无语，又迟到了。	wú yǔ ， yòu chí dào le 。	Ugh, late again.
478	非要	to insist on	你为什么非要今天去？	nǐ wèi shén me fēi yào jīn tiān qù ？	Why do you insist on going today?	他非要请我吃饭。	tā fēi yào qǐng wǒ chī fàn 。	He insisted on treating me to dinner.	我不想吃，他非要我吃。	wǒ bù xiǎng chī ， tā fēi yào wǒ chī 。	I didn't want to eat, but he made me.
479	磕	(slang) to ship a couple (also written 嗑, 嗑CP); to knock, bump	这对我磕了！	zhè duì wǒ kē le ！	I ship these two!	我最近在磕一对新的。	wǒ zuì jìn zài kē yī duì xīn de 。	I've been shipping a new couple lately.	我的头磕到桌子了。	wǒ de tóu kē dào zhuō zi le 。	I knocked my head on the table.
480	国产	domestically made (Chinese)	现在的国产手机很好用。	xiàn zài de guó chǎn shǒu jī hěn hǎo yòng 。	Chinese-made phones are really good now.	这游戏真的是国产之光！	zhè yóu xì zhēn de shì guó chǎn zhī guāng ！	This game is truly the pride of Chinese gaming!	支持国产！	zhī chí guó chǎn ！	Support Chinese brands!
481	进步	progress; to improve	你的中文进步好快！	nǐ de zhōng wén jìn bù hǎo kuài ！	Your Chinese is improving so fast!	每天进步一点点。	měi tiān jìn bù yī diǎn diǎn 。	Get a little better every day.	这次考试他进步了很多。	zhè cì kǎo shì tā jìn bù le hěn duō 。	He did a lot better on this exam.
482	食材	ingredients	这道菜的食材很简单。	zhè dào cài de shí cái hěn jiǎn dān 。	The ingredients for this dish are simple.	新鲜的食材最重要。	xīn xiān de shí cái zuì zhòng yào 。	Fresh ingredients matter most.	食材我都买好了。	shí cái wǒ dōu mǎi hǎo le 。	I've already bought all the ingredients.
483	精致	exquisite, refined	这个蛋糕好精致啊！	zhè ge dàn gāo hǎo jīng zhì a ！	This cake is so dainty!	她的生活好精致。	tā de shēng huó hǎo jīng zhì 。	Her life is so put-together.	这个小盒子做得很精致。	zhè ge xiǎo hé zi zuò de hěn jīng zhì 。	This little box is beautifully made.
484	期间	period, during	放假期间我一直在家。	fàng jià qī jiān wǒ yī zhí zài jiā 。	I stayed home the whole holiday.	上课期间不要玩手机。	shàng kè qī jiān bù yào wán shǒu jī 。	No phones during class.	考试期间我很少上网。	kǎo shì qī jiān wǒ hěn shǎo shàng wǎng 。	I barely went online during exams.
485	吓	to scare	你吓死我了！	nǐ xià sǐ wǒ le ！	You scared me to death!	别吓孩子。	bié xià hái zi 。	Don't scare the kid.	我被这个价格吓到了。	wǒ bèi zhè ge jià gé xià dào le 。	This price gave me a shock.
486	吐槽	to roast, complain jokingly	我要吐槽一下这家店。	wǒ yào tǔ cáo yī xià zhè jiā diàn 。	I have to rant about this place.	评论区的吐槽太好笑了。	píng lùn qū de tǔ cáo tài hǎo xiào le 。	The roasts in the comments are hilarious.	别吐槽了，快吃吧。	bié tǔ cáo le ， kuài chī ba 。	Quit complaining and eat.
487	家人们	(slang) fam, everyone (addressing an audience)	家人们，我回来了！	jiā rén men ， wǒ huí lái le ！	Fam, I'm back!	家人们，这个真的好用。	jiā rén men ， zhè ge zhēn de hǎo yòng 。	Guys, this really works.	家人们，今天给大家做个蛋糕。	jiā rén men ， jīn tiān gěi dà jiā zuò gè dàn gāo 。	Hey fam, today I'm making you all a cake.
488	销量	sales volume	这个手机的销量很高。	zhè ge shǒu jī de xiāo liàng hěn gāo 。	This phone sells really well.	这本书销量第一。	zhè běn shū xiāo liàng dì yī 。	This book is the top seller.	销量越来越差了。	xiāo liàng yuè lái yuè chà le 。	Sales keep getting worse.
489	场景	scene, setting	这个场景我好像见过。	zhè ge chǎng jǐng wǒ hǎo xiàng jiàn guo 。	I feel like I've seen this scene before.	这个场景拍得太美了。	zhè ge chǎng jǐng pāi de tài měi le 。	This scene was shot so beautifully.	什么场景都能用这句话。	shén me chǎng jǐng dōu néng yòng zhè jù huà 。	You can use this line in any situation.
490	力量	strength, power	音乐有很大的力量。	yīn yuè yǒu hěn dà de lì liàng 。	Music has a lot of power.	这就是爱的力量！	zhè jiù shì ài de lì liàng ！	This is the power of love!	谢谢你给我力量。	xiè xie nǐ gěi wǒ lì liàng 。	Thank you for giving me strength.
491	全国	nationwide, the whole country	全国都在下雨吗？	quán guó dōu zài xià yǔ ma ？	Is it raining all over the country?	他是全国第一。	tā shì quán guó dì yī 。	He's number one in the country.	这件事全国都知道了。	zhè jiàn shì quán guó dōu zhī dào le 。	The whole country knows about this now.
492	清爽	refreshing, fresh, clean	夏天就想吃点清爽的。	xià tiān jiù xiǎng chī diǎn qīng shuǎng de 。	In summer I just want something light and refreshing.	头发洗完好清爽。	tóu fa xǐ wán hǎo qīng shuǎng 。	My hair feels so fresh after washing.	这个房间看起来很清爽。	zhè ge fáng jiān kàn qǐ lái hěn qīng shuǎng 。	This room looks so clean and fresh.
493	锅	pot, wok; (slang) blame (“背锅” = take the blame)	这个锅我不背！	zhè ge guō wǒ bù bēi ！	I'm not taking the blame for this! (meme)	出了问题就知道甩锅！	chū le wèn tí jiù zhī dào shuǎi guō ！	Something goes wrong and all you do is pass the buck!	锅里还有饭。	guō lǐ hái yǒu fàn 。	There's still rice in the pot.
494	测试	test; to test	我做了一个性格测试。	wǒ zuò le yī gè xìng gé cè shì 。	I took a personality test.	明天有个数学测试。	míng tiān yǒu gè shù xué cè shì 。	There's a math test tomorrow.	先测试一下声音。	xiān cè shì yī xià shēng yīn 。	Let me test the sound first.
495	歌曲	song	我平时不太听流行歌曲。	wǒ píng shí bù tài tīng liú xíng gē qǔ 。	I don't really listen to pop songs.	有什么好听的中文歌曲？	yǒu shén me hǎo tīng de zhōng wén gē qǔ ？	Any good Chinese songs?	今年最火的歌曲是哪首？	jīn nián zuì huǒ de gē qǔ shì nǎ shǒu ？	What's the biggest song this year?
496	不至于	not go so far as to; not that bad	不至于吧，这么生气？	bù zhì yú ba ， zhè me shēng qì ？	Come on, no need to get this angry, right?	他不至于连这个都不会吧？	tā bù zhì yú lián zhè ge dōu bù huì ba ？	Surely he can at least do this?	有点贵，但还不至于买不起。	yǒu diǎn guì ， dàn hái bù zhì yú mǎi bù qǐ 。	It's a bit pricey, but not so much I can't afford it.
497	录	to record	我在录视频，别说话。	wǒ zài lù shì pín ， bié shuō huà 。	I'm recording a video, don't talk.	这首歌录了三次。	zhè shǒu gē lù le sān cì 。	This song took three takes to record.	你说的我都录下来了。	nǐ shuō de wǒ dōu lù xià lái le 。	I recorded everything you said.
498	英国	the UK, Britain	我朋友在英国上学。	wǒ péng you zài yīng guó shàng xué 。	My friend's at school in the UK.	听说英国老是下雨。	tīng shuō yīng guó lǎo shì xià yǔ 。	I hear it rains all the time in the UK.	你去过英国吗？	nǐ qù guo yīng guó ma ？	Have you been to the UK?
499	依旧	still, as before	十年过去了，他依旧很帅。	shí nián guò qù le ， tā yī jiù hěn shuài 。	Ten years on, he's still handsome.	这首歌依旧好听。	zhè shǒu gē yī jiù hǎo tīng 。	This song still slaps.	雨依旧下个不停。	yǔ yī jiù xià gè bù tíng 。	The rain still won't stop.
500	闺蜜	(female) best friend, bestie	我和闺蜜去逛街了。	wǒ hé guī mì qù guàng jiē le 。	I went shopping with my bestie.	她就是个塑料闺蜜。	tā jiù shì gè sù liào guī mì 。	She's a total fake bestie.	这是我闺蜜送的礼物。	zhè shì wǒ guī mì sòng de lǐ wù 。	This is a gift from my bestie.
501	避免	to avoid	早点出门，避免迟到。	zǎo diǎn chū mén ， bì miǎn chí dào 。	Head out early so you're not late.	这种问题很难避免。	zhè zhǒng wèn tí hěn nán bì miǎn 。	This kind of problem is hard to avoid.	为了避免麻烦，我先说清楚。	wèi le bì miǎn má fan ， wǒ xiān shuō qīng chu 。	To avoid any hassle, let me be clear up front.
502	公主	princess	她在家里就是个小公主。	tā zài jiā lǐ jiù shì gè xiǎo gōng zhǔ 。	At home she's a little princess.	小女孩都想当公主。	xiǎo nǚ hái dōu xiǎng dāng gōng zhǔ 。	Every little girl wants to be a princess.	她有点公主病，什么都要别人帮她做。	tā yǒu diǎn gōng zhǔ bìng ， shén me dōu yào bié rén bāng tā zuò 。	She's a bit of a princess, expects everyone to do everything for her.
503	范围	scope, range	这个不在我的能力范围内。	zhè ge bù zài wǒ de néng lì fàn wéi nèi 。	That's beyond what I can do.	考试范围是什么？	kǎo shì fàn wéi shì shén me ？	What does the exam cover?	这个范围太大了，说清楚点。	zhè ge fàn wéi tài dà le ， shuō qīng chu diǎn 。	That's way too broad, be more specific.
504	不行了	can't take it anymore; dying (of laughter etc.)	笑死，我不行了。	xiào sǐ ， wǒ bù xíng le 。	LMAO, I'm dying.	跑了五公里，我真的不行了。	pǎo le wǔ gōng lǐ ， wǒ zhēn de bù xíng le 。	Ran five kilometres, I'm literally dead.	太可爱了，我不行了！	tài kě ài le ， wǒ bù xíng le ！	Too cute, I can't handle it!
505	帖子	post (online)	这个帖子太有意思了。	zhè ge tiě zi tài yǒu yì si le 。	This post is hilarious.	我昨天发的帖子没人看。	wǒ zuó tiān fā de tiě zi méi rén kàn 。	Nobody looked at the post I put up yesterday.	找不到那个帖子了，谁还记得？	zhǎo bù dào nà ge tiě zi le ， shéi hái jì de ？	Can't find that post anymore, anyone remember it?
506	印度	India	印度菜有点辣。	yìn dù cài yǒu diǎn là 。	Indian food is a bit spicy.	他去印度旅游了一个月。	tā qù yìn dù lǚ yóu le yī gè yuè 。	He travelled in India for a month.	这个视频是在印度拍的。	zhè ge shì pín shì zài yìn dù pāi de 。	This video was shot in India.
507	深刻	profound, deep	这部电影让我印象很深刻。	zhè bù diàn yǐng ràng wǒ yìn xiàng hěn shēn kè 。	This movie really stuck with me.	他说的话很深刻。	tā shuō de huà hěn shēn kè 。	What he said was really deep.	他对这个问题看得很深刻。	tā duì zhè ge wèn tí kàn de hěn shēn kè 。	He has a really deep understanding of this issue.
508	付出	to put in, contribute (effort)	付出了这么多，值得吗？	fù chū le zhè me duō ， zhí dé ma ？	After putting in so much, was it worth it?	感情需要两个人一起付出。	gǎn qíng xū yào liǎng gè rén yī qǐ fù chū 。	A relationship takes effort from both people.	她为这个家付出了很多。	tā wèi zhè ge jiā fù chū le hěn duō 。	She's given so much for this family.
509	叫做	to be called	这种感觉叫做爱情吗？	zhè zhǒng gǎn jué jiào zuò ài qíng ma ？	Is this feeling what they call love?	这个在网上叫做什么，有人知道吗？	zhè ge zài wǎng shàng jiào zuò shén me ， yǒu rén zhī dào ma ？	What's this called online? Anyone know?	这就叫做朋友。	zhè jiù jiào zuò péng you 。	That's what you call a friend.
510	熬	to stew, simmer; to endure, stay up (熬夜)	昨天又熬到三点。	zuó tiān yòu áo dào sān diǎn 。	Stayed up till three again last night.	再熬一个星期就放假了。	zài áo yī gè xīng qī jiù fàng jià le 。	Just hang in there one more week and it's the holidays.	妈妈给我熬了鸡汤。	mā ma gěi wǒ áo le jī tāng 。	Mum made me some chicken soup.
511	资格	qualification; right to	你有什么资格说我？	nǐ yǒu shén me zī gé shuō wǒ ？	Who are you to judge me?	他没有资格参加比赛。	tā méi yǒu zī gé cān jiā bǐ sài 。	He isn't eligible to enter the competition.	每个人都有被爱的资格。	měi gè rén dōu yǒu bèi ài de zī gé 。	Everyone deserves to be loved.
512	机器	machine	这台机器又坏了。	zhè tái jī qì yòu huài le 。	This machine's broken again.	我就是个没有感情的打工机器。	wǒ jiù shì gè méi yǒu gǎn qíng de dǎ gōng jī qì 。	I'm just an emotionless work machine. (meme)	这些都是机器做的。	zhè xiē dōu shì jī qì zuò de 。	These are all machine-made.
513	理由	reason	你迟到的理由是什么？	nǐ chí dào de lǐ yóu shì shén me ？	What's your excuse for being late?	没有理由不喜欢这首歌。	méi yǒu lǐ yóu bù xǐ huan zhè shǒu gē 。	There's no reason not to love this song.	别找理由了，就是懒。	bié zhǎo lǐ yóu le ， jiù shì lǎn 。	Stop making excuses, you're just lazy.
514	歌词	lyrics	这首歌的歌词写得真好。	zhè shǒu gē de gē cí xiě de zhēn hǎo 。	The lyrics of this song are so well written.	我听了一百遍还记不住歌词。	wǒ tīng le yī bǎi biàn hái jì bù zhù gē cí 。	I've listened a hundred times and still can't remember the lyrics.	有人知道这句歌词是哪首歌吗？	yǒu rén zhī dào zhè jù gē cí shì nǎ shǒu gē ma ？	Anyone know which song this lyric is from?
515	的确	indeed	他说的的确没错。	tā shuō de dí què méi cuò 。	What he said is indeed right.	这家店的确很好吃。	zhè jiā diàn dí què hěn hǎo chī 。	This place really is good.	的确，我也这么觉得。	dí què ， wǒ yě zhè me jué de 。	True, I think so too.
516	折磨	to torment; torture	等结果真的太折磨了。	děng jié guǒ zhēn de tài zhé mó le 。	Waiting for the results is pure torture.	这道题折磨了我一晚上。	zhè dào tí zhé mó le wǒ yī wǎn shang 。	This question tortured me all night.	别再折磨自己了。	bié zài zhé mó zì jǐ le 。	Stop torturing yourself.
517	显得	to appear, seem	这件衣服显得你很瘦。	zhè jiàn yī fu xiǎn de nǐ hěn shòu 。	This outfit makes you look really slim.	他一说话就显得很紧张。	tā yī shuō huà jiù xiǎn de hěn jǐn zhāng 。	As soon as he talks he seems really nervous.	灯一开，房间显得大多了。	dēng yī kāi ， fáng jiān xiǎn de dà duō le 。	With the light on, the room looks way bigger.
518	主动	to take the initiative; proactive	有问题要主动问老师。	yǒu wèn tí yào zhǔ dòng wèn lǎo shī 。	If you've got a question, take the initiative and ask the teacher.	他每次都主动帮忙。	tā měi cì dōu zhǔ dòng bāng máng 。	He always offers to help.	女生主动一点也没关系。	nǚ shēng zhǔ dòng yī diǎn yě méi guān xì 。	It's fine for girls to make the first move.
519	背后	behind; behind someone's back	别在背后说别人。	bié zài bèi hòu shuō bié rén 。	Don't talk about people behind their backs.	每个视频背后都有很多努力。	měi gè shì pín bèi hòu dōu yǒu hěn duō nǔ lì 。	There's a lot of hard work behind every video.	你背后有个人。	nǐ bèi hòu yǒu gè rén 。	There's someone behind you.
520	二次元	anime/manga world (2D culture)	玩二次元的朋友都喜欢这个。	wán èr cì yuán de péng you dōu xǐ huan zhè ge 。	Anime fans all love this.	我不太懂二次元。	wǒ bù tài dǒng èr cì yuán 。	I don't really get anime culture.	这件衣服很有二次元的感觉。	zhè jiàn yī fu hěn yǒu èr cì yuán de gǎn jué 。	This outfit has a real anime vibe.
521	出名	famous; to become famous	他因为一个视频出名了。	tā yīn wèi yī gè shì pín chū míng le 。	He got famous because of one video.	这家店在我们这儿很出名。	zhè jiā diàn zài wǒ men zhèr hěn chū míng 。	This shop is really well known around here.	我才不想出名呢。	wǒ cái bù xiǎng chū míng ne 。	I don't want to be famous at all.
522	龙	dragon	我是龙年出生的。	wǒ shì lóng nián chū shēng de 。	I was born in the Year of the Dragon.	这条龙画得好帅。	zhè tiáo lóng huà de hǎo shuài 。	This dragon is drawn so cool.	这个游戏里的龙太难打了。	zhè ge yóu xì lǐ de lóng tài nán dǎ le 。	The dragon in this game is so hard to beat.
523	吵架	to quarrel, argue	他们又吵架了。	tā men yòu chǎo jià le 。	They're fighting again.	别吵架了，好好说。	bié chǎo jià le ， hǎo hǎo shuō 。	Stop arguing and talk it out properly.	我不想跟你吵架。	wǒ bù xiǎng gēn nǐ chǎo jià 。	I don't want to fight with you.
524	网吧	internet café	上学的时候天天去网吧。	shàng xué de shí hou tiān tiān qù wǎng bā 。	Back in school I went to the internet café every day.	网吧里人太多了。	wǎng bā lǐ rén tài duō le 。	The internet café is way too crowded.	走，去网吧打游戏！	zǒu ， qù wǎng bā dǎ yóu xì ！	Let's go game at the internet café!
525	冠军	champion	他们拿了冠军！	tā men ná le guàn jūn ！	They won the championship!	今年的冠军是谁？	jīn nián de guàn jūn shì shéi ？	Who's the champion this year?	他是我们班的睡觉冠军。	tā shì wǒ men bān de shuì jiào guàn jūn 。	He's the sleeping champion of our class.
526	偷偷	secretly	我偷偷看了一下。	wǒ tōu tōu kàn le yī xià 。	I took a sneaky peek.	他偷偷哭了一晚上。	tā tōu tōu kū le yī wǎn shang 。	He secretly cried all night.	上课偷偷玩手机。	shàng kè tōu tōu wán shǒu jī 。	Sneakily playing on your phone in class.
527	建立	to establish	好的关系需要时间建立。	hǎo de guān xì xū yào shí jiān jiàn lì 。	Good relationships take time to build.	这个学校是一百年前建立的。	zhè ge xué xiào shì yī bǎi nián qián jiàn lì de 。	This school was founded a hundred years ago.	他们俩在网上建立了很深的感情。	tā men liǎ zài wǎng shàng jiàn lì le hěn shēn de gǎn qíng 。	Those two built a really deep bond online.
528	依然	still	十年过去了，我依然爱这首歌。	shí nián guò qù le ， wǒ yī rán ài zhè shǒu gē 。	Ten years on and I still love this song.	他依然没回我消息。	tā yī rán méi huí wǒ xiāo xi 。	He still hasn't replied to my message.	今天依然很热。	jīn tiān yī rán hěn rè 。	It's still really hot today.
529	烫	burning hot; to scald; to perm (hair)	小心，汤很烫！	xiǎo xīn ， tāng hěn tàng ！	Careful, the soup's really hot!	我被热水烫了一下。	wǒ bèi rè shuǐ tàng le yī xià 。	I got scalded by hot water.	我想去烫个头发。	wǒ xiǎng qù tàng gè tóu fa 。	I want to go get a perm.
530	过分	going too far, excessive	你这样说有点过分了。	nǐ zhè yàng shuō yǒu diǎn guò fèn le 。	Saying that is going a bit too far.	这价格也太过分了吧！	zhè jià gé yě tài guò fèn le ba ！	This price is outrageous!	开玩笑别太过分。	kāi wán xiào bié tài guò fèn 。	Don't take the joke too far.
531	认知	cognition, understanding	这个视频刷新了我的认知。	zhè ge shì pín shuā xīn le wǒ de rèn zhī 。	This video just rewrote everything I thought I knew.	每个人的认知不一样。	měi gè rén de rèn zhī bù yī yàng 。	Everyone understands things differently.	他对钱的认知有问题。	tā duì qián de rèn zhī yǒu wèn tí 。	His understanding of money is off.
532	舞	dance	她的舞跳得太好看了。	tā de wǔ tiào de tài hǎo kàn le 。	Her dancing is amazing.	这个舞我学了三天。	zhè ge wǔ wǒ xué le sān tiān 。	It took me three days to learn this dance.	一起来跳个舞吧！	yī qǐ lái tiào gè wǔ ba ！	Come dance with us!
533	帅哥	handsome guy; (address) young man	帅哥，这个多少钱？	shuài gē ， zhè ge duō shao qián ？	Hey mate, how much is this?	他们班帅哥好多。	tā men bān shuài gē hǎo duō 。	Their class has so many hot guys.	这个帅哥是谁？	zhè ge shuài gē shì shéi ？	Who's this handsome guy?
534	当中	among; in the middle of	我们当中谁最高？	wǒ men dāng zhōng shéi zuì gāo ？	Who's the tallest of us?	在这些歌当中，我最喜欢这首。	zài zhè xiē gē dāng zhōng ， wǒ zuì xǐ huan zhè shǒu 。	Of all these songs, I like this one best.	生活当中总有不开心的事。	shēng huó dāng zhōng zǒng yǒu bù kāi xīn de shì 。	There are always some unhappy things in life.
535	策划	to plan; planner; (games) game designer	这次活动是谁策划的？	zhè cì huó dòng shì shéi cè huà de ？	Who planned this event?	他在游戏公司当策划。	tā zài yóu xì gōng sī dāng cè huà 。	He works as a designer at a game company.	我在策划她的生日聚会。	wǒ zài cè huà tā de shēng rì jù huì 。	I'm planning her birthday party.
536	他人	other people, others (formal/written; 别人 in speech)	他人的看法不重要。	tā rén de kàn fǎ bù zhòng yào 。	What other people think doesn't matter.	帮助他人也是帮助自己。	bāng zhù tā rén yě shì bāng zhù zì jǐ 。	Helping others is also helping yourself.	请不要影响他人休息。	qǐng bù yào yǐng xiǎng tā rén xiū xi 。	Please don't disturb others who are resting.
537	崩溃	to break down (emotionally); to crash	作业写不完，我要崩溃了。	zuò yè xiě bù wán ， wǒ yào bēng kuì le 。	I can't finish my homework, I'm about to lose it.	电脑突然崩溃了。	diàn nǎo tū rán bēng kuì le 。	My computer suddenly crashed.	她一看结果就崩溃了。	tā yī kàn jié guǒ jiù bēng kuì le 。	She broke down the moment she saw the result.
538	组织	to organise; organisation	这次聚会谁来组织？	zhè cì jù huì shéi lái zǔ zhī ？	Who's organising this get-together?	公司组织我们去旅游。	gōng sī zǔ zhī wǒ men qù lǚ yóu 。	The company organised a trip for us.	他加入了一个学生组织。	tā jiā rù le yī gè xué shēng zǔ zhī 。	He joined a student organisation.
539	发布	to release, publish	新手机下个月发布。	xīn shǒu jī xià gè yuè fā bù 。	The new phone comes out next month.	视频已经发布了，快去看！	shì pín yǐ jīng fā bù le ， kuài qù kàn ！	The video's up, go watch it!	学校还没发布通知。	xué xiào hái méi fā bù tōng zhī 。	The school hasn't put out a notice yet.
540	质感	texture, quality feel	这件衣服质感很好。	zhè jiàn yī fu zhì gǎn hěn hǎo 。	This piece of clothing feels really high-quality.	这张照片好有质感。	zhè zhāng zhào piàn hǎo yǒu zhì gǎn 。	This photo looks so high-end.	便宜的东西就是没质感。	pián yi de dōng xi jiù shì méi zhì gǎn 。	Cheap stuff just feels cheap.
541	实验	experiment	今天下午有实验课。	jīn tiān xià wǔ yǒu shí yàn kè 。	I've got a lab class this afternoon.	实验又失败了。	shí yàn yòu shī bài le 。	The experiment failed again.	我做了个小实验，结果很有意思。	wǒ zuò le gè xiǎo shí yàn ， jié guǒ hěn yǒu yì si 。	I did a little experiment and the results were interesting.
542	睡眠	sleep	最近睡眠质量很差。	zuì jìn shuì mián zhì liàng hěn chà 。	My sleep has been really bad lately.	每天至少要保证八个小时的睡眠。	měi tiān zhì shǎo yào bǎo zhèng bā gè xiǎo shí de shuì mián 。	Make sure you get at least eight hours of sleep a day.	睡眠不够，上课总想睡觉。	shuì mián bù gòu ， shàng kè zǒng xiǎng shuì jiào 。	When I don't get enough sleep I'm always dozing off in class.
543	惊艳	stunning, amazing	第一眼就被惊艳到了。	dì yī yǎn jiù bèi jīng yàn dào le 。	I was blown away at first sight.	她今天也太惊艳了吧！	tā jīn tiān yě tài jīng yàn le ba ！	She looks absolutely stunning today!	这首歌一开始就很惊艳。	zhè shǒu gē yī kāi shǐ jiù hěn jīng yàn 。	This song is amazing right from the start.
544	自从	since	自从有了猫，我就不想出门了。	zì cóng yǒu le māo ， wǒ jiù bù xiǎng chū mén le 。	Ever since I got a cat, I don't want to go out.	自从上次见面，他就再也没联系过我。	zì cóng shàng cì jiàn miàn ， tā jiù zài yě méi lián xì guo wǒ 。	He hasn't contacted me once since we last met.	自从开始运动，我睡得好多了。	zì cóng kāi shǐ yùn dòng ， wǒ shuì de hǎo duō le 。	I've been sleeping much better since I started exercising.
545	处理	to handle, deal with	这事我来处理。	zhè shì wǒ lái chǔ lǐ 。	I'll handle this.	他不太会处理感情问题。	tā bù tài huì chǔ lǐ gǎn qíng wèn tí 。	He's not great at dealing with relationship stuff.	照片处理一下更好看。	zhào piàn chǔ lǐ yī xià gèng hǎo kàn 。	The photo looks better with a bit of editing.
546	害	harm; (exclamation) ugh, oh well (= 嗐)	害，我还以为出什么事了。	hài ， wǒ hái yǐ wéi chū shén me shì le 。	Oh, is that all? I thought something had happened.	你害我等了一个小时！	nǐ hài wǒ děng le yī gè xiǎo shí ！	You made me wait a whole hour!	你这是在害他。	nǐ zhè shì zài hài tā 。	You're actually hurting him by doing this.
547	黄	yellow; (slang) porn, dirty; to fall through (黄了)	叶子都黄了。	yè zi dōu huáng le 。	The leaves have all turned yellow.	这个笑话有点黄。	zhè ge xiào hua yǒu diǎn huáng 。	This joke is a bit dirty.	计划又黄了。	jì huà yòu huáng le 。	The plan fell through again.
548	新生	freshman; new life	新生下周一开学。	xīn shēng xià zhōu yī kāi xué 。	The freshmen start next Monday.	我是新生，有什么需要注意的吗？	wǒ shì xīn shēng ， yǒu shén me xū yào zhù yì de ma ？	I'm a freshman. Anything I should watch out for?	离开那里以后，我感觉自己获得了新生。	lí kāi nà lǐ yǐ hòu ， wǒ gǎn jué zì jǐ huò dé le xīn shēng 。	After I left that place, I felt like I'd been given a new life.
549	接下来	next, following	接下来我们看第二个问题。	jiē xià lái wǒ men kàn dì èr gè wèn tí 。	Next, let's look at the second question.	接下来怎么办？	jiē xià lái zěn me bàn ？	What do we do now?	接下来的几天都会下雨。	jiē xià lái de jǐ tiān dōu huì xià yǔ 。	It's going to rain for the next few days.
550	能量	energy	睡了一觉，我又有能量了。	shuì le yī jiào ， wǒ yòu yǒu néng liàng le 。	After a nap, I've got my energy back.	她身上有一种正能量。	tā shēn shàng yǒu yī zhǒng zhèng néng liàng 。	She gives off really positive energy.	一杯咖啡下去，能量满满！	yī bēi kā fēi xià qù ， néng liàng mǎn mǎn ！	One coffee and I'm fully charged!
551	概念	concept	我对钱没什么概念。	wǒ duì qián méi shén me gài niàn 。	I don't really have a sense of money.	这个概念有点难懂。	zhè ge gài niàn yǒu diǎn nán dǒng 。	This concept is a bit hard to get.	一百万是什么概念？	yī bǎi wàn shì shén me gài niàn ？	What does a million even look like?
552	升级	to upgrade, level up	手机该升级了。	shǒu jī gāi shēng jí le 。	Time to upgrade my phone.	我玩了一晚上，终于升级了！	wǒ wán le yī wǎn shang ， zhōng yú shēng jí le ！	I played all night and finally levelled up!	这次升级以后更好用了。	zhè cì shēng jí yǐ hòu gèng hǎo yòng le 。	It's much easier to use after this update.
553	导演	director	这部电影的导演是谁？	zhè bù diàn yǐng de dǎo yǎn shì shéi ？	Who directed this movie?	导演，这段能再来一次吗？	dǎo yǎn ， zhè duàn néng zài lái yī cì ma ？	Director, can we do this bit again?	我以后想当导演。	wǒ yǐ hòu xiǎng dāng dǎo yǎn 。	I want to be a director one day.
554	难度	difficulty	这个游戏难度太高了。	zhè ge yóu xì nán dù tài gāo le 。	This game is way too hard.	这次考试难度不大。	zhè cì kǎo shì nán dù bù dà 。	This exam wasn't very difficult.	这个动作有点难度。	zhè ge dòng zuò yǒu diǎn nán dù 。	This move is a bit tricky.
555	毫无	not at all, without any	我对这个毫无兴趣。	wǒ duì zhè ge háo wú xìng qù 。	I have zero interest in this.	我拿他毫无办法。	wǒ ná tā háo wú bàn fǎ 。	I'm totally helpless when it comes to him.	这首歌让他来唱，毫无违和感。	zhè shǒu gē ràng tā lái chàng ， háo wú wéi hé gǎn 。	Him singing this song doesn't feel off at all.
556	认可	to approve, recognise	我的努力终于被认可了。	wǒ de nǔ lì zhōng yú bèi rèn kě le 。	My hard work finally got recognised.	他很需要父母的认可。	tā hěn xū yào fù mǔ de rèn kě 。	He really needs his parents' approval.	这个想法我不太认可。	zhè ge xiǎng fǎ wǒ bù tài rèn kě 。	I don't really agree with that idea.
557	软	soft	这个面包好软。	zhè ge miàn bāo hǎo ruǎn 。	This bread is so soft.	他一哭，我就心软了。	tā yī kū ， wǒ jiù xīn ruǎn le 。	The moment he started crying, I caved.	猫的肚子软软的。	māo de dù zi ruǎn ruǎn de 。	The cat's belly is all soft.
558	运气	luck	今天运气真好！	jīn tiān yùn qi zhēn hǎo ！	I'm so lucky today!	这次只是运气好。	zhè cì zhǐ shì yùn qi hǎo 。	This time it was just luck.	我的运气都用在这里了。	wǒ de yùn qi dōu yòng zài zhè lǐ le 。	I used up all my luck on this.
559	纠结	torn, conflicted, indecisive	买哪个好？我好纠结。	mǎi nǎ ge hǎo ？ wǒ hǎo jiū jié 。	Which one should I buy? I can't decide.	别纠结了，喜欢就买。	bié jiū jié le ， xǐ huan jiù mǎi 。	Stop overthinking it, if you like it just buy it.	我纠结了一晚上要不要去。	wǒ jiū jié le yī wǎn shang yào bù yào qù 。	I spent all night going back and forth about whether to go.
560	公平	fair	这不公平！	zhè bù gōng píng ！	That's not fair!	我们公平一点，一人一半。	wǒ men gōng píng yī diǎn ， yī rén yī bàn 。	Let's be fair, half each.	生活本来就不公平。	shēng huó běn lái jiù bù gōng píng 。	Life isn't fair to begin with.
561	曝光	to expose; exposure	他的事被曝光了。	tā de shì bèi bào guāng le 。	What he did got exposed.	这张照片曝光太高了。	zhè zhāng zhào piàn bào guāng tài gāo le 。	This photo is overexposed.	这个视频给我带来了很多曝光。	zhè ge shì pín gěi wǒ dài lái le hěn duō bào guāng 。	This video got me a lot of exposure.
562	肌肉	muscle	他的肌肉好大。	tā de jī ròu hǎo dà 。	His muscles are huge.	运动完肌肉好疼。	yùn dòng wán jī ròu hǎo téng 。	My muscles are so sore after working out.	想长肌肉就要多吃。	xiǎng zhǎng jī ròu jiù yào duō chī 。	If you want to build muscle you have to eat more.
563	播放量	view count	这个视频播放量过百万了。	zhè ge shì pín bō fàng liàng guò bǎi wàn le 。	This video has passed a million views.	我的播放量一直上不去。	wǒ de bō fàng liàng yī zhí shàng bù qù 。	My view count just won't go up.	播放量这么低，太难了。	bō fàng liàng zhè me dī ， tài nán le 。	Views this low, it's rough.
564	劝	to persuade, urge (劝退 = to put someone off)	我劝你别买。	wǒ quàn nǐ bié mǎi 。	Take my advice and don't buy it.	看到价格我就被劝退了。	kàn dào jià gé wǒ jiù bèi quàn tuì le 。	One look at the price and I noped out.	怎么劝都没用。	zěn me quàn dōu méi yòng 。	No matter how you try to talk them round, it's no use.
565	同款	same model/style (“明星同款”)	这是那个电影里的同款吗？	zhè shì nà ge diàn yǐng lǐ de tóng kuǎn ma ？	Is this the same one from that movie?	我买了个同款杯子。	wǒ mǎi le gè tóng kuǎn bēi zi 。	I bought the same cup.	这件衣服太好看了，求同款！	zhè jiàn yī fu tài hǎo kàn le ， qiú tóng kuǎn ！	This outfit is gorgeous, where can I get one?
566	团队	team	我们团队一共五个人。	wǒ men tuán duì yī gòng wǔ gè rén 。	There are five of us on the team.	这是整个团队一起努力的结果。	zhè shì zhěng gè tuán duì yī qǐ nǔ lì de jié guǒ 。	This is the result of the whole team's effort.	这种视频一个人做不出来，肯定有团队。	zhè zhǒng shì pín yī gè rén zuò bù chū lái ， kěn dìng yǒu tuán duì 。	Nobody makes a video like this alone. There's definitely a team behind it.
567	测	to test, measure	我去测一下体温。	wǒ qù cè yī xià tǐ wēn 。	I'm going to take my temperature.	你测了没有？结果怎么样？	nǐ cè le méi yǒu ？ jié guǒ zěn me yàng ？	Did you take the test? What was the result?	这个测得准吗？	zhè ge cè de zhǔn ma ？	Is this measurement accurate?
568	自带	built-in; to come with; to bring your own (BYO); (of a person) to naturally have (a vibe, charm)	这个手机自带很多游戏。	zhè ge shǒu jī zì dài hěn duō yóu xì 。	This phone comes with lots of games.	这个人说话自带笑点。	zhè ge rén shuō huà zì dài xiào diǎn 。	This guy is funny without even trying.	这家店可以自带酒。	zhè jiā diàn kě yǐ zì dài jiǔ 。	This place lets you bring your own drinks.
569	口味	flavour; taste (重口味 = extreme/gross content)	你喜欢什么口味的？	nǐ xǐ huan shén me kǒu wèi de ？	What flavour do you like?	这种重口味的视频我看不了。	zhè zhǒng zhòng kǒu wèi de shì pín wǒ kàn bù liǎo 。	I can't stomach videos this extreme.	每个人口味不一样。	měi gè rén kǒu wèi bù yī yàng 。	Everyone has different tastes.
570	泡	to soak, steep; bubble; to hang out (泡吧)	泡杯茶休息一下。	pào bēi chá xiū xi yī xià 。	Make a cup of tea and take a break.	晚上泡个脚，睡得香。	wǎn shang pào gè jiǎo ， shuì de xiāng 。	Soak your feet at night and you'll sleep like a baby.	他整天泡在图书馆。	tā zhěng tiān pào zài tú shū guǎn 。	He spends all day holed up in the library.
571	等于	to equal	你这话说了等于没说。	nǐ zhè huà shuō le děng yú méi shuō 。	You might as well have said nothing.	不说话不等于不喜欢。	bù shuō huà bù děng yú bù xǐ huan 。	Not saying anything doesn't mean I don't like it.	你不去就等于放弃了。	nǐ bù qù jiù děng yú fàng qì le 。	If you don't go, that's the same as giving up.
572	一会	a moment, a while	等我一会，马上就好。	děng wǒ yī huì ， mǎ shàng jiù hǎo 。	Give me a sec, almost done.	我先睡一会。	wǒ xiān shuì yī huì 。	I'm going to nap for a bit.	我一会再来。	wǒ yī huì zài lái 。	I'll come back in a bit.
573	挤	to squeeze; crowded	地铁上太挤了。	dì tiě shàng tài jǐ le 。	The subway is so packed.	挤一挤还能坐一个人。	jǐ yī jǐ hái néng zuò yī gè rén 。	If we squeeze up we can fit one more.	每天都挤时间学中文。	měi tiān dōu jǐ shí jiān xué zhōng wén 。	I squeeze in time to study Chinese every day.
574	商家	merchant, seller	商家一直不回我。	shāng jiā yī zhí bù huí wǒ 。	The seller still hasn't replied to me.	这是商家送的小礼物。	zhè shì shāng jiā sòng de xiǎo lǐ wù 。	This is a little freebie from the seller.	我去问问商家能不能换。	wǒ qù wèn wen shāng jiā néng bù néng huàn 。	I'll ask the seller if I can exchange it.
575	巨大	huge	他火了以后，生活发生了巨大的变化。	tā huǒ le yǐ hòu ， shēng huó fā shēng le jù dà de biàn huà 。	After he blew up online, his life changed massively.	他压力巨大。	tā yā lì jù dà 。	He's under huge pressure.	门口有一只巨大的狗。	mén kǒu yǒu yī zhī jù dà de gǒu 。	There's a massive dog at the door.
576	眼泪	tears	看到最后眼泪都出来了。	kàn dào zuì hòu yǎn lèi dōu chū lái le 。	By the end I was in tears.	看到这碗面，不争气的眼泪从嘴角流了下来。	kàn dào zhè wǎn miàn ， bù zhēng qì de yǎn lèi cóng zuǐ jiǎo liú le xià lái 。	One look at this bowl of noodles and traitorous tears started streaming from the corner of my mouth. (meme)	她一直在流眼泪。	tā yī zhí zài liú yǎn lèi 。	She keeps crying.
577	欧洲	Europe	我想去欧洲旅游。	wǒ xiǎng qù ōu zhōu lǚ yóu 。	I want to travel around Europe.	欧洲的东西好贵。	ōu zhōu de dōng xi hǎo guì 。	Stuff in Europe is so expensive.	他在欧洲住了三年。	tā zài ōu zhōu zhù le sān nián 。	He lived in Europe for three years.
578	挣钱	to earn money	挣钱太难了。	zhèng qián tài nán le 。	Making money is so hard.	我要努力挣钱买房子。	wǒ yào nǔ lì zhèng qián mǎi fáng zi 。	I'm going to work hard and earn enough to buy a house.	怎么在网上挣钱？	zěn me zài wǎng shàng zhèng qián ？	How do you make money online?
579	配置	configuration, specs	这台电脑配置很高。	zhè tái diàn nǎo pèi zhì hěn gāo 。	This computer has great specs.	我的手机配置太低，玩不了这个游戏。	wǒ de shǒu jī pèi zhì tài dī ， wán bù liǎo zhè ge yóu xì 。	My phone's specs are too low to run this game.	这个价格，这个配置，可以了。	zhè ge jià gé ， zhè ge pèi zhì ， kě yǐ le 。	For this price, with these specs, not bad.
580	自动	automatic	门会自动打开。	mén huì zì dòng dǎ kāi 。	The door opens automatically.	手机突然自动关机了。	shǒu jī tū rán zì dòng guān jī le 。	My phone just turned itself off.	一看到吃的，我就自动走过去了。	yī kàn dào chī de ， wǒ jiù zì dòng zǒu guò qù le 。	The moment I see food I just walk over on autopilot.
581	许愿	to make a wish	生日快乐，快许愿！	shēng rì kuài lè ， kuài xǔ yuàn ！	Happy birthday, quick, make a wish!	许愿第二季快点出！	xǔ yuàn dì èr jì kuài diǎn chū ！	Here's hoping season two drops soon!	我许愿明年能找到工作。	wǒ xǔ yuàn míng nián néng zhǎo dào gōng zuò 。	I made a wish that I'd find a job next year.
582	似的	as if, like	他跑得像风似的。	tā pǎo de xiàng fēng shì de 。	He runs like the wind.	你说得好像我不知道似的。	nǐ shuō de hǎo xiàng wǒ bù zhī dào shì de 。	You say that like I don't know.	她高兴得跟个孩子似的。	tā gāo xìng de gēn gè hái zi shì de 。	She's as happy as a little kid.
583	组合	combination; group (band)	这个组合我从小听到大。	zhè ge zǔ hé wǒ cóng xiǎo tīng dào dà 。	I grew up listening to this group.	这两个人的组合太好笑了。	zhè liǎng gè rén de zǔ hé tài hǎo xiào le 。	These two together are hilarious.	换个颜色组合试试。	huàn gè yán sè zǔ hé shì shi 。	Try a different colour combination.
584	招	to recruit; to attract; move, trick	公司在招人。	gōng sī zài zhāo rén 。	The company is hiring.	这一招太厉害了！	zhè yī zhāo tài lì hai le ！	That move is insane!	她很招人喜欢。	tā hěn zhāo rén xǐ huan 。	Everyone loves her.
585	娱乐	entertainment	周末有什么娱乐活动？	zhōu mò yǒu shén me yú lè huó dòng ？	What is there to do for fun this weekend?	别太认真，就是娱乐一下。	bié tài rèn zhēn ， jiù shì yú lè yī xià 。	Don't take it seriously, it's just for fun.	他每天都看娱乐新闻。	tā měi tiān dōu kàn yú lè xīn wén 。	He reads entertainment news every day.
586	魅力	charm	这就是音乐的魅力。	zhè jiù shì yīn yuè de mèi lì 。	That's the magic of music.	他笑起来很有魅力。	tā xiào qǐ lái hěn yǒu mèi lì 。	He's really charming when he smiles.	自信的人最有魅力。	zì xìn de rén zuì yǒu mèi lì 。	Confident people are the most attractive.
587	造型	look, styling	今天这个造型太好看了！	jīn tiān zhè ge zào xíng tài hǎo kàn le ！	Today's look is gorgeous!	他换了个新造型。	tā huàn le gè xīn zào xíng 。	He's got a new look.	这个杯子造型很特别。	zhè ge bēi zi zào xíng hěn tè bié 。	This cup has a really unique design.
588	用心	attentive, with care	看得出来做得很用心。	kàn de chū lái zuò de hěn yòng xīn 。	You can tell a lot of care went into this.	这个礼物太用心了。	zhè ge lǐ wù tài yòng xīn le 。	This gift is so thoughtful.	他做什么都不用心。	tā zuò shén me dōu bù yòng xīn 。	He never puts any care into anything.
589	清晰	clear	这个视频好清晰。	zhè ge shì pín hǎo qīng xī 。	This video is so crisp.	他说得很清晰。	tā shuō de hěn qīng xī 。	He explained it really clearly.	照片不太清晰，再拍一张。	zhào piàn bù tài qīng xī ， zài pāi yī zhāng 。	The photo's a bit blurry, take another one.
590	文案	copy, caption (text of a post)	这个文案写得太好了。	zhè ge wén àn xiě de tài hǎo le 。	This caption is so well written.	发照片不知道写什么文案。	fā zhào piàn bù zhī dào xiě shén me wén àn 。	Posting a photo and no idea what caption to write.	他在公司做文案。	tā zài gōng sī zuò wén àn 。	He's a copywriter at his company.
591	莫名其妙	baffling, for no reason	他莫名其妙生气了。	tā mò míng qí miào shēng qì le 。	He got angry for no reason.	这个电影太莫名其妙了。	zhè ge diàn yǐng tài mò míng qí miào le 。	This movie makes no sense.	我今天莫名其妙很开心。	wǒ jīn tiān mò míng qí miào hěn kāi xīn 。	I'm randomly really happy today.
592	欣赏	to appreciate	我很欣赏他的性格。	wǒ hěn xīn shǎng tā de xìng gé 。	I really admire his personality.	坐下来慢慢欣赏。	zuò xià lái màn màn xīn shǎng 。	Sit down and take your time enjoying it.	这种音乐我欣赏不了。	zhè zhǒng yīn yuè wǒ xīn shǎng bù liǎo 。	I just can't get into this kind of music.
593	吐	to spit; to vomit	坐车坐得想吐。	zuò chē zuò de xiǎng tù 。	This car ride is making me want to throw up.	他喝多了，吐了一地。	tā hē duō le ， tù le yī dì 。	He drank too much and threw up all over the floor.	别在地上乱吐。	bié zài dì shàng luàn tǔ 。	Don't spit on the ground.
594	投票	to vote	大家快来投票！	dà jiā kuài lái tóu piào ！	Everyone come vote!	投票结果出来了。	tóu piào jié guǒ chū lái le 。	The vote results are out.	我给二号投票了。	wǒ gěi èr hào tóu piào le 。	I voted for number two.
595	消耗	to consume, use up	这个游戏太消耗时间了。	zhè ge yóu xì tài xiāo hào shí jiān le 。	This game eats up so much time.	我的耐心都被他消耗完了。	wǒ de nài xīn dōu bèi tā xiāo hào wán le 。	He's used up all my patience.	这段关系太消耗我了。	zhè duàn guān xì tài xiāo hào wǒ le 。	This relationship is draining me.
596	心疼	to feel sorry for; to love dearly	看她哭，我好心疼。	kàn tā kū ， wǒ hǎo xīn téng 。	Seeing her cry breaks my heart.	心疼我的钱。	xīn téng wǒ de qián 。	RIP my wallet.	妈妈最心疼你了。	mā ma zuì xīn téng nǐ le 。	Mum loves you the most.
597	一块	together; a piece	我们一块去吃饭吧。	wǒ men yī kuài qù chī fàn ba 。	Let's go eat together.	给我留一块蛋糕。	gěi wǒ liú yī kuài dàn gāo 。	Save me a piece of cake.	他们俩总是在一块。	tā men liǎ zǒng shì zài yī kuài 。	Those two are always together.
598	搁	(coll.) to put; at, in (dialect)	东西先搁这儿吧。	dōng xi xiān gē zhèr ba 。	Just put your stuff here for now.	你搁哪儿呢？	nǐ gē nǎr ne ？	Where you at?	你搁这儿跟我开玩笑呢？	nǐ gē zhèr gēn wǒ kāi wán xiào ne ？	Are you messing with me right now?
599	摔	to fall; to throw down	他走路摔倒了。	tā zǒu lù shuāi dǎo le 。	He fell over while walking.	手机摔坏了。	shǒu jī shuāi huài le 。	My phone broke when I dropped it.	他一生气就摔东西。	tā yī shēng qì jiù shuāi dōng xi 。	He throws things whenever he gets angry.
600	神奇	magical, amazing	这也太神奇了吧！	zhè yě tài shén qí le ba ！	That's unreal!	世界真神奇。	shì jiè zhēn shén qí 。	The world is so amazing.	这个药好神奇，一吃就好。	zhè ge yào hǎo shén qí ， yī chī jiù hǎo 。	This medicine is magic, works right away.
601	土豆	potato	我最爱吃土豆了！	wǒ zuì ài chī tǔ dòu le ！	Potatoes are my absolute favourite!	土豆怎么做都好吃。	tǔ dòu zěn me zuò dōu hǎo chī 。	Potatoes taste good however you cook them.	我妈让我去买两个土豆。	wǒ mā ràng wǒ qù mǎi liǎng gè tǔ dòu 。	My mum told me to go buy two potatoes.
602	拯救	to save, rescue	这首歌拯救了我的一天。	zhè shǒu gē zhěng jiù le wǒ de yī tiān 。	This song saved my day.	谁来拯救一下我的作业啊！	shéi lái zhěng jiù yī xià wǒ de zuò yè a ！	Can somebody please come save my homework?!	他又一次拯救了世界。	tā yòu yī cì zhěng jiù le shì jiè 。	He saved the world yet again.
603	限制	to limit; restriction	我妈限制我每天只能玩一个小时手机。	wǒ mā xiàn zhì wǒ měi tiān zhǐ néng wán yī gè xiǎo shí shǒu jī 。	My mum limits me to an hour on my phone a day.	有钱人还能这么玩？贫穷限制了我的想象力。	yǒu qián rén hái néng zhè me wán ？ pín qióng xiàn zhì le wǒ de xiǎng xiàng lì 。	Rich people can do that?! Poverty has limited my imagination. (too broke to even picture it) (meme)	现在发消息也有限制了。	xiàn zài fā xiāo xi yě yǒu xiàn zhì le 。	Even sending messages is restricted now.
604	热度	popularity, buzz (蹭热度 = ride the hype)	这个视频的热度很高。	zhè ge shì pín de rè dù hěn gāo 。	This video is getting tons of buzz.	他就是在蹭热度吧。	tā jiù shì zài cèng rè dù ba 。	He's just riding the hype.	热度过两天就没了。	rè dù guò liǎng tiān jiù méi le 。	The hype will be gone in a couple of days.
605	晕	dizzy; (slang) ugh	我坐车会晕。	wǒ zuò chē huì yùn 。	I get carsick.	看了半天，我都看晕了。	kàn le bàn tiān ， wǒ dōu kàn yūn le 。	I've been staring at it so long I'm dizzy.	晕，又下雨了。	yūn ， yòu xià yǔ le 。	Ugh, it's raining again.
606	爆炸	explosion; to explode	手机突然爆炸了。	shǒu jī tū rán bào zhà le 。	The phone suddenly exploded.	这个视频信息量爆炸！	zhè ge shì pín xìn xī liàng bào zhà ！	This video is packed with info!	我的头快爆炸了。	wǒ de tóu kuài bào zhà le 。	My head is about to explode.
607	弱	weak	我的中文太弱了。	wǒ de zhōng wén tài ruò le 。	My Chinese is really weak.	这个队太弱了，一场都没赢。	zhè ge duì tài ruò le ， yī chǎng dōu méi yíng 。	This team is so weak, they haven't won a single game.	弱弱地问一句，这是哪里？	ruò ruò de wèn yī jù ， zhè shì nǎ lǐ ？	Sorry if this is a dumb question, but where is this? (meme)
608	相当	quite, fairly; to match	这家店相当不错。	zhè jiā diàn xiāng dāng bù cuò 。	This place is pretty good.	他俩水平相当。	tā liǎ shuǐ píng xiāng dāng 。	Those two are evenly matched.	我当时相当紧张。	wǒ dāng shí xiāng dāng jǐn zhāng 。	I was pretty nervous at the time.
609	嫩	tender; young-looking	这个肉好嫩啊！	zhè ge ròu hǎo nèn a ！	This meat is so tender!	她看起来好嫩，像个学生。	tā kàn qǐ lái hǎo nèn ， xiàng gè xué shēng 。	She looks so young, like a student.	你还太嫩了。	nǐ hái tài nèn le 。	You're still way too green.
610	太太	wife; Mrs; (fandom) talented creator	太太画得太好了！	tài tai huà de tài hǎo le ！	The artist draws so well!	太太快出新的吧！	tài tai kuài chū xīn de ba ！	Please post something new soon, creator!	他太太是老师。	tā tài tai shì lǎo shī 。	His wife is a teacher.
611	配合	to cooperate, coordinate	大家配合得很好。	dà jiā pèi hé de hěn hǎo 。	Everyone worked together really well.	请大家配合一下。	qǐng dà jiā pèi hé yī xià 。	Everyone please cooperate.	这首歌和视频配合得太好了。	zhè shǒu gē hé shì pín pèi hé de tài hǎo le 。	The song and the video go together perfectly.
612	具体	specific, concrete	具体时间还没定。	jù tǐ shí jiān hái méi dìng 。	The exact time hasn't been set yet.	你说具体一点。	nǐ shuō jù tǐ yī diǎn 。	Be a bit more specific.	具体怎么做，你问他吧。	jù tǐ zěn me zuò ， nǐ wèn tā ba 。	For the details on how to do it, ask him.
613	臭	smelly, stinky; (of a face) sour, grumpy (臭脸)	这是什么味道，好臭啊！	zhè shì shén me wèi dào ， hǎo chòu a ！	What's that smell? It stinks!	你的鞋太臭了。	nǐ de xié tài chòu le 。	Your shoes really stink.	他今天一直臭着个脸。	tā jīn tiān yī zhí chòu zhe gè liǎn 。	He's had a sour face on all day.
614	表面	surface (表面兄弟 = friends only for show)	他表面上很开心。	tā biǎo miàn shàng hěn kāi xīn 。	On the surface he looks happy.	什么好朋友，我们只是表面兄弟。	shén me hǎo péng you ， wǒ men zhǐ shì biǎo miàn xiōng dì 。	Best friends? Nah, we're just bros for show.	别只看表面。	bié zhǐ kàn biǎo miàn 。	Don't just judge by the surface.
615	论文	thesis, paper	我的论文还没写完。	wǒ de lùn wén hái méi xiě wán 。	I still haven't finished my thesis.	这篇论文我看了三遍才看懂。	zhè piān lùn wén wǒ kàn le sān biàn cái kàn dǒng 。	I had to read this paper three times before I got it.	论文终于交了！	lùn wén zhōng yú jiāo le ！	Finally handed in my paper!
616	爱上	to fall in love with	我好像爱上他了。	wǒ hǎo xiàng ài shàng tā le 。	I think I've fallen for him.	听了一次就爱上了这首歌。	tīng le yī cì jiù ài shàng le zhè shǒu gē 。	I fell in love with this song after one listen.	我已经爱上这座城市了。	wǒ yǐ jīng ài shàng zhè zuò chéng shì le 。	I've already fallen in love with this city.
617	原本	originally	我原本想出去玩的。	wǒ yuán běn xiǎng chū qù wán de 。	I was originally going to go out.	原本说好三点见的。	yuán běn shuō hǎo sān diǎn jiàn de 。	We'd originally agreed to meet at three.	这里原本是个公园。	zhè lǐ yuán běn shì gè gōng yuán 。	This used to be a park.
618	前期	early stage	前期有点慢，后面很好看。	qián qī yǒu diǎn màn ， hòu miàn hěn hǎo kàn 。	It's a bit slow at the start, but it gets really good.	这个游戏前期很难。	zhè ge yóu xì qián qī hěn nán 。	This game is hard in the early stages.	前期准备做好了吗？	qián qī zhǔn bèi zuò hǎo le ma ？	Is the early prep all done?
619	狼	wolf	晚上山里可能有狼。	wǎn shang shān lǐ kě néng yǒu láng 。	There might be wolves in the mountains at night.	他像饿狼一样，一下子吃了三碗饭。	tā xiàng è láng yī yàng ， yī xià zi chī le sān wǎn fàn 。	Like a starving wolf, he put away three bowls of rice in no time.	狼来了的故事你听过吗？	láng lái le de gù shi nǐ tīng guo ma ？	Have you heard the boy-who-cried-wolf story?
620	砍	to chop; to haggle down (砍价)	他在砍树。	tā zài kǎn shù 。	He's chopping down a tree.	帮我砍一刀！	bāng wǒ kǎn yī dāo ！	Help me cut the price! (the classic Pinduoduo share-link request) (meme)	我砍了半天价，才便宜了十块钱。	wǒ kǎn le bàn tiān jià ， cái pián yi le shí kuài qián 。	I haggled forever and only got ten kuai off.
621	上头	(slang) addictive, hooked; (of alcohol) to go to one's head	这首歌太上头了！	zhè shǒu gē tài shàng tóu le ！	This song is so addictive!	这个游戏越玩越上头。	zhè ge yóu xì yuè wán yuè shàng tóu 。	The more I play this game, the more hooked I get.	这酒喝了有点上头。	zhè jiǔ hē le yǒu diǎn shàng tóu 。	This drink goes straight to your head.
622	无数	countless	我看了无数遍。	wǒ kàn le wú shù biàn 。	I've watched it countless times.	无数人在等这一天。	wú shù rén zài děng zhè yī tiān 。	Countless people have been waiting for this day.	他失败了无数次。	tā shī bài le wú shù cì 。	He's failed countless times.
623	大师	master	网上的“大师”太多了，别全信。	wǎng shàng de “ dà shī ” tài duō le ， bié quán xìn 。	There are way too many self-proclaimed "masters" online, don't believe them all.	大师，我悟了！	dà shī ， wǒ wù le ！	Master, I've seen the light! (mock-enlightened reply to a 'deep' post) (meme)	他是拍照大师吧！	tā shì pāi zhào dà shī ba ！	He must be a photography master!
624	忍不住	can't help (doing)	我忍不住笑了。	wǒ rěn bù zhù xiào le 。	I couldn't help laughing.	实在忍不住了，出来说两句。	shí zài rěn bù zhù le ， chū lái shuō liǎng jù 。	Couldn't stay quiet any longer, had to say something.	又忍不住买了。	yòu rěn bù zhù mǎi le 。	Couldn't resist buying it again.
625	人间	the human world (“人间值得” = life is worth it; “人间真实” = painfully relatable)	别难过，人间值得。	bié nán guò ， rén jiān zhí dé 。	Don't be sad, life is worth it. (meme)	考前一晚才开始学，人间真实。	kǎo qián yī wǎn cái kāi shǐ xué ， rén jiān zhēn shí 。	Only starting to study the night before the exam. Painfully relatable. (meme)	我又回到人间了！	wǒ yòu huí dào rén jiān le ！	I'm back in the land of the living!
626	成熟	mature	他比以前成熟多了。	tā bǐ yǐ qián chéng shú duō le 。	He's much more mature than before.	你能不能成熟一点？	nǐ néng bù néng chéng shú yī diǎn ？	Can you act a bit more grown-up?	这个苹果还没成熟。	zhè ge píng guǒ hái méi chéng shú 。	This apple isn't ripe yet.
627	头像	profile picture, avatar	你的头像好可爱！	nǐ de tóu xiàng hǎo kě ài ！	Your profile pic is so cute!	我换了个新头像。	wǒ huàn le gè xīn tóu xiàng 。	I changed my avatar.	看头像就知道是他。	kàn tóu xiàng jiù zhī dào shì tā 。	You can tell it's him from the avatar.
628	呼吸	to breathe	我紧张得都不敢呼吸了。	wǒ jǐn zhāng de dōu bù gǎn hū xī le 。	I'm so nervous I don't even dare breathe.	出去呼吸一下新鲜空气。	chū qù hū xī yī xià xīn xiān kōng qì 。	Go out and get some fresh air.	好看到忘记呼吸！	hǎo kàn dào wàng jì hū xī ！	So gorgeous I forgot to breathe!
629	意识	consciousness; awareness; to realise (意识到)	我突然意识到我错了。	wǒ tū rán yì shí dào wǒ cuò le 。	I suddenly realised I was wrong.	他没有一点安全意识。	tā méi yǒu yī diǎn ān quán yì shí 。	He has zero safety awareness.	他喝多了，没有意识了。	tā hē duō le ， méi yǒu yì shí le 。	He drank too much and passed out.
630	天才	genius	你是个天才吧！	nǐ shì gè tiān cái ba ！	You must be a genius!	这个想法太天才了。	zhè ge xiǎng fǎ tài tiān cái le 。	This idea is pure genius.	天才也要努力。	tiān cái yě yào nǔ lì 。	Even geniuses have to work hard.
631	大脑	brain (大脑一片空白 = mind goes blank)	考试的时候，我的大脑一片空白。	kǎo shì de shí hou ， wǒ de dà nǎo yī piàn kòng bái 。	During the exam my mind went completely blank.	我：好好学习。我的大脑：去睡觉吧。	wǒ ： hǎo hǎo xué xí 。 wǒ de dà nǎo ： qù shuì jiào ba 。	Me: time to study. My brain: go to sleep. (meme)	这种游戏很锻炼大脑。	zhè zhǒng yóu xì hěn duàn liàn dà nǎo 。	This kind of game is great brain training.
632	盖	to cover; lid; to build	天冷了，睡觉多盖点。	tiān lěng le ， shuì jiào duō gài diǎn 。	It's cold, cover up more when you sleep.	把盖子盖上。	bǎ gài zi gài shàng 。	Put the lid on.	这里要盖一座新楼。	zhè lǐ yào gài yī zuò xīn lóu 。	They're going to build a new building here.
633	念	to read aloud; to miss (someone); to nag; to study (念书)	你帮我念一下这个字。	nǐ bāng wǒ niàn yī xià zhè ge zì 。	Can you read this character out for me?	她一直念着你呢。	tā yī zhí niàn zhe nǐ ne 。	She keeps thinking about you.	别念了，我知道了！	bié niàn le ， wǒ zhī dào le ！	Stop nagging, I get it!
634	舒适	comfortable	这双鞋很舒适。	zhè shuāng xié hěn shū shì 。	These shoes are really comfy.	是时候走出舒适区了。	shì shí hou zǒu chū shū shì qū le 。	It's time to step out of my comfort zone.	这个沙发舒适度满分！	zhè ge shā fā shū shì dù mǎn fēn ！	This sofa gets full marks for comfort!
635	车祸	car accident (车祸现场 = a total trainwreck)	前面出车祸了。	qián miàn chū chē huò le 。	There's been a car accident up ahead.	他出了车祸，现在在医院。	tā chū le chē huò ， xiàn zài zài yī yuàn 。	He was in a car accident and he's in hospital now.	他一唱歌就是车祸现场。	tā yī chàng gē jiù shì chē huò xiàn chǎng 。	The second he starts singing, it's a total trainwreck.
636	小白	(slang) newbie, novice	我是小白，请多帮帮我。	wǒ shì xiǎo bái ， qǐng duō bāng bang wǒ 。	I'm a total newbie, please help me out.	这个视频小白也能看懂。	zhè ge shì pín xiǎo bái yě néng kàn dǒng 。	Even beginners can follow this video.	小白问一下，这个怎么用？	xiǎo bái wèn yī xià ， zhè ge zěn me yòng ？	Newbie question: how do you use this?
637	宝藏	(slang) hidden gem; treasure	这是什么宝藏歌手！	zhè shì shén me bǎo zàng gē shǒu ！	What a hidden gem of a singer!	发现了一家宝藏小店。	fā xiàn le yī jiā bǎo zàng xiǎo diàn 。	Found a hidden gem of a little shop.	这个视频真的是宝藏。	zhè ge shì pín zhēn de shì bǎo zàng 。	This video is a real treasure.
638	思维	way of thinking	男生和女生的思维真的不一样。	nán shēng hé nǚ shēng de sī wéi zhēn de bù yī yàng 。	Guys and girls really do think differently.	你这是什么思维啊？	nǐ zhè shì shén me sī wéi a ？	What kind of logic is that?	我跟不上你的思维。	wǒ gēn bù shàng nǐ de sī wéi 。	I can't keep up with your train of thought.
639	砸	to smash	他把手机砸了。	tā bǎ shǒu jī zá le 。	He smashed his phone.	我的脚被砸了一下。	wǒ de jiǎo bèi zá le yī xià 。	Something fell on my foot.	这次考试又考砸了。	zhè cì kǎo shì yòu kǎo zá le 。	I bombed the exam again.
640	事实	fact	事实就是这样。	shì shí jiù shì zhè yàng 。	That's just the way it is.	你说的不是事实。	nǐ shuō de bù shì shì shí 。	What you said isn't true.	事实上，他早就知道了。	shì shí shàng ， tā zǎo jiù zhī dào le 。	In fact, he knew all along.
641	俺	(dialect) I, me	俺也一样！	ǎn yě yī yàng ！	Same here! (Zhang Fei's 'me too' line from the Three Kingdoms TV drama) (meme)	俺家就在前面。	ǎn jiā jiù zài qián miàn 。	My place is just up ahead.	俺不知道啊。	ǎn bù zhī dào a 。	I dunno.
642	腰	waist, lower back	坐久了腰好疼。	zuò jiǔ le yāo hǎo téng 。	My lower back hurts from sitting too long.	她的腰好细啊。	tā de yāo hǎo xì a 。	Her waist is so slim.	我笑得腰都疼了。	wǒ xiào de yāo dōu téng le 。	I laughed so hard my sides hurt.
643	编	to make up (a story); to weave; to edit	别编了，我不信。	bié biān le ， wǒ bù xìn 。	Stop making stuff up, I don't believe you.	这个故事是他编的。	zhè ge gù shi shì tā biān de 。	He made this story up.	她会编头发。	tā huì biān tóu fa 。	She knows how to braid hair.
644	狠	ruthless; harsh; (slang) intensely	他对自己太狠了。	tā duì zì jǐ tài hěn le 。	He's way too hard on himself.	我今天狠狠地哭了一场。	wǒ jīn tiān hěn hěn de kū le yī chǎng 。	I had a really good cry today.	这话说得太狠了。	zhè huà shuō de tài hěn le 。	That's a really harsh thing to say.
645	说唱	rap	我最近很喜欢听说唱。	wǒ zuì jìn hěn xǐ huan tīng shuō chàng 。	I've been really into rap lately.	他的说唱太好听了。	tā de shuō chàng tài hǎo tīng le 。	His rap is so good.	这首说唱我听不懂。	zhè shǒu shuō chàng wǒ tīng bù dǒng 。	I can't understand this rap song.
646	躲	to hide; to dodge	你躲什么啊？	nǐ duǒ shén me a ？	What are you hiding from?	他一直在躲着我。	tā yī zhí zài duǒ zhe wǒ 。	He's been avoiding me.	我躲在房间里玩手机。	wǒ duǒ zài fáng jiān lǐ wán shǒu jī 。	I'm hiding in my room on my phone.
647	滑	slippery; to slide; to swipe (screen)	下雨了，路很滑。	xià yǔ le ， lù hěn huá 。	It's raining, the road is slippery.	往下滑就能看到了。	wǎng xià huá jiù néng kàn dào le 。	Scroll down and you'll see it.	我差点滑倒了。	wǒ chà diǎn huá dǎo le 。	I nearly slipped over.
648	发疯	to go crazy; (slang) to be unhinged	他又在发疯了。	tā yòu zài fā fēng le 。	He's losing it again.	上班上到想发疯。	shàng bān shàng dào xiǎng fā fēng 。	Work is making me want to lose my mind.	今天就让我发疯一下吧！	jīn tiān jiù ràng wǒ fā fēng yī xià ba ！	Just let me go feral for today!
649	夸张	exaggerated; over the top	你也太夸张了吧！	nǐ yě tài kuā zhāng le ba ！	You're being so over the top!	他说话总是很夸张。	tā shuō huà zǒng shì hěn kuā zhāng 。	He always exaggerates.	不夸张地说，我哭了三次。	bù kuā zhāng de shuō ， wǒ kū le sān cì 。	No exaggeration, I cried three times.
650	敏感	sensitive	这个词太敏感了，发不出去。	zhè ge cí tài mǐn gǎn le ， fā bù chū qù 。	That word's too sensitive, the comment won't post.	我皮肤有点敏感。	wǒ pí fū yǒu diǎn mǐn gǎn 。	My skin is a bit sensitive.	你别太敏感了。	nǐ bié tài mǐn gǎn le 。	Don't be so sensitive.
651	腻	greasy; fed up with, sick of	这个菜太腻了。	zhè ge cài tài nì le 。	This dish is way too greasy.	天天吃都吃腻了。	tiān tiān chī dōu chī nì le 。	I'm sick of eating it every day.	这首歌听一百遍都不腻。	zhè shǒu gē tīng yī bǎi biàn dōu bù nì 。	I could listen to this song a hundred times and not get tired of it.
652	解说	commentary; commentator	这个解说太好笑了。	zhè ge jiě shuō tài hǎo xiào le 。	This commentary is hilarious.	他在给比赛做解说。	tā zài gěi bǐ sài zuò jiě shuō 。	He's commentating the match.	没有解说我都看不懂。	méi yǒu jiě shuō wǒ dōu kàn bù dǒng 。	I can't follow it without the commentary.
653	完整	complete	有没有完整的视频？	yǒu méi yǒu wán zhěng de shì pín ？	Is there a full version of the video?	我终于完整地看完了一遍。	wǒ zhōng yú wán zhěng de kàn wán le yī biàn 。	I finally watched the whole thing start to finish.	你把话说完整，不要只说一半。	nǐ bǎ huà shuō wán zhěng ， bù yào zhǐ shuō yī bàn 。	Say the whole thing, don't just tell me half.
654	补充	to add, supplement	我再补充一点。	wǒ zài bǔ chōng yī diǎn 。	Let me add one more thing.	累了就吃点东西补充一下。	lèi le jiù chī diǎn dōng xi bǔ chōng yī xià 。	If you're tired, eat something to recharge.	有什么要补充的吗？	yǒu shén me yào bǔ chōng de ma ？	Anything to add?
655	热乎	warm (food); (slang) fresh, just out (“趁热乎”)	饭还热乎着呢，快吃吧。	fàn hái rè hu zhe ne ， kuài chī ba 。	The food's still warm, eat up.	刚出的视频，还热乎着呢！	gāng chū de shì pín ， hái rè hu zhe ne ！	Just dropped, still fresh!	热乎的包子来了！	rè hu de bāo zi lái le ！	Hot buns, fresh out!
656	传统	tradition; traditional	这是我们家的传统。	zhè shì wǒ men jiā de chuán tǒng 。	It's a family tradition.	我爸妈想法很传统。	wǒ bà mā xiǎng fǎ hěn chuán tǒng 。	My parents are pretty traditional.	过年吃饺子是传统。	guò nián chī jiǎo zi shì chuán tǒng 。	Eating dumplings at New Year is a tradition.
657	热门	popular, trending	这个视频上热门了！	zhè ge shì pín shàng rè mén le ！	This video is trending!	最近有什么热门的歌？	zuì jìn yǒu shén me rè mén de gē ？	What songs are trending lately?	这个专业现在很热门。	zhè ge zhuān yè xiàn zài hěn rè mén 。	This major is really popular right now.
658	撑	to hold up; to be stuffed (full); to support	吃太多了，好撑。	chī tài duō le ， hǎo chēng 。	I ate too much, I'm stuffed.	再撑一下，马上就下班了。	zài chēng yī xià ， mǎ shàng jiù xià bān le 。	Hang in there, we're almost off work.	我们一直撑你！	wǒ men yī zhí chēng nǐ ！	We'll always have your back!
659	一模一样	exactly the same	你们俩长得一模一样！	nǐ men liǎ zhǎng de yī mú yī yàng ！	You two look exactly alike!	我买了一件一模一样的。	wǒ mǎi le yī jiàn yī mú yī yàng de 。	I bought the exact same one.	跟我想的一模一样。	gēn wǒ xiǎng de yī mú yī yàng 。	Exactly what I imagined.
660	断	to break; to cut off (断更 = stop posting updates)	电话突然断了。	diàn huà tū rán duàn le 。	The call suddenly cut out.	我跟他断了联系。	wǒ gēn tā duàn le lián xì 。	I lost touch with him.	他已经断更半年了。	tā yǐ jīng duàn gēng bàn nián le 。	He hasn't posted anything new in six months.
661	反复	repeatedly; to recur (of illness etc.)	这段我反复看了好几遍。	zhè duàn wǒ fǎn fù kàn le hǎo jǐ biàn 。	I rewatched this part several times.	他总是反复问一个问题。	tā zǒng shì fǎn fù wèn yī gè wèn tí 。	He keeps asking the same question over and over.	发烧反复了好几天。	fā shāo fǎn fù le hǎo jǐ tiān 。	The fever kept coming back for days.
662	内存	memory (RAM, storage)	我手机内存不够了。	wǒ shǒu jī nèi cún bù gòu le 。	My phone is out of storage.	这个游戏太吃内存了。	zhè ge yóu xì tài chī nèi cún le 。	This game eats up way too much storage.	换个内存大一点的手机吧。	huàn gè nèi cún dà yī diǎn de shǒu jī ba 。	Get a phone with more storage.
663	导师	supervisor, mentor	我导师又找我了。	wǒ dǎo shī yòu zhǎo wǒ le 。	My supervisor's looking for me again.	我的导师人很好。	wǒ de dǎo shī rén hěn hǎo 。	My supervisor is really nice.	这件事要先问问导师。	zhè jiàn shì yào xiān wèn wen dǎo shī 。	I need to check with my mentor first.
664	宠物	pet	你养过宠物吗？	nǐ yǎng guo chǒng wù ma ？	Have you ever had a pet?	这家店可以带宠物进来。	zhè jiā diàn kě yǐ dài chǒng wù jìn lái 。	This place is pet-friendly.	附近有没有宠物医院？	fù jìn yǒu méi yǒu chǒng wù yī yuàn ？	Is there a vet nearby?
665	恢复	to recover	他的身体恢复得很好。	tā de shēn tǐ huī fù de hěn hǎo 。	He's recovering really well.	电脑终于恢复正常了。	diàn nǎo zhōng yú huī fù zhèng cháng le 。	The computer is finally back to normal.	我还没恢复过来。	wǒ hái méi huī fù guò lái 。	I still haven't recovered.
666	心动	heart racing (attraction); tempted	看到他第一眼就心动了。	kàn dào tā dì yī yǎn jiù xīn dòng le 。	My heart skipped a beat the first time I saw him.	这价格有点让人心动。	zhè jià gé yǒu diǎn ràng rén xīn dòng 。	This price is pretty tempting.	这个包我心动好久了，终于买了！	zhè ge bāo wǒ xīn dòng hǎo jiǔ le ， zhōng yú mǎi le ！	I'd had my eye on this bag for ages and finally bought it!
667	消费	to consume, spend; consumption	这里消费太高了。	zhè lǐ xiāo fèi tài gāo le 。	It's way too pricey here.	这家店最低消费一百块。	zhè jiā diàn zuì dī xiāo fèi yī bǎi kuài 。	This place has a 100-yuan minimum spend.	年轻人的消费习惯变了。	nián qīng rén de xiāo fèi xí guàn biàn le 。	Young people's spending habits have changed.
668	幼儿园	kindergarten	我儿子今年上幼儿园了。	wǒ ér zi jīn nián shàng yòu ér yuán le 。	My son started kindergarten this year.	你是幼儿园没毕业吗？	nǐ shì yòu ér yuán méi bì yè ma ？	Did you not graduate from kindergarten or what?	这是幼儿园的水平吧。	zhè shì yòu ér yuán de shuǐ píng ba 。	This is kindergarten level.
669	呆	dumb, blank; to stay (= 待)	我看了都呆住了。	wǒ kàn le dōu dāi zhù le 。	I was stunned when I saw it.	你怎么这么呆啊？	nǐ zěn me zhè me dāi a ？	Why are you so slow?	我在家呆了一整天。	wǒ zài jiā dāi le yī zhěng tiān 。	I stayed home all day.
670	显示	to display, show	手机显示电不多了。	shǒu jī xiǎn shì diàn bù duō le 。	My phone says the battery is low.	这里显示已经到了。	zhè lǐ xiǎn shì yǐ jīng dào le 。	It says here it's already arrived.	图片显示不出来。	tú piàn xiǎn shì bù chū lái 。	The picture won't load.
671	相对	relatively	这里的东西相对便宜。	zhè lǐ de dōng xi xiāng duì pián yi 。	Stuff here is relatively cheap.	相对来说，我还是更喜欢第一个。	xiāng duì lái shuō ， wǒ hái shi gèng xǐ huan dì yī gè 。	Relatively speaking, I still prefer the first one.	这个时间人相对少一点。	zhè ge shí jiān rén xiāng duì shǎo yī diǎn 。	There are relatively few people around at this time.
672	特色	characteristic; specialty	这是我们这里的特色菜。	zhè shì wǒ men zhè lǐ de tè sè cài 。	This is our local specialty dish.	这家店很有特色。	zhè jiā diàn hěn yǒu tè sè 。	This shop has a lot of character.	没什么特色，一般吧。	méi shén me tè sè ， yī bān ba 。	Nothing special, just average.
673	确定	sure, certain; to confirm	你确定要这样做吗？	nǐ què dìng yào zhè yàng zuò ma ？	Are you sure you want to do this?	我不确定他来不来。	wǒ bù què dìng tā lái bù lái 。	I'm not sure if he's coming.	时间确定了告诉我。	shí jiān què dìng le gào su wǒ 。	Let me know once the time is confirmed.
674	机器人	robot	你是机器人吗？回得这么快。	nǐ shì jī qì rén ma ？ huí de zhè me kuài 。	Are you a bot? You replied so fast.	这个机器人会做饭。	zhè ge jī qì rén huì zuò fàn 。	This robot can cook.	我每天上班像个机器人。	wǒ měi tiān shàng bān xiàng gè jī qì rén 。	I'm like a robot at work every day.
675	过于	too, excessively	这也过于真实了吧！	zhè yě guò yú zhēn shí le ba ！	That's a little too real! (meme)	不用过于担心，没什么大问题。	bù yòng guò yú dān xīn ， méi shén me dà wèn tí 。	No need to worry too much, it's nothing serious.	他过于认真了。	tā guò yú rèn zhēn le 。	He takes things too seriously.
676	本质	essence, nature	本质上是一样的。	běn zhì shàng shì yī yàng de 。	It's basically the same thing.	一句话说出了问题的本质。	yī jù huà shuō chū le wèn tí de běn zhì 。	Nailed the heart of the problem in one line.	这两个没有本质区别。	zhè liǎng gè méi yǒu běn zhì qū bié 。	There's no real difference between the two.
677	不可	cannot, must not (非…不可 = must, no matter what)	这部电影我今天非看不可！	zhè bù diàn yǐng wǒ jīn tiān fēi kàn bù kě ！	I'm watching this movie today, no matter what!	这家店不可不去！	zhè jiā diàn bù kě bù qù ！	This place is a must-visit!	他说的话不可全信。	tā shuō de huà bù kě quán xìn 。	You shouldn't believe everything he says.
678	拆	to take apart; to unbox; to tear down (拆家 = a pet wrecking the house)	快递到了，开拆！	kuài dì dào le ， kāi chāi ！	The package is here, time to unbox!	我家狗又拆家了！	wǒ jiā gǒu yòu chāi jiā le ！	My dog's trashed the house again!	这楼下个月就要拆了。	zhè lóu xià gè yuè jiù yào chāi le 。	This building is getting torn down next month.
679	多多	a lot (多多支持 = please support a lot)	第一次发视频，请多多支持！	dì yī cì fā shì pín ， qǐng duō duō zhī chí ！	My first video, please show lots of support!	以后多多来玩啊！	yǐ hòu duō duō lái wán a ！	Come hang out more often!	有问题多多交流。	yǒu wèn tí duō duō jiāo liú 。	Feel free to reach out if you have any questions.
680	辈子	lifetime	我这辈子都忘不了。	wǒ zhè bèi zi dōu wàng bù liǎo 。	I'll never forget it as long as I live.	有这么好的男朋友，你上辈子是拯救了银河系吧！	yǒu zhè me hǎo de nán péng you ， nǐ shàng bèi zi shì zhěng jiù le yín hé xì ba ！	A boyfriend this good? You must have saved the galaxy in a past life! (meme)	一辈子能有几次这样的机会？	yī bèi zi néng yǒu jǐ cì zhè yàng de jī huì ？	How many chances like this do you get in a lifetime?
681	对待	to treat (someone)	你要好好对待她。	nǐ yào hǎo hǎo duì dài tā 。	You'd better treat her well.	他对待工作很认真。	tā duì dài gōng zuò hěn rèn zhēn 。	He takes his work seriously.	你为什么这样对待我？	nǐ wèi shén me zhè yàng duì dài wǒ ？	Why are you treating me like this?
682	恨	to hate	我恨死他了！	wǒ hèn sǐ tā le ！	I hate him so much!	我恨自己没早点来。	wǒ hèn zì jǐ méi zǎo diǎn lái 。	I hate that I didn't come sooner.	我不恨你，真的。	wǒ bù hèn nǐ ， zhēn de 。	I don't hate you, really.
683	震惊	shocked	看完我整个人都震惊了。	kàn wán wǒ zhěng gè rén dōu zhèn jīng le 。	I was completely shocked after watching it.	这个消息让大家很震惊。	zhè ge xiāo xi ràng dà jiā hěn zhèn jīng 。	The news shocked everyone.	震惊！原来他会唱歌！	zhèn jīng ！ yuán lái tā huì chàng gē ！	SHOCKING! Turns out he can sing! (meme)
684	成本	cost	这个成本太高了。	zhè ge chéng běn tài gāo le 。	The cost of this is too high.	做这个视频成本不低吧？	zuò zhè ge shì pín chéng běn bù dī ba ？	This video must've cost a fair bit to make, right?	时间也是成本啊。	shí jiān yě shì chéng běn a 。	Time is a cost too, you know.
685	相处	to get along with	他这个人很好相处。	tā zhè ge rén hěn hǎo xiāng chǔ 。	He's really easy to get along with.	我们相处得很开心。	wǒ men xiāng chǔ de hěn kāi xīn 。	We get along really well.	我不知道怎么跟同事相处。	wǒ bù zhī dào zěn me gēn tóng shì xiāng chǔ 。	I don't know how to get along with my coworkers.
686	天生	born, innate	有的人天生就会唱歌。	yǒu de rén tiān shēng jiù huì chàng gē 。	Some people are just born singers.	我天生就怕冷。	wǒ tiān shēng jiù pà lěng 。	I was just born sensitive to the cold.	你俩真的是天生一对！	nǐ liǎ zhēn de shì tiān shēng yī duì ！	You two are a match made in heaven!
687	剪辑	to edit (video); edit, montage	这个剪辑太好了！	zhè ge jiǎn jí tài hǎo le ！	This edit is amazing!	我在学剪辑视频。	wǒ zài xué jiǎn jí shì pín 。	I'm learning to edit videos.	剪辑的人辛苦了！	jiǎn jí de rén xīn kǔ le ！	Props to whoever edited this!
688	逐渐	gradually (笑容逐渐消失 = "my smile slowly faded" meme)	天气逐渐变冷了。	tiān qì zhú jiàn biàn lěng le 。	The weather is gradually getting colder.	我逐渐习惯了这里的生活。	wǒ zhú jiàn xí guàn le zhè lǐ de shēng huó 。	I'm gradually getting used to life here.	看到价格，我的笑容逐渐消失。	kàn dào jià gé ， wǒ de xiào róng zhú jiàn xiāo shī 。	Then I saw the price, and my smile slowly faded. (meme)
689	精力	energy	我没那么多精力了。	wǒ méi nà me duō jīng lì le 。	I don't have that much energy anymore.	小孩子精力真好。	xiǎo hái zi jīng lì zhēn hǎo 。	Little kids have so much energy.	他把精力都放在工作上了。	tā bǎ jīng lì dōu fàng zài gōng zuò shàng le 。	He puts all his energy into work.
690	认	to recognise; to admit	我马上就认出他了。	wǒ mǎ shàng jiù rèn chū tā le 。	I recognised him right away.	我认错，是我不对。	wǒ rèn cuò ， shì wǒ bù duì 。	I admit it, I was wrong.	我认了，你说得对。	wǒ rèn le ， nǐ shuō de duì 。	Fine, I concede, you're right.
691	哭死	(slang) so moved I could cry	他也太好了吧，哭死！	tā yě tài hǎo le ba ， kū sǐ ！	He's too good, I'm literally crying!	这部电影我看一次哭死一次。	zhè bù diàn yǐng wǒ kàn yī cì kū sǐ yī cì 。	This film makes me sob every single time.	哭死，他还记得我的生日。	kū sǐ ， tā hái jì de wǒ de shēng rì 。	I'm crying, he still remembers my birthday.
692	性能	performance (of a device)	这台电脑性能不错。	zhè tái diàn nǎo xìng néng bù cuò 。	This computer performs pretty well.	手机性能越来越好了。	shǒu jī xìng néng yuè lái yuè hǎo le 。	Phones keep getting more powerful.	这个价格，这个性能，值了！	zhè ge jià gé ， zhè ge xìng néng ， zhí le ！	For this price and this performance, totally worth it!
693	针对	to target, aim at	你是不是在针对我？	nǐ shì bù shì zài zhēn duì wǒ ？	Are you picking on me?	我不是针对你。	wǒ bù shì zhēn duì nǐ 。	It's nothing personal.	这个活动针对的是学生。	zhè ge huó dòng zhēn duì de shì xué shēng 。	This event is aimed at students.
694	前段时间	a while ago, recently	前段时间我去了一次上海。	qián duàn shí jiān wǒ qù le yī cì shàng hǎi 。	I went to Shanghai a while back.	前段时间太忙了。	qián duàn shí jiān tài máng le 。	I was super busy for a while there.	前段时间不是还好好的吗？	qián duàn shí jiān bù shì hái hǎo hǎo de ma ？	Weren't things fine just recently?
695	时光	time (period of life)	那是我最快乐的时光。	nà shì wǒ zuì kuài lè de shí guāng 。	That was the happiest time of my life.	好想回到高中时光。	hǎo xiǎng huí dào gāo zhōng shí guāng 。	I really miss my high school days.	谢谢你陪我走过这段时光。	xiè xie nǐ péi wǒ zǒu guò zhè duàn shí guāng 。	Thanks for being with me through this time.
696	极限	limit, extreme	我已经到极限了。	wǒ yǐ jīng dào jí xiàn le 。	I've hit my limit.	最后一秒赢了，太极限了！	zuì hòu yī miǎo yíng le ， tài jí xiàn le ！	Won in the last second, talk about cutting it fine!	这两个人一直在极限拉扯，到底在不在一起啊？	zhè liǎng gè rén yī zhí zài jí xiàn lā chě ， dào dǐ zài bù zài yī qǐ a ？	These two keep up this endless will-they-won't-they push and pull. Are they together or not?!
697	各种各样	all kinds of	店里有各种各样的东西。	diàn lǐ yǒu gè zhǒng gè yàng de dōng xi 。	The shop has all kinds of stuff.	我试过各种各样的方法。	wǒ shì guo gè zhǒng gè yàng de fāng fǎ 。	I've tried every method under the sun.	评论区有各种各样的人。	píng lùn qū yǒu gè zhǒng gè yàng de rén 。	There are all sorts of people in the comments.
698	隔	to separate; at intervals	隔着屏幕都能闻到香味！	gé zhe píng mù dōu néng wén dào xiāng wèi ！	I can smell it through the screen!	每隔三天他就来一次。	měi gé sān tiān tā jiù lái yī cì 。	He comes by every three days.	隔了这么多年又见面了。	gé le zhè me duō nián yòu jiàn miàn le 。	We met again after all these years.
699	店铺	shop, store	这条街上店铺很多。	zhè tiáo jiē shàng diàn pù hěn duō 。	There are lots of shops on this street.	我在网上开了个小店铺。	wǒ zài wǎng shàng kāi le gè xiǎo diàn pù 。	I opened a little online shop.	喜欢的话可以关注一下店铺。	xǐ huan de huà kě yǐ guān zhù yī xià diàn pù 。	If you like it, give the shop a follow.
700	忍	to endure, put up with	我忍了很久了。	wǒ rěn le hěn jiǔ le 。	I've put up with it for a long time.	实在忍不了了！	shí zài rěn bù liǎo le ！	I really can't take it anymore!	再忍一下就好了。	zài rěn yī xià jiù hǎo le 。	Just hang on a little longer.
701	社交	social interaction; social	我不太会社交，人一多就紧张。	wǒ bù tài huì shè jiāo ， rén yī duō jiù jǐn zhāng 。	I'm not great at socialising — I get nervous when there are lots of people.	下班以后我只想在家，不想社交。	xià bān yǐ hòu wǒ zhǐ xiǎng zài jiā ， bù xiǎng shè jiāo 。	After work I just want to stay home, not socialise.	他社交能力很强，跟谁都能聊。	tā shè jiāo néng lì hěn qiáng ， gēn shéi dōu néng liáo 。	He's got great social skills — he can chat with anyone.
702	女友	girlfriend	他女友是我高中同学。	tā nǚ yǒu shì wǒ gāo zhōng tóng xué 。	His girlfriend was my high school classmate.	好想要一个这样的女友！	hǎo xiǎng yào yī gè zhè yàng de nǚ yǒu ！	I so want a girlfriend like this!	前女友突然给我发消息了。	qián nǚ yǒu tū rán gěi wǒ fā xiāo xi le 。	My ex-girlfriend suddenly messaged me.
703	粉色	pink	这个粉色和白色放在一起真好看。	zhè ge fěn sè hé bái sè fàng zài yī qǐ zhēn hǎo kàn 。	This pink looks so good with white.	她房间里全是粉色的东西。	tā fáng jiān lǐ quán shì fěn sè de dōng xi 。	Everything in her room is pink.	男生穿粉色也很帅啊。	nán shēng chuān fěn sè yě hěn shuài a 。	Guys look great in pink too.
704	辣椒	chilli pepper	我吃面一定要放辣椒。	wǒ chī miàn yī dìng yào fàng là jiāo 。	I always have to put chilli in my noodles.	这辣椒也太辣了，我哭了。	zhè là jiāo yě tài là le ， wǒ kū le 。	This chilli is way too hot, I'm crying.	服务员，少放点辣椒！	fú wù yuán ， shǎo fàng diǎn là jiāo ！	Excuse me, go easy on the chilli!
705	拿下	to capture, win; to land (a deal)	这场比赛我们一定要拿下！	zhè chǎng bǐ sài wǒ men yī dìng yào ná xià ！	We've got to win this match!	这么便宜？直接拿下！	zhè me pián yi ？ zhí jiē ná xià ！	This cheap? Instant buy!	这份工作终于拿下了！	zhè fèn gōng zuò zhōng yú ná xià le ！	Finally landed this job!
706	安慰	to comfort	别安慰我了，我没事。	bié ān wèi wǒ le ， wǒ méi shì 。	Stop trying to comfort me, I'm fine.	她哭了，我不知道怎么安慰她。	tā kū le ， wǒ bù zhī dào zěn me ān wèi tā 。	She's crying and I don't know how to comfort her.	谢谢你的安慰，我好多了。	xiè xie nǐ de ān wèi ， wǒ hǎo duō le 。	Thanks for the comfort, I feel much better.
707	摄像头	camera (webcam, phone camera, security camera)	开会的时候记得开摄像头。	kāi huì de shí hou jì de kāi shè xiàng tóu 。	Remember to turn your camera on during meetings.	我的电脑摄像头坏了。	wǒ de diàn nǎo shè xiàng tóu huài le 。	My computer's webcam is broken.	门口有摄像头，别担心。	mén kǒu yǒu shè xiàng tóu ， bié dān xīn 。	There's a camera at the door, don't worry.
708	连续	continuous, in a row	我已经连续加班一周了。	wǒ yǐ jīng lián xù jiā bān yī zhōu le 。	I've been working overtime for a whole week straight.	他连续三年拿了第一。	tā lián xù sān nián ná le dì yī 。	He came first three years in a row.	连续看了五个小时，眼睛好累。	lián xù kàn le wǔ gè xiǎo shí ， yǎn jing hǎo lèi 。	Watched for five hours straight, my eyes are so tired.
709	大多数	majority, most	大多数人都是这么想的。	dà duō shù rén dōu shì zhè me xiǎng de 。	Most people think that way.	我大多数时间都在家。	wǒ dà duō shù shí jiān dōu zài jiā 。	I'm at home most of the time.	班上大多数同学都去了。	bān shàng dà duō shù tóng xué dōu qù le 。	Most of the class went.
710	男女	men and women	男女都可以参加。	nán nǚ dōu kě yǐ cān jiā 。	Both men and women can join.	男女之间真的能做好朋友吗？	nán nǚ zhī jiān zhēn de néng zuò hǎo péng you ma ？	Can men and women really just be good friends?	这个问题男女看法不一样。	zhè ge wèn tí nán nǚ kàn fǎ bù yī yàng 。	Men and women see this issue differently.
711	屁股	butt	坐了一天，屁股都疼了。	zuò le yī tiān ， pì gu dōu téng le 。	Sat all day, my butt hurts.	他一屁股坐在沙发上。	tā yī pì gu zuò zài shā fā shàng 。	He plonked himself down on the sofa.	他事情没做完就拍拍屁股走了。	tā shì qing méi zuò wán jiù pāi pai pì gu zǒu le 。	He just up and left without finishing the job.
712	合影	photo together, group photo; to take a photo together	我们来合个影吧！	wǒ men lái hé gè yǐng ba ！	Let's take a group photo!	毕业那天大家一起合影了。	bì yè nà tiān dà jiā yī qǐ hé yǐng le 。	We all took a group photo on graduation day.	这张合影里谁最好看？	zhè zhāng hé yǐng lǐ shéi zuì hǎo kàn ？	Who looks best in this group photo?
713	穿越	to travel through; time travel (genre)	要是能穿越回去就好了。	yào shi néng chuān yuè huí qù jiù hǎo le 。	If only I could time-travel back.	我最爱看穿越小说了。	wǒ zuì ài kàn chuān yuè xiǎo shuō le 。	Time-travel novels are my favourite.	他骑自行车穿越了大半个中国。	tā qí zì xíng chē chuān yuè le dà bàn gè zhōng guó 。	He cycled across most of China.
714	虾	shrimp	我最爱吃虾了。	wǒ zuì ài chī xiā le 。	Shrimp is my favourite.	这家店的虾特别新鲜。	zhè jiā diàn de xiā tè bié xīn xiān 。	The shrimp at this place is super fresh.	今天晚上吃虾怎么样？	jīn tiān wǎn shang chī xiā zěn me yàng ？	How about shrimp tonight?
715	幸运	lucky	能认识你，我太幸运了。	néng rèn shi nǐ ， wǒ tài xìng yùn le 。	I'm so lucky to know you.	今天是我的幸运日！	jīn tiān shì wǒ de xìng yùn rì ！	Today's my lucky day!	为什么幸运的从来不是我？	wèi shén me xìng yùn de cóng lái bù shì wǒ ？	Why is it never me who gets lucky?
716	要不然	otherwise, or else; (suggesting an alternative) how about…, maybe we could…	快点走，要不然来不及了。	kuài diǎn zǒu ， yào bù rán lái bù jí le 。	Hurry up, otherwise we'll be late.	多穿点，要不然会感冒的。	duō chuān diǎn ， yào bù rán huì gǎn mào de 。	Wear more layers, or you'll catch a cold.	要不然我们明天再去吧？	yào bù rán wǒ men míng tiān zài qù ba ？	Or how about we go tomorrow instead?
717	淡	light, bland; faint	这个菜太淡了，没什么味道。	zhè ge cài tài dàn le ， méi shén me wèi dào 。	This dish is too bland, it barely tastes of anything.	我喜欢颜色淡一点的衣服。	wǒ xǐ huan yán sè dàn yī diǎn de yī fu 。	I like clothes in lighter colours.	时间久了，感情也淡了。	shí jiān jiǔ le ， gǎn qíng yě dàn le 。	Over time, the feelings faded.
718	黑人	black person	这个黑人小哥在中国住了十年了。	zhè ge hēi rén xiǎo gē zài zhōng guó zhù le shí nián le 。	This black guy has lived in China for ten years.	看完这个视频，我一脸黑人问号。	kàn wán zhè ge shì pín ， wǒ yī liǎn hēi rén wèn hào 。	After watching this video I was totally like '???' (黑人问号, the confused-face reaction image). (meme)	这部电影里有很多黑人演员。	zhè bù diàn yǐng lǐ yǒu hěn duō hēi rén yǎn yuán 。	There are lots of black actors in this film.
719	巅峰	peak	这张照片真的是他的颜值巅峰！	zhè zhāng zhào piàn zhēn de shì tā de yán zhí diān fēng ！	This photo really is him at peak hotness!	这就是人生巅峰吧！	zhè jiù shì rén shēng diān fēng ba ！	This must be the peak of my life!	他巅峰的时候真的太强了。	tā diān fēng de shí hou zhēn de tài qiáng le 。	He was seriously strong at his peak.
720	选手	contestant, player	这个选手唱得太好了！	zhè ge xuǎn shǒu chàng de tài hǎo le ！	This contestant sings so well!	每个选手都很努力。	měi gè xuǎn shǒu dōu hěn nǔ lì 。	Every contestant is working really hard.	他是我们队最年轻的选手。	tā shì wǒ men duì zuì nián qīng de xuǎn shǒu 。	He's the youngest player on our team.
721	脑袋	head	我脑袋好疼，想睡觉。	wǒ nǎo dai hǎo téng ， xiǎng shuì jiào 。	My head hurts, I want to sleep.	你脑袋里在想什么啊？	nǐ nǎo dai lǐ zài xiǎng shén me a ？	What's going on in that head of yours?	他一拍脑袋就决定了。	tā yī pāi nǎo dai jiù jué dìng le 。	He decided on a whim.
722	志愿	application choice (university); volunteer	你第一志愿选的哪个大学？	nǐ dì yī zhì yuàn xuǎn de nǎ ge dà xué ？	Which university did you pick as your first choice?	选志愿的时候，我爸妈比我还紧张。	xuǎn zhì yuàn de shí hou ， wǒ bà mā bǐ wǒ hái jǐn zhāng 。	When I was picking my uni choices, my parents were more nervous than I was.	周末我去做志愿者了。	zhōu mò wǒ qù zuò zhì yuàn zhě le 。	I went volunteering on the weekend.
723	拖	to drag; to procrastinate	别拖了，今天就做完吧。	bié tuō le ， jīn tiān jiù zuò wán ba 。	Stop putting it off, just finish it today.	我又拖到最后一天才写作业。	wǒ yòu tuō dào zuì hòu yī tiān cái xiě zuò yè 。	I put off my homework till the last day again.	他拖着箱子跑了过来。	tā tuō zhe xiāng zi pǎo le guò lái 。	He came running over dragging his suitcase.
724	玫瑰	rose	他送了我很多玫瑰。	tā sòng le wǒ hěn duō méi guī 。	He gave me loads of roses.	今天玫瑰怎么这么贵？	jīn tiān méi guī zěn me zhè me guì ？	Why are roses so expensive today?	这个玫瑰味的面包很好吃。	zhè ge méi guī wèi de miàn bāo hěn hǎo chī 。	This rose-flavoured bread is really good.
725	时刻	moment; at all times	考了第一名，这是我人生的高光时刻！	kǎo le dì yī míng ， zhè shì wǒ rén shēng de gāo guāng shí kè ！	Came first in the exam. This is the highlight of my life!	我时刻准备着！	wǒ shí kè zhǔn bèi zhe ！	Always prepared! (Young Pioneers' slogan, often used jokingly) (meme)	开车要时刻注意安全。	kāi chē yào shí kè zhù yì ān quán 。	When driving, always pay attention to safety.
726	安心	at ease; to set one's mind at rest	有你在我就安心了。	yǒu nǐ zài wǒ jiù ān xīn le 。	With you here I feel at ease.	你安心工作，家里有我呢。	nǐ ān xīn gōng zuò ， jiā lǐ yǒu wǒ ne 。	Just focus on work and don't worry, I've got things covered at home.	到家了给我发个消息，让我安心。	dào jiā le gěi wǒ fā gè xiāo xi ， ràng wǒ ān xīn 。	Text me when you get home so I don't worry.
727	在线	online	在线等，挺急的！	zài xiàn děng ， tǐng jí de ！	Waiting online, kinda urgent! (meme)	他一直在线，就是不回我消息。	tā yī zhí zài xiàn ， jiù shì bù huí wǒ xiāo xi 。	He's been online the whole time, he just won't reply to me.	这部电影可以在线看吗？	zhè bù diàn yǐng kě yǐ zài xiàn kàn ma ？	Can you watch this film online?
728	细腻	delicate, fine; sensitive	这个蛋糕吃起来特别细腻。	zhè ge dàn gāo chī qǐ lái tè bié xì nì 。	This cake has a really smooth, fine texture.	她这个人很细腻，特别会照顾人。	tā zhè ge rén hěn xì nì ， tè bié huì zhào gù rén 。	She's really perceptive and great at looking after people.	这部电影拍得很细腻。	zhè bù diàn yǐng pāi de hěn xì nì 。	This film is very delicately made.
729	自身	oneself, itself	先找找自身的问题吧。	xiān zhǎo zhao zì shēn de wèn tí ba 。	Look at your own problems first.	这跟他自身的努力分不开。	zhè gēn tā zì shēn de nǔ lì fēn bù kāi 。	That's down to his own hard work.	要根据自身情况来选。	yào gēn jù zì shēn qíng kuàng lái xuǎn 。	Choose based on your own situation.
730	说起	speaking of	说起这个我就生气。	shuō qǐ zhè ge wǒ jiù shēng qì 。	Just talking about this makes me mad.	说起来你可能不信。	shuō qǐ lái nǐ kě néng bù xìn 。	You might not believe this, but...	说起吃的，我可太懂了！	shuō qǐ chī de ， wǒ kě tài dǒng le ！	When it comes to food, I really know my stuff!
731	签	to sign	我排了两个小时队，终于让他给我签了个名！	wǒ pái le liǎng gè xiǎo shí duì ， zhōng yú ràng tā gěi wǒ qiān le gè míng ！	I queued for two hours and finally got his autograph!	我已经签了，明天开始上班。	wǒ yǐ jīng qiān le ， míng tiān kāi shǐ shàng bān 。	I've already signed, I start work tomorrow.	你帮我签一下字吧。	nǐ bāng wǒ qiān yī xià zì ba 。	Can you sign this for me?
732	生涯	career	这是他职业生涯最好的一年。	zhè shì tā zhí yè shēng yá zuì hǎo de yī nián 。	This is the best year of his career.	我的学生生涯终于结束了。	wǒ de xué shēng shēng yá zhōng yú jié shù le 。	My student days are finally over.	他的演员生涯才刚开始。	tā de yǎn yuán shēng yá cái gāng kāi shǐ 。	His acting career has only just begun.
733	命运	fate	我不相信命运，我只相信自己。	wǒ bù xiāng xìn mìng yùn ， wǒ zhǐ xiāng xìn zì jǐ 。	I don't believe in fate, only in myself.	我想改变自己的命运。	wǒ xiǎng gǎi biàn zì jǐ de mìng yùn 。	I want to change my fate.	命运真会开玩笑。	mìng yùn zhēn huì kāi wán xiào 。	Fate really has a sense of humour.
734	仿佛	as if	听到这首歌，仿佛回到了高中。	tīng dào zhè shǒu gē ， fǎng fú huí dào le gāo zhōng 。	Hearing this song, it's like I'm back in high school.	他笑了笑，仿佛什么都没发生过。	tā xiào le xiao ， fǎng fú shén me dōu méi fā shēng guo 。	He just smiled, as if nothing had happened.	时间仿佛停了下来。	shí jiān fǎng fú tíng le xià lái 。	It was as if time had stopped.
735	善良	kind-hearted	她是个很善良的女孩。	tā shì gè hěn shàn liáng de nǚ hái 。	She's a really kind-hearted girl.	不管怎样，都要做个善良的人。	bù guǎn zěn yàng ， dōu yào zuò gè shàn liáng de rén 。	Whatever happens, be a kind person.	你的善良要用对地方。	nǐ de shàn liáng yào yòng duì dì fang 。	Use your kindness in the right places.
736	抽奖	to draw a prize, lucky draw	这次抽奖我又什么都没中。	zhè cì chōu jiǎng wǒ yòu shén me dōu méi zhòng 。	Didn't win anything in the lucky draw again.	参加抽奖，希望能中！	cān jiā chōu jiǎng ， xī wàng néng zhòng ！	Entering the giveaway, hope I win!	周末店里有抽奖活动。	zhōu mò diàn lǐ yǒu chōu jiǎng huó dòng 。	The shop has a prize draw this weekend.
737	单独	alone, separately	我想单独跟你聊聊。	wǒ xiǎng dān dú gēn nǐ liáo liao 。	I want to talk to you alone.	这个可以单独买吗？	zhè ge kě yǐ dān dú mǎi ma ？	Can I buy this separately?	晚上我不敢单独出门。	wǎn shang wǒ bù gǎn dān dú chū mén 。	I'm scared to go out alone at night.
738	设定	setting (of a story/character); to set	这部小说的设定好有意思。	zhè bù xiǎo shuō de shè dìng hǎo yǒu yì si 。	The setting of this novel is so interesting.	今年我给自己设定了一个目标，每天跑五公里。	jīn nián wǒ gěi zì jǐ shè dìng le yī gè mù biāo ， měi tiān pǎo wǔ gōng lǐ 。	This year I set myself a goal: run five kilometres every day.	这个设定我真的接受不了。	zhè ge shè dìng wǒ zhēn de jiē shòu bù liǎo 。	I honestly can't accept this plot setup.
739	概率	probability, chance	这种事发生的概率很小。	zhè zhǒng shì fā shēng de gài lǜ hěn xiǎo 。	The chance of that happening is tiny.	下雨的概率是百分之八十。	xià yǔ de gài lǜ shì bǎi fēn zhī bā shí 。	There's an eighty percent chance of rain.	他明天大概率不会来了。	tā míng tiān dà gài lǜ bù huì lái le 。	Chances are he won't come tomorrow.
740	私信	private message, DM	有问题可以私信我。	yǒu wèn tí kě yǐ sī xìn wǒ 。	DM me if you have questions.	我私信了他，他还没回。	wǒ sī xìn le tā ， tā hái méi huí 。	I DMed him but he hasn't replied yet.	好多人给我发私信。	hǎo duō rén gěi wǒ fā sī xìn 。	Loads of people are sending me DMs.
741	靠谱	reliable	这个人做事很靠谱。	zhè ge rén zuò shì hěn kào pǔ 。	This guy is really reliable.	这家店靠谱吗？有人去过吗？	zhè jiā diàn kào pǔ ma ？ yǒu rén qù guo ma ？	Is this place any good? Anyone been?	你这个想法太不靠谱了。	nǐ zhè ge xiǎng fǎ tài bù kào pǔ le 。	That idea of yours is way too unrealistic.
742	谁懂	(slang) who gets it?! (can anyone relate)	谁懂啊，今天又加班了。	shéi dǒng a ， jīn tiān yòu jiā bān le 。	Can anyone relate? Overtime again today. (meme)	谁懂这种快乐啊！	shéi dǒng zhè zhǒng kuài lè a ！	Who else knows this kind of joy?! (meme)	谁懂，一觉醒来已经中午了。	shéi dǒng ， yī jiào xǐng lái yǐ jīng zhōng wǔ le 。	Anyone else? Woke up and it was already noon. (meme)
743	传说	legend	这就是传说中的那家店吗？	zhè jiù shì chuán shuō zhōng de nà jiā diàn ma ？	Is this the legendary shop everyone talks about?	这个地方有很多传说。	zhè ge dì fang yǒu hěn duō chuán shuō 。	There are lots of legends about this place.	传说他一天只睡三个小时。	chuán shuō tā yī tiān zhǐ shuì sān gè xiǎo shí 。	Legend has it he only sleeps three hours a day.
744	抑郁症	depression (illness)	抑郁症不是想开点就能好的。	yì yù zhèng bù shì xiǎng kāi diǎn jiù néng hǎo de 。	Depression isn't something you fix by just cheering up.	他得抑郁症以后，对什么都没兴趣了。	tā dé yì yù zhèng yǐ hòu ， duì shén me dōu méi xìng qù le 。	Since he developed depression, he's lost interest in everything.	我朋友有抑郁症，我该怎么帮她？	wǒ péng you yǒu yì yù zhèng ， wǒ gāi zěn me bāng tā ？	My friend has depression, how should I help her?
745	动态	(social media) update, post; dynamic	她刚发了一条新动态。	tā gāng fā le yī tiáo xīn dòng tài 。	She just posted a new update.	我每天都会看他的动态。	wǒ měi tiān dōu huì kàn tā de dòng tài 。	I check his posts every day.	有什么新动态记得告诉我。	yǒu shén me xīn dòng tài jì de gào su wǒ 。	Let me know if there's any news.
746	联动	collab (crossover)	这两个游戏要联动了！	zhè liǎng gè yóu xì yào lián dòng le ！	These two games are doing a collab!	这次联动的衣服太好看了。	zhè cì lián dòng de yī fu tài hǎo kàn le 。	The outfits from this collab look amazing.	希望两位老师能联动一下！	xī wàng liǎng wèi lǎo shī néng lián dòng yī xià ！	Really hope these two creators do a collab!
747	味儿	(coll.) flavour, smell; vibe	对，就是这个味儿！	duì ， jiù shì zhè ge wèir ！	Yes! That's the stuff!	冰箱里怎么有一种奇怪的味儿？	bīng xiāng lǐ zěn me yǒu yī zhǒng qí guài de wèir ？	Why is there a weird smell in the fridge?	这首歌真有老歌那味儿。	zhè shǒu gē zhēn yǒu lǎo gē nà wèir 。	This song's really got that old-school vibe.
748	但凡	if only (even slightly); as long as; anyone who, every (但凡…都)	但凡有空，我都会回家看看爸妈。	dàn fán yǒu kòng ， wǒ dōu huì huí jiā kàn kan bà mā 。	Whenever I get any free time at all, I go home to see my parents.	但凡有一点办法，我也不会找你。	dàn fán yǒu yī diǎn bàn fǎ ， wǒ yě bù huì zhǎo nǐ 。	If I had any other option, I wouldn't be asking you.	但凡去过的人都说好。	dàn fán qù guo de rén dōu shuō hǎo 。	Everyone who's been there says it's great.
749	模仿	to imitate	他模仿老师说话，笑死我了。	tā mó fǎng lǎo shī shuō huà ， xiào sǐ wǒ le 。	He did an impression of the teacher, I died laughing.	小孩子特别喜欢模仿大人。	xiǎo hái zi tè bié xǐ huan mó fǎng dà ren 。	Little kids love copying grown-ups.	别模仿我，做你自己就好。	bié mó fǎng wǒ ， zuò nǐ zì jǐ jiù hǎo 。	Don't copy me, just be yourself.
750	不停	nonstop	我手机一直响个不停。	wǒ shǒu jī yī zhí xiǎng gè bù tíng 。	My phone won't stop ringing.	他不停地问我问题。	tā bù tíng de wèn wǒ wèn tí 。	He keeps asking me questions nonstop.	今天雨下个不停，好烦。	jīn tiān yǔ xià gè bù tíng ， hǎo fán 。	It's been raining nonstop today, so annoying.
751	狗狗	doggie	这只狗狗好聪明，会自己开门。	zhè zhī gǒu gou hǎo cōng míng ， huì zì jǐ kāi mén 。	This doggo is so smart, it can open the door by itself.	我每天都要带狗狗出去走走。	wǒ měi tiān dōu yào dài gǒu gou chū qù zǒu zou 。	I take my dog out for a walk every day.	狗狗生病了，我好担心。	gǒu gou shēng bìng le ， wǒ hǎo dān xīn 。	My doggie's sick, I'm so worried.
752	崩	to collapse; (of an app/game/server) to crash; (slang) to fall apart, lose it, go off the rails (写崩了, 心态崩了, 人设崩了)	这部小说后面写崩了。	zhè bù xiǎo shuō hòu miàn xiě bēng le 。	This novel totally went off the rails in the second half.	我真的要崩了，作业太多了。	wǒ zhēn de yào bēng le ， zuò yè tài duō le 。	I'm about to break down, there's way too much homework.	游戏又崩了，进不去。	yóu xì yòu bēng le ， jìn bù qù 。	The game crashed again, can't get in.
753	不配	not worthy (of)	我不配有这么好的朋友。	wǒ bù pèi yǒu zhè me hǎo de péng you 。	I don't deserve such good friends.	他这样的人不配当老师。	tā zhè yàng de rén bù pèi dāng lǎo shī 。	Someone like him isn't fit to be a teacher.	我这种人不配吃这么贵的东西。	wǒ zhè zhǒng rén bù pèi chī zhè me guì de dōng xi 。	People like me don't deserve food this expensive.
754	特殊	special	今天是个特殊的日子。	jīn tiān shì gè tè shū de rì zi 。	Today is a special day.	就你特殊？大家都在排队呢。	jiù nǐ tè shū ？ dà jiā dōu zài pái duì ne 。	What makes you so special? Everyone else is queuing.	没有特殊情况，别请假。	méi yǒu tè shū qíng kuàng ， bié qǐng jià 。	Don't take time off unless there are special circumstances.
755	温暖	warm	你的话让我觉得好温暖。	nǐ de huà ràng wǒ jué de hǎo wēn nuǎn 。	Your words made me feel so warm inside.	今天的阳光好温暖啊。	jīn tiān de yáng guāng hǎo wēn nuǎn a 。	The sunshine is so warm today.	家永远是最温暖的地方。	jiā yǒng yuǎn shì zuì wēn nuǎn de dì fang 。	Home will always be the warmest place.
756	设备	device, equipment	我的设备太旧了，玩不了这个游戏。	wǒ de shè bèi tài jiù le ， wán bù liǎo zhè ge yóu xì 。	My device is too old to run this game.	你用的什么设备拍的？	nǐ yòng de shén me shè bèi pāi de ？	What did you shoot this with?	公司的设备又出问题了。	gōng sī de shè bèi yòu chū wèn tí le 。	The company's equipment is acting up again.
757	眼神	look in one's eyes	他看你的眼神不一样。	tā kàn nǐ de yǎn shén bù yī yàng 。	The way he looks at you is different.	她一个眼神我就懂了。	tā yī gè yǎn shén wǒ jiù dǒng le 。	One look from her and I got it.	你那是什么眼神？	nǐ nà shì shén me yǎn shén ？	What's with that look?
758	素质	quality, manners	这人怎么这么没素质？	zhè rén zěn me zhè me méi sù zhì ？	How can anyone be this rude?	小声点，有点素质好吗？	xiǎo shēng diǎn ， yǒu diǎn sù zhì hǎo ma ？	Keep it down, have some manners, OK?	他的身体素质特别好。	tā de shēn tǐ sù zhì tè bié hǎo 。	He's in really great physical shape.
759	戏	play, drama; acting (“戏精” = drama queen)	你戏怎么这么多？	nǐ xì zěn me zhè me duō ？	Why are you such a drama queen?	这个演员的戏真好。	zhè ge yǎn yuán de xì zhēn hǎo 。	This actor's performances are really good.	他就是个戏精，一点小事就哭。	tā jiù shì gè xì jīng ， yī diǎn xiǎo shì jiù kū 。	He's such a drama queen, he cries over every little thing.
760	占比	proportion, share	我们专业女生的占比越来越高了。	wǒ men zhuān yè nǚ shēng de zhàn bǐ yuè lái yuè gāo le 。	The share of women in our major keeps going up.	房租在我工资里的占比太高了。	fáng zū zài wǒ gōng zī lǐ de zhàn bǐ tài gāo le 。	Rent takes up way too big a share of my salary.	这次考试，听力的占比是百分之三十。	zhè cì kǎo shì ， tīng lì de zhàn bǐ shì bǎi fēn zhī sān shí 。	Listening makes up thirty percent of this exam.
761	行动	action; to act	别光说，快行动起来！	bié guāng shuō ， kuài xíng dòng qǐ lái ！	Stop just talking, get moving!	我用行动证明给你看。	wǒ yòng xíng dòng zhèng míng gěi nǐ kàn 。	I'll prove it to you with actions.	他腿受伤了，行动不方便。	tā tuǐ shòu shāng le ， xíng dòng bù fāng biàn 。	He hurt his leg, so he can't get around easily.
762	随手	in passing, as you go; casually, without much thought	随手拍的，大家别笑。	suí shǒu pāi de ， dà jiā bié xiào 。	Just a random snap, don't laugh.	出门记得随手关门。	chū mén jì de suí shǒu guān mén 。	Remember to close the door behind you when you go out.	我随手放在桌上，现在找不到了。	wǒ suí shǒu fàng zài zhuō shàng ， xiàn zài zhǎo bù dào le 。	I just put it down on the table and now I can't find it.
763	相关	related	我想找一份跟专业相关的工作。	wǒ xiǎng zhǎo yī fèn gēn zhuān yè xiāng guān de gōng zuò 。	I want to find a job related to my degree.	这两件事完全不相关。	zhè liǎng jiàn shì wán quán bù xiāng guān 。	These two things are completely unrelated.	有相关问题可以问我。	yǒu xiāng guān wèn tí kě yǐ wèn wǒ 。	Ask me if you have any related questions.
764	碎	broken, shattered	我的手机掉地上碎了。	wǒ de shǒu jī diào dì shàng suì le 。	My phone fell on the floor and smashed.	我的心都碎了。	wǒ de xīn dōu suì le 。	My heart is broken.	小心，杯子碎了一地。	xiǎo xīn ， bēi zi suì le yī dì 。	Careful, the cup's smashed all over the floor.
765	猪肉	pork	最近猪肉好贵啊。	zuì jìn zhū ròu hǎo guì a 。	Pork is so expensive lately.	不好意思，我不吃猪肉。	bù hǎo yì si ， wǒ bù chī zhū ròu 。	Sorry, I don't eat pork.	今天包猪肉饺子吧。	jīn tiān bāo zhū ròu jiǎo zi ba 。	Let's make pork dumplings today.
766	过度	excessive	别过度担心，没那么严重。	bié guò dù dān xīn ， méi nà me yán zhòng 。	Don't worry too much, it's not that serious.	运动过度对身体也不好。	yùn dòng guò dù duì shēn tǐ yě bù hǎo 。	Too much exercise isn't good for you either.	他最近工作过度，累病了。	tā zuì jìn gōng zuò guò dù ， lèi bìng le 。	He's been overworking lately and made himself sick.
767	近期	recently; in the near future (the near term)	听说近期会下大雪，没事别出门。	tīng shuō jìn qī huì xià dà xuě ， méi shì bié chū mén 。	Heard there's heavy snow coming soon, don't go out unless you have to.	这是我近期最喜欢的一首歌。	zhè shì wǒ jìn qī zuì xǐ huan de yī shǒu gē 。	This is my favourite song lately.	近期有什么好看的电影吗？	jìn qī yǒu shén me hǎo kàn de diàn yǐng ma ？	Any good films out lately?
768	充满	full of	这个房间充满了阳光。	zhè ge fáng jiān chōng mǎn le yáng guāng 。	This room is full of sunlight.	这首歌充满了小时候的回忆。	zhè shǒu gē chōng mǎn le xiǎo shí hou de huí yì 。	This song is full of childhood memories.	我对明天充满信心！	wǒ duì míng tiān chōng mǎn xìn xīn ！	I'm full of confidence about tomorrow!
769	涨	to rise (price, followers; 涨粉 = gain followers)	原来是这样，又涨知识了！	yuán lái shì zhè yàng ， yòu zhǎng zhī shi le ！	Oh, so that's how it works. Learned something new today!	最近东西都涨了不少。	zuì jìn dōng xi dōu zhǎng le bù shǎo 。	Prices have gone up a lot lately.	这个视频让我一天涨了一千粉！	zhè ge shì pín ràng wǒ yī tiān zhǎng le yī qiān fěn ！	This video got me a thousand new followers in one day!
770	拳	fist; punch	我真想给他一拳。	wǒ zhēn xiǎng gěi tā yī quán 。	I really want to punch him.	他一拳打在桌子上。	tā yī quán dǎ zài zhuō zi shàng 。	He slammed his fist on the table.	他从小就开始练拳。	tā cóng xiǎo jiù kāi shǐ liàn quán 。	He's been practising martial arts since he was a kid.
771	塞	to stuff, cram	包里塞满了东西。	bāo lǐ sāi mǎn le dōng xi 。	The bag is crammed full of stuff.	他走的时候塞给我一百块钱。	tā zǒu de shí hou sāi gěi wǒ yī bǎi kuài qián 。	He slipped me a hundred kuai as he left.	我已经吃饱了，塞不下了。	wǒ yǐ jīng chī bǎo le ， sāi bù xià le 。	I'm full, I can't fit any more in.
772	搞定	to get it done, sort out	放心，这事我来搞定。	fàng xīn ， zhè shì wǒ lái gǎo dìng 。	Don't worry, I'll sort this out.	作业终于搞定了！	zuò yè zhōng yú gǎo dìng le ！	Homework finally done!	这点小事很快就能搞定。	zhè diǎn xiǎo shì hěn kuài jiù néng gǎo dìng 。	Something this small will be sorted in no time.
773	入坑	(slang) to get into (a hobby, fandom, show)	千万别入坑，一入坑就出不来了！	qiān wàn bié rù kēng ， yī rù kēng jiù chū bù lái le ！	Whatever you do, don't get into it. Once you're in, there's no getting out!	这个游戏真的好玩，快入坑！	zhè ge yóu xì zhēn de hǎo wán ， kuài rù kēng ！	This game is so fun, get into it!	我就是因为这首歌入坑的。	wǒ jiù shì yīn wèi zhè shǒu gē rù kēng de 。	This song is what got me hooked.
774	离婚	to divorce	他们两个去年离婚了。	tā men liǎng gè qù nián lí hūn le 。	The two of them divorced last year.	为了孩子，他们没离婚。	wèi le hái zi ， tā men méi lí hūn 。	They stayed together for the kids.	结婚容易离婚难。	jié hūn róng yì lí hūn nán 。	Getting married is easy, getting divorced is hard.
775	自律	self-disciplined; self-discipline	一个月没点外卖了，自律给我自由！	yī gè yuè méi diǎn wài mài le ， zì lǜ gěi wǒ zì yóu ！	A whole month without ordering takeaway. Self-discipline sets me free! (meme)	我要开始自律了，从明天开始！	wǒ yào kāi shǐ zì lǜ le ， cóng míng tiān kāi shǐ ！	I'm going to start being disciplined — from tomorrow!	他每天早起跑步，好自律啊。	tā měi tiān zǎo qǐ pǎo bù ， hǎo zì lǜ a 。	He gets up early to run every day, so disciplined.
776	承认	to admit	我承认，是我错了。	wǒ chéng rèn ， shì wǒ cuò le 。	I admit it, I was wrong.	他做了还死不承认。	tā zuò le hái sǐ bù chéng rèn 。	He did it but flatly refuses to admit it.	不得不承认，这首歌真好听。	bù dé bù chéng rèn ， zhè shǒu gē zhēn hǎo tīng 。	Gotta admit, this song is really good.
777	主页	profile page, home page	他的主页什么都没有。	tā de zhǔ yè shén me dōu méi yǒu 。	There's nothing on his profile.	更多照片可以去我主页看。	gèng duō zhào piàn kě yǐ qù wǒ zhǔ yè kàn 。	Check my profile for more photos.	我把他的主页全看了一遍。	wǒ bǎ tā de zhǔ yè quán kàn le yī biàn 。	I went through his whole profile.
778	形象	image	你注意一下形象好不好？	nǐ zhù yì yī xià xíng xiàng hǎo bù hǎo ？	Can you not embarrass yourself? Think about how you look!	他在我心里的形象全没了。	tā zài wǒ xīn lǐ de xíng xiàng quán méi le 。	My image of him is completely ruined.	公司很注意自己的形象。	gōng sī hěn zhù yì zì jǐ de xíng xiàng 。	The company is very careful about its image.
779	少女	young girl	这颜色太少女了！	zhè yán sè tài shào nǚ le ！	This colour is so girly!	她都三十了，还像个少女。	tā dōu sān shí le ， hái xiàng gè shào nǚ 。	She's thirty and still looks like a young girl.	谁还没有个少女心呢？	shéi hái méi yǒu gè shào nǚ xīn ne ？	Who doesn't have a girlish heart?
780	爷	grandpa; (slang) I, me (cocky)	爷今天不想上班。	yé jīn tiān bù xiǎng shàng bān 。	Yours truly doesn't feel like working today.	我爷今年八十多了，身体还特别好。	wǒ yé jīn nián bā shí duō le ， shēn tǐ hái tè bié hǎo 。	My grandpa is over eighty and still in great health.	小时候玩的游戏又回来了，爷青回！	xiǎo shí hou wán de yóu xì yòu huí lái le ， yé qīng huí ！	The game I played as a kid is back. My youth is back! (爷青回 = 爷的青春回来了) (meme)
781	代表	to represent; representative	我代表大家说声谢谢。	wǒ dài biǎo dà jiā shuō shēng xiè xie 。	On behalf of everyone, thank you.	这只代表我自己的看法。	zhè zhǐ dài biǎo wǒ zì jǐ de kàn fǎ 。	This is just my own opinion.	感谢课代表，总结得太好了！	gǎn xiè kè dài biǎo ， zǒng jié de tài hǎo le ！	Thanks, class rep, great summary! (Bilibili: the commenter who sums up the video)
782	情节	plot	这部电影的情节太简单了。	zhè bù diàn yǐng de qíng jié tài jiǎn dān le 。	This film's plot is way too simple.	后面的情节我完全没想到。	hòu miàn de qíng jié wǒ wán quán méi xiǎng dào 。	I never saw the later part of the plot coming.	不要告诉我情节，我还没看呢！	bù yào gào su wǒ qíng jié ， wǒ hái méi kàn ne ！	Don't tell me the plot, I haven't watched it yet!
783	视觉	visual	这个视觉效果太好了！	zhè ge shì jué xiào guǒ tài hǎo le ！	The visual effects are amazing!	穿黑色在视觉上会瘦一点。	chuān hēi sè zài shì jué shàng huì shòu yī diǎn 。	Wearing black makes you look slimmer.	没办法，人都是视觉动物。	méi bàn fǎ ， rén dōu shì shì jué dòng wù 。	Can't help it, humans are visual creatures.
784	玻璃	glass	小心，地上有玻璃。	xiǎo xīn ， dì shàng yǒu bō li 。	Careful, there's glass on the floor.	这个杯子是玻璃的，小心点。	zhè ge bēi zi shì bō li de ， xiǎo xīn diǎn 。	This cup is glass, be careful.	他就是玻璃心，说两句就哭。	tā jiù shì bō li xīn ， shuō liǎng jù jiù kū 。	He's so thin-skinned, criticise him even a little and he cries.
785	独立	independent	女孩子也要经济独立。	nǚ hái zi yě yào jīng jì dú lì 。	Girls should be financially independent too.	他从小就很独立。	tā cóng xiǎo jiù hěn dú lì 。	He's been independent since he was little.	每个房间都有独立的洗手间。	měi gè fáng jiān dōu yǒu dú lì de xǐ shǒu jiān 。	Every room has its own bathroom.
786	幻想	fantasy; to fantasise	别幻想了，快去上班吧。	bié huàn xiǎng le ， kuài qù shàng bān ba 。	Stop daydreaming and go to work.	我经常幻想自己突然有钱了。	wǒ jīng cháng huàn xiǎng zì jǐ tū rán yǒu qián le 。	I often fantasise about suddenly being rich.	我对爱情没有什么幻想了。	wǒ duì ài qíng méi yǒu shén me huàn xiǎng le 。	I don't have any illusions about love anymore.
787	武器	weapon	这把武器太强了，必须拿到。	zhè bǎ wǔ qì tài qiáng le ， bì xū ná dào 。	This weapon is so OP, I have to get it.	笑是我最好的武器。	xiào shì wǒ zuì hǎo de wǔ qì 。	Smiling is my best weapon.	游戏里你用什么武器？	yóu xì lǐ nǐ yòng shén me wǔ qì ？	What weapon do you use in the game?
788	充电	to charge (a device); (fig.) to recharge oneself, esp. by studying or learning new skills	我手机快没电了，得充电了。	wǒ shǒu jī kuài méi diàn le ， děi chōng diàn le 。	My phone's nearly dead, I need to charge it.	工作以后也要多学习，经常给自己充充电。	gōng zuò yǐ hòu yě yào duō xué xí ， jīng cháng gěi zì jǐ chōng chong diàn 。	Keep learning after you start working, and top up your skills regularly.	请问这里可以充电吗？	qǐng wèn zhè lǐ kě yǐ chōng diàn ma ？	Excuse me, can I charge my phone here?
789	脖子	neck	看了一天手机，脖子好疼。	kàn le yī tiān shǒu jī ， bó zi hǎo téng 。	Looked at my phone all day, my neck is killing me.	冬天出门要把脖子包好。	dōng tiān chū mén yào bǎ bó zi bāo hǎo 。	Cover your neck up when you go out in winter.	你脖子怎么了？好像受伤了。	nǐ bó zi zěn me le ？ hǎo xiàng shòu shāng le 。	What happened to your neck? Looks like you hurt it.
790	盯	to stare at; to keep a close eye on	别一直盯着我看。	bié yī zhí dīng zhe wǒ kàn 。	Stop staring at me.	这件事你帮我盯一下。	zhè jiàn shì nǐ bāng wǒ dīng yī xià 。	Keep an eye on this for me.	我盯着手机等他回消息。	wǒ dīng zhe shǒu jī děng tā huí xiāo xi 。	I stared at my phone waiting for him to reply.
791	至于	as for; to go so far as to	至于吗？不就是一点小事。	zhì yú ma ？ bù jiù shì yī diǎn xiǎo shì 。	Is that really necessary? It's just a small thing.	至于去不去，你自己决定。	zhì yú qù bù qù ， nǐ zì jǐ jué dìng 。	As for whether to go, that's up to you.	他不至于这么生气吧？	tā bù zhì yú zhè me shēng qì ba ？	Surely he wouldn't get that angry?
792	色彩	colour	这张照片的色彩好舒服。	zhè zhāng zhào piàn de sè cǎi hǎo shū fu 。	The colours in this photo are so easy on the eye.	她喜欢色彩丰富一点的衣服。	tā xǐ huan sè cǎi fēng fù yī diǎn de yī fu 。	She likes clothes with lots of colour.	这部电影的色彩用得很好。	zhè bù diàn yǐng de sè cǎi yòng de hěn hǎo 。	This film uses colour really well.
793	剧本	script; (fig.) how things were 'meant' to go (拿错剧本了 = life's not going to plan); scenario in 剧本杀 murder-mystery games	周末一起去玩剧本杀吧！	zhōu mò yī qǐ qù wán jù běn shā ba ！	Let's go play a murder-mystery game this weekend!	我是不是拿错剧本了？	wǒ shì bù shì ná cuò jù běn le ？	Did I get handed the wrong script? (Why is my life going like this?) (meme)	这一看就是有剧本的。	zhè yī kàn jiù shì yǒu jù běn de 。	This is obviously scripted.
794	预约	to book, make an appointment	我想预约明天下午。	wǒ xiǎng yù yuē míng tiān xià wǔ 。	I'd like to book for tomorrow afternoon.	这家店要提前预约。	zhè jiā diàn yào tí qián yù yuē 。	You need to book ahead at this place.	医院预约不上，怎么办？	yī yuàn yù yuē bù shàng ， zěn me bàn ？	Can't get a hospital appointment, what do I do?
795	身份	identity; status, standing (你什么身份 = who do you think you are)	记得带身份证。	jì de dài shēn fèn zhèng 。	Remember to bring your ID card.	你以什么身份跟我说话？	nǐ yǐ shén me shēn fèn gēn wǒ shuō huà ？	And who are you to talk to me like that? (meme)	他真正的身份是什么？	tā zhēn zhèng de shēn fèn shì shén me ？	What's his real identity?
796	报警	to call the police	再不走我就报警了！	zài bù zǒu wǒ jiù bào jǐng le ！	Leave or I'm calling the police!	遇到这种事要马上报警。	yù dào zhè zhǒng shì yào mǎ shàng bào jǐng 。	If this happens, call the police right away.	这太危险了，建议报警。	zhè tài wēi xiǎn le ， jiàn yì bào jǐng 。	That's dangerous, you should call the police.
797	造成	to cause	给大家造成麻烦了，不好意思。	gěi dà jiā zào chéng má fan le ， bù hǎo yì si 。	Sorry for causing everyone trouble.	这场大雨造成了很多问题。	zhè cháng dà yǔ zào chéng le hěn duō wèn tí 。	This downpour caused a lot of problems.	这一切都是你造成的！	zhè yī qiè dōu shì nǐ zào chéng de ！	You caused all of this!
798	猫咪	kitty	猫咪在我腿上睡着了。	māo mī zài wǒ tuǐ shàng shuì zháo le 。	The kitty fell asleep on my lap.	这只猫咪好胖啊！	zhè zhī māo mī hǎo pàng a ！	This kitty is so chubby!	每天回家第一件事就是抱猫咪。	měi tiān huí jiā dì yī jiàn shì jiù shì bào māo mī 。	First thing I do when I get home is cuddle my cat.
799	玩意儿	(coll.) thing, stuff	这是什么玩意儿？	zhè shì shén me wán yìr ？	What the heck is this thing?	这玩意儿怎么用啊？	zhè wán yìr zěn me yòng a ？	How do you use this thing?	这破玩意儿又坏了。	zhè pò wán yìr yòu huài le 。	This stupid thing broke again.
800	透	thorough(ly) (“烂透了”); to see through	我今天真的累透了。	wǒ jīn tiān zhēn de lèi tòu le 。	I'm absolutely exhausted today.	我早就看透他了。	wǒ zǎo jiù kàn tòu tā le 。	I saw through him long ago.	雨太大，衣服都湿透了。	yǔ tài dà ， yī fu dōu shī tòu le 。	The rain was so heavy I got soaked through.
801	视角	perspective, point of view	换个视角看，其实也挺好的。	huàn gè shì jiǎo kàn ， qí shí yě tǐng hǎo de 。	Look at it from another angle and it's actually pretty good.	这个视角拍得太美了！	zhè ge shì jiǎo pāi de tài měi le ！	The shot from this angle is gorgeous!	我们是上帝视角，所以才觉得他笨。	wǒ men shì shàng dì shì jiǎo ， suǒ yǐ cái jué de tā bèn 。	We're watching with a god's-eye view, that's the only reason he looks dumb.
802	排名	ranking	这个排名我不同意！	zhè ge pái míng wǒ bù tóng yì ！	I don't agree with this ranking!	她的排名又上去了。	tā de pái míng yòu shàng qù le 。	Her ranking went up again.	排名不重要，喜欢就好。	pái míng bù zhòng yào ， xǐ huan jiù hǎo 。	Rankings don't matter, as long as you like it.
803	宝子	(slang) babe, hun (friendly address online, e.g. between bloggers and followers)	宝子们，今天我们来聊聊这个。	bǎo zi men ， jīn tiān wǒ men lái liáo liao zhè ge 。	Hey babes, today let's chat about this.	宝子，这件衣服在哪里买的？	bǎo zi ， zhè jiàn yī fu zài nǎ lǐ mǎi de ？	Babe, where did you buy this top?	谢谢宝子们的支持！	xiè xie bǎo zi men de zhī chí ！	Thanks for the support, babes!
804	种草	(slang) to recommend something so someone wants it; to be tempted by / have one's eye on (a product)	看完这个视频，我又被种草了。	kàn wán zhè ge shì pín ， wǒ yòu bèi zhòng cǎo le 。	Watched this video and got sold on something yet again.	大家快来给我种草吧！	dà jiā kuài lái gěi wǒ zhòng cǎo ba ！	Come on everyone, recommend me some stuff!	这个包我已经种草好久了。	zhè ge bāo wǒ yǐ jīng zhòng cǎo hǎo jiǔ le 。	I've been eyeing this bag for ages.
805	蛋	egg	我早上只吃了一个蛋。	wǒ zǎo shang zhǐ chī le yī gè dàn 。	I only had one egg this morning.	这个蛋没熟啊。	zhè ge dàn méi shú a 。	This egg isn't cooked through.	要不要再加个蛋？	yào bù yào zài jiā gè dàn ？	Do you want an extra egg?
806	闲	idle, free (time)	你最近闲吗？	nǐ zuì jìn xián ma ？	Are you free these days?	我太闲了，出来玩吧！	wǒ tài xián le ， chū lái wán ba ！	I've got way too much time on my hands, let's hang out!	他闲着没事就玩手机。	tā xián zhe méi shì jiù wán shǒu jī 。	Whenever he's got nothing to do he's on his phone.
807	戳	to poke; (slang) to strike a chord (“戳到我了”)	这句话真的戳到我了。	zhè jù huà zhēn de chuō dào wǒ le 。	This line really hit home for me.	别戳我，好疼！	bié chuō wǒ ， hǎo téng ！	Stop poking me, it hurts!	不会用就戳一下这个地方。	bù huì yòng jiù chuō yī xià zhè ge dì fang 。	If you can't figure it out, just tap this spot.
808	设置	settings; to set up	你在设置里改一下就行。	nǐ zài shè zhì lǐ gǎi yī xià jiù xíng 。	Just change it in the settings.	手机设置里找不到这个。	shǒu jī shè zhì lǐ zhǎo bù dào zhè ge 。	I can't find this in my phone settings.	我把它设置成中文了。	wǒ bǎ tā shè zhì chéng zhōng wén le 。	I set it to Chinese.
809	发型	hairstyle	你换发型了？挺好看的！	nǐ huàn fà xíng le ？ tǐng hǎo kàn de ！	New hairstyle? Looks good!	这个发型太适合你了。	zhè ge fà xíng tài shì hé nǐ le 。	This hairstyle really suits you.	我对这个新发型不太满意。	wǒ duì zhè ge xīn fà xíng bù tài mǎn yì 。	I'm not too happy with my new haircut.
810	重复	to repeat	这句话你已经重复三遍了。	zhè jù huà nǐ yǐ jīng chóng fù sān biàn le 。	You've already said that three times.	每天都在重复一样的生活。	měi tiān dōu zài chóng fù yī yàng de shēng huó 。	Every day is just the same routine on repeat.	不好意思，能重复一下吗？	bù hǎo yì si ， néng chóng fù yī xià ma ？	Sorry, could you say that again?
811	入手	to buy, get (a product)	我昨天终于入手了！	wǒ zuó tiān zhōng yú rù shǒu le ！	I finally got one yesterday!	这个价格可以入手吗？	zhè ge jià gé kě yǐ rù shǒu ma ？	Is it worth buying at this price?	刚入手一个月就坏了。	gāng rù shǒu yī gè yuè jiù huài le 。	It broke just a month after I bought it.
812	真诚	sincere	他说话很真诚，我信他。	tā shuō huà hěn zhēn chéng ， wǒ xìn tā 。	He sounds sincere. I believe him.	真诚地建议你去看看。	zhēn chéng de jiàn yì nǐ qù kàn kan 。	Honestly, I'd recommend you go check it out.	我喜欢真诚的人。	wǒ xǐ huan zhēn chéng de rén 。	I like genuine people.
813	黑暗	dark, darkness	这是什么黑暗料理？我可不敢吃。	zhè shì shén me hēi àn liào lǐ ？ wǒ kě bù gǎn chī 。	What kind of kitchen disaster is this? I don't dare eat it.	这部电影太黑暗了。	zhè bù diàn yǐng tài hēi àn le 。	This movie is way too dark.	那是我最黑暗的一年。	nà shì wǒ zuì hēi àn de yī nián 。	That was the darkest year of my life.
814	半夜	midnight, middle of the night	半夜饿了怎么办？	bàn yè è le zěn me bàn ？	What do you do when you get hungry in the middle of the night?	谁半夜还在看视频？	shéi bàn yè hái zài kàn shì pín ？	Who else is still watching videos in the middle of the night?	我半夜三点才睡着。	wǒ bàn yè sān diǎn cái shuì zháo 。	I didn't fall asleep until three in the morning.
815	情侣	couple (romantic)	这对情侣太可爱了！	zhè duì qíng lǚ tài kě ài le ！	This couple is so cute!	周末公园里全是情侣。	zhōu mò gōng yuán lǐ quán shì qíng lǚ 。	The park is full of couples on weekends.	他们看起来不像情侣。	tā men kàn qǐ lái bù xiàng qíng lǚ 。	They don't look like a couple.
816	老鼠	mouse, rat	我家厨房里有老鼠！	wǒ jiā chú fáng lǐ yǒu lǎo shǔ ！	There's a mouse in my kitchen!	我最怕老鼠了。	wǒ zuì pà lǎo shǔ le 。	Rats are what I'm most scared of.	我家猫看到老鼠就跑了，太没用了！	wǒ jiā māo kàn dào lǎo shǔ jiù pǎo le ， tài méi yòng le ！	My cat saw a mouse and ran off. So useless!
817	海鲜	seafood	我不能吃海鲜。	wǒ bù néng chī hǎi xiān 。	I can't eat seafood.	这家的海鲜特别新鲜。	zhè jiā de hǎi xiān tè bié xīn xiān 。	The seafood at this place is super fresh.	去海边一定要吃海鲜！	qù hǎi biān yī dìng yào chī hǎi xiān ！	If you go to the beach you've got to have seafood!
818	强烈	strong, intense	强烈建议大家去看看！	qiáng liè jiàn yì dà jiā qù kàn kan ！	Highly recommend everyone go see it!	我强烈要求再出一期！	wǒ qiáng liè yāo qiú zài chū yī qī ！	I strongly demand another episode!	我有种强烈的感觉，他俩会在一起！	wǒ yǒu zhǒng qiáng liè de gǎn jué ， tā liǎ huì zài yī qǐ ！	I've got a strong feeling those two are going to end up together!
819	结尾	ending	结尾我真的哭了。	jié wěi wǒ zhēn de kū le 。	I legit cried at the ending.	这个结尾太突然了吧。	zhè ge jié wěi tài tū rán le ba 。	That ending was way too sudden.	一定要看到结尾！	yī dìng yào kàn dào jié wěi ！	Make sure you watch till the end!
820	夹	to clip; to pick up (with chopsticks); (slang) fake cutesy voice (夹子音)	帮我夹一块肉。	bāng wǒ jiā yī kuài ròu 。	Grab me a piece of meat (with your chopsticks).	她说话好夹啊。	tā shuō huà hǎo jiā a 。	She talks in such a fake-cutesy voice.	用这个把头发夹起来。	yòng zhè ge bǎ tóu fa jiā qǐ lái 。	Clip your hair up with this.
821	强度	intensity, strength	这个强度我受不了。	zhè ge qiáng dù wǒ shòu bù liǎo 。	I can't handle this intensity.	今天的运动强度有点大。	jīn tiān de yùn dòng qiáng dù yǒu diǎn dà 。	Today's workout was a bit intense.	工作强度太高了。	gōng zuò qiáng dù tài gāo le 。	The workload is way too heavy.
822	打架	to fight	两只猫在打架。	liǎng zhī māo zài dǎ jià 。	The two cats are fighting.	小时候我们天天打架。	xiǎo shí hou wǒ men tiān tiān dǎ jià 。	We fought every day when we were little.	困得眼皮都在打架了。	kùn de yǎn pí dōu zài dǎ jià le 。	I'm so sleepy my eyelids are drooping.
823	摇	to shake	喝之前先摇一摇。	hē zhī qián xiān yáo yī yáo 。	Give it a shake before you drink it.	他摇了摇头。	tā yáo le yáo tóu 。	He shook his head.	你等着，我去摇人！	nǐ děng zhe ， wǒ qù yáo rén ！	Just you wait, I'm calling for backup!
824	纯粹	pure, purely	我纯粹是来看热闹的。	wǒ chún cuì shì lái kàn rè nao de 。	I'm purely here for the drama.	他纯粹就是不想去。	tā chún cuì jiù shì bù xiǎng qù 。	He just plain doesn't want to go.	这就是最纯粹的快乐吧。	zhè jiù shì zuì chún cuì de kuài lè ba 。	This is what pure joy looks like.
825	男友	boyfriend	我男友不爱拍照。	wǒ nán yǒu bù ài pāi zhào 。	My boyfriend doesn't like taking photos.	这就是别人家的男友吗？	zhè jiù shì bié rén jiā de nán yǒu ma ？	So this is the perfect boyfriend other people get? (meme)	这男友力也太强了吧！	zhè nán yǒu lì yě tài qiáng le ba ！	Talk about boyfriend material!
826	怀念	to miss, reminisce	好怀念以前的日子。	hǎo huái niàn yǐ qián de rì zi 。	I really miss the old days.	怀念小时候的夏天。	huái niàn xiǎo shí hou de xià tiān 。	Missing the summers of my childhood.	有点怀念这个味道。	yǒu diǎn huái niàn zhè ge wèi dào 。	I kind of miss this taste.
827	满分	full marks, perfect score	这个视频我给满分！	zhè ge shì pín wǒ gěi mǎn fēn ！	I give this video full marks!	他数学考了满分。	tā shù xué kǎo le mǎn fēn 。	He got a perfect score in maths.	这首歌满分十分，我给十一分！	zhè shǒu gē mǎn fēn shí fēn ， wǒ gěi shí yī fēn ！	Out of ten, I'd give this song an eleven! (meme)
828	领	to receive, collect; to lead	快去领红包！	kuài qù lǐng hóng bāo ！	Hurry and grab the red packet!	终于领到工资了！	zhōng yú lǐng dào gōng zī le ！	Finally got paid!	他领着大家往前走。	tā lǐng zhe dà jiā wǎng qián zǒu 。	He led everyone forward.
829	舍不得	can't bear to (part with / spend)	这么贵，我舍不得买。	zhè me guì ， wǒ shě bù de mǎi 。	It's so pricey, I can't bring myself to buy it.	好舍不得你走啊。	hǎo shě bù de nǐ zǒu a 。	I really don't want you to leave.	衣服太好看了，舍不得穿。	yī fu tài hǎo kàn le ， shě bù de chuān 。	The clothes are too nice, I can't bear to wear them.
830	诗	poem	这句话写得像诗一样。	zhè jù huà xiě de xiàng shī yī yàng 。	This line is written like poetry.	小时候背了很多诗。	xiǎo shí hou bèi le hěn duō shī 。	I memorised loads of poems as a kid.	他给女朋友写了一首诗。	tā gěi nǚ péng you xiě le yī shǒu shī 。	He wrote a poem for his girlfriend.
831	趴	to lie face down; party	猫趴在我的电脑上。	māo pā zài wǒ de diàn nǎo shàng 。	The cat is lying on my laptop.	上课的时候他一直趴着。	shàng kè de shí hou tā yī zhí pā zhe 。	He had his head down on the desk the whole class.	周末来我家开趴吧！	zhōu mò lái wǒ jiā kāi pā ba ！	Come to my place this weekend for a party!
832	扯	to pull; (slang) nonsense (“别扯了”)	别扯了，谁信啊？	bié chě le ， shéi xìn a ？	Cut the nonsense, who'd believe that?	他把我的衣服扯坏了。	tā bǎ wǒ de yī fu chě huài le 。	He tore my shirt.	这也太扯了吧！	zhè yě tài chě le ba ！	That's so ridiculous!
833	意识到	to realise	我突然意识到我老了。	wǒ tū rán yì shí dào wǒ lǎo le 。	I suddenly realised I'm getting old.	看完才意识到问题有多大。	kàn wán cái yì shí dào wèn tí yǒu duō dà 。	Only after watching it did I realise how big the problem is.	你意识到自己错了吗？	nǐ yì shí dào zì jǐ cuò le ma ？	Do you realise you were wrong?
834	弟	younger brother	我弟今天考试。	wǒ dì jīn tiān kǎo shì 。	My little brother has an exam today.	他是我表弟。	tā shì wǒ biǎo dì 。	He's my younger cousin.	老弟，你也太厉害了！	lǎo dì ， nǐ yě tài lì hai le ！	Dude, you're amazing!
835	参与	to participate	我也想参与一下！	wǒ yě xiǎng cān yù yī xià ！	I want to join in too!	谢谢大家的参与。	xiè xie dà jiā de cān yù 。	Thanks everyone for taking part.	这件事我没参与。	zhè jiàn shì wǒ méi cān yù 。	I had nothing to do with this.
836	发明	to invent; invention	谁发明的这个，太好用了！	shéi fā míng de zhè ge ， tài hǎo yòng le ！	Who invented this? It's so handy!	这是今年最好的发明。	zhè shì jīn nián zuì hǎo de fā míng 。	This is the best invention of the year.	发明考试的人是怎么想的？	fā míng kǎo shì de rén shì zěn me xiǎng de ？	What was the person who invented exams thinking?
837	到位	spot-on, well done	这个总结太到位了！	zhè ge zǒng jié tài dào wèi le ！	This summary is spot-on!	服务很到位。	fú wù hěn dào wèi 。	The service is really attentive.	他说得特别到位。	tā shuō de tè bié dào wèi 。	He nailed it.
838	滤镜	filter (photo); rose-tinted view (滤镜碎了 = the illusion is shattered)	这张照片加了滤镜吧？	zhè zhāng zhào piàn jiā le lǜ jìng ba ？	This photo has a filter on it, right?	不用滤镜也很好看。	bù yòng lǜ jìng yě hěn hǎo kàn 。	Still looks great without a filter.	我对他的滤镜碎了。	wǒ duì tā de lǜ jìng suì le 。	My rose-tinted view of him just shattered. (meme)
839	去世	to pass away	我奶奶去年去世了。	wǒ nǎi nai qù nián qù shì le 。	My grandma passed away last year.	他去世的消息是真的吗？	tā qù shì de xiāo xi shì zhēn de ma ？	Is the news of his passing true?	他去世以后，大家都很难过。	tā qù shì yǐ hòu ， dà jiā dōu hěn nán guò 。	Everyone was really sad after he passed away.
840	之外	besides, outside of	除了吃之外，我什么也不想干。	chú le chī zhī wài ， wǒ shén me yě bù xiǎng gàn 。	Other than eating, I don't want to do anything.	工作之外，我很少看手机。	gōng zuò zhī wài ， wǒ hěn shǎo kàn shǒu jī 。	Outside of work, I rarely look at my phone.	这家店除了好吃之外，价格也不贵。	zhè jiā diàn chú le hǎo chī zhī wài ， jià gé yě bù guì 。	Besides the great food, this place isn't expensive either.
841	抄袭	to plagiarise	这不就是抄袭吗？	zhè bù jiù shì chāo xí ma ？	Isn't this just plagiarism?	他的视频被人抄袭了。	tā de shì pín bèi rén chāo xí le 。	Someone ripped off his video.	有人说这首歌是抄袭的。	yǒu rén shuō zhè shǒu gē shì chāo xí de 。	Some people say this song is a rip-off.
842	反思	to reflect on	我在反思自己的问题。	wǒ zài fǎn sī zì jǐ de wèn tí 。	I'm reflecting on my own issues.	这件事让我反思了很久。	zhè jiàn shì ràng wǒ fǎn sī le hěn jiǔ 。	This made me reflect for a long time.	你应该好好反思一下。	nǐ yīng gāi hǎo hǎo fǎn sī yī xià 。	You should really take a good look at yourself.
843	形容	to describe	我不知道怎么形容这种感觉。	wǒ bù zhī dào zěn me xíng róng zhè zhǒng gǎn jué 。	I don't know how to describe this feeling.	用一个字形容就是“累”。	yòng yī gè zì xíng róng jiù shì “ lèi ” 。	To sum it up in one word: tired.	这个形容太准了。	zhè ge xíng róng tài zhǔn le 。	That description is so accurate.
844	勇气	courage	我终于有勇气说出来了。	wǒ zhōng yú yǒu yǒng qì shuō chū lái le 。	I finally have the courage to say it.	谁给你的勇气？	shéi gěi nǐ de yǒng qì ？	Who gave you the nerve? (meme)	做这个决定需要勇气。	zuò zhè ge jué dìng xū yào yǒng qì 。	It takes courage to make this decision.
845	麻	numb; (slang) speechless, defeated (“我麻了”)	看到成绩，我直接麻了。	kàn dào chéng jì ， wǒ zhí jiē má le 。	When I saw my grades, I was just done.	坐太久，腿都麻了。	zuò tài jiǔ ， tuǐ dōu má le 。	I sat too long and my legs went numb.	这个菜也太麻了吧！	zhè ge cài yě tài má le ba ！	This dish is way too numbing!
846	事件	incident, event	这个事件你们怎么看？	zhè ge shì jiàn nǐ men zěn me kàn ？	What do you guys think about this incident?	这次事件影响很大。	zhè cì shì jiàn yǐng xiǎng hěn dà 。	This incident had a big impact.	谁能说一下事件的经过？	shéi néng shuō yī xià shì jiàn de jīng guò ？	Can someone explain what happened?
847	娱乐圈	entertainment industry, showbiz	娱乐圈太乱了。	yú lè quān tài luàn le 。	Showbiz is such a mess.	他为什么不进娱乐圈？	tā wèi shén me bù jìn yú lè quān ？	Why hasn't he gone into showbiz?	在娱乐圈，长得好看真的很重要。	zài yú lè quān ， zhǎng de hǎo kàn zhēn de hěn zhòng yào 。	In showbiz, looks really matter.
848	科普	popular science; to explain (to the public)	谢谢科普，学到了！	xiè xie kē pǔ ， xué dào le ！	Thanks for explaining, learned something!	有没有人科普一下？	yǒu méi yǒu rén kē pǔ yī xià ？	Can anyone explain this?	这个科普视频做得很好。	zhè ge kē pǔ shì pín zuò de hěn hǎo 。	This explainer video is really well made.
849	首页	home page	我怎么在首页看到你了？	wǒ zěn me zài shǒu yè kàn dào nǐ le ？	How come you showed up on my home page?	这个视频上首页了！	zhè ge shì pín shàng shǒu yè le ！	This video made it to the front page!	首页全是猫的视频。	shǒu yè quán shì māo de shì pín 。	My home page is all cat videos.
850	佩服	to admire	我真的佩服你。	wǒ zhēn de pèi fú nǐ 。	I seriously admire you.	能坚持十年，佩服佩服！	néng jiān chí shí nián ， pèi fú pèi fú ！	Ten years and still going, respect!	大家都很佩服他。	dà jiā dōu hěn pèi fú tā 。	Everyone really looks up to him.
851	天使	angel (小天使 = kind soul who helps)	你就是个天使！	nǐ jiù shì gè tiān shǐ ！	You're an angel!	有没有小天使帮我翻译一下？	yǒu méi yǒu xiǎo tiān shǐ bāng wǒ fān yì yī xià ？	Could some kind soul translate this for me?	她是天使吧，声音这么好听。	tā shì tiān shǐ ba ， shēng yīn zhè me hǎo tīng 。	She must be an angel, her voice is so lovely.
852	观点	viewpoint	我同意你的观点。	wǒ tóng yì nǐ de guān diǎn 。	I agree with your point.	这个观点很有意思。	zhè ge guān diǎn hěn yǒu yì si 。	That's an interesting take.	每个人观点不一样，很正常。	měi gè rén guān diǎn bù yī yàng ， hěn zhèng cháng 。	It's normal for everyone to have different views.
853	捞	to fish out, scoop up; (slang) to rescue, bail out; to boost (an overlooked post/video)	谁来捞我一下，我写不完了！	shéi lái lāo wǒ yī xià ， wǒ xiě bù wán le ！	Someone bail me out, I can't finish writing this!	这么好的视频没人看？我来捞一下！	zhè me hǎo de shì pín méi rén kàn ？ wǒ lái lāo yī xià ！	Nobody's watching such a good video? Let me boost it!	手机掉水里了，快帮我捞上来！	shǒu jī diào shuǐ lǐ le ， kuài bāng wǒ lāo shàng lái ！	My phone fell in the water, quick, help me fish it out!
854	体会	to experience, understand	你体会不到我的感受。	nǐ tǐ huì bù dào wǒ de gǎn shòu 。	You can't understand how I feel.	有了孩子才体会到父母的不容易。	yǒu le hái zi cái tǐ huì dào fù mǔ de bù róng yì 。	Only after having kids did I realise how hard it is for parents.	这种感觉只有自己体会过才知道。	zhè zhǒng gǎn jué zhǐ yǒu zì jǐ tǐ huì guo cái zhī dào 。	You only know this feeling if you've been through it.
855	开启	to start, open	新的一年，开启新生活！	xīn de yī nián ， kāi qǐ xīn shēng huó ！	New year, new life!	记得开启消息提醒，别错过了！	jì de kāi qǐ xiāo xi tí xǐng ， bié cuò guò le ！	Remember to turn on notifications so you don't miss out!	假期正式开启！	jià qī zhèng shì kāi qǐ ！	Holiday mode officially on!
856	叔	uncle; (address) mister	叔，你家的狗好可爱啊！	shū ， nǐ jiā de gǒu hǎo kě ài a ！	Mister, your dog is so cute!	这位大叔太可爱了。	zhè wèi dà shū tài kě ài le 。	This middle-aged guy is so adorable.	我叔明天来我家。	wǒ shū míng tiān lái wǒ jiā 。	My uncle's coming over tomorrow.
857	狂喜	ecstatic; (slang) yay!	终于放假了，狂喜！	zhōng yú fàng jià le ， kuáng xǐ ！	Finally on holiday, yay!	出新歌了！我狂喜！	chū xīn gē le ！ wǒ kuáng xǐ ！	New song's out! I'm over the moon!	爱吃辣的人狂喜！	ài chī là de rén kuáng xǐ ！	Spicy food lovers, rejoice! (meme)
858	小哥	young man, guy (delivery guy etc.)	外卖小哥太辛苦了。	wài mài xiǎo gē tài xīn kǔ le 。	Delivery guys work so hard.	小哥，这个怎么卖？	xiǎo gē ， zhè ge zěn me mài ？	Hey there, how much is this?	这个小哥长得好帅！	zhè ge xiǎo gē zhǎng de hǎo shuài ！	This guy is so handsome!
859	原版	original version	还是原版好听。	hái shi yuán bǎn hǎo tīng 。	The original still sounds better.	我想看原版的。	wǒ xiǎng kàn yuán bǎn de 。	I want to watch the original.	这比原版还好看！	zhè bǐ yuán bǎn hái hǎo kàn ！	This is even better than the original!
860	看出	to make out, tell	你能看出这是哪里吗？	nǐ néng kàn chū zhè shì nǎ lǐ ma ？	Can you tell where this is?	一看就看出来是假的。	yī kàn jiù kàn chū lái shì jiǎ de 。	You can tell it's fake at a glance.	我完全没看出来他不高兴。	wǒ wán quán méi kàn chū lái tā bù gāo xìng 。	I had no idea he was upset.
861	彻底	thorough(ly), completely	这下彻底完了。	zhè xià chè dǐ wán le 。	Now it's completely over.	我彻底放弃了。	wǒ chè dǐ fàng qì le 。	I've totally given up.	房间要彻底打扫一下。	fáng jiān yào chè dǐ dǎ sǎo yī xià 。	The room needs a thorough clean.
862	孤独	lonely	一个人过年有点孤独。	yī gè rén guò nián yǒu diǎn gū dú 。	Spending New Year alone is a bit lonely.	孤独的时候就听听歌。	gū dú de shí hou jiù tīng ting gē 。	When I'm lonely I listen to some music.	有你们在，我不孤独。	yǒu nǐ men zài ， wǒ bù gū dú 。	With you guys here, I'm not lonely.
863	薄	thin (脸皮薄 = shy, easily embarrassed)	这件衣服太薄了。	zhè jiàn yī fu tài báo le 。	This top is too thin.	手机做得好薄啊。	shǒu jī zuò de hǎo báo a 。	The phone is so thin.	我脸皮薄，不好意思问。	wǒ liǎn pí báo ， bù hǎo yì si wèn 。	I'm too shy to ask, I'd feel awkward.
864	级别	level, rank	这不是一个级别的。	zhè bù shì yī gè jí bié de 。	They're not even in the same league.	他的级别比我高。	tā de jí bié bǐ wǒ gāo 。	He's at a higher level than me.	你这是专业级别啊！	nǐ zhè shì zhuān yè jí bié a ！	This is pro level!
865	培养	to cultivate, train	培养一个好习惯不容易。	péi yǎng yī gè hǎo xí guàn bù róng yì 。	Building a good habit isn't easy.	我想培养孩子的兴趣。	wǒ xiǎng péi yǎng hái zi de xìng qù 。	I want to nurture my kid's interests.	感情是可以慢慢培养的。	gǎn qíng shì kě yǐ màn màn péi yǎng de 。	Feelings can grow over time.
866	每日	daily	每日一问：今天吃什么？	měi rì yī wèn ： jīn tiān chī shén me ？	Daily question: what are we eating today?	这家店每日只卖一百份，来晚了就没了。	zhè jiā diàn měi rì zhǐ mài yī bǎi fèn ， lái wǎn le jiù méi le 。	This shop only sells a hundred portions a day. Come late and they're gone.	每日任务做完了吗？	měi rì rèn wu zuò wán le ma ？	Have you done your dailies yet?
867	素材	material, footage, raw content	这个素材可以借我用吗？	zhè ge sù cái kě yǐ jiè wǒ yòng ma ？	Can I borrow this footage?	我拍了好多素材。	wǒ pāi le hǎo duō sù cái 。	I shot loads of footage.	你的生活就是最好的素材。	nǐ de shēng huó jiù shì zuì hǎo de sù cái 。	Your life is the best material.
868	奖励	reward	今天辛苦了，奖励自己一顿好吃的！	jīn tiān xīn kǔ le ， jiǎng lì zì jǐ yī dùn hǎo chī de ！	Tough day, treating myself to a nice meal!	考好了有什么奖励？	kǎo hǎo le yǒu shén me jiǎng lì ？	What do I get if I do well on the exam?	完成任务就能拿奖励。	wán chéng rèn wu jiù néng ná jiǎng lì 。	Finish the task and you get a reward.
869	鬼畜	(Bilibili) remix/YTP-style video	这个鬼畜视频我笑死了。	zhè ge guǐ chù shì pín wǒ xiào sǐ le 。	This remix video is killing me.	他又被做成鬼畜了。	tā yòu bèi zuò chéng guǐ chù le 。	He got turned into a remix video again.	这首歌是从鬼畜火起来的。	zhè shǒu gē shì cóng guǐ chù huǒ qǐ lái de 。	This song blew up from remix videos.
870	互动	to interact; interaction	他很少跟大家互动。	tā hěn shǎo gēn dà jiā hù dòng 。	He rarely interacts with his fans.	欢迎大家多多互动！	huān yíng dà jiā duō duō hù dòng ！	Feel free to interact, everyone!	两个人的互动太甜了。	liǎng gè rén de hù dòng tài tián le 。	The way those two interact is so sweet.
871	蹭	to rub; (slang) to freeload, ride on (蹭热度)	我今天去他家蹭饭。	wǒ jīn tiān qù tā jiā cèng fàn 。	I'm going to his place for a free meal today.	别蹭热度了，没意思。	bié cèng rè dù le ， méi yì si 。	Quit riding the hype, it's lame.	猫一直在我腿上蹭。	māo yī zhí zài wǒ tuǐ shàng cèng 。	The cat keeps rubbing against my leg.
872	话说	by the way; so…	话说你最近在忙什么？	huà shuō nǐ zuì jìn zài máng shén me ？	So what've you been up to lately?	话说回来，他也没错。	huà shuō huí lái ， tā yě méi cuò 。	Then again, he's not wrong.	话说这首歌叫什么？	huà shuō zhè shǒu gē jiào shén me ？	By the way, what's this song called?
873	体力	stamina	我的体力越来越差了。	wǒ de tǐ lì yuè lái yuè chà le 。	My stamina is getting worse and worse.	爬山很需要体力。	pá shān hěn xū yào tǐ lì 。	Hiking takes a lot of stamina.	打完球，体力全没了。	dǎ wán qiú ， tǐ lì quán méi le 。	After the game I'm completely wiped out.
874	哄	to coax, comfort (a partner/child); to kid, fool (别哄我)	女朋友生气了，怎么哄？	nǚ péng you shēng qì le ， zěn me hǒng ？	My girlfriend's mad, how do I make it up to her?	哄孩子睡觉太难了。	hǒng hái zi shuì jiào tài nán le 。	Getting the kid to sleep is so hard.	别哄我了，我不信。	bié hǒng wǒ le ， wǒ bù xìn 。	Quit kidding me, I don't believe you.
875	识别	to identify, recognise	怎么都识别不了我的脸。	zěn me dōu shí bié bù liǎo wǒ de liǎn 。	It just won't recognise my face.	拍一下就能识别是什么花。	pāi yī xià jiù néng shí bié shì shén me huā 。	Just snap a photo and it can tell you what flower it is.	你能识别出哪个是假的吗？	nǐ néng shí bié chū nǎ ge shì jiǎ de ma ？	Can you tell which one is fake?
876	体现	to reflect, embody	这就体现出他的态度了。	zhè jiù tǐ xiàn chū tā de tài dù le 。	That shows you his attitude.	小事最能体现一个人的性格。	xiǎo shì zuì néng tǐ xiàn yī gè rén de xìng gé 。	Little things say the most about a person's character.	照片完全体现不出这里有多美。	zhào piàn wán quán tǐ xiàn bù chū zhè lǐ yǒu duō měi 。	The photos don't capture how beautiful it is here at all.
877	随意	casual, as you like	大家随意，别客气！	dà jiā suí yì ， bié kè qi ！	Help yourselves, don't be shy!	他穿得很随意。	tā chuān de hěn suí yì 。	He dresses really casually.	随意拍的，别笑我。	suí yì pāi de ， bié xiào wǒ 。	Just a random shot, don't laugh.
878	一旦	once (if)	一旦开始就停不下来。	yī dàn kāi shǐ jiù tíng bù xià lái 。	Once you start, you can't stop.	一旦错过，就没有了。	yī dàn cuò guò ， jiù méi yǒu le 。	Once you miss it, it's gone.	一旦被发现，你就完了。	yī dàn bèi fā xiàn ， nǐ jiù wán le 。	If you get caught, you're done for.
879	定义	definition; to define	你怎么定义“朋友”？	nǐ zěn me dìng yì “ péng you ” ？	How would you define "friend"?	不要被别人定义。	bù yào bèi bié rén dìng yì 。	Don't let other people define you.	这个词的定义是什么？	zhè ge cí de dìng yì shì shén me ？	What's the definition of this word?
880	回头	later; to turn around	回头再说吧。	huí tóu zài shuō ba 。	Let's talk about it later.	回头请你吃饭。	huí tóu qǐng nǐ chī fàn 。	I'll treat you to a meal sometime.	他回头看了看我。	tā huí tóu kàn le kàn wǒ 。	He turned around and looked at me.
881	凭	to rely on; on what basis (“凭什么” = why should…)	凭什么是我？	píng shén me shì wǒ ？	Why should it be me?	你凭什么这么说？	nǐ píng shén me zhè me shuō ？	What gives you the right to say that?	他能有今天，全凭自己的努力。	tā néng yǒu jīn tiān ， quán píng zì jǐ de nǔ lì 。	He got where he is today entirely through his own hard work.
882	落地	to land; to put into practice	飞机刚落地。	fēi jī gāng luò dì 。	The plane just landed.	我落地了，别担心。	wǒ luò dì le ， bié dān xīn 。	I've landed, don't worry.	这个想法什么时候能落地？	zhè ge xiǎng fǎ shén me shí hou néng luò dì ？	When will this idea actually happen?
883	嫉妒	jealous; envy	他天天玩还能考第一，真让人嫉妒！	tā tiān tiān wán hái néng kǎo dì yī ， zhēn ràng rén jí dù ！	He plays all day and still comes first. So jealous!	他就是嫉妒你。	tā jiù shì jí dù nǐ 。	He's just jealous of you.	别嫉妒别人，做好自己。	bié jí dù bié rén ， zuò hǎo zì jǐ 。	Don't envy others, just focus on yourself.
884	优势	advantage	个子高是你的优势。	gè zi gāo shì nǐ de yōu shì 。	Being tall is your advantage.	这个手机有什么优势？	zhè ge shǒu jī yǒu shén me yōu shì ？	What's good about this phone?	他们队的优势太大了。	tā men duì de yōu shì tài dà le 。	Their team has a huge advantage.
885	户外	outdoors	周末去户外走走吧。	zhōu mò qù hù wài zǒu zou ba 。	Let's get outdoors this weekend.	我很喜欢户外运动。	wǒ hěn xǐ huan hù wài yùn dòng 。	I love outdoor activities.	天太热了，别在户外待太久。	tiān tài rè le ， bié zài hù wài dāi tài jiǔ 。	It's too hot, don't stay outside too long.
886	锁	lock; to lock	出门记得锁门。	chū mén jì de suǒ mén 。	Remember to lock the door when you go out.	我把自己锁在门外了。	wǒ bǎ zì jǐ suǒ zài mén wài le 。	I locked myself out.	这两个人太甜了，给我锁死！	zhè liǎng gè rén tài tián le ， gěi wǒ suǒ sǐ ！	These two are so sweet, lock them in for life! (meme)
887	吓人	scary	这个视频好吓人！	zhè ge shì pín hǎo xià rén ！	This video is so scary!	别发这么吓人的东西！	bié fā zhè me xià rén de dōng xi ！	Don't post such scary stuff!	这价格看着就吓人。	zhè jià gé kàn zhe jiù xià rén 。	Just looking at that price is scary.
888	均匀	even, uniform	颜色很均匀。	yán sè hěn jūn yún 。	The colour is nice and even.	我的皮肤颜色不均匀。	wǒ de pí fū yán sè bù jūn yún 。	My skin tone is uneven.	两边要分得均匀一点。	liǎng biān yào fēn de jūn yún yī diǎn 。	Split it a bit more evenly between the two sides.
889	吊	to hang (diào); (slang, crude) awesome, badass (said diǎo, stands in for 屌)	你这也太吊了吧！	nǐ zhè yě tài diǎo le ba ！	That's so awesome!	灯吊在上面。	dēng diào zài shàng miàn 。	The light hangs up there.	他唱得好吊啊！	tā chàng de hǎo diǎo a ！	His singing is sick!
890	适配	compatible, well-suited	这个和我的手机适配吗？	zhè ge hé wǒ de shǒu jī shì pèi ma ？	Is this compatible with my phone?	这首歌和这个视频太适配了！	zhè shǒu gē hé zhè ge shì pín tài shì pèi le ！	This song goes perfectly with this video!	他演这个人太适配了！	tā yǎn zhè ge rén tài shì pèi le ！	He is perfectly cast in this role!
891	松弛	relaxed; (slang) chill, effortless (松弛感)	她身上有一种松弛感。	tā shēn shàng yǒu yī zhǒng sōng chí gǎn 。	She has this effortlessly chill vibe.	我也想活得松弛一点。	wǒ yě xiǎng huó de sōng chí yī diǎn 。	I want to live a bit more chill too.	他看起来特别松弛，一点也不紧张。	tā kàn qǐ lái tè bié sōng chí ， yī diǎn yě bù jǐn zhāng 。	He looks totally chill, not nervous at all.
892	元素	element	这首歌里有很多中国元素。	zhè shǒu gē lǐ yǒu hěn duō zhōng guó yuán sù 。	This song has lots of Chinese elements.	元素太多了，有点乱。	yuán sù tài duō le ， yǒu diǎn luàn 。	Way too many elements, it's a bit chaotic.	这件衣服加了很多可爱的元素。	zhè jiàn yī fu jiā le hěn duō kě ài de yuán sù 。	This outfit has lots of cute design elements.
893	自杀	suicide	听说他是自杀的。	tīng shuō tā shì zì shā de 。	I heard it was suicide.	你这么打就是在自杀啊！	nǐ zhè me dǎ jiù shì zài zì shā a ！	Playing like that is basically suicide!	如果你有自杀的想法，一定要找人说说。	rú guǒ nǐ yǒu zì shā de xiǎng fǎ ， yī dìng yào zhǎo rén shuō shuo 。	If you're having thoughts of suicide, please talk to someone.
894	预算	budget	我的预算不多。	wǒ de yù suàn bù duō 。	My budget isn't big.	预算三千，买什么手机好？	yù suàn sān qiān ， mǎi shén me shǒu jī hǎo ？	Budget of three thousand, which phone should I get?	这次旅游花得比预算多。	zhè cì lǚ yóu huā de bǐ yù suàn duō 。	This trip cost more than I budgeted.
895	收获	gain; harvest	今天收获满满！	jīn tiān shōu huò mǎn mǎn ！	Got so much out of today!	这次旅行最大的收获是什么？	zhè cì lǚ xíng zuì dà de shōu huò shì shén me ？	What was the biggest takeaway from this trip?	看完很有收获，谢谢！	kàn wán hěn yǒu shōu huò ， xiè xie ！	Learned a lot from this, thanks!
896	死亡	death	这下真的社会性死亡了。	zhè xià zhēn de shè huì xìng sǐ wáng le 。	Now I'm really socially dead (so embarrassing). (meme)	我们都会面对死亡。	wǒ men dōu huì miàn duì sǐ wáng 。	We all have to face death.	这部电影讲的是死亡。	zhè bù diàn yǐng jiǎng de shì sǐ wáng 。	This movie is about death.
897	破防	(slang) to be emotionally wrecked / moved to tears; to get triggered, lose one's cool (in an argument)	看到这里我直接破防了。	kàn dào zhè lǐ wǒ zhí jiē pò fáng le 。	This part totally broke me.	他一句话就让我破防了。	tā yī jù huà jiù ràng wǒ pò fáng le 。	One sentence from him and I was wrecked.	才说你两句就破防了？	cái shuō nǐ liǎng jù jiù pò fáng le ？	A couple of words and you're already triggered?
898	难吃	tastes bad	这家店真的难吃，再也不来了。	zhè jiā diàn zhēn de nán chī ， zài yě bù lái le 。	The food here is really bad. Never coming back.	看起来好吃，其实很难吃。	kàn qǐ lái hǎo chī ， qí shí hěn nán chī 。	Looks tasty, but actually tastes terrible.	我做的饭有那么难吃吗？	wǒ zuò de fàn yǒu nà me nán chī ma ？	Is my cooking really that bad?
899	撒	to sprinkle (sǎ); to let loose (sā), as in 撒娇 to act cute/spoiled; 撒狗粮 (sǎ) = flaunt a relationship	她又在跟男朋友撒娇。	tā yòu zài gēn nán péng you sā jiāo 。	She's acting all cute with her boyfriend again.	最后撒一点盐就好了。	zuì hòu sǎ yī diǎn yán jiù hǎo le 。	Finally just sprinkle on a little salt.	别在我面前撒狗粮了！	bié zài wǒ miàn qián sǎ gǒu liáng le ！	Stop rubbing your relationship in my face!
900	天花板	ceiling; (slang) the best, top tier	这首歌是今年的天花板！	zhè shǒu gē shì jīn nián de tiān huā bǎn ！	This song is the best of the year!	说到跳舞，她就是天花板。	shuō dào tiào wǔ ， tā jiù shì tiān huā bǎn 。	When it comes to dancing, she's top tier.	这个房间的天花板好高。	zhè ge fáng jiān de tiān huā bǎn hǎo gāo 。	This room has really high ceilings.
901	讲究	particular, fussy; to pay attention to	他吃饭特别讲究，不好吃的不吃。	tā chī fàn tè bié jiǎng jiu ， bù hǎo chī de bù chī 。	He's really fussy about food — if it's not good, he won't eat it.	你这也太讲究了吧！	nǐ zhè yě tài jiǎng jiu le ba ！	You're way too particular!	我们家不讲究这些。	wǒ men jiā bù jiǎng jiu zhè xiē 。	Our family doesn't fuss about that stuff.
902	挡	to block	前面的人挡住我了，看不见。	qián miàn de rén dǎng zhù wǒ le ， kàn bù jiàn 。	The person in front is blocking me, I can't see.	别挡路，让一下！	bié dǎng lù ， ràng yī xià ！	Don't block the way, let me through!	这把伞挡不了这么大的雨。	zhè bǎ sǎn dǎng bù liǎo zhè me dà de yǔ 。	This umbrella can't keep off rain this heavy.
903	亲爱的	dear, darling	亲爱的，晚饭想吃什么？	qīn ài de ， wǎn fàn xiǎng chī shén me ？	Darling, what do you want for dinner?	谢谢亲爱的，爱你！	xiè xie qīn ài de ， ài nǐ ！	Thanks babe, love you!	亲爱的朋友们，新年快乐！	qīn ài de péng you men ， xīn nián kuài lè ！	Dear friends, happy new year!
904	安利	(slang) to recommend, hype up	给大家安利一个很好用的东西！	gěi dà jiā ān lì yī gè hěn hǎo yòng de dōng xi ！	Let me recommend something really handy to you all!	被朋友安利了这部电视剧，真好看。	bèi péng you ān lì le zhè bù diàn shì jù ， zhēn hǎo kàn 。	A friend got me into this show, it's really good.	别再安利了，我已经买了！	bié zài ān lì le ， wǒ yǐ jīng mǎi le ！	Stop hyping it, I already bought it!
905	复制	to copy	你直接复制过来就行。	nǐ zhí jiē fù zhì guò lái jiù xíng 。	Just copy it over.	这段话是复制别人的吧？	zhè duàn huà shì fù zhì bié rén de ba ？	This paragraph is copied from someone else, right?	成功是没法复制的。	chéng gōng shì méi fǎ fù zhì de 。	Success can't be copied.
906	看好	to be optimistic about	大家都不看好他们，结果赢了。	dà jiā dōu bù kàn hǎo tā men ， jié guǒ yíng le 。	Nobody rated them, and then they won.	我看好你，加油！	wǒ kàn hǎo nǐ ， jiā yóu ！	I believe in you, go for it!	你看好哪个队？	nǐ kàn hǎo nǎ ge duì ？	Which team do you think will win?
907	项目	project; item, event	这个项目下个月就要结束了。	zhè ge xiàng mù xià gè yuè jiù yào jié shù le 。	This project wraps up next month.	我最喜欢的运动项目是游泳。	wǒ zuì xǐ huan de yùn dòng xiàng mù shì yóu yǒng 。	My favourite sport is swimming.	公司又给我加了一个新项目。	gōng sī yòu gěi wǒ jiā le yī gè xīn xiàng mù 。	The company piled another new project on me.
908	毁	to ruin, destroy (毁童年 = ruin one's childhood memories)	新拍的这部电视剧，直接毁了我的童年。	xīn pāi de zhè bù diàn shì jù ， zhí jiē huǐ le wǒ de tóng nián 。	This new TV remake straight-up ruined my childhood.	一场雨把我的新鞋毁了。	yī chǎng yǔ bǎ wǒ de xīn xié huǐ le 。	One rainstorm wrecked my new shoes.	天天喝酒会毁了身体的。	tiān tiān hē jiǔ huì huǐ le shēn tǐ de 。	Drinking every day will wreck your body.
909	凭什么	why should…? on what grounds?	凭什么他能去，我不能去？	píng shén me tā néng qù ， wǒ bù néng qù ？	Why does he get to go and I don't?	你凭什么说我错了？	nǐ píng shén me shuō wǒ cuò le ？	What gives you the right to say I'm wrong?	凭什么我要听你的？	píng shén me wǒ yào tīng nǐ de ？	Why should I listen to you?
910	持续	to continue	这种天气还会持续一个星期。	zhè zhǒng tiān qì hái huì chí xù yī gè xīng qī 。	This weather will go on for another week.	这个活动会一直持续到月底。	zhè ge huó dòng huì yī zhí chí xù dào yuè dǐ 。	This event runs all the way to the end of the month.	我会持续关注这件事的。	wǒ huì chí xù guān zhù zhè jiàn shì de 。	I'll keep following this.
911	叠	to fold; to stack	你帮我把衣服叠一下。	nǐ bāng wǒ bǎ yī fu dié yī xià 。	Help me fold the clothes.	他把书一本一本叠起来了。	tā bǎ shū yī běn yī běn dié qǐ lái le 。	He stacked the books up one by one.	这些盒子可以叠在一起放。	zhè xiē hé zi kě yǐ dié zài yī qǐ fàng 。	These boxes can be stacked together.
912	解锁	to unlock	手机怎么解锁不了了？	shǒu jī zěn me jiě suǒ bù liǎo le ？	Why can't I unlock my phone anymore?	终于解锁了新的地图！	zhōng yú jiě suǒ le xīn de dì tú ！	Finally unlocked the new map!	今天解锁了一种新吃法。	jīn tiān jiě suǒ le yī zhǒng xīn chī fǎ 。	Unlocked a new way to eat it today.
913	挖	to dig	小狗在地上挖了半天。	xiǎo gǒu zài dì shàng wā le bàn tiān 。	The puppy has been digging in the ground forever.	他以前说的话都被网友挖出来了。	tā yǐ qián shuō de huà dōu bèi wǎng yǒu wā chū lái le 。	People online have dug up everything he said in the past.	别的公司想把他挖走。	bié de gōng sī xiǎng bǎ tā wā zǒu 。	Another company wants to poach him.
914	描述	to describe	你描述一下当时的情况。	nǐ miáo shù yī xià dāng shí de qíng kuàng 。	Describe what happened at the time.	这种感觉真的很难描述。	zhè zhǒng gǎn jué zhēn de hěn nán miáo shù 。	This feeling is really hard to describe.	这个描述也太准了吧，笑死我了。	zhè ge miáo shù yě tài zhǔn le ba ， xiào sǐ wǒ le 。	That description is way too accurate, I'm dying.
915	总之	in short	总之，这次是我不对。	zǒng zhī ， zhè cì shì wǒ bù duì 。	Anyway, this time it's my fault.	总之你别管了，我来吧。	zǒng zhī nǐ bié guǎn le ， wǒ lái ba 。	Anyway, just leave it, I'll handle it.	我也说不清楚，总之去看吧！	wǒ yě shuō bù qīng chu ， zǒng zhī qù kàn ba ！	I can't really explain it — anyway, just go watch it!
916	顶级	top-tier	他唱歌真的是顶级水平。	tā chàng gē zhēn de shì dǐng jí shuǐ píng 。	His singing is genuinely top-tier.	这里有好几所世界顶级的大学。	zhè lǐ yǒu hǎo jǐ suǒ shì jiè dǐng jí de dà xué 。	There are several world-class universities here.	这家酒店是顶级的，服务太好了。	zhè jiā jiǔ diàn shì dǐng jí de ， fú wù tài hǎo le 。	This hotel is top-notch, the service is amazing.
917	设计师	designer	我想当一名设计师。	wǒ xiǎng dāng yī míng shè jì shī 。	I want to be a designer.	这个设计师太会了吧！	zhè ge shè jì shī tài huì le ba ！	This designer really knows their stuff!	设计师你自己用过吗？	shè jì shī nǐ zì jǐ yòng guo ma ？	Designer, have you ever used this yourself? (meme)
918	精英	elite	他们公司全是精英。	tā men gōng sī quán shì jīng yīng 。	Everyone at their company is top talent.	精英也会累的好吗。	jīng yīng yě huì lèi de hǎo ma 。	Elites get tired too, you know.	他是那种精英家庭出来的。	tā shì nà zhǒng jīng yīng jiā tíng chū lái de 。	He's from one of those elite families.
919	美味	delicious	这家的饺子真的是人间美味！	zhè jiā de jiǎo zi zhēn de shì rén jiān měi wèi ！	This place's dumplings are heaven on earth!	这碗面看起来好美味啊。	zhè wǎn miàn kàn qǐ lái hǎo měi wèi a 。	This bowl of noodles looks so tasty.	这道菜又健康又美味。	zhè dào cài yòu jiàn kāng yòu měi wèi 。	This dish is both healthy and delicious.
920	启动	to start, launch	电脑启动太慢了。	diàn nǎo qǐ dòng tài màn le 。	The computer takes forever to start up.	车子启动不了，怎么办？	chē zi qǐ dòng bù liǎo ， zěn me bàn ？	The car won't start, what do I do?	我们的新计划明天就启动。	wǒ men de xīn jì huà míng tiān jiù qǐ dòng 。	Our new plan kicks off tomorrow.
921	退役	to retire (from sport, service)	他明年就要退役了。	tā míng nián jiù yào tuì yì le 。	He's retiring next year.	退役以后他开了一家店。	tuì yì yǐ hòu tā kāi le yī jiā diàn 。	After retiring he opened a shop.	别退役啊，我们还想看你比赛！	bié tuì yì a ， wǒ men hái xiǎng kàn nǐ bǐ sài ！	Don't retire, we still want to watch you compete!
922	生存	to survive	在大城市生存真不容易。	zài dà chéng shì shēng cún zhēn bù róng yì 。	Surviving in a big city really isn't easy.	这是一个生存游戏。	zhè shì yī gè shēng cún yóu xì 。	This is a survival game.	人没有水没法生存。	rén méi yǒu shuǐ méi fǎ shēng cún 。	People can't survive without water.
923	极端	extreme	你这个想法太极端了。	nǐ zhè ge xiǎng fǎ tài jí duān le 。	That idea of yours is way too extreme.	最近天气真的很极端。	zuì jìn tiān qì zhēn de hěn jí duān 。	The weather's been really extreme lately.	别说得那么极端嘛。	bié shuō de nà me jí duān ma 。	Come on, don't make it sound so extreme.
924	大爷	old man; uncle (address); (sarcastic) lord	楼下的大爷每天都去跑步。	lóu xià de dà ye měi tiān dōu qù pǎo bù 。	The old guy downstairs goes running every day.	大爷，您慢点走。	dà ye ， nín màn diǎn zǒu 。	Careful as you go, sir.	你还真把自己当大爷了？	nǐ hái zhēn bǎ zì jǐ dàng dà yé le ？	Who do you think you are, royalty?
925	嫌	to dislike, mind	你是不是嫌我话多？	nǐ shì bù shì xián wǒ huà duō ？	Are you sick of me talking so much?	嫌贵就别买。	xián guì jiù bié mǎi 。	If you think it's too pricey, don't buy it.	他嫌这里太远，搬走了。	tā xián zhè lǐ tài yuǎn ， bān zǒu le 。	He found it too far out here and moved away.
926	暴力	violence; violent; by brute force (冷暴力 = the silent treatment)	他一生气就对我冷暴力，好几天不说话。	tā yī shēng qì jiù duì wǒ lěng bào lì ， hǎo jǐ tiān bù shuō huà 。	Whenever he gets angry he gives me the silent treatment for days.	这部电影太暴力了，不适合小孩看。	zhè bù diàn yǐng tài bào lì le ， bù shì hé xiǎo hái kàn 。	This movie is too violent for kids.	钥匙找不到了，他直接暴力开门。	yào shi zhǎo bù dào le ， tā zhí jiē bào lì kāi mén 。	He couldn't find his key, so he just forced the door open.
927	乖	well-behaved, good (child)	孩子今天很乖，一点都没哭。	hái zi jīn tiān hěn guāi ， yī diǎn dōu méi kū 。	The kid was really good today, didn't cry at all.	乖，别玩了，早点睡吧。	guāi ， bié wán le ， zǎo diǎn shuì ba 。	Be good, stop playing and go to bed early.	这只猫好乖啊，从来不叫。	zhè zhī māo hǎo guāi a ， cóng lái bù jiào 。	This cat is so well-behaved, it never meows.
928	客服	customer service	我打了三次客服电话都没人接。	wǒ dǎ le sān cì kè fú diàn huà dōu méi rén jiē 。	I called customer service three times and nobody picked up.	有问题可以找客服。	yǒu wèn tí kě yǐ zhǎo kè fú 。	If there's a problem, contact customer service.	这家店的客服态度太差了。	zhè jiā diàn de kè fú tài dù tài chà le 。	The customer service at this shop is so rude.
929	流浪	to wander; stray (animal)	路边有一只流浪狗。	lù biān yǒu yī zhī liú làng gǒu 。	There's a stray dog by the road.	我想一个人去流浪。	wǒ xiǎng yī gè rén qù liú làng 。	I want to go wander the world on my own.	他年轻的时候在外面流浪了好几年。	tā nián qīng de shí hou zài wài miàn liú làng le hǎo jǐ nián 。	When he was young he drifted around for years.
930	影视	film and TV	我在一家影视公司上班。	wǒ zài yī jiā yǐng shì gōng sī shàng bān 。	I work at a film and TV company.	他是影视专业的学生。	tā shì yǐng shì zhuān yè de xué shēng 。	He's a film and TV major.	很多影视剧都是在这里拍的。	hěn duō yǐng shì jù dōu shì zài zhè lǐ pāi de 。	Lots of films and shows are shot here.
931	当成	to treat as, regard as	你把我当成什么了？	nǐ bǎ wǒ dàng chéng shén me le ？	What do you take me for?	别把玩笑当成真的。	bié bǎ wán xiào dàng chéng zhēn de 。	Don't take a joke seriously.	我一直把他当成哥哥。	wǒ yī zhí bǎ tā dàng chéng gē ge 。	I've always seen him as a big brother.
932	夏日	summer	夏日的风吹在脸上，好舒服啊。	xià rì de fēng chuī zài liǎn shàng ， hǎo shū fu a 。	The summer breeze on my face feels so nice.	这首歌好有夏日感。	zhè shǒu gē hǎo yǒu xià rì gǎn 。	This song has such a summer vibe.	夏日第一口西瓜，太甜了！	xià rì dì yī kǒu xī guā ， tài tián le ！	First watermelon of the summer, so sweet!
933	人格	personality (type); character, integrity	这个人人格有问题吧。	zhè ge rén rén gé yǒu wèn tí ba 。	This person's got something wrong with their personality.	你知道自己是什么人格吗？	nǐ zhī dào zì jǐ shì shén me rén gé ma ？	Do you know what personality type you are?	我用人格保证，这是真的。	wǒ yòng rén gé bǎo zhèng ， zhè shì zhēn de 。	I swear on my character, it's true.
934	凑	to gather; to join in (凑热闹)	我也来凑个热闹。	wǒ yě lái còu gè rè nao 。	I'll join in the fun too.	大家凑钱给她买了个礼物。	dà jiā còu qián gěi tā mǎi le gè lǐ wù 。	Everyone chipped in to buy her a present.	还差一个人，你来凑个数吧。	hái chà yī gè rén ， nǐ lái còu gè shù ba 。	We're one short, come make up the numbers.
935	欲望	desire	看完这张图，我的购买欲望一下就上来了。	kàn wán zhè zhāng tú ， wǒ de gòu mǎi yù wàng yī xià jiù shàng lái le 。	One look at this pic and I suddenly really want to buy it.	人的欲望太多就不快乐了。	rén de yù wàng tài duō jiù bù kuài lè le 。	When people want too much, they stop being happy.	最近一点说话的欲望都没有。	zuì jìn yī diǎn shuō huà de yù wàng dōu méi yǒu 。	Lately I have zero desire to talk.
936	升	to rise, go up; to be promoted; to level up	他刚升了经理。	tā gāng shēng le jīng lǐ 。	He just got promoted to manager.	今天又升温了，热死了。	jīn tiān yòu shēng wēn le ， rè sǐ le 。	It's warmed up again today, I'm melting.	这个游戏我已经升到三十级了。	zhè ge yóu xì wǒ yǐ jīng shēng dào sān shí jí le 。	I've already levelled up to thirty in this game.
937	还行	not bad, OK	味道还行，就是有点贵。	wèi dào hái xíng ， jiù shì yǒu diǎn guì 。	Tastes OK, just a bit pricey.	最近怎么样？还行吧。	zuì jìn zěn me yàng ？ hái xíng ba 。	How've you been? Not bad.	这部电影我觉得还行。	zhè bù diàn yǐng wǒ jué de hái xíng 。	I thought this movie was alright.
938	淘汰	to eliminate	我们队第一场就被淘汰了。	wǒ men duì dì yī chǎng jiù bèi táo tài le 。	Our team got knocked out in the very first match.	这种手机早就被淘汰了。	zhè zhǒng shǒu jī zǎo jiù bèi táo tài le 。	This kind of phone is long obsolete.	不努力就会被淘汰。	bù nǔ lì jiù huì bèi táo tài 。	If you don't work hard, you'll get left behind.
939	画风	art style; vibe (画风清奇 = wacky, off-the-wall)	我好喜欢这个画风！	wǒ hǎo xǐ huan zhè ge huà fēng ！	I love this art style!	怎么画风突然就变了？	zěn me huà fēng tū rán jiù biàn le ？	Why did the vibe suddenly change?	这一家人画风清奇，太好笑了。	zhè yī jiā rén huà fēng qīng qí ， tài hǎo xiào le 。	This family is on a whole other wavelength, it's hilarious.
940	我靠	(vulgar-ish) damn! holy crap!	我靠，这也太好看了吧！	wǒ kào ， zhè yě tài hǎo kàn le ba ！	Holy crap, this is gorgeous!	我靠，我手机丢了！	wǒ kào ， wǒ shǒu jī diū le ！	Damn, I lost my phone!	我靠，你怎么知道的？	wǒ kào ， nǐ zěn me zhī dào de ？	Whoa, how did you know?
941	萌	cute (moe) (反差萌 = cute because of the contrast)	这只小猫萌死我了！	zhè zhī xiǎo māo méng sǐ wǒ le ！	This kitten is so cute I'm dying!	他生气的样子也好萌。	tā shēng qì de yàng zi yě hǎo méng 。	He's even cute when he's angry.	他看起来很冷，其实特别萌，这就是反差萌吧！	tā kàn qǐ lái hěn lěng ， qí shí tè bié méng ， zhè jiù shì fǎn chā méng ba ！	He looks so aloof but he's actually adorable. Classic gap moe!
942	妹	younger sister; girl	我妹今年上高中了。	wǒ mèi jīn nián shàng gāo zhōng le 。	My little sister started high school this year.	妹，你今天好漂亮！	mèi ， nǐ jīn tiān hǎo piào liang ！	Sis, you look gorgeous today!	她是我妹，我还能不了解她？	tā shì wǒ mèi ， wǒ hái néng bù liǎo jiě tā ？	She's my sister, of course I know her.
943	炸裂	(slang) mind-blowing; shocking, over-the-top	这段表演真的炸裂！	zhè duàn biǎo yǎn zhēn de zhà liè ！	This performance is mind-blowing!	今天的消息太炸裂了。	jīn tiān de xiāo xi tài zhà liè le 。	Today's news is insane.	这颜色也太炸裂了吧。	zhè yán sè yě tài zhà liè le ba 。	This colour is so wild.
944	俄罗斯	Russia	我一直想去俄罗斯看雪。	wǒ yī zhí xiǎng qù é luó sī kàn xuě 。	I've always wanted to go to Russia to see the snow.	俄罗斯的冬天特别冷。	é luó sī de dōng tiān tè bié lěng 。	Winter in Russia is super cold.	他是俄罗斯人，中文说得很好。	tā shì é luó sī rén ， zhōng wén shuō de hěn hǎo 。	He's Russian, and his Chinese is really good.
945	抹	to apply, smear; to wipe	脸太干了，抹点东西吧。	liǎn tài gān le ， mǒ diǎn dōng xi ba 。	Your face is too dry, put something on it.	他用手抹了一下嘴。	tā yòng shǒu mǒ le yī xià zuǐ 。	He wiped his mouth with his hand.	腿上抹点药就好了。	tuǐ shàng mǒ diǎn yào jiù hǎo le 。	Just rub some ointment on your leg and it'll be fine.
946	抽烟	to smoke	这里不能抽烟。	zhè lǐ bù néng chōu yān 。	You can't smoke here.	少抽烟，对身体不好。	shǎo chōu yān ， duì shēn tǐ bù hǎo 。	Smoke less, it's bad for you.	你什么时候开始抽烟的？	nǐ shén me shí hou kāi shǐ chōu yān de ？	When did you start smoking?
947	上线	to go online, launch	新游戏明天上线。	xīn yóu xì míng tiān shàng xiàn 。	The new game launches tomorrow.	他一上线就来找我聊天。	tā yī shàng xiàn jiù lái zhǎo wǒ liáo tiān 。	The moment he comes online, he messages me.	你什么时候上线？带我一起玩。	nǐ shén me shí hou shàng xiàn ？ dài wǒ yī qǐ wán 。	When are you getting on? Let me play with you.
948	特意	specially, expressly (going out of one's way for someone or something)	我特意为你买的。	wǒ tè yì wèi nǐ mǎi de 。	I bought it specially for you.	他特意请假来看我。	tā tè yì qǐng jià lái kàn wǒ 。	He took time off specially to come see me.	我特意早起去排队，结果还是没买到。	wǒ tè yì zǎo qǐ qù pái duì ， jié guǒ hái shi méi mǎi dào 。	I got up early specially to queue, and still didn't get one.
949	运营	operations; to run (an account, business)	这个号是谁在运营？	zhè ge hào shì shéi zài yùn yíng ？	Who's running this account?	我在一家公司做运营。	wǒ zài yī jiā gōng sī zuò yùn yíng 。	I work in operations at a company.	这游戏的运营太差了，赶紧改吧。	zhè yóu xì de yùn yíng tài chà le ， gǎn jǐn gǎi ba 。	This game is so badly run, fix it already.
950	悲伤	sad	这首歌听起来好悲伤。	zhè shǒu gē tīng qǐ lái hǎo bēi shāng 。	This song sounds so sad.	说个悲伤的故事：明天又要上班了。	shuō gè bēi shāng de gù shi ： míng tiān yòu yào shàng bān le 。	Here's a sad story: I'm back at work tomorrow. (meme)	他脸上一点悲伤都看不出来。	tā liǎn shàng yī diǎn bēi shāng dōu kàn bù chū lái 。	You can't see a trace of sadness on his face.
951	截图	screenshot	你截图发给我看看。	nǐ jié tú fā gěi wǒ kàn kan 。	Screenshot it and send it to me.	我已经截图了，你说了就是说了。	wǒ yǐ jīng jié tú le ， nǐ shuō le jiù shì shuō le 。	I already screenshotted it — you said it, end of story.	这张截图太好笑了。	zhè zhāng jié tú tài hǎo xiào le 。	This screenshot is hilarious.
952	渣男	scumbag (cheating guy)	他就是个渣男，姐妹快跑！	tā jiù shì gè zhā nán ， jiě mèi kuài pǎo ！	He's a total scumbag. Run, sis! (meme)	他看起来不像渣男啊。	tā kàn qǐ lái bù xiàng zhā nán a 。	He doesn't look like a player though.	你怎么老是遇到渣男啊？	nǐ zěn me lǎo shì yù dào zhā nán a ？	How do you always end up with scumbags?
953	表白	to confess (romantic feelings)	我昨天跟他表白了。	wǒ zuó tiān gēn tā biǎo bái le 。	I confessed to him yesterday.	表白失败了，好难过。	biǎo bái shī bài le ， hǎo nán guò 。	My confession got rejected, I'm so sad.	我要向这首歌表白！	wǒ yào xiàng zhè shǒu gē biǎo bái ！	I'm in love with this song!
954	神仙	immortal; (slang) amazing, heavenly (“神仙颜值”)	这是什么神仙声音啊！	zhè shì shén me shén xiān shēng yīn a ！	What is this heavenly voice!	这家店是神仙小店吧，太好吃了。	zhè jiā diàn shì shén xiān xiǎo diàn ba ， tài hǎo chī le 。	This little place is heavenly, the food is amazing.	他们俩是神仙爱情吧。	tā men liǎ shì shén xiān ài qíng ba 。	Those two have a dream romance.
955	鸭	duck; (slang) cute pun for 呀 (加油鸭 = go for it!)	我最爱吃烤鸭了。	wǒ zuì ài chī kǎo yā le 。	Roast duck is my favourite.	河里有几只小鸭子。	hé lǐ yǒu jǐ zhī xiǎo yā zi 。	There are a few ducklings in the river.	明天就考试了，加油鸭！	míng tiān jiù kǎo shì le ， jiā yóu yā ！	Exam's tomorrow, you've got this! (鸭 'duck' as a cute stand-in for 呀)
956	德国	Germany	德国的啤酒很有名。	dé guó de pí jiǔ hěn yǒu míng 。	German beer is famous.	我哥在德国读书。	wǒ gē zài dé guó dú shū 。	My brother studies in Germany.	德国人做事很认真。	dé guó rén zuò shì hěn rèn zhēn 。	Germans are really thorough.
957	观察	to observe	你仔细观察一下就知道了。	nǐ zǐ xì guān chá yī xià jiù zhī dào le 。	Look closely and you'll see.	先观察几天再说吧。	xiān guān chá jǐ tiān zài shuō ba 。	Let's watch for a few days first and then decide.	我观察了一下，他好像喜欢你。	wǒ guān chá le yī xià ， tā hǎo xiàng xǐ huan nǐ 。	From what I've seen, he seems to like you.
958	良心	conscience; (slang) great value, honest	这价格真良心！	zhè jià gé zhēn liáng xīn ！	This price is so fair!	做人要有良心。	zuò rén yào yǒu liáng xīn 。	You've got to have a conscience.	良心小店，东西又好又便宜。	liáng xīn xiǎo diàn ， dōng xi yòu hǎo yòu pián yi 。	Honest little shop, good stuff and cheap.
959	用户	user	这个网站的用户越来越多了。	zhè ge wǎng zhàn de yòng hù yuè lái yuè duō le 。	This site keeps getting more and more users.	新用户第一次买可以便宜十块。	xīn yòng hù dì yī cì mǎi kě yǐ pián yi shí kuài 。	New users get ten yuan off their first purchase.	作为老用户，我真的很失望。	zuò wéi lǎo yòng hù ， wǒ zhēn de hěn shī wàng 。	As a long-time user, I'm really disappointed.
960	歧视	discrimination; to discriminate	我觉得这就是歧视。	wǒ jué de zhè jiù shì qí shì 。	I think this is straight-up discrimination.	你这是在歧视女生吧？	nǐ zhè shì zài qí shì nǚ shēng ba ？	You're discriminating against girls, aren't you?	不应该歧视任何人。	bù yīng gāi qí shì rèn hé rén 。	You shouldn't discriminate against anyone.
961	差别	difference	这两个有什么差别？	zhè liǎng gè yǒu shén me chā bié ？	What's the difference between these two?	照片和真人差别太大了，完全不像一个人。	zhào piàn hé zhēn rén chā bié tài dà le ， wán quán bù xiàng yī gè rén 。	The photos and the real person are so different, they don't even look like the same person.	其实没什么差别。	qí shí méi shén me chā bié 。	There's actually not much difference.
962	打扮	to dress up	你今天打扮得好漂亮啊！	nǐ jīn tiān dǎ ban de hǎo piào liang a ！	You're all dressed up and looking great today!	她出门前要打扮一个小时。	tā chū mén qián yào dǎ ban yī gè xiǎo shí 。	She spends an hour getting ready before going out.	不用打扮，随便穿就行。	bù yòng dǎ ban ， suí biàn chuān jiù xíng 。	No need to dress up, wear whatever.
963	电池	battery	手机电池用不了一天。	shǒu jī diàn chí yòng bù liǎo yī tiān 。	My phone battery doesn't even last a day.	电池快没电了。	diàn chí kuài méi diàn le 。	The battery's almost dead.	这个电池要换了。	zhè ge diàn chí yào huàn le 。	This battery needs replacing.
964	搜索	to search	你自己搜索一下就知道了。	nǐ zì jǐ sōu suǒ yī xià jiù zhī dào le 。	Just search it yourself and you'll find out.	我搜索了半天也没找到。	wǒ sōu suǒ le bàn tiān yě méi zhǎo dào 。	I searched forever and couldn't find it.	我的搜索历史千万别让人看到。	wǒ de sōu suǒ lì shǐ qiān wàn bié ràng rén kàn dào 。	Nobody can ever see my search history.
965	嘴巴	mouth	你嘴巴怎么这么甜？	nǐ zuǐ ba zěn me zhè me tián ？	How are you such a sweet talker?	吃完饭擦一下嘴巴。	chī wán fàn cā yī xià zuǐ ba 。	Wipe your mouth after you eat.	管好你的嘴巴，别乱说。	guǎn hǎo nǐ de zuǐ ba ， bié luàn shuō 。	Watch your mouth, don't talk nonsense.
966	胃	stomach	我胃有点不舒服。	wǒ wèi yǒu diǎn bù shū fu 。	My stomach feels a bit off.	出国以后才发现，我真的是中国胃。	chū guó yǐ hòu cái fā xiàn ， wǒ zhēn de shì zhōng guó wèi 。	Only after going abroad did I realise I've got a totally Chinese stomach.	他的胃不好，不能吃辣。	tā de wèi bù hǎo ， bù néng chī là 。	He has a bad stomach and can't eat spicy food.
967	据说	reportedly	据说明天要下大雨。	jù shuō míng tiān yào xià dà yǔ 。	Apparently it's going to pour tomorrow.	据说这家店很好吃。	jù shuō zhè jiā diàn hěn hǎo chī 。	I hear this place is really good.	据说他们已经结婚了。	jù shuō tā men yǐ jīng jié hūn le 。	Word is they've already gotten married.
968	当下	the present moment	过好当下就行了，别想太多。	guò hǎo dāng xià jiù xíng le ， bié xiǎng tài duō 。	Just live in the moment, don't overthink it.	当下最重要的是先把病养好。	dāng xià zuì zhòng yào de shì xiān bǎ bìng yǎng hǎo 。	Right now the most important thing is getting better.	这是当下年轻人最喜欢的歌。	zhè shì dāng xià nián qīng rén zuì xǐ huan de gē 。	This is young people's favourite song right now.
969	人性	human nature	这件事让我看清了人性。	zhè jiàn shì ràng wǒ kàn qīng le rén xìng 。	This whole thing showed me what people are really like.	人性是很复杂的。	rén xìng shì hěn fù zá de 。	Human nature is complicated.	这种做法太没人性了。	zhè zhǒng zuò fǎ tài méi rén xìng le 。	Doing that is just inhumane.
970	超越	to surpass	他终于超越了自己。	tā zhōng yú chāo yuè le zì jǐ 。	He finally outdid himself.	这个成绩没人能超越。	zhè ge chéng jì méi rén néng chāo yuè 。	Nobody can beat this record.	第二部超越了第一部吗？	dì èr bù chāo yuè le dì yī bù ma ？	Is the sequel better than the first one?
971	随时	any time	有事随时找我。	yǒu shì suí shí zhǎo wǒ 。	If you need anything, find me any time.	我随时都可以出发。	wǒ suí shí dōu kě yǐ chū fā 。	I can leave any time.	看这天，随时可能下雨。	kàn zhè tiān ， suí shí kě néng xià yǔ 。	Look at the sky, it could rain any minute.
972	糊	burnt; blurry; (slang) to flop (no longer popular)	饭糊了，快关火！	fàn hú le ， kuài guān huǒ ！	The rice is burning, turn off the heat!	这个歌手早就糊了。	zhè ge gē shǒu zǎo jiù hú le 。	This singer has been washed up for ages.	这张照片拍糊了，再拍一张吧。	zhè zhāng zhào piàn pāi hú le ， zài pāi yī zhāng ba 。	This photo came out blurry, take another one.
973	废	useless; (slang) wrecked, exhausted	今天跑了十公里，腿废了。	jīn tiān pǎo le shí gōng lǐ ， tuǐ fèi le 。	Ran ten kilometres today, my legs are done for.	我感觉自己要废了。	wǒ gǎn jué zì jǐ yào fèi le 。	I feel like I'm totally wrecked.	这手机已经废了，开不了机。	zhè shǒu jī yǐ jīng fèi le ， kāi bù liǎo jī 。	This phone is dead, it won't turn on.
974	圆	round; to smooth over, cover up (a slip or lie) (“圆回来”)	今晚的月亮好圆啊。	jīn wǎn de yuè liang hǎo yuán a 。	The moon is so round tonight.	看你怎么圆回来。	kàn nǐ zěn me yuán huí lái 。	Let's see how you talk your way out of this.	他说错话了，赶紧往回圆。	tā shuō cuò huà le ， gǎn jǐn wǎng huí yuán 。	He put his foot in it and scrambled to smooth it over.
975	沙漠	desert	我想去沙漠看星星。	wǒ xiǎng qù shā mò kàn xīng xing 。	I want to go stargazing in the desert.	沙漠里白天热，晚上冷。	shā mò lǐ bái tiān rè ， wǎn shang lěng 。	In the desert it's hot by day and cold at night.	这里干得像沙漠一样。	zhè lǐ gān de xiàng shā mò yī yàng 。	It's as dry as a desert here.
976	时长	duration	这个视频时长只有一分钟。	zhè ge shì pín shí cháng zhǐ yǒu yī fēn zhōng 。	This video is only one minute long.	今天的学习时长有五个小时。	jīn tiān de xué xí shí cháng yǒu wǔ gè xiǎo shí 。	I studied for five hours today.	这部电影时长三个小时，我看睡着了。	zhè bù diàn yǐng shí cháng sān gè xiǎo shí ， wǒ kàn shuì zháo le 。	This movie runs three hours, I fell asleep watching it.
977	模型	model	他房间里全是飞机模型。	tā fáng jiān lǐ quán shì fēi jī mó xíng 。	His room is full of model planes.	这个模型做得跟真的一样。	zhè ge mó xíng zuò de gēn zhēn de yī yàng 。	This model looks just like the real thing.	现在的大模型越来越聪明了。	xiàn zài de dà mó xíng yuè lái yuè cōng míng le 。	AI models are getting smarter and smarter.
978	怀孕	pregnant	她怀孕三个月了。	tā huái yùn sān gè yuè le 。	She's three months pregnant.	怀孕以后她就不喝酒了。	huái yùn yǐ hòu tā jiù bù hē jiǔ le 。	She stopped drinking after she got pregnant.	我姐怀孕了，我要当阿姨了！	wǒ jiě huái yùn le ， wǒ yào dāng ā yí le ！	My sister's pregnant, I'm going to be an aunt!
979	慌	panicked, flustered	别慌，慢慢来。	bié huāng ， màn màn lái 。	Don't panic, take it slow.	我一看时间，心里有点慌。	wǒ yī kàn shí jiān ， xīn lǐ yǒu diǎn huāng 。	When I saw the time I started to panic a bit.	他说话的时候看起来很慌。	tā shuō huà de shí hou kàn qǐ lái hěn huāng 。	He looked really flustered when he was talking.
980	复古	retro, vintage	我最近特别喜欢复古风。	wǒ zuì jìn tè bié xǐ huan fù gǔ fēng 。	I'm really into the retro look lately.	这件衣服好复古啊。	zhè jiàn yī fu hǎo fù gǔ a 。	This outfit is so vintage.	这家咖啡店好复古，拍照很好看。	zhè jiā kā fēi diàn hǎo fù gǔ ， pāi zhào hěn hǎo kàn 。	This café is so retro, great for photos.
981	瞎	blind; (slang) recklessly, randomly (“瞎说”)	别瞎说，没有的事。	bié xiā shuō ， méi yǒu de shì 。	Don't talk nonsense, that never happened.	我就是瞎写的，你随便看看。	wǒ jiù shì xiā xiě de ， nǐ suí biàn kàn kan 。	I just threw it together, have a look if you like.	你眼睛瞎了吗？没看见我？	nǐ yǎn jing xiā le ma ？ méi kàn jiàn wǒ ？	Are you blind? Didn't you see me?
982	片段	clip, fragment	这个片段我看了十遍。	zhè ge piàn duàn wǒ kàn le shí biàn 。	I've watched this clip ten times.	有没有人知道这个片段是哪部剧的？	yǒu méi yǒu rén zhī dào zhè ge piàn duàn shì nǎ bù jù de ？	Does anyone know which show this clip is from?	我只记得一些片段了。	wǒ zhǐ jì de yī xiē piàn duàn le 。	I only remember bits and pieces now.
983	大概率	(very) likely	他大概率不会来了。	tā dà gài lǜ bù huì lái le 。	He's most likely not coming.	明天大概率会下雨。	míng tiān dà gài lǜ huì xià yǔ 。	It'll very likely rain tomorrow.	这部剧大概率要出第二季。	zhè bù jù dà gài lǜ yào chū dì èr jì 。	This show is probably getting a second season.
984	怎么回事	what's going on? what happened?	你们这边到底怎么回事？	nǐ men zhè biān dào dǐ zěn me huí shì ？	What on earth is going on over there?	我手机怎么回事，一直开不了机。	wǒ shǒu jī zěn me huí shì ， yī zhí kāi bù liǎo jī 。	What's up with my phone? It just won't turn on.	有人知道刚才怎么回事吗？	yǒu rén zhī dào gāng cái zěn me huí shì ma ？	Does anyone know what just happened?
985	移动	to move; mobile; China Mobile (carrier)	排队的人一点一点往前移动。	pái duì de rén yī diǎn yī diǎn wǎng qián yí dòng 。	The queue is inching forward bit by bit.	把桌子往左边移动一下。	bǎ zhuō zi wǎng zuǒ biān yí dòng yī xià 。	Move the table a bit to the left.	我用的是移动的手机卡。	wǒ yòng de shì yí dòng de shǒu jī kǎ 。	I'm on a China Mobile SIM card.
986	体质	constitution, physique	我是那种吃不胖的体质。	wǒ shì nà zhǒng chī bù pàng de tǐ zhì 。	I'm one of those people who never gains weight.	他体质不好，经常感冒。	tā tǐ zhì bù hǎo ， jīng cháng gǎn mào 。	He has a weak constitution and catches colds a lot.	多运动可以让体质变好。	duō yùn dòng kě yǐ ràng tǐ zhì biàn hǎo 。	Exercising more can build up your health.
987	恶意	malice	我没有恶意，就是问问。	wǒ méi yǒu è yì ， jiù shì wèn wen 。	No offence meant, I'm just asking.	网上的恶意太多了。	wǎng shàng de è yì tài duō le 。	There's so much hate online.	他这么做就是有恶意的。	tā zhè me zuò jiù shì yǒu è yì de 。	He definitely did that out of malice.
988	猪	pig	你是猪吗？又睡到中午。	nǐ shì zhū ma ？ yòu shuì dào zhōng wǔ 。	Are you a pig? Slept till noon again.	我奶奶家养了两头猪。	wǒ nǎi nai jiā yǎng le liǎng tóu zhū 。	My grandma keeps two pigs.	吃这么多，我要变成猪了。	chī zhè me duō ， wǒ yào biàn chéng zhū le 。	Eating this much, I'm turning into a pig.
989	霸凌	bullying	校园霸凌必须管。	xiào yuán bà líng bì xū guǎn 。	School bullying has to be dealt with.	他小时候被同学霸凌过。	tā xiǎo shí hou bèi tóng xué bà líng guo 。	He was bullied by classmates as a kid.	网上霸凌也是霸凌。	wǎng shàng bà líng yě shì bà líng 。	Online bullying is still bullying.
990	物品	item, article	请带好自己的物品。	qǐng dài hǎo zì jǐ de wù pǐn 。	Please take your belongings with you.	这些物品都不能带上飞机。	zhè xiē wù pǐn dōu bù néng dài shàng fēi jī 。	None of these items can be taken on the plane.	快递到了，但是里面的物品坏了。	kuài dì dào le ， dàn shì lǐ miàn de wù pǐn huài le 。	The parcel arrived, but the item inside was broken.
991	发光	to shine, glow	这个手表晚上会发光。	zhè ge shǒu biǎo wǎn shang huì fā guāng 。	This watch glows in the dark.	她站在台上整个人都在发光。	tā zhàn zài tái shàng zhěng gè rén dōu zài fā guāng 。	Standing on stage, she was absolutely glowing.	你一定会发光的，加油！	nǐ yī dìng huì fā guāng de ， jiā yóu ！	You're going to shine, go for it!
992	传奇	legend; legendary	他就是一个传奇。	tā jiù shì yī gè chuán qí 。	He's a legend.	他的一生太传奇了。	tā de yī shēng tài chuán qí le 。	His life was the stuff of legend.	这场比赛会成为传奇。	zhè chǎng bǐ sài huì chéng wéi chuán qí 。	This match will go down in history.
993	包包	handbag	这个包包好好看，在哪买的？	zhè ge bāo bao hǎo hǎo kàn ， zài nǎ mǎi de ？	This bag is so cute, where'd you get it?	她又买了一个新包包。	tā yòu mǎi le yī gè xīn bāo bao 。	She bought another new handbag.	我的包包里什么都有。	wǒ de bāo bao lǐ shén me dōu yǒu 。	I've got everything in my bag.
994	分析	to analyse	你帮我分析一下他是什么意思。	nǐ bāng wǒ fēn xī yī xià tā shì shén me yì si 。	Help me figure out what he meant.	你分析得很对。	nǐ fēn xī de hěn duì 。	Your analysis is spot on.	我们先分析一下问题在哪。	wǒ men xiān fēn xī yī xià wèn tí zài nǎ 。	Let's first figure out where the problem is.
995	固定	fixed; to fix in place	我没有固定的工作。	wǒ méi yǒu gù dìng de gōng zuò 。	I don't have a steady job.	用这个把桌子固定住。	yòng zhè ge bǎ zhuō zi gù dìng zhù 。	Use this to fix the table in place.	我们每周固定见一次面。	wǒ men měi zhōu gù dìng jiàn yī cì miàn 。	We meet up once a week, like clockwork.
996	似乎	seemingly	他似乎不太高兴。	tā sì hū bù tài gāo xìng 。	He doesn't seem very happy.	事情似乎没那么简单。	shì qing sì hū méi nà me jiǎn dān 。	Things don't seem to be that simple.	我似乎在哪见过你。	wǒ sì hū zài nǎ jiàn guo nǐ 。	I feel like I've seen you somewhere.
997	非洲	Africa	我一直想去非洲看动物。	wǒ yī zhí xiǎng qù fēi zhōu kàn dòng wù 。	I've always wanted to go see the animals in Africa.	他在非洲工作了五年。	tā zài fēi zhōu gōng zuò le wǔ nián 。	He worked in Africa for five years.	非洲那么大，你说的是哪个国家？	fēi zhōu nà me dà ， nǐ shuō de shì nǎ ge guó jiā ？	Africa's huge, which country do you mean?
998	打击	to strike, crack down on; blow, setback (受打击 = to be knocked back)	这次失败对他打击很大。	zhè cì shī bài duì tā dǎ jī hěn dà 。	This failure really knocked him back.	别打击我了，我已经很难过了。	bié dǎ jī wǒ le ， wǒ yǐ jīng hěn nán guò le 。	Stop putting me down, I already feel bad enough.	警察正在打击网上卖假货的。	jǐng chá zhèng zài dǎ jī wǎng shàng mài jiǎ huò de 。	The police are cracking down on people selling fakes online.
999	意大利	Italy	我最爱吃意大利面了。	wǒ zuì ài chī yì dà lì miàn le 。	Pasta is my absolute favourite.	明年我想去意大利玩。	míng nián wǒ xiǎng qù yì dà lì wán 。	I want to go to Italy next year.	他是意大利人，特别爱说话。	tā shì yì dà lì rén ， tè bié ài shuō huà 。	He's Italian and loves to chat.
1000	台湾	Taiwan	我下个月要去台湾玩。	wǒ xià gè yuè yào qù tái wān wán 。	I'm going to Taiwan next month.	台湾的小吃特别多。	tái wān de xiǎo chī tè bié duō 。	Taiwan has loads of street food.	她是台湾来的，说话很好听。	tā shì tái wān lái de ， shuō huà hěn hǎo tīng 。	She's from Taiwan, and she sounds lovely when she talks.
