rank	word	sentence_1	pinyin_1	translation_1	sentence_2	pinyin_2	translation_2	sentence_3	pinyin_3	translation_3
1	哈哈	哈哈不要再给自己一刀了	hā hā bú yào zài gěi zì jǐ yī dāo le		哈哈你怎么这么优秀哈哈	hā hā nǐ zěn me zhè me yōu xiù hā hā		哈哈我帮你找个北京的	hā hā wǒ bāng nǐ zhǎo gè běi jīng de	
2	呀	我们为什么会做梦呀？	wǒ men wèi shén me huì zuò mèng ya ？	Why do we have dreams?	你们有几个姐妹呀？	nǐ men yǒu jǐ gè jiě mèi ya ？	How many sisters do you have?	请问票在哪儿买呀？	qǐng wèn piào zài nǎ ér mǎi ya ？	Where can I buy a ticket?
3	啦	麻烦你叫我起床吃早餐啦。	má fán nǐ jiào wǒ qǐ chuáng chī zǎo cān la 。	Please wake me for breakfast.	你明天有什么安排啦？	nǐ míng tiān yǒu shén me ān pái la ？	What do you have planned tomorrow?	好热啊，我快受不了啦。	hǎo rè a ， wǒ kuài shòu bù liǎo la 。	I can't stand the heat.
4	嘛	看起来不怎么可爱嘛。	kàn qǐ lái bù zěn me kě ài ma 。	It doesn't look so cute.	嗯。我可以加入你的小组嘛	ń 。 wǒ kě yǐ jiā rù nǐ de xiǎo zǔ ma		你要告诉我你到底想让我干嘛。	nǐ yào gào sù wǒ nǐ dào dǐ xiǎng ràng wǒ gàn má 。	You need to tell me what you want me to do.
5	哦	你恐怕会变成一个好人哦。	nǐ kǒng pà huì biàn chéng yí gè hǎo rén ó 。	You're in danger of becoming a good man.	哦！我很遗憾听到这个消息。	ó ！ wǒ hěn yí hàn tīng dào zhè ge xiāo xī 。	Oh! I'm sorry to hear that.	这个我只和你说哦。	zhè ge wǒ zhǐ hé nǐ shuō ó 。	I'm telling you this confidentially.
6	么	这个房间太棒了，难道不是么？	zhè ge fáng jiān tài bàng le ， nán dào bú shì me ？	This room's pretty awesome, eh?	你们知道他住在哪里么？	nǐ men zhī dào tā zhù zài nǎ lǐ me ？	Do you know where he lives?	我能把这个箱子打开么？	wǒ néng bǎ zhè ge xiāng zi dǎ kāi me ？	May I open the box?
7	啥	啊，我干了啥？我干了啥？	a ， wǒ gàn le shá ？ wǒ gàn le shá ？	Oh, what have I done? What have I done?	他跟她没啥共同点。	tā gēn tā méi shá gòng tóng diǎn 。	He has nothing in common with her.	我跟他没啥共同点。	wǒ gēn tā méi shá gòng tóng diǎn 。	I have nothing in common with him.
8	是不是	你今天是不是有点发烧？	nǐ jīn tiān shì bú shì yǒu diǎn fā shāo ？	You have a little fever today, don't you?	他问我，是不是知道她的电话号码。	tā wèn wǒ ， shì bú shì zhī dào tā de diàn huà hào mǎ 。	He asked me if I knew her telephone number.	现在是不是该开会了？	xiàn zài shì bú shì gāi kāi huì le ？	Shall we start the meeting now?
9	是的	是的，他几乎和我一样高。	shì de ， tā jī hū hé wǒ yī yàng gāo 。	Yes, he's almost as tall as I am.	是的，今天晚上很愉快。	shì de ， jīn tiān wǎn shàng hěn yú kuài 。	Yes, it's such a nice evening.	是的，你需要每天练习。	shì de ， nǐ xū yào měi tiān liàn xí 。	Yes, you need to practice every day.
10	呃	没时间呃。天天学习时间都不够	méi shí jiān è 。 tiān tiān xué xí shí jiān dōu bù gòu		呃 谢谢你陪我散步回家	è   xiè xiè nǐ péi wǒ sàn bù huí jiā		就是说呃，因为就是说。	jiù shì shuō è ， yīn wèi jiù shì shuō 。	
11	哈	你想我要跟你说哈	nǐ xiǎng wǒ yào gēn nǐ shuō hā		.少了你们支持哈	. shǎo le nǐ men zhī chí hā		你什么都没做，哈？	nǐ shén me dōu méi zuò ， hā ？	
12	人家	他光是嫁祸于人家。	tā guāng shì jià huò yú rén jiā 。	He is just passing the blame onto others.	你为什么要骂人家？	nǐ wèi shén me yào mà rén jiā ？	Why do you go about being cross at people?	至少20户人家着火了。	zhì shǎo 2 0 hù rén jiā zháo huǒ le 。	At least 20 households caught fire.
13	哎	然后对哎，我觉得	rán hòu duì āi ， wǒ jué de		哎各有各的好	āi gè yǒu gè de hǎo		哎然后他是	āi rán hòu tā shì	
14	反正	反正已经太晚了。	fǎn zhèng yǐ jīng tài wǎn le 。	It's too late, anyhow.	反正一样。	fǎn zhèng yī yàng 。	Makes no difference anyway.	反正到了二十二岁什么都知道了，看书还有什么用呢。	fǎn zhèng dào le èr shí èr suì shén me dōu zhī dào le ， kàn shū hái yǒu shén me yòng ne 。	Anyway, at the age of 22 one knows everything, so what's the use of reading?
15	咋	是啊，永远都是。你咋还不睡了？	shì a ， yǒng yuǎn dōu shì 。 nǐ zǎ hái bù shuì le ？		哪有啊！你咋还不睡？	nǎ yǒu a ！ nǐ zǎ hái bù shuì ？		回复给我了咋	huí fù gěi wǒ le zǎ	
16	求	求你了，给我一个瓶子吧！	qiú nǐ le ， gěi wǒ yí gè píng zi ba ！	I beg you, give me a bottle!	你求他帮忙没有用。	nǐ qiú tā bāng máng méi yǒu yòng 。	It's no use your begging him for help.	汤姆很不好意思去求帮忙。	tāng mǔ hěn bù hǎo yì sī qù qiú bāng máng 。	Tom was embarrassed to have to ask for help.
17	哥	我让我哥修理我的自行车。	wǒ ràng wǒ gē xiū lǐ wǒ de zì xíng chē 。	I had my brother repair my bicycle.	你觉得我是个酷哥吗？	nǐ jué de wǒ shì gè kù gē ma ？	Do you think of me as a cool guy?	我哥在车祸中受伤了。	wǒ gē zài chē huò zhōng shòu shāng le 。	My brother was injured in the car accident.
18	嗯嗯	嗯嗯我现在幸福的像朵花	ń ń wǒ xiàn zài xìng fú de xiàng duǒ huā		嗯嗯！好！我一定不会让你失望的！	ń ń ！ hǎo ！ wǒ yí dìng bú huì ràng nǐ shī wàng de ！		嗯嗯以后我也学着点	ń ń yǐ hòu wǒ yě xué zhe diǎn	
19	咯	今晚见吧!一会儿见咯!	jīn wǎn jiàn ba ! yī huì er jiàn gē !	See you tonight! See you soon!	所以我叫你不要一个人去咯。	suǒ yǐ wǒ jiào nǐ bú yào yí gè rén qù gē 。	That's why I'm telling you not to go alone.	那你就是不懂这句句子咯？	nà nǐ jiù shì bù dǒng zhè jù jù zi gē ？	So you don't understand this sentence?
20	还好	我朋友问我是不是觉得还好。	wǒ péng yǒu wèn wǒ shì bú shì jué de hái hǎo 。	My friend asked me if I was feeling all right.	最近还好么？	zuì jìn hái hǎo me ？	You've been well lately?	你还好吧？	nǐ hái hǎo ba ？	Are you alright?
21	超	我被一辆车超了。	wǒ bèi yī liàng chē chāo le 。	I was overtaken by a car.	超赞的。	chāo zàn de 。	This is fucking cool.	这个房间超赞的，对不对？	zhè ge fáng jiān chāo zàn de ， duì bú duì ？	This room's pretty awesome, eh?
22	亲	你和爸爸更亲还是妈妈更亲？	nǐ hé bà bà gèng qīn hái shì mā mā gèng qīn ？	Are you closer to your mother or to your father?	他说永远都不亲她。	tā shuō yǒng yuǎn dōu bù qīn tā 。	He says he'd never kiss her.	我只亲过她一次。	wǒ zhǐ qīn guò tā yī cì 。	I only kissed her once.
23	呵呵	因为她们认为星星喜欢xy呵呵	yīn wèi tā men rèn wéi xīng xīng xǐ huān x y hē hē		呵呵你可能得死在我手上	hē hē nǐ kě néng dé sǐ zài wǒ shǒu shàng		真能睡哦！呵呵，可以交个朋友吗？	zhēn néng shuì ó ！ hē hē ， kě yǐ jiāo gè péng yǒu ma ？	
24	期待	我期待他提供一些帮助。	wǒ qī dài tā tí gōng yī xiē bāng zhù 。	I expected him to offer some help.	我期待再次见到他。	wǒ qī dài zài cì jiàn dào tā 。	I'm looking forward to seeing him.	我很期待去旅游.	wǒ hěn qī dài qù lǚ yóu .	I am looking forward to the trip.
25	黑	他为什么看上去很黑？	tā wèi shén me kàn shàng qù hěn hēi ？	Why does he look black?	她总是一身黑。	tā zǒng shì yī shēn hēi 。	She is always dressed in black.	云越来越黑。	yún yuè lái yuè hēi 。	The clouds are getting darker.
26	姐	姐给你带的麻烦不够么?	jiě gěi nǐ dài de má fán bù gòu me ?		姐你怎么可以说她瘦！	jiě nǐ zěn me kě yǐ shuō tā shòu ！		你除了你姐你还见过其他的女生吗	nǐ chú le nǐ jiě nǐ hái jiàn guò qí tā de nǚ shēng ma	
27	嘿嘿	理解理解~我也很乱嘿嘿	lǐ jiě lǐ jiě ~ wǒ yě hěn luàn hēi hēi		是我是我就是我！嘿嘿	shì wǒ shì wǒ jiù shì wǒ ！ hēi hēi		嘿嘿我们一起可爱	hēi hēi wǒ men yì qǐ kě ài	
28	搞	我把自己的日子搞得更难过。	wǒ bǎ zì jǐ de rì zi gǎo dé gèng nán guò 。	I make my life more difficult.	他真地把事搞复杂了。	tā zhēn dì bǎ shì gǎo fù zá le 。	He made things really complicated.	我真的搞不懂为什么。	wǒ zhēn de gǎo bù dǒng wèi shén me 。	I really can't figure out why.
29	赞	超赞的。	chāo zàn de 。	This is fucking cool.	这个房间超赞的，对不对？	zhè ge fáng jiān chāo zàn de ， duì bú duì ？	This room's pretty awesome, eh?	听起来很赞，我会将你提到的那家餐厅记下来！	tīng qǐ lái hěn zàn ， wǒ huì jiāng nǐ tí dào de nà jiā cān tīng jì xià lái ！	I'll keep the address of the restaurant you mentioned—it sounds great!
30	阿	什么叫我知道是谁吗=我喜欢你阿	shén me jiào wǒ zhī dào shì shuí ma = wǒ xǐ huān nǐ ā		男的不好意思阿	nán de bù hǎo yì sī ā		不是你还有谁阿。	bú shì nǐ hái yǒu shuí ā 。	
31	几天	几天之后你就可以开车了。	jǐ tiān zhī hòu nǐ jiù kě yǐ kāi chē le 。	You'll be able to drive a car in a few days.	我过几天会给你打电话。	wǒ guò jǐ tiān huì gěi nǐ dǎ diàn huà 。	I'll call you in a couple of days.	休息几天会对你好的。	xiū xī jǐ tiān huì duì nǐ hǎo de 。	A few days' rest will do you good.
32	噢	噢，真的吗?	ō ， zhēn de ma ?	Oh, really?	再不快点就迟到了噢。	zài bù kuài diǎn jiù chí dào le ō 。	If we don't hurry, we'll be late.	噢，我忘记买豆腐了。	ō ， wǒ wàng jì mǎi dòu fǔ le 。	Ah, I forgot to buy tofu.
33	诶	诶，那我和你差不多嘛。	éi ， nà wǒ hé nǐ chà bu duō ma 。		一样好吃诶。	yī yàng hǎo chī éi 。		诶，有时间吗?	éi ， yǒu shí jiān ma ?	
34	超级	今天超级冷。	jīn tiān chāo jí lěng 。	It's awfully cold today.	浏览器跑得超级慢。	liú lǎn qì pǎo dé chāo jí màn 。	The browser is running really slowly.	它超级好玩的	tā chāo jí hǎo wán de	It was a blast.
35	哟	别跟任何人说哟。	bié gēn rèn hé rén shuō yō 。	Don't tell anyone.	对谁都别说哟。	duì shuí dōu bié shuō yō 。	Don't tell anyone.	会受伤哟。	huì shòu shāng yō 。	You will hurt yourself.
36	减肥	我姐姐为了减肥每天都锻炼。	wǒ jiě jiě wèi le jiǎn féi měi tiān dōu duàn liàn 。	My older sister exercises every day to lose weight.	我不吃晚饭因为我想减肥。	wǒ bù chī wǎn fàn yīn wèi wǒ xiǎng jiǎn féi 。	I don't eat supper because I want to lose some weight.	我想知道我能怎样减肥。	wǒ xiǎng zhī dào wǒ néng zěn yàng jiǎn féi 。	I want to know how I can lose weight.
37	妈	妈，我可以去游泳吗?	mā ， wǒ kě yǐ qù yóu yǒng ma ?	Mom, can I go swimming?	我妈不会开车。	wǒ mā bú huì kāi chē 。	My mother cannot drive a car.	我给我妈了。	wǒ gěi wǒ mā le 。	I gave it to my mommy.
38	居然	都一天了，你居然还没有开始！	dōu yī tiān le ， nǐ jū rán hái méi yǒu kāi shǐ ！	How come you have not started yet after a day.	我没想到今天居然会哭的。	wǒ méi xiǎng dào jīn tiān jū rán huì kū de 。	I never expected I would end up crying today.	我居然忘记了今天有课！	wǒ jū rán wàng jì le jīn tiān yǒu kè ！	I completely forgot that there was class today!
39	呗	花了就花了呗我钱都给人花了	huā le jiù huā le bei wǒ qián dōu gěi rén huā le		就是怎么学，上课睡觉下课玩呗	jiù shì zěn me xué ， shàng kè shuì jiào xià kè wán bei		在家无聊没人玩呗！	zài jiā wú liáo méi rén wán bei ！	
40	恭喜	我要恭喜你。	wǒ yào gōng xǐ nǐ 。	I should congratulate you.	恭喜你！	gōng xǐ nǐ ！	Congratulations!	恭喜你的脸。	gōng xǐ nǐ de liǎn 。	Congratulations on your face.
41	为啥	我想让你明白为啥你必须这么做。	wǒ xiǎng ràng nǐ míng bái wèi shá nǐ bì xū zhè me zuò 。	I want you to understand why you have to do this.	你为啥还不结婚？	nǐ wèi shá hái bù jié hūn ？	Why aren't you married yet?	他为啥生气？	tā wèi shá shēng qì ？	Why is he angry?
42	嘻嘻	嘻嘻请问那个为了你是我吗	xī xī qǐng wèn nà ge wèi le nǐ shì wǒ ma		嘻嘻。我这里有真B都不用装	xī xī 。 wǒ zhè lǐ yǒu zhēn B dōu bù yòng zhuāng		嘻嘻新年好新年快乐越来越美	xī xī xīn nián hǎo xīn nián kuài lè yuè lái yuè měi	
43	咱	跟我还客气什么，咱俩谁跟谁啊。	gēn wǒ hái kè qì shén me ， zán liǎ shuí gēn shuí a 。	Sure, anything for you! We're like family!	今天咱各付各的。	jīn tiān zán gè fù gè de 。	Let's go Dutch today.	咱去那吧。	zán qù nà ba 。	Let's go there.
44	唉	就感觉我与他们之间有距离，也唉	jiù gǎn jué wǒ yǔ tā men zhī jiān yǒu jù lí ， yě āi		唉,我挺喜欢那片子	āi , wǒ tǐng xǐ huān nà piān zi		唉,我挺喜欢那片子.	āi , wǒ tǐng xǐ huān nà piān zi .	
45	丑	这把椅子很丑。	zhè bǎ yǐ zi hěn chǒu 。	This chair is ugly.	不要等到人人都说你丑时才发现自己真的丑。	bú yào děng dào rén rén dōu shuō nǐ chǒu shí cái fā xiàn zì jǐ zhēn de chǒu 。	Do not wait until everyone says that you are ugly before realising that you really are ugly.	一个丑男人敲了我的门。	yí gè chǒu nán rén qiāo le wǒ de mén 。	An ugly man knocked on my door.
46	宝宝	宝宝还不会使用勺子。	bǎo bǎo hái bú huì shǐ yòng sháo zi 。	The baby cannot use a spoon yet.	宝宝对我笑了。	bǎo bǎo duì wǒ xiào le 。	The baby smiled at me.	宝宝开始哭了。	bǎo bǎo kāi shǐ kū le 。	The baby started to cry.
47	亲爱的	你在做什么呢，亲爱的？	nǐ zài zuò shén me ne ， qīn ài de ？	What are you doing, darling?	亲爱的，我们跳舞吧。	qīn ài de ， wǒ men tiào wǔ ba 。	Let's dance, my darling.	亲爱的，我可以解释。	qīn ài de ， wǒ kě yǐ jiě shì 。	Honey, I can explain.
48	杀	他们玩牌来杀时间。	tā men wán pái lái shā shí jiān 。	They killed time playing cards.	我不敢杀动物。	wǒ bù gǎn shā dòng wù 。	I don't dare to kill animals.	老虎被杀了。	lǎo hǔ bèi shā le 。	The tiger was killed.
49	哎呀	哎呀，我们好像忘了汤姆。	āi yā ， wǒ men hǎo xiàng wàng le tāng mǔ 。	Oops, I think we forgot Tom.	哎呀，差点上课迟到！	āi yā ， chà diǎn shàng kè chí dào ！	Ach, I was almost late to class!	哎呀- 我忘了我的药。	āi yā -   wǒ wàng le wǒ de yào 。	Oops - I forgot my medicine.
50	恩	恩 我觉得没剩什么值得拿的东西了	ēn   wǒ jué de méi shèng shén me zhí de ná de dōng xī le		我猜关于结婚的事来得有点突然 恩	wǒ cāi guān yú jié hūn de shì lái de yǒu diǎn tū rán   ēn		恩，终于毕业咯	ēn ， zhōng yú bì yè gē	
51	啊啊	啊啊他当时好像就是那个	a a tā dāng shí hǎo xiàng jiù shì nà ge		啊啊我哥我想和你打球呀！	a a wǒ gē wǒ xiǎng hé nǐ dǎ qiú ya ！		A啊啊感谢有你我会加油的！	A a a gǎn xiè yǒu nǐ wǒ huì jiā yóu de ！	
52	没错	写的没错，不过很少那么说。	xiě de méi cuò ， bù guò hěn shǎo nà me shuō 。	It's not wrong, but it's rarely written like that.	他们做的没错。	tā men zuò de méi cuò 。	They did the right thing.	其实啊，你没错。	qí shí a ， nǐ méi cuò 。	Actually, you're not wrong.
53	白	我们有三只狗,一白两黑.	wǒ men yǒu sān zhǐ gǒu , yī bái liǎng hēi .	We have three dogs, one white and two black.	她的皮肤比雪还白。	tā de pí fū bǐ xuě hái bái 。	Her skin is more white than snow.	她的皮肤白得像雪。	tā de pí fū bái dé xiàng xuě 。	Her skin is as white as snow.
54	蛮	汤姆看起来蛮高兴的。	tāng mǔ kàn qǐ lái mán gāo xìng de 。	Tom looks quite happy.	这篇漫画在中国蛮火。	zhè piān màn huà zài zhōng guó mán huǒ 。	This manga is pretty popular in China.	这首歌蛮熟悉的。	zhè shǒu gē mán shú xī de 。	This song is familiar to me.
55	哒	爸爸你什么时候回来哒?	bà bà nǐ shén me shí hòu huí lái dá ?		我们会慢慢放哒。	wǒ men huì màn màn fàng dá 。		那是必须哒.	nà shì bì xū dá .	
56	毕竟	毕竟，我应认真相信些什么？	bì jìng ， wǒ yīng rèn zhēn xiāng xìn xiē shén me ？	In the end, what must I really believe in?	你毕竟是对的。	nǐ bì jìng shì duì de 。	After all, you're right.	毕竟，即使是神也会偶尔出差错。	bì jìng ， jí shǐ shì shén yě huì ǒu ěr chū chā cuò 。	After all, even the gods may err at times.
57	什么的	玩玩电玩游戏什么的吧。	wán wán diàn wán yóu xì shén me de ba 。	Let's play video games or something.	他好像对音乐剧什么的很感兴趣，而且还非常内行。	tā hǎo xiàng duì yīn yuè jù shén me de hěn gǎn xìng qù ， ér qiě hái fēi cháng nèi háng 。	He seems very interested in musical theatre and the like, and he also seems quite adept.	拍火车的照片什么的，有什么好玩的呀？	pāi huǒ chē de zhào piān shén me de ， yǒu shén me hǎo wán de ya ？	What's so fun about taking pictures of trains?
58	剪	她有时候让她的妈妈剪头发。	tā yǒu shí hòu ràng tā de mā mā jiǎn tóu fā 。	She sometimes has her mother cut her hair.	我想在出发旅行前剪个头发。	wǒ xiǎng zài chū fā lǚ xíng qián jiǎn gè tóu fā 。	I want to get a haircut before I go on the trip.	你叔叔给你阿姨剪头发。	nǐ shū shū gěi nǐ ā yí jiǎn tóu fā 。	Your uncle gives your aunt a haircut.
59	干嘛	小伙子，在这儿干嘛呢？	xiǎo huǒ zi ， zài zhè ér gàn má ne ？	What are you doing here, young man?	你给我看这个干嘛？	nǐ gěi wǒ kàn zhè ge gàn má ？	Why are you showing me this?	爸爸，你刚才在干嘛?	bà bà ， nǐ gāng cái zài gàn má ?	Father, What were you just doing?
60	宿舍	你很快会适应在宿舍的生活的。	nǐ hěn kuài huì shì yìng zài sù shè de shēng huó de 。	You'll get used to the dorm life pretty quickly.	我把笔记放在宿舍了，现在回去拿。	wǒ bǎ bǐ jì fàng zài sù shè le ， xiàn zài huí qù ná 。	I left the notes in the dormitory. I'll go back and get them now.	我把笔记落在宿舍了，我现在就回去拿。	wǒ bǎ bǐ jì luò zài sù shè le ， wǒ xiàn zài jiù huí qù ná 。	I left the notes in the dormitory. I'll go back and get them now.
61	额	额。这个怎么用？	é 。 zhè ge zěn me yòng ？		额。这个是怎么运作的？	é 。 zhè ge shì zěn me yùn zuò de ？		去年的进口商品额超过了出口商品额。	qù nián de jìn kǒu shāng pǐn é chāo guò le chū kǒu shāng pǐn é 。	Imports exceeded exports last year.
62	喔	我下次会注意啦，好痛喔。	wǒ xià cì huì zhù yì la ， hǎo tòng ō 。	Oww, it hurts. I'll pay attention next time.	喔！你提到一个重点了。	ō ！ nǐ tí dào yí gè zhòng diǎn le 。	You have a point there.	一定要告诉他们喔。	yí dìng yào gào sù tā men ō 。	Make sure you tell them.
63	骂	你被老师骂了吗？	nǐ bèi lǎo shī mà le ma ？	Were you scolded by your teacher?	我不是在骂你。	wǒ bú shì zài mà nǐ 。	I was not scolding you.	妈妈骂马吗？	mā mā mà mǎ ma ？	Is Mother scolding the horse?
64	根本	实际上他根本没有去考试。	shí jì shàng tā gēn běn méi yǒu qù kǎo shì 。	The fact is that he didn't even take the exam.	我不能去那里，而且我根本不想去。	wǒ bù néng qù nà lǐ ， ér qiě wǒ gēn běn bù xiǎng qù 。	I can't go, nor do I want to.	我根本不认识那女人。	wǒ gēn běn bù rèn shí nà nǚ rén 。	I didn't know the woman at all.
65	不然	快点，不然你就要错过火车了。	kuài diǎn ， bù rán nǐ jiù yào cuò guò huǒ chē le 。	Hurry up, or you will miss the train.	慢慢来，不然你可能会出错的。	màn màn lái ， bù rán nǐ kě néng huì chū cuò de 。	Take your time, or you may make some mistakes.	快点，不然要赶不上火车了。	kuài diǎn ， bù rán yào gǎn bù shàng huǒ chē le 。	Be quick, or you will miss the train.
66	分手	我没有想到我们会这样分手。	wǒ méi yǒu xiǎng dào wǒ men huì zhè yàng fēn shǒu 。	I never thought we'd end up like this.	我打算与她分手。	wǒ dǎ suàn yǔ tā fēn shǒu 。	I plan to break up with her.	我要跟你分手了。	wǒ yào gēn nǐ fēn shǒu le 。	I want to break up with you.
67	头像	我喜欢你的头像。	wǒ xǐ huān nǐ de tóu xiàng 。	I like your profile picture.	我的头像漂亮吗？	wǒ de tóu xiàng piào liàng ma ？	Is my profile picture beautiful?	你最近更改过你的头像吗？	nǐ zuì jìn gēng gǎi guò nǐ de tóu xiàng ma ？	Have you changed your profile picture recently?
68	妹子	北方人认为南方的妹子性格	běi fāng rén rèn wéi nán fāng de mèi zi xìng gé		要比北方妹子会更加聪明一些	yào bǐ běi fāng mèi zi huì gèng jiā cōng míng yī xiē		我好像认识这个妹子	wǒ hǎo xiàng rèn shí zhè ge mèi zi	
69	能不能	现在有点慢，能不能等一下？	xiàn zài yǒu diǎn màn ， néng bù néng děng yí xià ？	It's a bit slow, can you wait for a bit?	能不能请你把窗关了?	néng bù néng qǐng nǐ bǎ chuāng guān le ?	Would you please shut the window?	你能不能再说一遍？	nǐ néng bù néng zài shuō yī biàn ？	Could you say that again?
70	以	他以唱歌为生。	tā yǐ chàng gē wéi shēng 。	He makes his living by singing.	我以你为荣。	wǒ yǐ nǐ wèi róng 。	I'm proud of you.	这个地方以风景优美闻名。	zhè ge dì fāng yǐ fēng jǐng yōu měi wén míng 。	This place is famous for its scenic beauty.
71	祝福	我们所有人都祝福你。	wǒ men suǒ yǒu rén dōu zhù fú nǐ 。	Best wishes from all of us.	谢谢你的祝福。	xiè xiè nǐ de zhù fú 。	Thanks for your well-wishes.	所有的思念与祝福都包进了那薄薄的饺子皮里。	suǒ yǒu de sī niàn yǔ zhù fú dōu bāo jìn le nà báo báo de jiǎo zi pí lǐ 。	All of the longing and wishes for good fortune are wrapped up in the fragile skin of the dumplings.
72	木有	同时还表示木有压力	tóng shí hái biǎo shì mù yǒu yā lì		这么看来你木有	zhè me kàn lái nǐ mù yǒu		但是木有耐心	dàn shì mù yǒu nài xīn	
73	可怜	你为什么这么可怜？	nǐ wèi shén me zhè me kě lián ？	Why are you so unfortunate?	她照顾可怜的小鸟。	tā zhào gù kě lián de xiǎo niǎo 。	She took care of the poor little bird.	可怜可怜我吧！	kě lián kě lián wǒ ba ！	Have pity on me.
74	熬夜	我哥哥经常熬夜看小说。	wǒ gē gē jīng cháng áo yè kàn xiǎo shuō 。	My brother would often stay up all night reading novels.	晚上熬夜到这么晚不好。	wǎn shàng áo yè dào zhè me wǎn bù hǎo 。	It's not a good idea to stay up at night for so long.	妈妈总是告诉我晚上不要熬夜太晚。	mā mā zǒng shì gào sù wǒ wǎn shàng bú yào áo yè tài wǎn 。	Mother always tells me not to sit up late at night.
75	嗨	嗨！你在这儿工作吗？	hāi ！ nǐ zài zhè ér gōng zuò ma ？	Hi! Do you work here?	嗨，你还在这里吗？	hāi ， nǐ hái zài zhè lǐ ma ？	Hey, are you still here?	嗨，你怎么样？	hāi ， nǐ zěn me yàng ？	Hi! How are you?
76	好玩	我听说挺好玩的。	wǒ tīng shuō tǐng hǎo wán de 。	I heard it was pretty exciting.	它超级好玩的	tā chāo jí hǎo wán de	It was a blast.	外国人很好玩。	wài guó rén hěn hǎo wán 。	Foreign people are amusing.
77	如何	你知道如何打开这个箱子吗？	nǐ zhī dào rú hé dǎ kāi zhè ge xiāng zi ma ？	Do you know how to open this box?	告诉我如何解决这个问题。	gào sù wǒ rú hé jiě jué zhè ge wèn tí 。	Tell me how to solve the problem.	告诉我你如何解决了这个问题。	gào sù wǒ nǐ rú hé jiě jué le zhè ge wèn tí 。	Tell me how you solved the problem.
78	如此	Gilmore先生如此有名，就不必介绍了。	G i l m o r e xiān shēng rú cǐ yǒu míng ， jiù bù bì jiè shào le 。	Mr Gilmore is so well known as to need no introduction.	人生就是如此。	rén shēng jiù shì rú cǐ 。	That's life.	我希望如此。	wǒ xī wàng rú cǐ 。	I hope so.
79	喂	你今天早上喂过狗了吗？	nǐ jīn tiān zǎo shàng wèi guò gǒu le ma ？	Did you feed the dog this morning?	我每天喂一次狗。	wǒ měi tiān wèi yī cì gǒu 。	I feed my dog once a day.	我早上不喂狗。	wǒ zǎo shàng bù wèi gǒu 。	I don't feed my dog in the morning.
80	爸	你在车站遇到的男人是我爸。	nǐ zài chē zhàn yù dào de nán rén shì wǒ bà 。	The man you met at the station is my father.	能再说一遍你爸是谁吗？	néng zài shuō yī biàn nǐ bà shì shuí ma ？	Could you please tell me again who your father is?	我爸是个英语教师。	wǒ bà shì gè yīng yǔ jiào shī 。	My father is a teacher of English.
81	宝贝	妈妈亲了她的宝贝。	mā mā qīn le tā de bǎo bèi 。	The mother kissed her baby.	她是老师的宝贝。	tā shì lǎo shī de bǎo bèi 。	She is a teacher's pet.	出什么事了，宝贝？	chū shén me shì le ， bǎo bèi ？	What's wrong, honey?
82	明明	中国女孩吧 明明心里喜欢	zhōng guó nǚ hái ba   míng míng xīn lǐ xǐ huān		你明明叫我踢他啊	nǐ míng míng jiào wǒ tī tā a		明明那么多人约你	míng míng nà me duō rén yuē nǐ	
83	推荐	我可以向你推荐这本书。	wǒ kě yǐ xiàng nǐ tuī jiàn zhè běn shū 。	I can recommend this book to you.	你给我推荐几个吧。	nǐ gěi wǒ tuī jiàn jǐ gè ba 。	Why don't you give me a few suggestions?	我推荐这个餐厅。	wǒ tuī jiàn zhè ge cān tīng 。	I can recommend this restaurant.
84	追	我看见一只猫追着一只狗跑。	wǒ kàn jiàn yī zhǐ māo zhuī zhe yī zhǐ gǒu pǎo 。	I see a cat chasing a dog.	他们追了我们。	tā men zhuī le wǒ men 。	They ran after us.	我见一只猫追着狗跑。	wǒ jiàn yī zhǐ māo zhuī zhe gǒu pǎo 。	I saw a cat running after the dog.
85	呐	我当然是知道他是人呐	wǒ dāng rán shì zhī dào tā shì rén nà		肉啊 烟呐 一切东西都摆在他面前	ròu a   yān nà   yī qiè dōng xī dōu bǎi zài tā miàn qián		给点时间冷静下呐	gěi diǎn shí jiān lěng jìng xià nà	
86	简直	我简直不用花钱就买到了。	wǒ jiǎn zhí bù yòng huā qián jiù mǎi dào le 。	I got it for next to nothing.	有些人认为阅读简直浪费时间。	yǒu xiē rén rèn wéi yuè dú jiǎn zhí làng fèi shí jiān 。	Some people think of reading as a waste of time.	那里简直不是人住的。	nà lǐ jiǎn zhí bú shì rén zhù de 。	You'll find it impossible to live there.
87	早安	早安，师傅。我应该怎么样提高听力能力？	zǎo ān ， shī fù 。 wǒ yīng gāi zěn me yàng tí gāo tīng lì néng lì ？	Good day, lords. In what way can I refine upon my adroitness in aural comprehension?	早安～抱歉，等很久了吗？	zǎo ān ～ bào qiàn ， děng hěn jiǔ le ma ？	Morning! Sorry, did I keep you waiting?	早安，迈克。	zǎo ān ， mài kè 。	Good morning, Mike.
88	有钱	如果我有钱了，我就出国。	rú guǒ wǒ yǒu qián le ， wǒ jiù chū guó 。	If I were rich, I would go abroad.	我一有钱马上就还你。	wǒ yī yǒu qián mǎ shàng jiù hái nǐ 。	I'll pay you back as soon as I have money.	你有钱的话，借我一些。	nǐ yǒu qián de huà ， jiè wǒ yī xiē 。	Lend me some money if you have any.
89	算了	算了，我们聊点开心的事吧！	suàn le ， wǒ men liáo diǎn kāi xīn de shì ba ！	Forget it, let us talk about happy stuff!	火车里太多人了，所以我走路算了。	huǒ chē lǐ tài duō rén le ， suǒ yǐ wǒ zǒu lù suàn le 。	The train was crowded, so I resorted to walking.	那路当然挺远的，我们打的去算了。	nà lù dāng rán tǐng yuǎn de ， wǒ men dǎ dī qù suàn le 。	That way is very far, so we took a taxi.
90	撒	我认为这可以撒些盐。	wǒ rèn wéi zhè kě yǐ sā xiē yán 。	I think that it could use some salt.	她们撒了谎。	tā men sā le huǎng 。	They lied.	显然地他撒了谎。	xiǎn rán dì tā sā le huǎng 。	It's obvious that he lied.
91	心疼	你看我包的饺子心疼吧	nǐ kàn wǒ bāo de jiǎo zi xīn téng ba		拿一点钱你不会心疼	ná yì diǎn qián nǐ bú huì xīn téng		哈哈心疼哈哈	hā hā xīn téng hā hā	
92	知	早知如此，就不应该借钱给他。	zǎo zhī rú cǐ ， jiù bù yīng gāi jiè qián gěi tā 。	You should have known better than to lend him money.	他问我知不知道她的电话号码。	tā wèn wǒ zhī bù zhī dào tā de diàn huà hào mǎ 。	He asked me if I knew her telephone number.	你知不知道他们是谁?	nǐ zhī bù zhī dào tā men shì shuí ?	Do you know who they are?
93	眼	她连看也没有看我一眼。	tā lián kàn yě méi yǒu kàn wǒ yī yǎn 。	She didn't so much as look at me.	我经常在早饭前看一眼报纸。	wǒ jīng cháng zài zǎo fàn qián kàn yī yǎn bào zhǐ 。	I always have a look at the newspaper before breakfast.	她很快地瞟了一眼报纸。	tā hěn kuài dì piǎo le yī yǎn bào zhǐ 。	She glanced briefly at the newspaper.
94	想想	请想想这个问题。	qǐng xiǎng xiǎng zhè ge wèn tí 。	Please think about the problem.	让我想想。	ràng wǒ xiǎng xiǎng 。	Let me think for a minute.	你想想。	nǐ xiǎng xiǎng 。	Think about this.
95	绝对	绝对不可能这样做的。	jué duì bù kě néng zhè yàng zuò de 。	It is absolutely impossible to do so.	让我像这样继续下去是绝对不可能的。	ràng wǒ xiàng zhè yàng jì xù xià qù shì jué duì bù kě néng de 。	It's absolutely impossible for me to go on like this.	那是绝对正确的。	nà shì jué duì zhèng què de 。	That's absolutely right.
96	夸	我都不知道该怎么夸他们了。	wǒ dōu bù zhī dào gāi zěn me kuā tā men le 。	I cannot praise them too highly.	我要一夸脱的牛奶。	wǒ yào yī kuā tuō de niú nǎi 。	I want a quart of milk.	我就当你夸我了。	wǒ jiù dāng nǐ kuā wǒ le 。	I'll take that as a compliment.
97	老婆	我想跟你老婆睡觉。	wǒ xiǎng gēn nǐ lǎo pó shuì jiào 。	I want to sleep with your wife.	我老婆是中国人。	wǒ lǎo pó shì zhōng guó rén 。	My wife is Chinese.	我老婆常常说我这样做不对、那样做不对。	wǒ lǎo pó cháng cháng shuō wǒ zhè yàng zuò bú duì 、 nà yàng zuò bú duì 。	My wife is always finding fault with me.
98	抢	你们怎么可以抢别人的东西？	nǐ men zěn me kě yǐ qiǎng bié rén de dōng xī ？	How can you guys steal someone else's stuff?	我的钱包被抢了。	wǒ de qián bāo bèi qiǎng le 。	My purse has been stolen.	汤姆抢了家银行。	tāng mǔ qiǎng le jiā yín háng 。	Tom robbed a bank.
99	会不会	现在只看他们会不会帮忙了。	xiàn zài zhǐ kàn tā men huì bú huì bāng máng le 。	It all depends on whether they will support us.	您是否知道，明天会不会下雨？	nín shì fǒu zhī dào ， míng tiān huì bú huì xià yǔ ？	Do you know whether or not it will rain tomorrow?	我想知道他会不会来这里。	wǒ xiǎng zhī dào tā huì bú huì lái zhè lǐ 。	I want to know if he'll come here.
100	确定	你确定你没有忘记什么吗？	nǐ què dìng nǐ méi yǒu wàng jì shén me ma ？	Are you sure you haven't forgotten anything?	我无法确定我是高兴还是难过。	wǒ wú fǎ què dìng wǒ shì gāo xìng hái shì nán guò 。	I can't decide if I'm happy or sad.	你确定你要去那儿吗？	nǐ què dìng nǐ yào qù nà ér ma ？	Are you sure that you want to go there?
101	傻	我不想让任何人认为我傻。	wǒ bù xiǎng ràng rèn hé rén rèn wéi wǒ shǎ 。	I don't want everyone to think I'm stupid.	我来问个有点傻的问题。	wǒ lái wèn gè yǒu diǎn shǎ de wèn tí 。	Let me ask a stupid question.	他常常问些傻问题。	tā cháng cháng wèn xiē shǎ wèn tí 。	He often asks silly questions.
102	仙女	我都是仙女了，你说多少岁？	wǒ dōu shì xiān nǚ le ， nǐ shuō duō shǎo suì ？		脾气不大还叫仙女了	pí qì bù dà hái jiào xiān nǚ le		- 我们的母亲是海仙女	-   wǒ men de mǔ qīn shì hǎi xiān nǚ	
103	嘿	嘿，你们看什么呢？	hēi ， nǐ men kàn shén me ne ？	Hey, what are you guys looking at?	嘿，你在这做什么？	hēi ， nǐ zài zhè zuò shén me ？	Hey, what are you doing here?	嘿，你！你在干什么？	hēi ， nǐ ！ nǐ zài gàn shén me ？	Hey, you! What are you doing?
104	女神	你为啥觉得自己是女神?	nǐ wèi shá jué de zì jǐ shì nǚ shén ?		对女神就是全校花嘛	duì nǚ shén jiù shì quán xiào huā ma		是啊，我是姓高的女神！	shì a ， wǒ shì xìng gāo de nǚ shén ！	
105	那时候	很抱歉，我那时候不能来。	hěn bào qiàn ， wǒ nà shí hòu bù néng lái 。	I'm afraid I can't make it at that time.	那时候我不在这里。	nà shí hòu wǒ bù zài zhè lǐ 。	I wasn't here at that time.	你们那时候看起来在生气。	nǐ men nà shí hòu kàn qǐ lái zài shēng qì 。	You guys looked mad.
106	对象	我可能不是你要找的对象	wǒ kě néng bú shì nǐ yào zhǎo de duì xiàng		因为我是要找一个结婚的对象	yīn wèi wǒ shì yào zhǎo yí gè jié hūn de duì xiàng		老师有没有 这种感觉的对象呢？	lǎo shī yǒu méi yǒu   zhè zhǒng gǎn jué de duì xiàng ne ？	
107	老板	我把我老板睡了。	wǒ bǎ wǒ lǎo bǎn shuì le 。	I slept with my boss.	我要叫你“老板”。	wǒ yào jiào nǐ “ lǎo bǎn ” 。	I'll call you my boss.	我找你老板。	wǒ zhǎo nǐ lǎo bǎn 。	I want to see your boss.
108	骗	我们别再骗自己了。	wǒ men bié zài piàn zì jǐ le 。	Let's not fool ourselves.	啊！我没有骗自己！	a ！ wǒ méi yǒu piàn zì jǐ ！	Oh! I'm not deluding myself!	你们被骗了。	nǐ men bèi piàn le 。	You've been had.
109	比如说	比如说管你自己的事.	bǐ rú shuō guǎn nǐ zì jǐ de shì .		比如说明天怎么样？	bǐ rú shuō míng tiān zěn me yàng ？		比如说。就2手2k左右的。	bǐ rú shuō 。 jiù 2 shǒu 2 k zuǒ yòu de 。	
110	成都	我今天才从成都回老家	wǒ jīn tiān cái cóng chéng dū huí lǎo jiā		他他是去四川成都吧	tā tā shì qù sì chuān chéng dū ba		还有这个成都的老板	hái yǒu zhè ge chéng dū de lǎo bǎn	
111	可怕	我知道，我做了很可怕的事。	wǒ zhī dào ， wǒ zuò le hěn kě pà de shì 。	I know I did an awful thing.	我得了一种可怕的感冒。	wǒ dé le yī zhǒng kě pà de gǎn mào 。	I've caught a terrible cold.	那个学生看起来好可怕。	nà ge xué shēng kàn qǐ lái hǎo kě pà 。	That student is beginning to look so scary.
112	抱抱	你要抱抱我男朋友吗？	nǐ yào bào bào wǒ nán péng yǒu ma ？		哈哈没关系啦抱抱	hā hā méi guān xì la bào bào		抱抱你做的很好哦	bào bào nǐ zuò de hěn hǎo ó	
113	要不	要不我们找时间喝一顿。	yào bù wǒ men zhǎo shí jiān hē yī dùn 。	Perhaps we could get a drink sometime.	咱们现在走吧。要不咱们要迟到了。	zán men xiàn zài zǒu ba 。 yào bù zán men yào chí dào le 。	Let's go now. Otherwise, we'll be late.	要不寄“特快邮件”明天就可以到。	yào bù jì “ tè kuài yóu jiàn ” míng tiān jiù kě yǐ dào 。	"""How about we use """"express mail"""" so it arrives tomorrow."""
114	哼	哼，我就知道事情会变成这样。	hēng ， wǒ jiù zhī dào shì qíng huì biàn chéng zhè yàng 。	Hmph, I just knew things would turn out this way.	我都不想和你约了哼	wǒ dōu bù xiǎng hé nǐ yuē le hēng		然后哼我那个也是看电视剧，知道的。	rán hòu hēng wǒ nà ge yě shì kàn diàn shì jù ， zhī dào de 。	
115	火锅	火锅你刚才说到四川的火锅	huǒ guō nǐ gāng cái shuō dào sì chuān de huǒ guō		没有火锅的冬天，算什么冬天。	méi yǒu huǒ guō de dōng tiān ， suàn shén me dōng tiān 。		刚刚吃了火锅	gāng gāng chī le huǒ guō	
116	鬼	你相信鬼存在吗？	nǐ xiāng xìn guǐ cún zài ma ？	Do you believe in ghosts?	你真的相信鬼吗？	nǐ zhēn de xiāng xìn guǐ ma ？	Do you really believe in ghosts?	你不怕鬼，不是么？	nǐ bù pà guǐ ， bú shì me ？	You aren't afraid of ghosts, are you?
117	长大	这就是我出生长大的房子。	zhè jiù shì wǒ chū shēng zhǎng dà de fáng zi 。	This is the house in which I was born and brought up.	他在哪里出生长大？	tā zài nǎ lǐ chū shēng zhǎng dà ？	Where was he born and raised?	他长大后成为了一名工程师。	tā zhǎng dà hòu chéng wéi le yī míng gōng chéng shī 。	He grew up to be an engineer.
118	明星	对就像很多的很多那种明星。	duì jiù xiàng hěn duō de hěn duō nà zhǒng míng xīng 。		谁是你最喜爱的电视明星？	shuí shì nǐ zuì xǐ ài de diàn shì míng xīng ？	Who is your favorite TV star?	没有，但是我知道一些明星。	méi yǒu ， dàn shì wǒ zhī dào yī xiē míng xīng 。	
119	乖	你好吗 我们早就听说你很乖	nǐ hǎo ma   wǒ men zǎo jiù tīng shuō nǐ hěn guāi		你好，我们早就听说你很乖	nǐ hǎo ， wǒ men zǎo jiù tīng shuō nǐ hěn guāi		哪里有，人家本来就这么乖	nǎ lǐ yǒu ， rén jiā běn lái jiù zhè me guāi	
120	老公	我应该告诉我老公。	wǒ yīng gāi gào sù wǒ lǎo gōng 。	I have to tell my husband.	给我老公打电话。	gěi wǒ lǎo gōng dǎ diàn huà 。	Call my husband.	他是我老公。	tā shì wǒ lǎo gōng 。	He is my husband.
121	晒	我不想晒黑。	wǒ bù xiǎng shài hēi 。	I don't want to get a suntan.	他晒不黑。	tā shài bù hēi 。	He doesn't tan.	去阳台上晒晒太阳怎么样？	qù yáng tái shàng shài shài tài yáng zěn me yàng ？	Why don't you go out on the balcony and get some sun?
122	猪	我昨天买了这只猪。	wǒ zuó tiān mǎi le zhè zhǐ zhū 。	I bought the pig yesterday.	猪不会飞。	zhū bú huì fēi 。	Pigs can't fly.	我昨天买了这头猪。	wǒ zuó tiān mǎi le zhè tóu zhū 。	I bought the pig yesterday.
123	抓	我昨天抓了三条鱼。	wǒ zuó tiān zhuā le sān tiáo yú 。	I caught three fish yesterday.	警察抓了正在跑的那个男人。	jǐng chá zhuā le zhèng zài pǎo de nà ge nán rén 。	The policeman captured the man who was running.	我们在那里抓了一些大鱼。	wǒ men zài nà lǐ zhuā le yī xiē dà yú 。	We caught some large fish there.
124	耍	你没打算耍我，对吧？	nǐ méi dǎ suàn shuǎ wǒ ， duì ba ？	You're not trying to trick me, are you?	别让他们耍了你。	bié ràng tā men shuǎ le nǐ 。	Don't let them fool you.	你是想耍我吗？	nǐ shì xiǎng shuǎ wǒ ma ？	Are you trying to make a fool of me?
125	等等	我觉得我们应该再等等。	wǒ jué de wǒ men yīng gāi zài děng děng 。	I think we should wait a little longer.	等等。回来。	děng děng 。 huí lái 。	Wait. Come back.	等等我。	děng děng wǒ 。	Wait for me!
126	表白	我们在玩一个表白的游戏	wǒ men zài wán yí gè biǎo bái de yóu xì		我做了一次爱情的表白。	wǒ zuò le yī cì ài qíng de biǎo bái 。		那你打算再跟她表白吗？	nà nǐ dǎ suàn zài gēn tā biǎo bái ma ？	
127	翻	他的笑话把我乐翻了。	tā de xiào huà bǎ wǒ lè fān le 。	His jokes really slay me.	她翻了一页书。	tā fān le yī yè shū 。	She turned a page of her book.	这个词翻不好。	zhè ge cí fān bù hǎo 。	This word does not translate well.
128	到时候	到时候我们再考虑吧。	dào shí hòu wǒ men zài kǎo lǜ ba 。	We'll think about it in due time.	到时候见。	dào shí hòu jiàn 。	See you then.	她只说到时候你们就知道了。	tā zhǐ shuō dào shí hòu nǐ men jiù zhī dào le 。	All she said was that we would know when the time came.
129	真心	他真心喜欢我。	tā zhēn xīn xǐ huān wǒ 。	He truly loves me.	我看汤姆真心喜欢玛丽。	wǒ kàn tāng mǔ zhēn xīn xǐ huān mǎ lì 。	I think Tom really likes Mary.	我不相信他是真心的。	wǒ bù xiāng xìn tā shì zhēn xīn de 。	I don't think that he is sincere.
130	耶	你要穿那种衣服出门？不太好看耶。	nǐ yào chuān nà zhǒng yī fú chū mén ？ bù tài hǎo kàn yé 。	Going out with those clothes? They look kinda bad.	我期待好久了耶！	wǒ qī dài hǎo jiǔ le yé ！	I've been looking forward to this for a long time!	小婷昨天穿那件洋装超好看，整个人亮起来耶。	xiǎo tíng zuó tiān chuān nà jiàn yáng zhuāng chāo hǎo kàn ， zhěng gè rén liàng qǐ lái yé 。	Hsiao-ting looked amazing in that dress yesterday — she totally lit up.
131	大哥	大哥，他们才不会告诉我	dà gē ， tā men cái bú huì gào sù wǒ		大哥啊！才出生的小孩儿不能照相！	dà gē a ！ cái chū shēng de xiǎo hái ér bù néng zhào xiàng ！		大哥你还是一样忙呀	dà gē nǐ hái shì yī yàng máng ya	
132	道理	没道理是这样的啊！	méi dào lǐ shì zhè yàng de a ！	This just doesn't add up!	这个消息没有道理。	zhè ge xiāo xī méi yǒu dào lǐ 。	This message doesn't make sense.	是什么道理？	shì shén me dào lǐ ？	What's the reason?
133	呆	你想在这里呆多久就呆多久。	nǐ xiǎng zài zhè lǐ dāi duō jiǔ jiù dāi duō jiǔ 。	You may stay here as long as you like.	如果明天下雨，我们就呆在家。	rú guǒ míng tiān xià yǔ ， wǒ men jiù dāi zài jiā 。	If it rains tomorrow, we'll stay at home.	你愿意在这里呆多久就呆多久。	nǐ yuàn yì zài zhè lǐ dāi duō jiǔ jiù dāi duō jiǔ 。	You may stay here as long as you like.
134	话说	话说为什么你要先散步再吃饭？！	huà shuō wèi shén me nǐ yào xiān sàn bù zài chī fàn ？ ！		话说成绩什么时候出来	huà shuō chéng jì shén me shí hòu chū lái		话说你工作怎么样了	huà shuō nǐ gōng zuò zěn me yàng le	
135	疯	他表现得像疯了一样。	tā biǎo xiàn dé xiàng fēng le yī yàng 。	He behaves as if he were insane.	我知道你觉得我疯了。	wǒ zhī dào nǐ jué de wǒ fēng le 。	I know you think I'm crazy.	你认为我疯了，不是么？	nǐ rèn wéi wǒ fēng le ， bú shì me ？	You think I'm mad, don't you?
136	直播	可以开个直播吗？想看你哭	kě yǐ kāi gè zhí bō ma ？ xiǎng kàn nǐ kū		在哪个台可以看到直播	zài nǎ ge tái kě yǐ kàn dào zhí bō		今天直播了一会儿	jīn tiān zhí bō le yī huì er	
137	又是	你现在那又是什么意思？	nǐ xiàn zài nà yòu shì shén me yì si ？	What's that supposed to mean?	又是你。	yòu shì nǐ 。	It's you again.	说的是一套，做的又是一套。	shuō de shì yī tào ， zuò de yòu shì yī tào 。	To say is one thing, and to do quite another.
138	理	如果我有麻烦了, 她甚至不会理我。	rú guǒ wǒ yǒu má fán le ,   tā shèn zhì bú huì lǐ wǒ 。	She wouldn't even piss on me if I were on fire.	不用理他。	bù yòng lǐ tā 。	Do not take any notice of him.	他说话从来不理别人的感受。	tā shuō huà cóng lái bù lǐ bié rén de gǎn shòu 。	He says what he thinks regardless of other people's feelings.
139	表情	从他们的表情可以知道，他们大概是失败了。	cóng tā men de biǎo qíng kě yǐ zhī dào ， tā men dà gài shì shī bài le 。	From the way they look, I would say that they failed.	他说话时，显然带着高兴的表情。	tā shuō huà shí ， xiǎn rán dài zhe gāo xìng de biǎo qíng 。	He spoke with evident glee.	你真该看看玛丽脸上的表情。	nǐ zhēn gāi kàn kàn mǎ lì liǎn shàng de biǎo qíng 。	You should have seen the look on Mary's face.
140	单身	你们俩不都是单身吗？	nǐ men liǎ bù dōu shì dān shēn ma ？	Aren't both of you bachelors?	你是单身吗？	nǐ shì dān shēn ma ？	Are you single?	我们都单身。	wǒ men dōu dān shēn 。	We're all single.
141	未来	想到自己的未来，她不安起来。	xiǎng dào zì jǐ de wèi lái ， tā bù ān qǐ lái 。	She felt uneasy at the thought of her future.	我觉得你应该考虑到未来。	wǒ jué de nǐ yīng gāi kǎo lǜ dào wèi lái 。	I think you need to think about the future.	春天让我们对未来充满希望。	chūn tiān ràng wǒ men duì wèi lái chōng mǎn xī wàng 。	Spring makes us full of hope about the future.
142	么么哒	我绝对支持你 么么哒	wǒ jué duì zhī chí nǐ   me me dá		中秋节快乐么么哒！	zhōng qiū jié kuài lè me me dá ！		米饭！新年好！么么哒！	mǐ fàn ！ xīn nián hǎo ！ me me dá ！	
143	晓得	这种情况不晓得他们会怎么	zhè zhǒng qíng kuàng bù xiǎo de tā men huì zěn me		抱歉我引起的麻烦 我不晓得.	bào qiàn wǒ yǐn qǐ de má fán   wǒ bù xiǎo de .		我不晓得到底是不是	wǒ bù xiǎo de dào dǐ shì bú shì	
144	重庆	可以去重庆重庆吃呀	kě yǐ qù chóng qìng chóng qìng chī ya		现在我们在重庆南边。	xiàn zài wǒ men zài chóng qìng nán biān 。		他家是重庆的吗？	tā jiā shì chóng qìng de ma ？	
145	浪	你们后来去哪儿浪了	nǐ men hòu lái qù nǎ ér làng le		今天就慢慢出去浪	jīn tiān jiù màn màn chū qù làng		好呀好呀我带你浪	hǎo ya hǎo ya wǒ dài nǐ làng	
146	身上	我身上没带这个地址。	wǒ shēn shàng méi dài zhè ge dì zhǐ 。	I don't have the address with me.	我也想要和你身上那件同样的外套。	wǒ yě xiǎng yào hé nǐ shēn shàng nà jiàn tóng yàng de wài tào 。	I want the same jacket as you are wearing.	我身上几乎没有钱。	wǒ shēn shàng jī hū méi yǒu qián 。	I have almost no money with me.
147	肥	猪为什么都那么肥？	zhū wèi shén me dōu nà me féi ？	Why are pigs so fat?	他们的牛都很肥。	tā men de niú dōu hěn féi 。	Their cattle are all fat.	这猫是很肥。	zhè māo shì hěn féi 。	This cat is very fat.
148	吖	可是我觉得你很漂亮吖	kě shì wǒ jué de nǐ hěn piào liàng yā		快回来约减肥吖	kuài huí lái yuē jiǎn féi yā		老师新年快乐吖	lǎo shī xīn nián kuài lè yā	
149	惨	也正因为他很惨他就对这个。	yě zhèng yīn wèi tā hěn cǎn tā jiù duì zhè ge 。		然后她她自己其实也挺惨的。	rán hòu tā tā zì jǐ qí shí yě tǐng cǎn de 。		怎么不见两天，怎么弄得这么惨呢？	zěn me bú jiàn liǎng tiān ， zěn me nòng dé zhè me cǎn ne ？	
150	咬	你如果咬我，我也要咬你。	nǐ rú guǒ yǎo wǒ ， wǒ yě yào yǎo nǐ 。	If you bite me, then I'll bite you, too.	不要从右边咬。	bú yào cóng yòu biān yǎo 。	Don't bite on the right side.	别让他咬你。	bié ràng tā yǎo nǐ 。	Don't let him bite you.
151	如	生活并不总是如我们所愿。	shēng huó bìng bù zǒng shì rú wǒ men suǒ yuàn 。	Life doesn't always go the way we want it to.	如你所见，我们仍在工作。	rú nǐ suǒ jiàn ， wǒ men réng zài gōng zuò 。	As you can see, we're still working.	事情没能如他所愿让他感到失望。	shì qíng méi néng rú tā suǒ yuàn ràng tā gǎn dào shī wàng 。	He was disappointed that things didn't turn out as he'd hoped.
152	萌	你觉得这个东西萌吗？	nǐ jué de zhè ge dōng xī méng ma ？	Do you think this thing is cute?	好萌啊！	hǎo méng a ！	Very Moe!	你的这双拖鞋很萌。	nǐ de zhè shuāng tuō xié hěn méng 。	Your pair of slippers are very cute.
153	软件	软件就像性交一样，免费的更好。	ruǎn jiàn jiù xiàng xìng jiāo yī yàng ， miǎn fèi de gèng hǎo 。	Software is like sex: it's better when it's free.	你真的不该用盗版软件。	nǐ zhēn de bù gāi yòng dào bǎn ruǎn jiàn 。	You really shouldn't use pirated software.	Piere电脑里有很多盗版软件。	P i e r e diàn nǎo lǐ yǒu hěn duō dào bǎn ruǎn jiàn 。	
154	来着	他们就教我脏话来着。	tā men jiù jiào wǒ zāng huà lái zhe 。	They just taught me to swear.	我刚才还碰到他来着。	wǒ gāng cái hái pèng dào tā lái zhe 。	I met him just now.	到现在为止我们讨论什么来着？	dào xiàn zài wéi zhǐ wǒ men tǎo lùn shén me lái zhe ？	Remind me again what we've been discussing up to now?
155	嫉妒	不要嫉妒其他人的成功。	bú yào jí dù qí tā rén de chéng gōng 。	You must not be jealous of others' success.	他们嫉妒我们的成功。	tā men jí dù wǒ men de chéng gōng 。	They are jealous of our success.	她们嫉妒我们的成功。	tā men jí dù wǒ men de chéng gōng 。	They are jealous of our success.
156	精神	变得更有精神了	biàn dé gèng yǒu jīng shén le	I feel much better now.	今天我没有精神。	jīn tiān wǒ méi yǒu jīng shén 。	I have no energy today.	我觉得精神很好。	wǒ jué de jīng shén hěn hǎo 。	I'm feeling fit.
157	失眠	我昨晚是没啥事的失眠你咋了	wǒ zuó wǎn shì méi shá shì de shī mián nǐ zǎ le		不过我自己因为失眠	bù guò wǒ zì jǐ yīn wèi shī mián		你失眠是因为什么事	nǐ shī mián shì yīn wèi shén me shì	
158	果然	叔叔昨天晚上果然没有回来	shū shū zuó tiān wǎn shàng guǒ rán méi yǒu huí lái		我对他的第一印象果然没有错。	wǒ duì tā de dì yī yìn xiàng guǒ rán méi yǒu cuò 。	My first impression of him proved to be correct.	我们昨天试了一下，果然是很好。	wǒ men zuó tiān shì le yī xià ， guǒ rán shì hěn hǎo 。	We tried it out yesterday; as expected, it was really good.
159	嘞	我也要起嘞，昨晚1点才睡着	wǒ yě yào qǐ lei ， zuó wǎn 1 diǎn cái shuì zháo		怎么嘞？睡得这么少，难道是失眠？	zěn me lei ？ shuì dé zhè me shǎo ， nán dào shì shī mián ？		哈哈，哪有那么专业的嘞	hā hā ， nǎ yǒu nà me zhuān yè de lei	
160	偷	一部分钱被偷了。	yī bù fèn qián bèi tōu le 。	Some of the money was stolen.	谁偷了苹果？	shuí tōu le píng guǒ ？	Who stole the apple?	我抓到了这个男人正在偷钱。	wǒ zhuā dào le zhè ge nán rén zhèng zài tōu qián 。	I caught the man stealing the money.
161	配	我喜欢面包配汤。	wǒ xǐ huān miàn bāo pèi tāng 。	I like bread with my soup.	我们给这个故事配了插图。	wǒ men gěi zhè ge gù shì pèi le chā tú 。	We have illustrated the story with pictures.	这条领带和那件上衣很配。	zhè tiáo lǐng dài hé nà jiàn shàng yī hěn pèi 。	This tie and that jacket go well together.
162	完了	他该那样做完了。	tā gāi nà yàng zuò wán le 。	He should have done it that way.	节目已经完了。	jié mù yǐ jīng wán le 。	The programme is over.	我们之间完了，把戒指还给我！	wǒ men zhī jiān wán le ， bǎ jiè zhǐ huán gěi wǒ ！	It's over between us. Give me back my ring!
163	属于	他们说这属于他们。	tā men shuō zhè shǔ yú tā men 。	They said that it belonged to them.	我们俩不属于这儿。	wǒ men liǎ bù shǔ yú zhè ér 。	The two of us don't belong here.	这辆自行车属于我。	zhè liàng zì xíng chē shǔ yú wǒ 。	This bicycle belongs to me.
164	发型	这种发型在 20 世纪 90 年代很流行。	zhè zhǒng fà xíng zài   2 0   shì jì   9 0   nián dài hěn liú xíng 。	This hairstyle was popular in the 1990s.	披头士的发型引起了轰动。	pī tóu shì de fà xíng yǐn qǐ le hōng dòng 。	The hair style of the Beatles created a sensation.	他们取笑了杰克的发型。	tā men qǔ xiào le jié kè de fà xíng 。	They made fun of Jack's haircut.
165	学姐	从来没见过学姐那么认真	cóng lái méi jiàn guò xué jiě nà me rèn zhēn		就这样这样学姐平时你们	jiù zhè yàng zhè yàng xué jiě píng shí nǐ men		那个学姐，平时你们都学那些书本	nà ge xué jiě ， píng shí nǐ men dōu xué nà xiē shū běn	
166	就算	你就算不想做，也一定要做。	nǐ jiù suàn bù xiǎng zuò ， yě yí dìng yào zuò 。	You must do it even if you don't want to.	我用五分钟就算好了那道题。	wǒ yòng wǔ fēn zhōng jiù suàn hǎo le nà dào tí 。	It took me five minutes to solve the problem.	就算下雨，比赛也将照常进行。	jiù suàn xià yǔ ， bǐ sài yě jiāng zhào cháng jìn xíng 。	Even if it rains, the game will be played.
167	个人	个人隐私就是一个笑话。	gè rén yǐn sī jiù shì yí gè xiào huà 。	Personal privacy is a joke.	西方文化很看重个人。	xī fāng wén huà hěn kàn zhòng gè rén 。	Individuality is very important in the West.	我个人认为德语是世界上最好的语言。	wǒ gè rén rèn wéi dé yǔ shì shì jiè shàng zuì hǎo de yǔ yán 。	In my opinion, German is the best language in the world.
168	又要	又要工作。	yòu yào gōng zuò 。	Work again.	既要马好，又要马不吃草。	jì yào mǎ hǎo ， yòu yào mǎ bù chī cǎo 。	You cannot have your cake and eat it, too.	又要变身喔！	yòu yào biàn shēn ō ！	It is time to morph!
169	坑	跟你说你真的被坑了	gēn nǐ shuō nǐ zhēn de bèi kēng le		我们需要更大的坑	wǒ men xū yào gèng dà de kēng		我们需要更大的坑.	wǒ men xū yào gèng dà de kēng .	
170	尴尬	他的话让我很尴尬。	tā de huà ràng wǒ hěn gān gà 。	His words embarrassed me.	看见我，她很尴尬。	kàn jiàn wǒ ， tā hěn gān gà 。	Seeing me, she was embarrassed.	她说的话让我觉得很尴尬。	tā shuō de huà ràng wǒ jué de hěn gān gà 。	I was embarrassed by what she said.
171	事儿	照顾他们是你自己的事儿。	zhào gù tā men shì nǐ zì jǐ de shì ér 。	It is your business to take care of them.	你为什么做了这种事儿？	nǐ wèi shén me zuò le zhè zhǒng shì ér ？	Why did you do such a thing?	我想麻烦你一件事儿。	wǒ xiǎng má fán nǐ yī jiàn shì ér 。	Could I trouble you with something?
172	于	会议将于明天举行。	huì yì jiāng yú míng tiān jǔ xíng 。	The meeting will be held tomorrow.	会议将在后天于东京举行。	huì yì jiāng zài hòu tiān yú dōng jīng jǔ xíng 。	The conference is to be held in Tokyo the day after tomorrow.	亨利詹姆斯出生于美国。	hēng lì zhān mǔ sī chū shēng yú měi guó 。	Henry James was an American by birth.
173	救	我也没有救任何人。	wǒ yě méi yǒu jiù rèn hé rén 。	I didn't save anyone either.	他从火场中救了这个孩子。	tā cóng huǒ chǎng zhōng jiù le zhè ge hái zi 。	He rescued the child from the fire.	他冒著生命危险救了他的朋友。	tā mào zhù shēng mìng wēi xiǎn jiù le tā de péng yǒu 。	He saved his friend at the risk of his own life.
174	完美	你做了一项完美的工作。	nǐ zuò le yī xiàng wán měi de gōng zuò 。	You've done a perfect job.	要变得完美，她就是少了一个缺点。	yào biàn dé wán měi ， tā jiù shì shǎo le yí gè quē diǎn 。	To be perfect she lacked just one defect.	一切都必须完美。	yī qiè dōu bì xū wán měi 。	Everything must be nothing less than perfect.
175	倒是	这倒是事实。	zhè dǎo shì shì shí 。	That’s actually the truth.	我倒是很想去看电影，可是不确定有没有时间。	wǒ dǎo shì hěn xiǎng qù kàn diàn yǐng ， kě shì bù què dìng yǒu méi yǒu shí jiān 。	I’d certainly like to go and watch a film, but I’m not sure if I have time.	我倒是很想去看这场比赛，可是不知道有没有时间。	wǒ dǎo shì hěn xiǎng qù kàn zhè chǎng bǐ sài ， kě shì bù zhī dào yǒu méi yǒu shí jiān 。	I'd certainly like to go and watch the match; it's just that I'm not sure if I have time.
176	脑子	他把问题从脑子里排除了。	tā bǎ wèn tí cóng nǎo zi lǐ pái chú le 。	He cast off the problem from his mind.	这只是脑子想象出来的。	zhè zhǐ shì nǎo zi xiǎng xiàng chū lái de 。	It's just imaginary.	你肯定脑子糊掉了。	nǐ kěn dìng nǎo zi hú diào le 。	You must be mentally exhausted.
177	替	我没有办法替你做这个决定。	wǒ méi yǒu bàn fǎ tì nǐ zuò zhè ge jué dìng 。	I can't make that decision for you.	替你们脸红啊。	tì nǐ men liǎn hóng a 。	Shame on you guys.	你能替我拷贝这个吗？	nǐ néng tì wǒ kǎo bèi zhè ge ma ？	Can you copy this for me?
178	吓	别这样吓我吧！	bié zhè yàng xià wǒ ba ！	Don't scare me like that!	我没想要吓你。	wǒ méi xiǎng yào xià nǐ 。	I didn't mean to frighten you.	你在吓我。	nǐ zài xià wǒ 。	You're frightening me.
179	恨	恨你们的，要待他好。	hèn nǐ men de ， yào dài tā hǎo 。	Do good to those who hate you.	我不管你说， 我恨你！	wǒ bù guǎn nǐ shuō ，   wǒ hèn nǐ ！	I don't care what you say, I hate you!	他们一定很恨我。	tā men yí dìng hěn hèn wǒ 。	They must really hate me.
180	哦哦	哦哦你不在我不在谁还会在	ó ó nǐ bù zài wǒ bù zài shuí hái huì zài		哦哦好像知道是哪了谢谢	ó ó hǎo xiàng zhī dào shì nǎ le xiè xiè		哦哦？你那里不能飞国际哦	ó ó ？ nǐ nà lǐ bù néng fēi guó jì ó	
181	愿	生活并不总是如我们所愿。	shēng huó bìng bù zǒng shì rú wǒ men suǒ yuàn 。	Life doesn't always go the way we want it to.	事情没能如他所愿让他感到失望。	shì qíng méi néng rú tā suǒ yuàn ràng tā gǎn dào shī wàng 。	He was disappointed that things didn't turn out as he'd hoped.	愿他们长寿！	yuàn tā men cháng shòu ！	May they live long!
182	敬业	呃，现在公交司机都非常的敬业。	è ， xiàn zài gōng jiāo sī jī dōu fēi cháng de jìng yè 。		敬业也是身体重要啊	jìng yè yě shì shēn tǐ zhòng yào a		他很敬业你知道吗。	tā hěn jìng yè nǐ zhī dào ma 。	
183	身材	速成好身材。	sù chéng hǎo shēn cái 。	Get fit fast.	她有著一头金发，瘦高的身材。	tā yǒu zhù yī tóu jīn fà ， shòu gāo de shēn cái 。	She has blonde hair and a slim figure.	我奶奶年轻的时候身材很苗条，现在年纪大了就发福了。	wǒ nǎi nǎi nián qīng de shí hòu shēn cái hěn miáo tiáo ， xiàn zài nián jì dà le jiù fā fú le 。	When my grandmother was young, her body was very slim. Now in her old age she's grown plump.
184	明显	这个饮料的味道很明显是茶的味道。	zhè ge yǐn liào de wèi dào hěn míng xiǎn shì chá de wèi dào 。	This drink's flavor is obviously that of tea.	很明显地你错了。	hěn míng xiǎn dì nǐ cuò le 。	It's clear that you're wrong.	很明显地有问题。	hěn míng xiǎn dì yǒu wèn tí 。	There is clearly a problem.
185	切	到你切了!	dào nǐ qiè le !	Your turn to split!	切…讨厌！	qiè … tǎo yàn ！		电话公司上个月切了我的线。	diàn huà gōng sī shàng gè yuè qiè le wǒ de xiàn 。	The phone company cut me off last month.
186	堆	看那堆钱。	kàn nà duī qián 。	Look at all that money.	让我们堆个雪人吧。	ràng wǒ men duī gè xuě rén ba 。	Let's make a snowman.	是谁堆的雪人？	shì shuí duī de xuě rén ？	Who built this snowman?
187	唯一	这是我唯一能想到的事了。	zhè shì wǒ wéi yī néng xiǎng dào de shì le 。	It's the only thing I can think of.	人是唯一会说话的动物。	rén shì wéi yī huì shuō huà de dòng wù 。	Man is the only animal that can speak.	这是你唯一的机会。	zhè shì nǐ wéi yī de jī huì 。	This is your only chance.
188	曾经	你曾经在图书馆读书吗?	nǐ céng jīng zài tú shū guǎn dú shū ma ?	Do you ever study in the library?	你曾经读过米尔顿的作品吗 ?	nǐ céng jīng dú guò mǐ ěr dùn de zuò pǐn ma   ?	Have you ever read Milton's works?	他曾经是剑桥大学的教授。	tā céng jīng shì jiàn qiáo dà xué de jiào shòu 。	He was a professor at Cambridge University.
189	伤害	我并不想伤害他的感情。	wǒ bìng bù xiǎng shāng hài tā de gǎn qíng 。	I don't want to hurt his feelings.	你不再能伤害到我了。	nǐ bù zài néng shāng hài dào wǒ le 。	You can no longer hurt me.	他们不会伤害我们。	tā men bú huì shāng hài wǒ men 。	They won't hurt us.
190	现实	现实经常只有一个。	xiàn shí jīng cháng zhǐ yǒu yí gè 。	There is always only one reality.	那是现实。	nà shì xiàn shí 。	That's the way it is.	你这些想法是与现实脱节的。	nǐ zhè xiē xiǎng fǎ shì yǔ xiàn shí tuō jié de 。	Your opinions are out of touch with reality.
191	恋爱	不，直到现在她都没有恋爱过。	bù ， zhí dào xiàn zài tā dōu méi yǒu liàn ài guò 。	No, until now she has never fallen in love.	不，她从没恋爱过。	bù ， tā cóng méi liàn ài guò 。	No, she has never fallen in love.	听起来像是我恋爱了吗？	tīng qǐ lái xiàng shì wǒ liàn ài le ma ？	Do I sound in love?
192	千玺	我觉得吧，千玺弟弟跟	wǒ jué de ba ， qiān xǐ dì di gēn		千玺还有啥不会的	qiān xǐ hái yǒu shá bú huì de		后来是千玺修的	hòu lái shì qiān xǐ xiū de	
193	酷	你看我是不是很酷？	nǐ kàn wǒ shì bú shì hěn kù ？	Do you think I'm cool?	他的车真的很酷。	tā de chē zhēn de hěn kù 。	His car is really cool.	这本书非常酷。	zhè běn shū fēi cháng kù 。	This book is so cool.
194	控制	一切都在控制之中。	yī qiè dōu zài kòng zhì zhī zhōng 。	Everything's under control.	没有人能控制我们。	méi yǒu rén néng kòng zhì wǒ men 。	Nobody can control us.	你必须控制自己。	nǐ bì xū kòng zhì zì jǐ 。	You must control yourself.
195	上帝	上帝付钱给你。	shàng dì fù qián gěi nǐ 。	God pays you.	你相信上帝吗？	nǐ xiāng xìn shàng dì ma ？	Do you believe in God?	我们相信上帝。	wǒ men xiāng xìn shàng dì 。	We believe in God.
196	欺负	他被同学欺负。	tā bèi tóng xué qī fù 。	He was made fun of by his classmates.	不要欺负我！	bú yào qī fù wǒ ！	Don't bully me!	他欺负比他小的孩子	tā qī fù bǐ tā xiǎo de hái zi	He bullies younger children.
197	安慰	我可以安慰她。	wǒ kě yǐ ān wèi tā 。	I can comfort her.	谁去安慰她？	shuí qù ān wèi tā ？	Who will console her?	那些花儿安慰了她。	nà xiē huā ér ān wèi le tā 。	The flowers cheered her up.
198	所以说	所以说啊，她的话是最不能信的	suǒ yǐ shuō a ， tā de huà shì zuì bù néng xìn de		所以说啊，想做不敢做嘛	suǒ yǐ shuō a ， xiǎng zuò bù gǎn zuò ma		所以说，做人跟踢球一样	suǒ yǐ shuō ， zuò rén gēn tī qiú yī yàng	
199	枪	不要给警察发现你身上有枪。	bú yào gěi jǐng chá fā xiàn nǐ shēn shàng yǒu qiāng 。	Don't let the cops find a heater on you.	有枪 ，谁还需要科学？	yǒu qiāng   ， shuí hái xū yào kē xué ？	Who needs science when you've got guns?	他随便开了一枪。	tā suí biàn kāi le yī qiāng 。	He fired a shot at random.
200	啥的	也许我们该出去下啥的	yě xǔ wǒ men gāi chū qù xià shá de		名字啥的都是假的	míng zì shá de dōu shì jiǎ de		应该是文件啥的	yīng gāi shì wén jiàn shá de	
201	珍惜	人家都说失去的才懂得珍惜	rén jiā dōu shuō shī qù de cái dǒng de zhēn xī		以前我太笨了，不懂得珍惜你	yǐ qián wǒ tài bèn le ， bù dǒng de zhēn xī nǐ		就是珍惜现在才是最重要的啊	jiù shì zhēn xī xiàn zài cái shì zuì zhòng yào de a	
202	闲	他们让自己闲不下来。	tā men ràng zì jǐ xián bù xià lái 。	They kept themselves busy.	实在闲得没事干。	shí zài xián dé méi shì gàn 。	I'm bored and I have nothing to do.	我宁愿工作也不愿闲著。	wǒ nìng yuàn gōng zuò yě bù yuàn xián zhù 。	I prefer working to doing nothing.
203	保持	听讲座时，你应该保持安静。	tīng jiǎng zuò shí ， nǐ yīng gāi bǎo chí ān jìng 。	When listening to a lecture, you should be quiet.	我希望我们能保持联系。	wǒ xī wàng wǒ men néng bǎo chí lián xì 。	I hope we stay in touch.	让我们保持联系。	ràng wǒ men bǎo chí lián xì 。	Let's keep in touch.
204	貌似	貌似什么对我来说都差不多	mào sì shén me duì wǒ lái shuō dōu chà bu duō		貌似是咱俩上学迟到了	mào sì shì zán liǎ shàng xué chí dào le		哥貌似忘记很多资料了.	gē mào sì wàng jì hěn duō zī liào le .	
205	搞笑	叫啥来着演那个搞笑电影的。	jiào shá lái zhe yǎn nà ge gǎo xiào diàn yǐng de 。		那你你看过他什么搞笑电影。	nà nǐ nǐ kàn guò tā shén me gǎo xiào diàn yǐng 。		就感觉可搞笑了就是，那些	jiù gǎn jué kě gǎo xiào le jiù shì ， nà xiē	
206	青春	青春只有一次。	qīng chūn zhǐ yǒu yī cì 。	Youth comes but once in life.	她怀念自己的青春岁月。	tā huái niàn zì jǐ de qīng chūn suì yuè 。	She pines for the days of her youth.	他是由跑步保养青春的活力。	tā shì yóu pǎo bù bǎo yǎng qīng chūn de huó lì 。	He keeps his youth by jogging.
207	家伙	他可真是个让人讨厌的家伙！	tā kě zhēn shì gè ràng rén tǎo yàn de jiā huo ！	What a disagreeable fellow he is!	你们这些家伙想去干什么？	nǐ men zhè xiē jiā huo xiǎng qù gàn shén me ？	What are you guys going to do?	那些家伙是谁？	nà xiē jiā huo shì shuí ？	Who are those guys?
208	系	司机应该系安全带。	sī jī yīng gāi xì ān quán dài 。	Drivers should wear seat belts.	她帮他系了领带，因为他不会。	tā bāng tā xì le lǐng dài ， yīn wèi tā bù huì 。	She helped him tie his tie because he didn't know how to.	我把汤姆和玛丽的鞋系在一起。	wǒ bǎ tāng mǔ hé mǎ lì de xié xì zài yì qǐ 。	I tied Tom and Mary's shoes together.
209	痛苦	你现在感到痛苦吗？	nǐ xiàn zài gǎn dào tòng kǔ ma ？	Are you in pain now?	我知道你有痛苦。	wǒ zhī dào nǐ yǒu tòng kǔ 。	We know you're in pain.	被拒绝是痛苦的。	bèi jù jué shì tòng kǔ de 。	Being rejected is painful.
210	寝室	我们其实之前寝室一个	wǒ men qí shí zhī qián qǐn shì yí gè		就是你们寝室有没有就是要见女朋友	jiù shì nǐ men qǐn shì yǒu méi yǒu jiù shì yào jiàn nǚ péng yǒu		寝室还有几个	qǐn shì hái yǒu jǐ gè	
211	武汉	- 是重庆还是武汉方向啊？	-   shì chóng qìng hái shì wǔ hàn fāng xiàng a ？		人家现在在武汉上学	rén jiā xiàn zài zài wǔ hàn shàng xué		啊 武汉 终于到了武汉	a   wǔ hàn   zhōng yú dào le wǔ hàn	
212	实话	说实话，我以前没听说过这个地方。	shuō shí huà ， wǒ yǐ qián méi tīng shuō guò zhè ge dì fāng 。	To be honest, I've never heard of this place before.	你相信他在说实话吗？	nǐ xiāng xìn tā zài shuō shí huà ma ？	Do you believe that he is telling the truth?	说实话，我并不喜欢你。	shuō shí huà ， wǒ bìng bù xǐ huān nǐ 。	To be honest, I don't like you at all.
213	西安	当你把我们送到西安之后.	dāng nǐ bǎ wǒ men sòng dào xī ān zhī hòu .		好像去过西安的，09年还是08年。	hǎo xiàng qù guò xī ān de ， 0 9 nián hái shì 0 8 nián 。		这些孩子必须去西安.	zhè xiē hái zi bì xū qù xī ān .	
214	算是	就她的年龄来说，这个女孩算是矮小的。	jiù tā de nián líng lái shuō ， zhè ge nǚ hái suàn shì ǎi xiǎo de 。	The girl is small for her age.	他算是男孩子中最高的了。	tā suàn shì nán hái zi zhōng zuì gāo de le 。	He is the tallest of all boys.	这件事我算是都不了解。	zhè jiàn shì wǒ suàn shì dōu bù liǎo jiě 。	I know almost nothing about it.
215	吐	我刚才吐了。	wǒ gāng cái tǔ le 。	I just threw up.	我昨晚吐了。	wǒ zuó wǎn tǔ le 。	Last night I puked.	我想吐。	wǒ xiǎng tǔ 。	I feel like throwing up.
216	贴	你贴吗?	nǐ tiē ma ?	Have you stuck it?	贴你心。	tiē nǐ xīn 。	It's close to your heart.	他把耳朵贴在门上听。	tā bǎ ěr duǒ tiē zài mén shàng tīng 。	He listened with his ear to the door.
217	状态	我不在讨论这个问题的状态。	wǒ bù zài tǎo lùn zhè ge wèn tí de zhuàng tài 。	I am not in a situation to discuss this problem.	他状态真的很好。	tā zhuàng tài zhēn de hěn hǎo 。	He's really in good shape.	状态已经崩溃了。	zhuàng tài yǐ jīng bēng kuì le 。	My mood is shot.
218	自由	现在我自由了。	xiàn zài wǒ zì yóu le 。	Now I am free.	自由的本质就是数学。	zì yóu de běn zhì jiù shì shù xué 。	The essence of liberty is mathematics.	从此以后我自由了。	cóng cǐ yǐ hòu wǒ zì yóu le 。	Now I am free.
219	享受	他很享受他的校园生活。	tā hěn xiǎng shòu tā de xiào yuán shēng huó 。	He is enjoying his school life.	我还要享受更多。	wǒ hái yào xiǎng shòu gèng duō 。	I want to enjoy much more.	来这享受阳光吧。	lái zhè xiǎng shòu yáng guāng ba 。	Come and enjoy the sunlight.
220	之类	他是个音乐家之类的人。	tā shì gè yīn yuè jiā zhī lèi de rén 。	He is something of a musician.	这家店卖黄油、奶酪、砂糖之类的食品。	zhè jiā diàn mài huáng yóu 、 nǎi lào 、 shā táng zhī lèi de shí pǐn 。	The store sells foodstuffs, such as butter, cheese, and sugar.	这家店卖的是牛油、奶酪、砂糖之类的食品。	zhè jiā diàn mài de shì niú yóu 、 nǎi lào 、 shā táng zhī lèi de shí pǐn 。	The store sells foodstuffs, such as butter, cheese, and sugar.
221	女孩子	他很害羞，都不敢和女孩子说话。	tā hěn hài xiū ， dōu bù gǎn hé nǚ hái zi shuō huà 。	He is too shy to talk to girls.	这个女孩子在喝茶。	zhè ge nǚ hái zi zài hē chá 。	The girl is drinking tea.	那个班有15名男孩和28名女孩子。	nà ge bān yǒu 1 5 míng nán hái hé 2 8 míng nǚ hái zi 。	That class has 15 boys and 28 girls.
222	一会	我休息一会没问题吧？	wǒ xiū xī yī huì méi wèn tí ba ？	Is it okay if I take a break?	你等一会然后再给我打电话，可以吗？	nǐ děng yī huì rán hòu zài gěi wǒ dǎ diàn huà ， kě yǐ ma ？	May I ask you to call me back later?	他在那里站了一会。	tā zài nà lǐ zhàn le yī huì 。	He stood there for a while.
223	瞎	这可怜的女孩瞎了。	zhè kě lián de nǚ hái xiā le 。	The poor girl went blind.	我妈告诉我要是自慰我就会瞎。	wǒ mā gào sù wǒ yào shì zì wèi wǒ jiù huì xiā 。	My mother told me that if I masturbated, I'd go blind.	这老人瞎了一只眼。	zhè lǎo rén xiā le yī zhǐ yǎn 。	The old man is blind in one eye.
224	人类	人类是唯一使用火的动物。	rén lèi shì wéi yī shǐ yòng huǒ de dòng wù 。	Man is the only animal that can make use of fire.	人类适应环境变化的能力很强。	rén lèi shì yìng huán jìng biàn huà de néng lì hěn qiáng 。	Man has a great capacity to adapt to environmental changes.	我们真正的国籍是人类。	wǒ men zhēn zhèng de guó jí shì rén lèi 。	Our true nationality is mankind.
225	少女	你听过《阿尔卑斯山的少女海蒂》吗？	nǐ tīng guò 《 ā ěr bēi sī shān de shào nǚ hǎi dì 》 ma ？	"""Have you heard of """"Heidi, Girl of the Alps""""?"""	你知道《阿尔卑斯山的少女海蒂》吗？	nǐ zhī dào 《 ā ěr bēi sī shān de shào nǚ hǎi dì 》 ma ？	"""Do you know about """"Heidi, Girl of the Alps""""?"""	老人用金钱和珠宝取得了少女的欢心。	lǎo rén yòng jīn qián hé zhū bǎo qǔ dé le shào nǚ de huān xīn 。	The old man bribed a young girl with money and jewelry.
226	英雄	他梦想着成为一名英雄。	tā mèng xiǎng zhe chéng wéi yī míng yīng xióng 。	He dreamed of being a hero.	英雄总是来得太迟。	yīng xióng zǒng shì lái de tài chí 。	Heroes always arrive late.	我们需要英雄。	wǒ men xū yào yīng xióng 。	We need a hero.
227	煮	他有时煮晚饭给我们吃。	tā yǒu shí zhǔ wǎn fàn gěi wǒ men chī 。	He sometimes makes dinner for us.	鸡蛋至少要煮5分钟。	jī dàn zhì shǎo yào zhǔ 5 fēn zhōng 。	Eggs should be boiled for at least five minutes.	她自己煮晚餐了。	tā zì jǐ zhǔ wǎn cān le 。	She cooked the dinner herself.
228	特	当房东不在, 房客就会大玩特玩。	dāng fáng dōng bù zài ,   fáng kè jiù huì dà wán tè wán 。	When the landlord's away, the tenants will play.	这家商店人员的态度特好，怪不得顾客也好多。	zhè jiā shāng diàn rén yuán de tài dù tè hǎo ， guài bù dé gù kè yě hǎo duō 。	The staff in this shop are really friendly; no wonder they've got so many customers.	去上海新建的绿地玩也特有劲！	qù shàng hǎi xīn jiàn de lǜ dì wán yě tè yǒu jìn ！	Visiting one of Shanghai's recently developed parks and green spaces is also exciting!
229	胸	她的胸很大。	tā de xiōng hěn dà 。	She has big boobs.	你的胸很小。	nǐ de xiōng hěn xiǎo 。	You have a small chest.	他的胸中还有足够的斗志。	tā de xiōng zhōng hái yǒu zú gòu de dòu zhì 。	He had plenty of fight left in him.
230	帅哥	我想看帅哥帅哥帅哥帅哥帅哥	wǒ xiǎng kàn shuài gē shuài gē shuài gē shuài gē shuài gē		你以为没有别的54帅哥吗？	nǐ yǐ wéi méi yǒu bié de 5 4 shuài gē ma ？		喜欢看帅哥没错呀	xǐ huān kàn shuài gē méi cuò ya	
231	节奏	去做你有用的，给我们节奏	qù zuò nǐ yǒu yòng de ， gěi wǒ men jié zòu		就是说就是说要拍那种节奏吗	jiù shì shuō jiù shì shuō yào pāi nà zhǒng jié zòu ma		嗯，然后第二个就是节奏	ń ， rán hòu dì èr gè jiù shì jié zòu	
232	男神	刚吃完饭，看到我男神了	gāng chī wán fàn ， kàn dào wǒ nán shén le		没有又！男神没回去吗	méi yǒu yòu ！ nán shén méi huí qù ma		对哈男神会做饭！	duì hā nán shén huì zuò fàn ！	
233	俺	你们在这里等着，俺下去看看	nǐ men zài zhè lǐ děng zhe ， ǎn xià qù kàn kàn		俺后天回家。不送你咯。嘿嘿	ǎn hòu tiān huí jiā 。 bù sòng nǐ gē 。 hēi hēi		其实，俺希望他们永远都不会长大	qí shí ， ǎn xī wàng tā men yǒng yuǎn dōu bú huì zhǎng dà	
234	深圳	我这个姐妹，刚从深圳来这里	wǒ zhè ge jiě mèi ， gāng cóng shēn zhèn lái zhè lǐ		我也会在深圳给你买层楼	wǒ yě huì zài shēn zhèn gěi nǐ mǎi céng lóu		来深圳啊！根本没多少人！	lái shēn zhèn a ！ gēn běn méi duō shǎo rén ！	
235	报	他的照片上了报。	tā de zhào piān shàng le bào 。	His picture was in the newspaper.	他为死去父亲报了仇杀他。	tā wèi sǐ qù fù qīn bào le chóu shā tā 。	He killed him to avenge his dead father.	汤姆报了警。	tāng mǔ bào le jǐng 。	Tom called the police.
236	款	让我们玩一款游戏吧。	ràng wǒ men wán yī kuǎn yóu xì ba 。	Let's play a game.	请问，这款你们店里有吗？	qǐng wèn ， zhè kuǎn nǐ men diàn lǐ yǒu ma ？	Excuse me, do you have any of these in your store?	这款游戏之中，人人平等。	zhè kuǎn yóu xì zhī zhōng ， rén rén píng děng 。	In this game, everyone is equal.
237	一点点	只有一点点的知识是危险的事。	zhǐ yǒu yì diǎn diǎn de zhī shí shì wēi xiǎn de shì 。	A little knowledge is a dangerous thing.	他会讲一点点英语。	tā huì jiǎng yì diǎn diǎn yīng yǔ 。	He can speak a little English.	给我一点点就行。	gěi wǒ yì diǎn diǎn jiù xíng 。	Just a little bit is enough for me.
238	什么样	您喜欢什么样的音乐呢？	nín xǐ huān shén me yàng de yīn yuè ne ？	What kind of music do you like?	让我看看它是什么样的。	ràng wǒ kàn kàn tā shì shén me yàng de 。	Let me see what it looks like.	你喜欢什么样的食物？	nǐ xǐ huān shén me yàng de shí wù ？	What type of food do you like?
239	晕	我想你那是个很晕的主意	wǒ xiǎng nǐ nà shì gè hěn yūn de zhǔ yì		可是我坐了多少年车了我还晕。	kě shì wǒ zuò le duō shǎo nián chē le wǒ hái yūn 。		晕。哈哈，还有学生家长这样说啊。	yūn 。 hā hā ， hái yǒu xué shēng jiā zhǎng zhè yàng shuō a 。	
240	年纪	他已经到了能了解它的年纪。	tā yǐ jīng dào le néng liǎo jiě tā de nián jì 。	He is old enough to understand it.	他的年纪可以开车了。	tā de nián jì kě yǐ kāi chē le 。	He is old enough to drive a car.	有人说我和妹妹看起来年纪差不多。	yǒu rén shuō wǒ hé mèi mèi kàn qǐ lái nián jì chà bu duō 。	People say I look about the same age as my sister.
241	伤	你在伤他。	nǐ zài shāng tā 。	You're hurting him.	他昨天在这场比赛中受了伤。	tā zuó tiān zài zhè chǎng bǐ sài zhōng shòu le shāng 。	He got hurt in the game yesterday.	我从没杀或伤过任何人。	wǒ cóng méi shā huò shāng guò rèn hé rén 。	I have never killed nor injured anybody.
242	穷	他确实很穷，但是他很幸福。	tā què shí hěn qióng ， dàn shì tā hěn xìng fú 。	He is poor, to be sure, but he is happy.	他虽然穷，却很幸福。	tā suī rán qióng ， què hěn xìng fú 。	Even though he's poor, he's happy.	他很穷。	tā hěn qióng 。	He is poor.
243	疯狂	你是怎么想到这么疯狂的主意的？	nǐ shì zěn me xiǎng dào zhè me fēng kuáng de zhǔ yì de ？	How did you come up with this crazy idea?	有时候， Denis真的很疯狂。	yǒu shí hòu ，   D e n i s zhēn de hěn fēng kuáng 。		梦想能让我疯狂。	mèng xiǎng néng ràng wǒ fēng kuáng 。	Dreams can make me crazy.
244	问问	你可以问问在那里玩的孩子。	nǐ kě yǐ wèn wèn zài nà lǐ wán de hái zi 。	You can ask the child that is playing over there.	我以为你知道所以我就问问。	wǒ yǐ wéi nǐ zhī dào suǒ yǐ wǒ jiù wèn wèn 。	I asked because I thought you knew.	问问他把他的车停在那里。	wèn wèn tā bǎ tā de chē tíng zài nà lǐ 。	Ask him where he parked his car.
245	鹿晗	我们学校还有叫鹿晗	wǒ men xué xiào hái yǒu jiào lù hán		他就是，就感觉鹿晗吧。	tā jiù shì ， jiù gǎn jué lù hán ba 。		鹿晗以前的话还	lù hán yǐ qián de huà hái	
246	清	你能大声点讲吗？我听不太清。	nǐ néng dà shēng diǎn jiǎng ma ？ wǒ tīng bù tài qīng 。	Could you please talk a bit louder? I can't hear very well.	我听不清那个男的在说些什么。	wǒ tīng bù qīng nà ge nán de zài shuō xiē shén me 。	I can't make out what the man is saying.	我还搞不清。	wǒ hái gǎo bù qīng 。	I'm still confused.
247	意义	他的话对我来说没有任何意义。	tā de huà duì wǒ lái shuō méi yǒu rèn hé yì yì 。	His words convey nothing at all to me.	存在的意义是什么？	cún zài de yì yì shì shén me ？	What's the point of existence?	这没有任何意义。	zhè méi yǒu rèn hé yì yì 。	That makes no sense at all.
248	恐怖	我从没读过那么恐怖的小说。	wǒ cóng méi dú guò nà me kǒng bù de xiǎo shuō 。	I have never read such a scary novel.	高空弹跳是恐怖还是好玩？	gāo kōng dàn tiào shì kǒng bù hái shì hǎo wán ？	Is bungee jumping frightening or fun?	仙台地震的结果很恐怖。	xiān tái dì zhèn de jié guǒ hěn kǒng bù 。	The consequences of Sendai's earthquake were dreadful!
249	博主	可以把博主卖了	kě yǐ bǎ bó zhǔ mài le		博主是转的	bó zhǔ shì zhuǎn de		嗯，有博主	ń ， yǒu bó zhǔ	
250	为何	为何人会笑，这个问题是一个很难解决的问题。	wèi hé rén huì xiào ， zhè ge wèn tí shì yí gè hěn nán jiě jué de wèn tí 。	Why do humans smile? This is a very difficult question to answer.	没有人知道他为何拒绝我帮忙。	méi yǒu rén zhī dào tā wèi hé jù jué wǒ bāng máng 。	Nobody knows why he turns down my help.	我不明白他为何搞这样。	wǒ bù míng bái tā wèi hé gǎo zhè yàng 。	I have no idea why he did that.
251	现场	这里就是意外现场了。	zhè lǐ jiù shì yì wài xiàn chǎng le 。	This is the place where the incident happened.	现场有10名警员。	xiàn chǎng yǒu 1 0 míng jǐng yuán 。	There were ten police officers on the spot.	警察到达了可怕的犯罪现场。	jǐng chá dào dá le kě pà de fàn zuì xiàn chǎng 。	Police arrived at the grisly crime scene.
252	这样子	其实我也买过一次这样子的	qí shí wǒ yě mǎi guò yī cì zhè yàng zi de		哎我觉得我有钱也可以这样子	āi wǒ jué de wǒ yǒu qián yě kě yǐ zhè yàng zi		是真的真的这样子这样子的老师	shì zhēn de zhēn de zhè yàng zi zhè yàng zi de lǎo shī	
253	易烊千玺	每天都做着睡易烊千玺的梦	měi tiān dōu zuò zhe shuì yì yáng qiān xǐ de mèng		然后那我感觉易烊千玺就是	rán hòu nà wǒ gǎn jué yì yáng qiān xǐ jiù shì		易烊千玺要教你怎样做人了！	yì yáng qiān xǐ yào jiào nǐ zěn yàng zuò rén le ！	
254	纠结	但是有时候人生就是这么纠结	dàn shì yǒu shí hòu rén shēng jiù shì zhè me jiū jié		哎，这个剧就算让人纠结的！	āi ， zhè ge jù jiù suàn ràng rén jiū jié de ！		怎么还在纠结这个问题?	zěn me hái zài jiū jié zhè ge wèn tí ?	
255	代表	PTA代表什么意思？	P T A dài biǎo shén me yì si ？	What does PTA stand for?	他代表我们公司出席了会议。	tā dài biǎo wǒ men gōng sī chū xí le huì yì 。	He represented our company at the conference.	许多国家的代表出席了会议。	xǔ duō guó jiā de dài biǎo chū xí le huì yì 。	Delegates from many countries participated in the conference.
256	低调	我们要感谢你们这么低调	wǒ men yào gǎn xiè nǐ men zhè me dī diào		我希望咱们能保持低调	wǒ xī wàng zán men néng bǎo chí dī diào		没有他低调嘛，很低调	méi yǒu tā dī diào ma ， hěn dī diào	
257	闹	因为太闹，所以我睡不着觉。	yīn wèi tài nào ， suǒ yǐ wǒ shuì bù zhe jué 。	I can't sleep because of the noise.	让他们闹去。	ràng tā men nào qù 。	Let them have their fun.	汤姆当时是一个很闹的孩子。	tāng mǔ dāng shí shì yí gè hěn nào de hái zi 。	Tom was a very loud child.
258	必要	看来没有必要帮助这个国家。	kàn lái méi yǒu bì yào bāng zhù zhè ge guó jiā 。	There seems no need to help that country.	我有必要向他解释原因吗？	wǒ yǒu bì yào xiàng tā jiě shì yuán yīn ma ？	Is it necessary for me to explain the reason to him?	明天早上有必要早起吗	míng tiān zǎo shàng yǒu bì yào zǎo qǐ ma	Do we have to get up early tomorrow morning?
259	杭州	他是跟他爸爸去杭州的吗？	tā shì gēn tā bà bà qù háng zhōu de ma ？	Did he go to Hangzhou with his dad?	他从杭州来。	tā cóng háng zhōu lái 。	He comes from Hangzhou.	他来自杭州。	tā lái zì háng zhōu 。	He's from Hangzhou.
260	逗	我们都被他的笑话逗得很开心。	wǒ men dōu bèi tā de xiào huà dòu dé hěn kāi xīn 。	We were all greatly amused by his jokes.	整个晚上他都在开玩笑逗我们开心。	zhěng gè wǎn shàng tā dōu zài kāi wán xiào dòu wǒ men kāi xīn 。	He entertained us with jokes all evening.	那挺逗的。	nà tǐng dòu de 。	That was pretty funny.
261	补	你要原谅我 我补了一会觉	nǐ yào yuán liàng wǒ   wǒ bǔ le yī huì jué		嗯。人家都结婚了我们还在补作业。	ń 。 rén jiā dōu jié hūn le wǒ men hái zài bǔ zuò yè 。		你好请问30459明天能补吗？	nǐ hǎo qǐng wèn 3 0 4 5 9 míng tiān néng bǔ ma ？	
262	神	你相信神存在吗？	nǐ xiāng xìn shén cún zài ma ？	Do you believe that God exists?	我们是人，不是神。	wǒ men shì rén ， bú shì shén 。	We are but men, not gods.	毕竟，即使是神也会偶尔出差错。	bì jìng ， jí shǐ shì shén yě huì ǒu ěr chū chā cuò 。	After all, even the gods may err at times.
263	差点	啊！差点忘了。今天是扔垃圾的日子！	a ！ chà diǎn wàng le 。 jīn tiān shì rēng lā jī de rì zi ！	Oh, I almost forgot! Today is garbage disposal day!	我差点赶不上火车。	wǒ chà diǎn gǎn bù shàng huǒ chē 。	I barely made the train.	差点就对了。	chà diǎn jiù duì le 。	That is almost correct.
264	的确	她的确是正确的。	tā dí què shì zhèng què de 。	She's correct for sure.	那座泳池看来的确很吸引人。	nà zuò yǒng chí kàn lái dí què hěn xī yǐn rén 。	That pool really looks inviting.	电视的确有一些缺点。	diàn shì dí què yǒu yī xiē quē diǎn 。	It is true that television also has some disadvantages.
265	摸	孩子摸着猫。	hái zi mō zhe māo 。	The child pets the cat.	谁也不要摸这个。	shuí yě bù yào mō zhè ge 。	I don't want anyone to touch this.	来吧，摸一下。	lái ba ， mō yī xià 。	Come on, touch it.
266	考完	考完啦就行，管他多少分呢	kǎo wán la jiù xíng ， guǎn tā duō shǎo fēn ne		对不起 ， 我要考完试才可以演出	duì bù qǐ   ，   wǒ yào kǎo wán shì cái kě yǐ yǎn chū		昨天考完试我很担心你	zuó tiān kǎo wán shì wǒ hěn dān xīn nǐ	
267	群	群鸟南翔。	qún niǎo nán xiáng 。	The birds flew to the south.	电影院门口站了一大群人。	diàn yǐng yuàn mén kǒu zhàn le yī dà qún rén 。	A crowd of people were standing at the entrance to the theatre.	公园里有一大群人。	gōng yuán lǐ yǒu yī dà qún rén 。	There was a large crowd in the park.
268	醉	他非常醉了。	tā fēi cháng zuì le 。	He's really drunk.	我有点醉了。	wǒ yǒu diǎn zuì le 。	I am a bit drunk.	你们醉了。	nǐ men zuì le 。	You're sloshed.
269	位置	他们的位置是？	tā men de wèi zhì shì ？	What's their location?	地图帮助我们知道所在的位置。	dì tú bāng zhù wǒ men zhī dào suǒ zài de wèi zhì 。	A map helps us to know where we are.	那个位置很偏僻。	nà ge wèi zhì hěn piān pì 。	It's quite a remote spot.
270	惹	别惹我了。	bié rě wǒ le 。	Don't get me started.	他的话把大家惹得哈哈大笑。	tā de huà bǎ dà jiā rě dé hā hā dà xiào 。	His words set everybody roaring with laughter.	我不想惹你生气。	wǒ bù xiǎng rě nǐ shēng qì 。	I don't mean to spite you.
271	土豪	哈哈土豪的世界我不懂	hā hā tǔ háo de shì jiè wǒ bù dǒng		就那种感觉就特别土豪。	jiù nà zhǒng gǎn jué jiù tè bié tǔ háo 。		还可以当土豪 顺便问.	hái kě yǐ dāng tǔ háo   shùn biàn wèn .	
272	秀	我有些东西要秀给你看.	wǒ yǒu xiē dōng xī yào xiù gěi nǐ kàn .		就是在各种的秀对面	jiù shì zài gè zhǒng de xiù duì miàn		有点秀有点秀。	yǒu diǎn xiù yǒu diǎn xiù 。	
273	好运	人们都为他们的好运感到十分高兴。	rén men dōu wèi tā men de hǎo yùn gǎn dào shí fēn gāo xìng 。	The people exulted over their good luck.	请祝我好运。	qǐng zhù wǒ hǎo yùn 。	Please wish me luck.	他将他的成功归功于好运。	tā jiāng tā de chéng gōng guī gōng yú hǎo yùn 。	He attributes his success to good luck.
274	服	这药要每三个小时服一次。	zhè yào yào měi sān gè xiǎo shí fú yī cì 。	This medicine should be taken every three hours.	服了你了。	fú le nǐ le 。	You're the boss.	我每六小时要服一次药。	wǒ měi liù xiǎo shí yào fú yī cì yào 。	I have to take my medicine every six hours.
275	想象	我不能想象他会做这种事。	wǒ bù néng xiǎng xiàng tā huì zuò zhè zhǒng shì 。	It is inconceivable to me that he would do such a thing.	我无法想象没有他的生活。	wǒ wú fǎ xiǎng xiàng méi yǒu tā de shēng huó 。	I can't even imagine my life without him.	我认为你比你想象的更强。	wǒ rèn wéi nǐ bǐ nǐ xiǎng xiàng de gèng qiáng 。	I think you're a lot stronger than you know.
276	惊喜	为什么任何人应该感到惊喜？	wèi shén me rèn hé rén yīng gāi gǎn dào jīng xǐ ？	Why should anyone be surprised?	我带了一个惊喜给你。	wǒ dài le yí gè jīng xǐ gěi nǐ 。	I have a surprise for you.	我想给她一个惊喜。	wǒ xiǎng gěi tā yí gè jīng xǐ 。	I wanted to surprise her.
277	拥有	他在教学上拥有丰富的经验。	tā zài jiào xué shàng yōng yǒu fēng fù de jīng yàn 。	He has long experience in teaching.	他拥有的书是我拥有的三倍。	tā yōng yǒu de shū shì wǒ yōng yǒu de sān bèi 。	He has three times as many books as I have.	他失去了他拥有的一切。	tā shī qù le tā yōng yǒu de yī qiè 。	He lost everything he owned.
278	事实	我认为这个事实很重要。	wǒ rèn wéi zhè ge shì shí hěn zhòng yào 。	The fact is, I think, very important.	我认为事实非常重要。	wǒ rèn wéi shì shí fēi cháng zhòng yào 。	I think that fact is very important.	你该把事实说出来。	nǐ gāi bǎ shì shí shuō chū lái 。	You should tell the truth.
279	易烊	可能是咱们的易烊易烊千玺	kě néng shì zán men de yì yáng yì yáng qiān xǐ		易烊千玺，易烊千玺不晓得	yì yáng qiān xǐ ， yì yáng qiān xǐ bù xiǎo de		我注意了，而且在呃那个易烊千玺在说	wǒ zhù yì le ， ér qiě zài è nà ge yì yáng qiān xǐ zài shuō	
280	颜值	你给我看看你颜值嘞	nǐ gěi wǒ kàn kàn nǐ yán zhí lei		颜值觉得很高那种	yán zhí jué de hěn gāo nà zhǒng		颜值啊缺点那什么.	yán zhí a quē diǎn nà shén me .	
281	嫌弃	她一点都没嫌弃过我们的病	tā yì diǎn dōu méi xián qì guò wǒ men de bìng		如果您不嫌弃的话 请与我们.	rú guǒ nín bù xián qì de huà   qǐng yǔ wǒ men .		好像就只是为了来嫌弃我	hǎo xiàng jiù zhǐ shì wèi le lái xián qì wǒ	
282	刚好	这刚好是我想看到它发生的。	zhè gāng hǎo shì wǒ xiǎng kàn dào tā fā shēng de 。	That's exactly what I wanted to see happen.	我们刚好有时间吃早饭。	wǒ men gāng hǎo yǒu shí jiān chī zǎo fàn 。	We just have enough time to eat breakfast.	他们刚好不在那里。	tā men gāng hǎo bù zài nà lǐ 。	It so happened that they were not there.
283	妳	那是因为妳是女生。	nà shì yīn wèi nǐ shì nǚ shēng 。	That's because you're a girl.	妳可以帮我们吗？	nǐ kě yǐ bāng wǒ men ma ？	Can you help out?	妳看上去非常累。	nǐ kàn shàng qù fēi cháng lèi 。	You look very tired.
284	眼神	别用怨恨的眼神看我啦。	bié yòng yuàn hèn de yǎn shén kàn wǒ la 。	Stop giving me such a venomous look.	她的眼神里充满了悲伤。	tā de yǎn shén lǐ chōng mǎn le bēi shāng 。	Her eyes were full of sadness.	她的眼神里充满了悲哀。	tā de yǎn shén lǐ chōng mǎn le bēi āi 。	Her eyes were full of sadness.
285	刘海	还有它这个好像还是刘海的吧	hái yǒu tā zhè ge hǎo xiàng hái shì liú hǎi de ba		对啊，结果还是有刘海	duì a ， jié guǒ hái shì yǒu liú hǎi		准备剪刘海了哇	zhǔn bèi jiǎn liú hǎi le wa	
286	理由	我没发现任何我该道歉的理由。	wǒ méi fā xiàn rèn hé wǒ gāi dào qiàn de lǐ yóu 。	I don't see any reason why I have to apologize.	我没有特别的理由去做。	wǒ méi yǒu tè bié de lǐ yóu qù zuò 。	I have no particular reason to do so.	他简单地阐述了他的理由。	tā jiǎn dān dì chǎn shù le tā de lǐ yóu 。	He gave his reasons in brief.
287	一辈子	我想我会一辈子单身。	wǒ xiǎng wǒ huì yī bèi zi dān shēn 。	I guess I'm never going to get married.	他穷了一辈子。	tā qióng le yī bèi zi 。	He has been poor all his life.	我一辈子都是个流浪者。	wǒ yī bèi zi dōu shì gè liú làng zhě 。	I'm a nomad for life.
288	皮	桃子的皮很容易破。	táo zi de pí hěn róng yì pò 。	The skin of peaches bruises easily.	再惹我生气，小心我扒了你的皮！	zài rě wǒ shēng qì ， xiǎo xīn wǒ bā le nǐ de pí ！	Anger me again, I might just peel your skin off.	请把马铃薯的皮削掉。	qǐng bǎ mǎ líng shǔ de pí xuē diào 。	Please scrape the skin off the potatoes.
289	没用	他的建议完全没用。	tā de jiàn yì wán quán méi yòng 。	His advice didn't help at all.	现在后悔也没用了。	xiàn zài hòu huǐ yě méi yòng le 。	It's no use regretting it now.	你已经没用了。	nǐ yǐ jīng méi yòng le 。	You're already useless.
290	男孩	这个男孩让他的父母高兴。	zhè ge nán hái ràng tā de fù mǔ gāo xìng 。	The boy made his parents happy.	他是多傻的一个男孩啊！	tā shì duō shǎ de yí gè nán hái a ！	What a stupid boy he is!	在那边游泳的男孩是谁?	zài nà biān yóu yǒng de nán hái shì shuí ?	Who is the boy that is swimming over there?
291	智商	就是智商为零完了就是	jiù shì zhì shāng wèi líng wán le jiù shì		你就是智商有问题	nǐ jiù shì zhì shāng yǒu wèn tí		本来他们智商就低	běn lái tā men zhì shāng jiù dī	
292	嫁	她一生未嫁。	tā yī shēng wèi jià 。	She remained unmarried all her life.	你是我想嫁的那种人。	nǐ shì wǒ xiǎng jià de nà zhǒng rén 。	You're the kind of person I'd like to marry.	嫁鸡随鸡嫁狗随狗。	jià jī suí jī jià gǒu suí gǒu 。	If you marry a chicken, follow the chicken; if you marry a dog, follow the dog.
293	包括	工作日包括：星期一、二、三、四、五。	gōng zuò rì bāo kuò ： xīng qī yī 、 èr 、 sān 、 sì 、 wǔ 。	The weekdays are: Monday, Tuesday, Wednesday, Thursday, and Friday.	你说普通话不好的包括你自己。	nǐ shuō pǔ tōng huà bù hǎo de bāo kuò nǐ zì jǐ 。	You yourself belong to this group of people that you're talking about - the one that doesn't speak standard Mandarin well.	包括早饭吗？	bāo kuò zǎo fàn ma ？	Is breakfast included?
294	系统	我们没有人满意此系统。	wǒ men méi yǒu rén mǎn yì cǐ xì tǒng 。	Not all of us were satisfied with the system.	这个系统有些明显的缺陷。	zhè ge xì tǒng yǒu xiē míng xiǎn de quē xiàn 。	This system has obvious defects.	你最喜欢什么作业系统？	nǐ zuì xǐ huān shén me zuò yè xì tǒng ？	What's your favorite operating system?
295	反应	我们的身体会对我们的感情做出反应。	wǒ men de shēn tǐ huì duì wǒ men de gǎn qíng zuò chū fǎn yìng 。	Our bodies respond to our feelings.	看看反应如何。	kàn kàn fǎn yìng rú hé 。	Let's see what the reaction is.	她反应很快。	tā fǎn yìng hěn kuài 。	She has a very quick mind.
296	某	冬天的某日，遇到了她。	dōng tiān de mǒu rì ， yù dào le tā 。	I met her on a certain winter day.	在某种程度上我能了解你。	zài mǒu zhǒng chéng dù shàng wǒ néng liǎo jiě nǐ 。	I can understand you to some extent.	从某种意义来说，你是对的。	cóng mǒu zhǒng yì yì lái shuō ， nǐ shì duì de 。	You're right in a sense.
297	处理	首先我们必须处理这个问题。	shǒu xiān wǒ men bì xū chǔ lǐ zhè ge wèn tí 。	To begin with, we must tackle the problem.	你从来没时间处理重要的事情！	nǐ cóng lái méi shí jiān chǔ lǐ zhòng yào de shì qíng ！	You never have time for important things!	我们应该怎么处理这个问题呢？	wǒ men yīng gāi zěn me chǔ lǐ zhè ge wèn tí ne ？	How shall we deal with this matter?
298	更新	你可以帮我更新这份资料吗？	nǐ kě yǐ bāng wǒ gēng xīn zhè fèn zī liào ma ？	Could I get you to update this data for me?	我想要更新。	wǒ xiǎng yào gēng xīn 。	I want updates.	请更新系统。	qǐng gēng xīn xì tǒng 。	Update your system.
299	真实	我知道你不想去的真实原因。	wǒ zhī dào nǐ bù xiǎng qù de zhēn shí yuán yīn 。	I know the real reason you don't want to go.	我没把真实情况全说出来。	wǒ méi bǎ zhēn shí qíng kuàng quán shuō chū lái 。	I didn't tell the whole truth.	该有人告诉她真实情况。	gāi yǒu rén gào sù tā zhēn shí qíng kuàng 。	She deserves to know the truth.
300	圈	画一个圈。	huà yí gè quān 。	Draw a circle.	她用铅笔在纸上画了一个圈。	tā yòng qiān bǐ zài zhǐ shàng huà le yí gè quān 。	She drew a circle on a piece of paper with a pencil.	请把正确答案圈出来。	qǐng bǎ zhèng què dá àn quān chū lái 。	Please circle the right answer.
301	南京	我们还没安排去南京的时间。	wǒ men hái méi ān pái qù nán jīng de shí jiān 。	We have not yet arranged the time to leave for Nanjing.	我出去玩都是在南京坐飞机，没去过上海。	wǒ chū qù wán dōu shì zài nán jīng zuò fēi jī ， méi qù guò shàng hǎi 。	When travelling, I always go to the airport in Nanjing, I've never been to Shanghai.	如果我这点活儿可以做完，我将在星期一去南京。	rú guǒ wǒ zhè diǎn huó er kě yǐ zuò wán ， wǒ jiāng zài xīng qī yī qù nán jīng 。	If I can finish up this bit of work, I will go to Nanjing on Monday.
302	炸	炸肉丸不是一种健康的零食。	zhà ròu wán bú shì yī zhǒng jiàn kāng de líng shí 。	A frikandel is not a healthy snack.	嗨, 我要一个炸薄饼卷。	hāi ,   wǒ yào yí gè zhà báo bǐng juǎn 。	Hi, I'd like a deep-fried pizza roll.	我吃了炸薯条。	wǒ chī le zhà shǔ tiáo 。	I ate french fries.
303	短发	短发很适合你。	duǎn fà hěn shì hé nǐ 。	Your short hair suits you.	我喜欢短发。	wǒ xǐ huān duǎn fà 。	I like short hair.	汤姆(Tom)留短发	tāng mǔ ( T o m ) liú duǎn fà	Tom has short hair.
304	想念	这孩子非常想念他的母亲。	zhè hái zi fēi cháng xiǎng niàn tā de mǔ qīn 。	The child missed his mother very much.	我很想念我小学的老师。	wǒ hěn xiǎng niàn wǒ xiǎo xué de lǎo shī 。	I miss my elementary school teachers.	他走后，我们都很想念他。	tā zǒu hòu ， wǒ men dōu hěn xiǎng niàn tā 。	We've really been missing him since he left.
305	好友	我把他当成自己的好友之一。	wǒ bǎ tā dàng chéng zì jǐ de hǎo yǒu zhī yī 。	I think of him as one of my good friends.	汤姆正给他的好友写信。	tāng mǔ zhèng gěi tā de hǎo yǒu xiě xìn 。	Tom is writing a letter to his best friend.	谢谢你把我加为好友。	xiè xiè nǐ bǎ wǒ jiā wèi hǎo yǒu 。	Thanks for adding me as a friend.
306	承认	你应该承认自己的失败。	nǐ yīng gāi chéng rèn zì jǐ de shī bài 。	You should acknowledge your failure.	他承认没有参加考试。	tā chéng rèn méi yǒu cān jiā kǎo shì 。	He was admitted without taking the exam.	她承认自己犯了错。	tā chéng rèn zì jǐ fàn le cuò 。	She acknowledged having made a mistake.
307	拜托	拜托不会有人想到孩子们吗?!	bài tuō bú huì yǒu rén xiǎng dào hái zi men ma ? !	Won't somebody please think of the children?!	拜托你开门让我进来吧。	bài tuō nǐ kāi mén ràng wǒ jìn lái ba 。	Open the door and let me in, please.	拜托您，请给我一张签证。	bài tuō nín ， qǐng gěi wǒ yī zhāng qiān zhèng 。	I beg you, give me a visa.
308	演唱会	我会帮你买一张演唱会门票。	wǒ huì bāng nǐ mǎi yī zhāng yǎn chàng huì mén piào 。	I will help you buy one concert ticket.	演唱会大概开了三个小时。	yǎn chàng huì dà gài kāi le sān gè xiǎo shí 。	The concert lasted about three hours.	我生病了，所以没能去看演唱会。	wǒ shēng bìng le ， suǒ yǐ méi néng qù kàn yǎn chàng huì 。	I was sick, so I couldn't go to the concert.
309	恩恩	恩恩有男朋友真好羡慕的内	ēn ēn yǒu nán péng yǒu zhēn hǎo xiàn mù de nèi		恩恩，看起来现在心情不错啊	ēn ēn ， kàn qǐ lái xiàn zài xīn qíng bù cuò a		恩恩是的～明天中午左右啊	ēn ēn shì de ～ míng tiān zhōng wǔ zuǒ yòu a	
310	娃	知道呀养个娃嘛	zhī dào ya yǎng gè wá ma		娃呀这胳膊也是没谁了	wá ya zhè gē bó yě shì méi shuí le		没事我娃一定是火山娃	méi shì wǒ wá yí dìng shì huǒ shān wá	
311	呜呜	呜呜你是想说我现在多黑	wū wū nǐ shì xiǎng shuō wǒ xiàn zài duō hēi		又高又瘦，太羡慕你了呜呜	yòu gāo yòu shòu ， tài xiàn mù nǐ le wū wū		呜呜我今年没有演唱会看啊啊	wū wū wǒ jīn nián méi yǒu yǎn chàng huì kàn a a	
312	炒	做那种事的话，他可能会被炒。	zuò nà zhǒng shì de huà ， tā kě néng huì bèi chǎo 。	He might get fired if he does that.	你们不能炒了我们。	nǐ men bù néng chǎo le wǒ men 。	You can't fire us.	你不能炒了我们。	nǐ bù néng chǎo le wǒ men 。	You can't fire us.
313	回头	别回头。	bié huí tóu 。	Don't look back.	回头看！	huí tóu kàn ！	Look back!	如果你想见她就回头。	rú guǒ nǐ xiǎng jiàn tā jiù huí tóu 。	Turn back if you want to see her.
314	胖子	有考虑过我们胖子的感受吗	yǒu kǎo lǜ guò wǒ men pàng zi de gǎn shòu ma		31早上的飞机哥哥去接我和胖子	3 1 zǎo shàng de fēi jī gē gē qù jiē wǒ hé pàng zi		你现在还还是个胖子啊	nǐ xiàn zài hái hái shì gè pàng zi a	
315	棒棒	我看见你更新啦！棒棒！	wǒ kàn jiàn nǐ gēng xīn la ！ bàng bàng ！		你真是很棒棒呢	nǐ zhēn shì hěn bàng bàng ne		我曾经做过棒棒	wǒ céng jīng zuò guò bàng bàng	
316	或者是	觉得自己可以啦，或者是觉得	jué de zì jǐ kě yǐ la ， huò zhě shì jué de		对我们以后在四S店，或者是	duì wǒ men yǐ hòu zài sì S diàn ， huò zhě shì		嗯钱或者是	ń qián huò zhě shì	
317	那会儿	但是那会儿好像就是就是。	dàn shì nà huì er hǎo xiàng jiù shì jiù shì 。		啊那会儿，那边的话就适合	a nà huì er ， nà biān de huà jiù shì hé		我开车那会儿, 开车讲技术	wǒ kāi chē nà huì er ,   kāi chē jiǎng jì shù	
318	爱国	真的，爱国这个东西很重要	zhēn de ， ài guó zhè ge dōng xī hěn zhòng yào		他那个作为一个爱国的中国人	tā nà ge zuò wéi yí gè ài guó de zhōng guó rén		您参加日本爱国组织是怎么	nín cān jiā rì běn ài guó zǔ zhī shì zěn me	
319	默默	他默默地看著我。	tā mò mò dì kàn zhù wǒ 。	He watches me quietly.	默默地走。	mò mò dì zǒu 。	Leave quietly.	我的母亲只是默默地哭泣。	wǒ de mǔ qīn zhǐ shì mò mò dì kū qì 。	My mother did nothing but weep.
320	没法	我没法改变昨天发生的事情。	wǒ méi fǎ gǎi biàn zuó tiān fā shēng de shì qíng 。	I can't change what happened yesterday.	你知道我没法选择，不是么？	nǐ zhī dào wǒ méi fǎ xuǎn zé ， bú shì me ？	You know I have no choice, don't you?	今天我太忙了，没法和你一起去。	jīn tiān wǒ tài máng le ， méi fǎ hé nǐ yì qǐ qù 。	I can't go with you today because I'm very busy.
321	随时	请随时都可以打电话给我。	qǐng suí shí dōu kě yǐ dǎ diàn huà gěi wǒ 。	Please feel free to call me up.	只要你喜欢，你随时可以来我家。	zhǐ yào nǐ xǐ huān ， nǐ suí shí kě yǐ lái wǒ jiā 。	Come to my house whenever you like.	随时问任何问题都可以。	suí shí wèn rèn hé wèn tí dōu kě yǐ 。	Feel free to ask any questions.
322	寂寞	她的生活很寂寞。	tā de shēng huó hěn jì mò 。	She lived a lonely life.	我最近非常寂寞。	wǒ zuì jìn fēi cháng jì mò 。	I feel very lonely these days.	我最近很寂寞。	wǒ zuì jìn hěn jì mò 。	I feel very lonely these days.
323	风格	你喜欢什么风格的音乐？	nǐ xǐ huān shén me fēng gé de yīn yuè ？	What kind of music do you like?	你想要哪种风格的家具？	nǐ xiǎng yào nǎ zhǒng fēng gé de jiā jù ？	What style of furniture would you like?	她说话有自己的风格。	tā shuō huà yǒu zì jǐ de fēng gé 。	She had an individual style of speaking.
324	文艺	没有文艺演出，学校活动.	méi yǒu wén yì yǎn chū ， xué xiào huó dòng .		比较文艺的工作	bǐ jiào wén yì de gōng zuò		现在开始文艺了	xiàn zài kāi shǐ wén yì le	
325	并不是	我对我今天的表现并不是很满意。	wǒ duì wǒ jīn tiān de biǎo xiàn bìng bú shì hěn mǎn yì 。	I'm not very pleased with my performance today.	这并不是因为我恨他，相反我爱他。	zhè bìng bú shì yīn wèi wǒ hèn tā ， xiāng fǎn wǒ ài tā 。	It is not because I hate him, but because I love him.	我们并不是全部都会讲英语。	wǒ men bìng bú shì quán bù dū huì jiǎng yīng yǔ 。	Not all of us can speak English.
326	平安	愿你们平安！	yuàn nǐ men píng ān ！	And upon you be peace!	愿你平安！	yuàn nǐ píng ān ！	Peace be upon you!	他们昨天平安抵达这里。	tā men zuó tiān píng ān dǐ dá zhè lǐ 。	They arrived here safely yesterday.
327	靠	到了最后，大家一定要靠自己学习。	dào le zuì hòu ， dà jiā yí dìng yào kào zì jǐ xué xí 。	Everyone must learn on their own in the end.	我要一张靠窗的桌子。	wǒ yào yī zhāng kào chuāng de zhuō zi 。	I'd like a table by the window.	我们可全靠你了。	wǒ men kě quán kào nǐ le 。	We depend on you.
328	他妈的	我他妈的才不管你们说什么！	wǒ tā mā de cái bù guǎn nǐ men shuō shén me ！	I don't give a fuck about what you say!	他妈的！	tā mā de ！	Fuck you!	关闭他妈的门啊！	guān bì tā mā de mén a ！	Close the fucking door!
329	温柔	她温柔地唱了。	tā wēn róu dì chàng le 。	She sang softly.	她很温柔。	tā hěn wēn róu 。	She has a tender heart.	多温柔的手势啊。	duō wēn róu de shǒu shì a 。	What a tender gesture.
330	演技	我只记得她小时候演技很好	wǒ zhǐ jì de tā xiǎo shí hòu yǎn jì hěn hǎo		代表我认为他演的演技	dài biǎo wǒ rèn wéi tā yǎn de yǎn jì		你现在的演技很差	nǐ xiàn zài de yǎn jì hěn chà	
331	行动	我们需要马上行动。	wǒ men xū yào mǎ shàng xíng dòng 。	We need to do it immediately.	你必须马上行动。	nǐ bì xū mǎ shàng xíng dòng 。	It is imperative for you to act at once.	您必须马上行动。	nín bì xū mǎ shàng xíng dòng 。	It is imperative for you to act at once.
332	拼	你怎么拼这个字？	nǐ zěn me pīn zhè ge zì ？	How do you spell the word?	你怎么拼“prety”？	nǐ zěn me pīn “ p r e t y ” ？		我的名字不是那样拼的。	wǒ de míng zì bú shì nà yàng pīn de 。	That's not how you spell my name.
333	大叔	果然对大叔是认真比较好	guǒ rán duì dà shū shì rèn zhēn bǐ jiào hǎo		大叔，一起住过 多长时间啊	dà shū ， yì qǐ zhù guò   duō zhǎng shí jiān a		大叔,难道你不认识我吗？	dà shū , nán dào nǐ bù rèn shí wǒ ma ？	
334	偶	人家偶都默默走开。	rén jiā ǒu dōu mò mò zǒu kāi 。		偶拿了身份证了。	ǒu ná le shēn fèn zhèng le 。		嘿嘿，偶又不是神！	hēi hēi ， ǒu yòu bú shì shén ！	
335	厦门	我没有去看，只在厦门玩	wǒ méi yǒu qù kàn ， zhǐ zài xià mén wán		厦门也超好漂亮	xià mén yě chāo hǎo piào liàng		厦门好玩么	xià mén hǎo wán me	
336	小姐	你应该知道不要问小姐的年龄。	nǐ yīng gāi zhī dào bú yào wèn xiǎo jiě de nián líng 。	You should know better than to ask a lady her age.	他看到一位漂亮小姐。	tā kàn dào yī wèi piào liàng xiǎo jiě 。	He saw a pretty girl.	我看到一位漂亮小姐。	wǒ kàn dào yī wèi piào liàng xiǎo jiě 。	I saw a beautiful lady.
337	戏	这场戏准能弄坏很多椅子	zhè chǎng xì zhǔn néng nòng huài hěn duō yǐ zi		戏里贴的，不用担心。	xì lǐ tiē de ， bù yòng dān xīn 。		那有的有的戏挺	nà yǒu de yǒu de xì tǐng	
338	素质	这些报纸普遍素质太差	zhè xiē bào zhǐ pǔ biàn sù zhì tài chà		可能会影响素质	kě néng huì yǐng xiǎng sù zhì		个人素质问题	gè rén sù zhì wèn tí	
339	未	她一生未嫁。	tā yī shēng wèi jià 。	She remained unmarried all her life.	我们有许多未完成的事。	wǒ men yǒu xǔ duō wèi wán chéng de shì 。	We have so many things left to do.	不，汤姆未告诉我。	bù ， tāng mǔ wèi gào sù wǒ 。	No, Tom didn't tell me.
340	着呢	时间还早着呢，大家坐下来侃一会儿吧。	shí jiān hái zǎo zhe ne ， dà jiā zuò xià lái kǎn yī huì er ba 。	It's still early. We should all just chill for a bit.	现在时间还早着呢，还是不谈这件事好。	xiàn zài shí jiān hái zǎo zhe ne ， hái shì bù tán zhè jiàn shì hǎo 。	It's still too early to talk about this now.	国王光着呢！	guó wáng guāng zhe ne ！	The king is naked!
341	谈恋爱	-我会做些别的事,例如谈恋爱	- wǒ huì zuò xiē bié de shì , lì rú tán liàn ài		是啊，约会跳舞 谈恋爱的感觉	shì a ， yuē huì tiào wǔ   tán liàn ài de gǎn jué		这是个适合谈恋爱的季节！	zhè shì gè shì hé tán liàn ài de jì jié ！	
342	偷偷	她是偷偷去的。	tā shì tōu tōu qù de 。	She went secretly.	他偷偷做的。	tā tōu tōu zuò de 。	He did that on the quiet.	他偷偷地给我看了她的照片。	tā tōu tōu dì gěi wǒ kàn le tā de zhào piān 。	He secretly showed me her picture.
343	哎哟	哎哟，她又在发脾气了！	āi yō ， tā yòu zài fā pí qì le ！		就哎哟，就是演不同	jiù āi yō ， jiù shì yǎn bù tóng		哎哟。你上课回来了？	āi yō 。 nǐ shàng kè huí lái le ？	
344	主	强宾不压主。	qiáng bīn bù yā zhǔ 。	A guest should not try to make himself superior to the host.	没有人可以共侍二主。	méi yǒu rén kě yǐ gòng shì èr zhǔ 。	No man can serve two masters.	愿主与你同在。	yuàn zhǔ yǔ nǐ tóng zài 。	May God be with you!
345	幸运	这年对他来说是幸运的一年。	zhè nián duì tā lái shuō shì xìng yùn de yī nián 。	This year has been a lucky one for him.	她很幸运地赢得了奖学金。	tā hěn xìng yùn dì yíng dé le jiǎng xué jīn 。	Luckily she won a scholarship.	我很幸运有健康的身体。	wǒ hěn xìng yùn yǒu jiàn kāng de shēn tǐ 。	I am blessed with good health.
346	淡定	老婆淡定淡定我不会嫌弃你	lǎo pó dàn dìng dàn dìng wǒ bú huì xián qì nǐ		咱们就不能淡定一点吗	zán men jiù bù néng dàn dìng yì diǎn ma		你最近有些不淡定啊。	nǐ zuì jìn yǒu xiē bù dàn dìng a 。	
347	难得	我晕。难得今天老板不在。	wǒ yūn 。 nán dé jīn tiān lǎo bǎn bù zài 。		辛苦了妹妹！难得你还有心情拍照	xīn kǔ le mèi mèi ！ nán dé nǐ hái yǒu xīn qíng pāi zhào		对，我觉它是比较难得	duì ， wǒ jué tā shì bǐ jiào nán dé	
348	贼	想从贼身上捞点儿什么是很难的	xiǎng cóng zéi shēn shàng lāo diǎn ér shén me shì hěn nán de	It's hard to steal from a thief.	原来Tom是贼来的。	yuán lái T o m shì zéi lái de 。	Tom turned out to be a thief.	抓贼啊！	zhuā zéi a ！	Grab the thief!
349	认	我认我会留下。	wǒ rèn wǒ huì liú xià 。	I think I'll stay.	不管你认不认识他，你都应该支持他的想法。	bù guǎn nǐ rèn bù rèn shí tā ， nǐ dōu yīng gāi zhī chí tā de xiǎng fǎ 。	Whether you know him or not, you have to support his opinion.	我没有认出来他们。	wǒ méi yǒu rèn chū lái tā men 。	I did not recognise them.
350	一路	去医院要坐哪一路公交？	qù yī yuàn yào zuò nǎ yī lù gōng jiāo ？	How can I get to the hospital by bus?	你一路往前走，过了红绿灯就到了。	nǐ yī lù wǎng qián zǒu ， guò le hóng lǜ dēng jiù dào le 。	Go straight down the road, and when you pass the traffic light you're there.	一路平安！	yí lù píng ān ！	Bon voyage!
351	心态	呵呵.还好还好~心态最重要	hē hē . hái hǎo hái hǎo ~ xīn tài zuì zhòng yào		你自己再健康，那个心态	nǐ zì jǐ zài jiàn kāng ， nà ge xīn tài		我家住31楼，不敢心态不好	wǒ jiā zhù 3 1 lóu ， bù gǎn xīn tài bù hǎo	
352	眉毛	是什么东西在你眉毛上爬？	shì shén me dōng xī zài nǐ méi máo shàng pá ？		就是那个男人 眉毛很少的家伙	jiù shì nà ge nán rén   méi máo hěn shǎo de jiā huo		你这眉毛现在是越画越6了，好看诶	nǐ zhè méi máo xiàn zài shì yuè huà yuè 6 le ， hǎo kàn éi	
353	毛病	他总是在挑剔别人的毛病。	tā zǒng shì zài tiāo tī bié rén de máo bìng 。	He is always finding fault with others.	他总是挑别人的毛病。	tā zǒng shì tiāo bié rén de máo bìng 。	He is constantly finding fault with other people.	这个鼠标突然毛病了。	zhè ge shǔ biāo tū rán máo bìng le 。	Suddenly, this mouse stopped working.
354	冲	使用厕所后请冲水。	shǐ yòng cè suǒ hòu qǐng chōng shuǐ 。	If you use the toilet, flush it afterward.	茶壶里再冲点水在里面。	chá hú lǐ zài chōng diǎn shuǐ zài lǐ miàn 。	Swill the teapot out with water.	厕所冲水不正常。	cè suǒ chōng shuǐ bù zhèng cháng 。	The toilet doesn't flush properly.
355	多谢	多谢好友关注支持！	duō xiè hǎo yǒu guān zhù zhī chí ！		多谢多谢，太感谢啦！	duō xiè duō xiè ， tài gǎn xiè la ！		- 多谢今天邀请	-   duō xiè jīn tiān yāo qǐng	
356	时代	我学生时代也做过一次。	wǒ xué shēng shí dài yě zuò guò yī cì 。	I did that once when I was a student.	时代在变化。	shí dài zài biàn huà 。	Times are changing.	我们生活在一个精彩的时代。	wǒ men shēng huó zài yī gè jīng cǎi de shí dài 。	We live in a wonderful period.
357	善良	上帝永远善良。	shàng dì yǒng yuǎn shàn liáng 。	God is good at all times.	这真是一个很善良的愿望。	zhè zhēn shì yí gè hěn shàn liáng de yuàn wàng 。	This is a really kind wish.	我们只能滥用善良的。	wǒ men zhǐ néng làn yòng shàn liáng de 。	We can only abuse of things that are good.
358	泡	你会不会泡巧克力牛奶？	nǐ huì bú huì pào qiǎo kè lì niú nǎi ？	Do you know how to make chocolate milk?	我泡了个澡身体暖和起来了。	wǒ pào le gè zǎo shēn tǐ nuǎn huo qǐ lái le 。	I warmed myself in the bath.	他给自己泡了杯茶。	tā gěi zì jǐ pào le bēi chá 。	He fixed himself a cup of tea.
359	啥子	你啥子意思！你到底关注了多少人！	nǐ shá zi yì si ！ nǐ dào dǐ guān zhù le duō shǎo rén ！		你有啥子根据吗	nǐ yǒu shá zi gēn jù ma		那是啥子东西	nà shì shá zi dōng xī	
360	烧	为什么你要烧这些图片呢？	wèi shén me nǐ yào shāo zhè xiē tú piàn ne ？	Why are you burning these pictures?	你能多烧一点这个肉吗?	nǐ néng duō shāo yì diǎn zhè ge ròu ma ?	Could you cook this meat a little more?	他收到这封信后，读也没读就把它烧了。	tā shōu dào zhè fēng xìn hòu ， dú yě méi dú jiù bǎ tā shāo le 。	After he received the letter, he burned it without even reading it.
361	同乐	同乐~你那边还是中午左右吧?	tóng lè ~ nǐ nà biān hái shì zhōng wǔ zuǒ yòu ba ?		同火同乐已经关了吧	tóng huǒ tóng lè yǐ jīng guān le ba		嘻嘻，不客气！我们同乐。	xī xī ， bú kè qì ！ wǒ men tóng lè 。	
362	狗粮	你得给它找点真正的狗粮	nǐ dé gěi tā zhǎo diǎn zhēn zhèng de gǒu liáng		买狗粮啊什么的，吃狗粮啊	mǎi gǒu liáng a shén me de ， chī gǒu liáng a		嗯看来你是想吃狗粮了	ń kàn lái nǐ shì xiǎng chī gǒu liáng le	
363	孤独	说实话，我感到孤独。	shuō shí huà ， wǒ gǎn dào gū dú 。	To tell the truth, I felt lonely.	她不在，我很孤独。	tā bù zài ， wǒ hěn gū dú 。	I was lonely without her.	我觉得很孤独。	wǒ jué de hěn gū dú 。	I felt lonely.
364	和谐	我想知道哪个国家会第一个和谐Tatoeba？	wǒ xiǎng zhī dào nǎ ge guó jiā huì dì yí gè hé xié T a t o e b a ？	I wonder which country will be the first to censor Tatoeba.	我们的性生活不是十分和谐。	wǒ men de xìng shēng huó bú shì shí fēn hé xié 。	Our sex life is not completely harmonious.	我们必须学会与自然和谐共处。	wǒ men bì xū xué huì yǔ zì rán hé xié gòng chǔ 。	We must learn to live in harmony with nature.
365	室友	萨米和另外三个室友共用一个厕所。	sà mǐ hé lìng wài sān gè shì yǒu gòng yòng yí gè cè suǒ 。	Sami shared the toilet with three other roommates.	我的室友在学中文。	wǒ de shì yǒu zài xué zhōng wén 。	My roommate is learning Chinese.	我是你的室友，保罗。	wǒ shì nǐ de shì yǒu ， bǎo luó 。	I'm your flatmate Paul.
366	化妆	她即使不化妆也非常可爱。	tā jí shǐ bù huà zhuāng yě fēi cháng kě ài 。	Even without makeup, she's very cute.	化妆太浓的话脸会看着很奇怪。	huà zhuāng tài nóng de huà liǎn huì kàn zhe hěn qí guài 。	A face with too much make up looks strange.	她从不化妆, 但总是看起来很迷人。	tā cóng bù huà zhuāng ,   dàn zǒng shì kàn qǐ lái hěn mí rén 。	She never wears makeup, but she always looks very charming.
367	运气	我猜这是我们的运气坏。	wǒ cāi zhè shì wǒ men de yùn qì huài 。	I guess it was our bad luck.	我今天的运气真好。	wǒ jīn tiān de yùn qì zhēn hǎo 。	I've been very lucky today.	我今天运气很好。	wǒ jīn tiān yùn qì hěn hǎo 。	I'm lucky today.
368	表达	你想表达什么？	nǐ xiǎng biǎo dá shén me ？	What do you mean?	我不能流利的用英文表达。	wǒ bù néng liú lì de yòng yīng wén biǎo dá 。	I can't speak English fluently.	我无法表达我对你的感谢。	wǒ wú fǎ biǎo dá wǒ duì nǐ de gǎn xiè 。	I can't thank you enough.
369	美美	美美！我也想出去玩！羡慕你们	měi měi ！ wǒ yě xiǎng chū qù wán ！ xiàn mù nǐ men		美美！昨晚的更新没有看到！	měi měi ！ zuó wǎn de gēng xīn méi yǒu kàn dào ！		你那么美诶，你那么美美	nǐ nà me měi éi ， nǐ nà me měi měi	
370	狗狗	我可以喂狗狗吃生菜吗？	wǒ kě yǐ wèi gǒu gǒu chī shēng cài ma ？	Is it OK to feed my dog lettuce?	玛莉带狗狗看兽医。	mǎ lì dài gǒu gǒu kàn shòu yī 。	Mary took her dog to the vet.	汤姆踩到自己狗狗的尾巴了。	tāng mǔ cǎi dào zì jǐ gǒu gǒu de wěi ba le 。	Tom stepped on his dog's tail.
371	几年	你学了几年的汉语？	nǐ xué le jǐ nián de hàn yǔ ？	How many years have you studied Mandarin for?	你汉语学了几年了？	nǐ hàn yǔ xué le jǐ nián le ？	How many years have you studied Mandarin for?	我已经几年没回去波士顿了。	wǒ yǐ jīng jǐ nián méi huí qù bō shì dùn le 。	I haven't been back to Boston in years.
372	心理	他主要是心理的问题。	tā zhǔ yào shì xīn lǐ de wèn tí 。	His trouble was chiefly mental.	这几年有关心理之谜的心理恐怖片很热门。	zhè jǐ nián yǒu guān xīn lǐ zhī mí de xīn lǐ kǒng bù piàn hěn rè mén 。	Psycho-horror films dealing with the mysteries of human psychology are popular these days.	攀比心理会让人产生负面情绪。	pān bǐ xīn lǐ huì ràng rén chǎn shēng fù miàn qíng xù 。	Having a competitive mentality can give rise to negative emotions.
373	话题	我们之间应该有共同话题。	wǒ men zhī jiān yīng gāi yǒu gòng tóng huà tí 。	There should be something for us to talk about.	我们谈了各种话题。	wǒ men tán le gè zhǒng huà tí 。	We talked about a variety of topics.	你为什么总是逃避这个话题？	nǐ wèi shén me zǒng shì táo bì zhè ge huà tí ？	Why do you always avoid that topic?
374	韩国	我很喜欢看韩国的电视剧。	wǒ hěn xǐ huān kàn hán guó de diàn shì jù 。	I like watching Korean soap operas.	我们是坐飞机去韩国的。	wǒ men shì zuò fēi jī qù hán guó de 。	We went to Korea by plane.	你是第一次来韩国吗？	nǐ shì dì yī cì lái hán guó ma ？	Is this your first time in Korea?
375	挑	他总是挑别人的毛病。	tā zǒng shì tiāo bié rén de máo bìng 。	He is constantly finding fault with other people.	这只狗挑了。	zhè zhǐ gǒu tiāo le 。	This dog jumped.	我挑了两个中更便宜的那个。	wǒ tiāo le liǎng gè zhōng gèng pián yi de nà gè 。	I chose the less expensive one of the two.
376	摔	她从马上摔了下来。	tā cóng mǎ shàng shuāi le xià lái 。	She fell of her horse.	她从梯子上摔了下来。	tā cóng tī zi shàng shuāi le xià lái 。	She fell down the ladder.	Tom承认了他摔了红酒。	T o m chéng rèn le tā shuāi le hóng jiǔ 。	Tom admitted to spilling the red wine.
377	学长	不, 学长是从朋友那里听说的	bù ,   xué zhǎng shì cóng péng yǒu nà lǐ tīng shuō de		哎我一个学长他比我还要那个	āi wǒ yí gè xué zhǎng tā bǐ wǒ hái yào nà ge		恩你们现在到哪了学长？	ēn nǐ men xiàn zài dào nǎ le xué zhǎng ？	
378	网红	果然网红的朋友都是网红	guǒ rán wǎng hóng de péng yǒu dōu shì wǎng hóng		网红，你不睡觉又整啥呢	wǎng hóng ， nǐ bù shuì jiào yòu zhěng shá ne		对呀，所以一些网红的话网红的话	duì ya ， suǒ yǐ yī xiē wǎng hóng de huà wǎng hóng de huà	
379	呦	真的吗？那能你就要忘记呦。	zhēn de ma ？ nà néng nǐ jiù yào wàng jì yōu 。		- 呦，看来这里的区别。	-   yōu ， kàn lái zhè lǐ de qū bié 。		呦，要毕业了这是	yōu ， yào bì yè le zhè shì	
380	万一	万一我来晚的话，就别等我了。	wàn yī wǒ lái wǎn de huà ， jiù bié děng wǒ le 。	Should I be late, don't wait for me.	万一来不了，我会先给你打电话。	wàn yī lái bù liǎo ， wǒ huì xiān gěi nǐ dǎ diàn huà 。	In case I can't come, I'll give you a call beforehand.	万一他迟到的话怎么辨？	wàn yī tā chí dào de huà zěn me biàn ？	What if he should happen to be late?
381	熬	我熬夜熬多久都行。	wǒ áo yè áo duō jiǔ dōu xíng 。	I can stay up as late as I want.	我现在就是熬夜都熬习惯了嘛然后呢	wǒ xiàn zài jiù shì áo yè dōu áo xí guàn le ma rán hòu ne		咋又熬这几天不是没事吗好好睡觉吃上药哦	zǎ yòu áo zhè jǐ tiān bú shì méi shì ma hǎo hǎo shuì jiào chī shàng yào ó	
382	满足	对于自己的工资，我感到挺满足。	duì yú zì jǐ de gōng zī ， wǒ gǎn dào tǐng mǎn zú 。	I'm content with my salary.	对不起，我们无法满足您的要求。	duì bù qǐ ， wǒ men wú fǎ mǎn zú nín de yāo qiú 。	I am sorry, we are unable to satisfy your demand.	你会发现难以满足她。	nǐ huì fā xiàn nán yǐ mǎn zú tā 。	You'll find it difficult to meet her requirements.
383	组织	谁组织了这次会议？	shuí zǔ zhī le zhè cì huì yì ？	Who organized that meeting?	谁组织的这场活动？	shuí zǔ zhī de zhè chǎng huó dòng ？	Who organized this event?	组织很大。	zǔ zhī hěn dà 。	The organization is big.
384	撩	你撩我一下	nǐ liāo wǒ yī xià		哥哥在撩你	gē gē zài liāo nǐ		被…被撩了吗	bèi … bèi liāo le ma	
385	喽	然后自己还难过的啥的喽	rán hòu zì jǐ hái nán guò de shá de lóu		那是控制不住的问题不喽	nà shì kòng zhì bú zhù de wèn tí bù lóu		那我怎么知道，得问大家喽	nà wǒ zěn me zhī dào ， dé wèn dà jiā lóu	
386	混	油和水不能混在一起。	yóu hé shuǐ bù néng hùn zài yì qǐ 。	Oil does not mix with water.	把配料好好混一下。	bǎ pèi liào hǎo hǎo hùn yī xià 。	Mix the ingredients well.	别把氨水和漂白剂混在一起。	bié bǎ ān shuǐ hé piǎo bái jì hùn zài yì qǐ 。	Don't mix ammonia and bleach together.
387	友善	人们喜欢他，因为他很友善。	rén men xǐ huān tā ， yīn wèi tā hěn yǒu shàn 。	People like him because he is friendly.	他对每个人都非常友善。	tā duì měi gè rén dōu fēi cháng yǒu shàn 。	He was very friendly to everybody.	他是一个友善的人。	tā shì yí gè yǒu shàn de rén 。	He is a friendly person.
388	吵	我们的邻居晚上很吵。	wǒ men de lín jū wǎn shàng hěn chǎo 。	Our neighbours are really loud in the evening.	她要求我们别吵她。	tā yāo qiú wǒ men bié chǎo tā 。	She asked us to leave her alone.	你昨晚确实很吵。	nǐ zuó wǎn què shí hěn chǎo 。	You sure were noisy last night.
389	有一些	这些文章中有一些非常有趣。	zhè xiē wén zhāng zhōng yǒu yī xiē fēi cháng yǒu qù 。	Some of the essays are very interesting.	他有一些教授英语的经验。	tā yǒu yī xiē jiào shòu yīng yǔ de jīng yàn 。	He has some experience in teaching English.	这里总有一些事情在发生。	zhè lǐ zǒng yǒu yī xiē shì qíng zài fā shēng 。	There is always something happening here.
390	虐	虐了一天狗啦，行啦啊	nüè le yī tiān gǒu la ， xíng la a		虐怎么虐啊。	nüè zěn me nüè a 。		明显只有我妈才会这么虐我。	míng xiǎn zhǐ yǒu wǒ mā cái huì zhè me nüè wǒ 。	
391	气质	但你，你觉得脸重要还是气质重要？	dàn nǐ ， nǐ jué de liǎn zhòng yào hái shì qì zhì zhòng yào ？		气质怎么变了	qì zhì zěn me biàn le		气质这个东西。	qì zhì zhè ge dōng xī 。	
392	偶像	嗯，你还有什么喜欢的偶像吗。	ń ， nǐ hái yǒu shén me xǐ huān de ǒu xiàng ma 。		他怎么就他就是他的偶像。	tā zěn me jiù tā jiù shì tā de ǒu xiàng 。		男性也喜欢他，当他是偶像	nán xìng yě xǐ huān tā ， dāng tā shì ǒu xiàng	
393	该死	该死，他们注意到我们了	gāi sǐ ， tā men zhù yì dào wǒ men le		对 杀了他 他真该死	duì   shā le tā   tā zhēn gāi sǐ		你正在做 太神该死的噪音！	nǐ zhèng zài zuò   tài shén gāi sǐ de zào yīn ！	
394	删	哎呀不好意思，我看完就删了	āi yā bù hǎo yì sī ， wǒ kàn wán jiù shān le		我也是唉，然后人家给我删了	wǒ yě shì āi ， rán hòu rén jiā gěi wǒ shān le		我怎么可能删你疯了吗	wǒ zěn me kě néng shān nǐ fēng le ma	
395	老大	对我们家我是老大啦，我就是。	duì wǒ men jiā wǒ shì lǎo dà la ， wǒ jiù shì 。		老大啊，我换以为你知道呢	lǎo dà a ， wǒ huàn yǐ wéi nǐ zhī dào ne		对我觉得老大一直压力挺大的。	duì wǒ jué de lǎo dà yì zhí yā lì tǐng dà de 。	
396	闭嘴	他还是赶快闭嘴的好。	tā hái shì gǎn kuài bì zuǐ de hǎo 。	The sooner he shuts up, the better.	你可以闭嘴吗？	nǐ kě yǐ bì zuǐ ma ？	Can you please shut up?	你能闭嘴吗?	nǐ néng bì zuǐ ma ?	Shut up, will you?
397	何	您对电脑文化有何看法？	nín duì diàn nǎo wén huà yǒu hé kàn fǎ ？	What do you think about PC culture?	让我们看看你对此有何看法。	ràng wǒ men kàn kàn nǐ duì cǐ yǒu hé kàn fǎ 。	Let's see what you make of this.	你对此有何看法？	nǐ duì cǐ yǒu hé kàn fǎ ？	What are your thoughts on this?
398	好奇	他对什么都感好奇。	tā duì shén me dōu gǎn hào qí 。	He's curious about everything.	我很好奇。	wǒ hěn hào qí 。	I am curious.	我好奇耳垂有什么作用。	wǒ hào qí ěr chuí yǒu shén me zuò yòng 。	I wonder what ear lobes are for.
399	力量	信息就是力量。	xìn xī jiù shì lì liàng 。	Information is power.	知识就是力量。	zhī shí jiù shì lì liàng 。	Knowledge is power.	女人的力量在她的舌头。	nǚ rén de lì liàng zài tā de shé tou 。	A woman's strength is in her tongue.
400	尽量	我会尽量帮助你们的。	wǒ huì jǐn liàng bāng zhù nǐ men de 。	I'll help you if I can.	我会尽量帮助妳的。	wǒ huì jǐn liàng bāng zhù nǐ de 。	I'll help you if I can.	尽量别担心我。	jǐn liàng bié dān xīn wǒ 。	Try not to worry about me.
401	老子	老子要睡了，你们都给我闭嘴。	lǎo zi yào shuì le ， nǐ men dōu gěi wǒ bì zuǐ 。	I'm trying to sleep, so shut up!	老子不要你女朋友的电话	lǎo zi bú yào nǐ nǚ péng yǒu de diàn huà		这样吧，今天等你老子我	zhè yàng ba ， jīn tiān děng nǐ lǎo zi wǒ	
402	太太	你太太怎么样？	nǐ tài tài zěn me yàng ？	How is your wife?	他太太。	tā tài tài 。	His woman.	伍德太太是个非常棒的厨师。	wǔ dé tài tài shì gè fēi cháng bàng de chú shī 。	Mrs. Wood was a very good cook.
403	必	有起必有落。	yǒu qǐ bì yǒu luò 。	What goes up must come down.	每个人都必有一死。	měi gè rén dōu bì yǒu yī sǐ 。	All men must die.	多行不义必自毙。	duō xíng bú yì bì zì bì 。	Give a thief enough rope and he'll hang himself.
404	长官	是的长官，保证完美完成任务	shì de zhǎng guān ， bǎo zhèng wán měi wán chéng rèn wù		我知道,长官,但他是认真的.	wǒ zhī dào , zhǎng guān , dàn tā shì rèn zhēn de .		嗯,他病得很厉害,长官.	ń , tā bìng dé hěn lì hài , zhǎng guān .	
405	富强	富强健身房工作对吗	fù qiáng jiàn shēn fáng gōng zuò duì ma		母亲说过，要中国富强	mǔ qīn shuō guò ， yào zhōng guó fù qiáng		友善换富强可以吗	yǒu shàn huàn fù qiáng kě yǐ ma	
406	房	她决定进房。	tā jué dìng jìn fáng 。	She decided to enter the room.	我打算八点在房里吃早餐。	wǒ dǎ suàn bā diǎn zài fáng lǐ chī zǎo cān 。	I'd like breakfast in my room at 8 sharp.	记者租了间很贵的房。	jì zhě zū le jiān hěn guì de fáng 。	The reporter rented an expensive room.
407	温暖	春天来了，越来越温暖。	chūn tiān lái le ， yuè lái yuè wēn nuǎn 。	Spring is here. It is getting warmer every day.	对一年的这个时候来说，天气很温暖。	duì yī nián de zhè ge shí hòu lái shuō ， tiān qì hěn wēn nuǎn 。	It's warm for this time of year.	今天很温暖，不是吗？	jīn tiān hěn wēn nuǎn ， bú shì ma ？	It's warm today, isn't it?
408	秘密	她好像已经知道这个秘密了。	tā hǎo xiàng yǐ jīng zhī dào zhè ge mì mì le 。	She seems to have known the secret.	他把她的秘密告诉了他的朋友。	tā bǎ tā de mì mì gào sù le tā de péng yǒu 。	He betrayed her secret to his friends.	这个计划必须保持秘密。	zhè ge jì huà bì xū bǎo chí mì mì 。	This plan requires secrecy.
409	爱上	你爱上了我吗？	nǐ ài shàng le wǒ ma ？	You've fallen in love with me?	你爱上我了？	nǐ ài shàng wǒ le ？	Are you in love with me?	我爱上了你。	wǒ ài shàng le nǐ 。	I fell in love with you.
410	搜	搜他的身	sōu tā de shēn		对呀我上次搜了一下它	duì ya wǒ shàng cì sōu le yī xià tā		盘子的关键字怎么搜啊？	pán zi de guān jiàn zì zěn me sōu a ？	
411	碰	不要让他碰它。	bú yào ràng tā pèng tā 。	Don't let him touch it.	不要碰这些。	bú yào pèng zhè xiē 。	Don't touch these.	可以碰吗？	kě yǐ pèng ma ？	Can I touch it?
412	非	人是从语言里学会语法，而非从语法里学会语言的。	rén shì cóng yǔ yán lǐ xué huì yǔ fǎ ， ér fēi cóng yǔ fǎ lǐ xué huì yǔ yán de 。	One learns grammar from language, not language from grammar.	非工作人员禁止入内。	fēi gōng zuò rén yuán jìn zhǐ rù nèi 。	No admittance except on business.	你们有非吸烟区吗？	nǐ men yǒu fēi xī yān qū ma ？	Do you have a non-smoking section?
413	爸妈	你爸妈知道你在哪儿吗？	nǐ bà mā zhī dào nǐ zài nǎ ér ma ？	Do your parents know where you are?	我爱我爸妈	wǒ ài wǒ bà mā	I love my parents.	你爸妈圣诞节想要什么？	nǐ bà mā shèng dàn jié xiǎng yào shén me ？	What do your parents want for Christmas?
414	等待	所有你能做的就是等待。	suǒ yǒu nǐ néng zuò de jiù shì děng dài 。	All you can do is to wait.	所有您要做的，就是等待。	suǒ yǒu nín yào zuò de ， jiù shì děng dài 。	All you have to do is to wait.	只好坐下来等待。	zhǐ hǎo zuò xià lái děng dài 。	There was no choice but to sit and wait.
415	梦到	我梦到宝宝在玩刀。	wǒ mèng dào bǎo bǎo zài wán dāo 。	I had a dream where a baby was playing with a knife.	我梦到了他。	wǒ mèng dào le tā 。	I had a dream about him.	我梦到你了。	wǒ mèng dào nǐ le 。	I dreamt about you.
416	噗	噗，没有一个是我做的	pū ， méi yǒu yí gè shì wǒ zuò de		噗别我也开玩笑的	pū bié wǒ yě kāi wán xiào de		噗别我开玩笑的	pū bié wǒ kāi wán xiào de	
417	朋友圈	我朋友圈刚刚看见有人买了	wǒ péng yǒu quān gāng gāng kàn jiàn yǒu rén mǎi le		朋友圈和周围的土豪真多	péng yǒu quān hé zhōu wéi de tǔ háo zhēn duō		哈哈不是朋友圈发了吗	hā hā bú shì péng yǒu quān fā le ma	
418	咧	无聊了咧，你看她有事做会不会找	wú liáo le liě ， nǐ kàn tā yǒu shì zuò huì bú huì zhǎo		你师傅我肯定厉害咧	nǐ shī fù wǒ kěn dìng lì hài liě		你还没开始生活咧	nǐ hái méi kāi shǐ shēng huó liě	
419	论文	下个月就要进行硕士论文答辩了。	xià gè yuè jiù yào jìn xíng shuò shì lùn wén dá biàn le 。	The defense of the master thesis is just happening next month.	你在准备论文答辩吗？	nǐ zài zhǔn bèi lùn wén dá biàn ma ？	Are you preparing for your thesis defense?	论文的进度有点慢。	lùn wén de jìn dù yǒu diǎn màn 。	This essay is progressing a little bit slowly.
420	设计	这张书桌是专门为儿童设计的。	zhè zhāng shū zhuō shì zhuān mén wèi ér tóng shè jì de 。	This desk is designed for children.	Mayuko设计了她自己的衣服。	M a y u k o shè jì le tā zì jǐ de yī fú 。	Mayuko designed her own clothes.	这个设计很人性化。	zhè ge shè jì hěn rén xìng huà 。	This design is very ergonomic.
421	尝试	如果你尝试的话，你会成功的。	rú guǒ nǐ cháng shì de huà ， nǐ huì chéng gōng de 。	You'll succeed if you try.	如果进行尝试，任何人都可以做。	rú guǒ jìn xíng cháng shì ， rèn hé rén dōu kě yǐ zuò 。	Anyone can do it if they try.	她每次的尝试都失败了	tā měi cì de cháng shì dōu shī bài le	As often as she tried, she failed.
422	锅	用纸巾把那口锅擦干。	yòng zhǐ jīn bǎ nà kǒu guō cā gàn 。	Wipe the pan dry with a paper towel.	什么都可以放在一锅杂烩里。	shén me dōu kě yǐ fàng zài yī guō zá huì lǐ 。	You can put anything into a hodgepodge.	炒蔬菜时，重要的是使用不沾锅。	chǎo shū cài shí ， zhòng yào de shì shǐ yòng bù zhān guō 。	When sautéing vegetables, it is important to use a non-stick pan.
423	强大	这使我们更强大。	zhè shǐ wǒ men gèng qiáng dà 。	This makes us stronger.	这两个国家有强大的贸易关系。	zhè liǎng gè guó jiā yǒu qiáng dà de mào yì guān xì 。	The two nations have strong trade ties.	她是强大的对手，不是吗？	tā shì qiáng dà de duì shǒu ， bú shì ma ？	She's a tough competitor, isn't she?
424	命	我救了你一命。	wǒ jiù le nǐ yī mìng 。	I saved your life.	这些鞋子真是要了我的命。	zhè xiē xié zi zhēn shì yào le wǒ de mìng 。	These shoes are killing me.	这个新药救了他的命。	zhè ge xīn yào jiù le tā de mìng 。	The new medicine saved his life.
425	半夜	我们到家时几乎是半夜了。	wǒ men dào jiā shí jī hū shì bàn yè le 。	It was almost midnight when we got home.	他半夜打了个电话给我。	tā bàn yè dǎ le gè diàn huà gěi wǒ 。	He gave me a ring at midnight.	他半夜打电话给我。	tā bàn yè dǎ diàn huà gěi wǒ 。	He rang me up at midnight.
426	吃货	哈哈！原谅一位吃货的心！	hā hā ！ yuán liàng yī wèi chī huò de xīn ！		吃货啊，就突然想吃这个就叫他弄	chī huò a ， jiù tū rán xiǎng chī zhè ge jiù jiào tā nòng		每个吃货都是幸福的	měi gè chī huò dōu shì xìng fú de	
427	据说	据说葡萄酒的价格可以随时增长。	jù shuō pú táo jiǔ de jià gé kě yǐ suí shí zēng zhǎng 。	It is said that the price of wine may go up at any time now.	据说她爱他。	jù shuō tā ài tā 。	It's said that she loves him.	据说他的父亲曾经是汉奸。	jù shuō tā de fù qīn céng jīng shì hàn jiān 。	Supposedly, his father once betrayed China.
428	波	波是谁啊	bō shì shuí a		我开的汽车都是自动波的	wǒ kāi de qì chē dōu shì zì dòng bō de		谢谢波，是我的身份证生日。	xiè xiè bō ， shì wǒ de shēn fèn zhèng shēng rì 。	
429	考研	考研？还是期末啊我快回家了	kǎo yán ？ hái shì qī mò a wǒ kuài huí jiā le		就走到那，那边然后去超市考研	jiù zǒu dào nà ， nà biān rán hòu qù chāo shì kǎo yán		你现在是考准备考研吗	nǐ xiàn zài shì kǎo zhǔn bèi kǎo yán ma	
430	不得	我记不得了。	wǒ jì bù dé le 。	I can't remember.	朱庇特能做的，公牛做不得。	zhū bì tè néng zuò de ， gōng niú zuò bù dé 。	What is permitted to Jove is not permitted to an ox.	衰老不得，智慧不得不得。	shuāi lǎo bù dé ， zhì huì bù dé bù dé 。	Don't get older, get wiser.
431	类	喂，赶快把那类球传回来。	wèi ， gǎn kuài bǎ nà lèi qiú chuán huí lái 。	Hey, get those balls back quickly.	你最喜欢哪类的衣服？	nǐ zuì xǐ huān nǎ lèi de yī fú ？	What's your favorite item of clothing?	牛是一种反刍类的哺乳动物。	niú shì yī zhǒng fǎn chú lèi de bǔ rǔ dòng wù 。	Ruminants are a group of mammals.
432	实习	实习么已经好了呀，放暑假了	shí xí me yǐ jīng hǎo le ya ， fàng shǔ jià le		我不晓得呢还，上班？！你实习吗？！	wǒ bù xiǎo de ne hái ， shàng bān ？ ！ nǐ shí xí ma ？ ！		呃，也就是你你肯定先实习的话。	è ， yě jiù shì nǐ nǐ kěn dìng xiān shí xí de huà 。	
433	角度	从现实的角度看，他的计划有很多缺点。	cóng xiàn shí de jiǎo dù kàn ， tā de jì huà yǒu hěn duō quē diǎn 。	From the practical point of view, there are many shortcomings in his plan.	她对任何事都用钱的角度来看。	tā duì rèn hé shì dōu yòng qián de jiǎo dù lái kàn 。	She thinks of everything in terms of money.	我们应该用各种不同的角度看待此问题	wǒ men yīng gāi yòng gè zhǒng bù tóng de jiǎo dù kàn dài cǐ wèn tí	We should approach this problem from different angles.
434	大部分	她把大部分钱都用在买裙子上了。	tā bǎ dà bù fèn qián dōu yòng zài mǎi qún zi shàng le 。	She spends most of her money on her dresses.	大部分客人是外国人。	dà bù fèn kè rén shì wài guó rén 。	The greater part of the guests were foreigners.	客人很多，大部分都是老师的同学和朋友。	kè rén hěn duō ， dà bù fèn dōu shì lǎo shī de tóng xué hé péng yǒu 。	There were many guests - most of them were our teacher's classmates and friends.
435	臭	因为你真的很臭，这就是为什么。	yīn wèi nǐ zhēn de hěn chòu ， zhè jiù shì wèi shén me 。	Because you smell bad, that's why.	他的衣服总是很臭。	tā de yī fú zǒng shì hěn chòu 。	His clothes always smell bad.	你的袜子好臭。	nǐ de wà zi hǎo chòu 。	Your socks stink.
436	娶	他娶了一个很漂亮的女孩。	tā qǔ le yí gè hěn piào liàng de nǚ hái 。	He married a very pretty girl.	他娶了一个漂亮的女孩。	tā qǔ le yí gè piào liàng de nǚ hái 。	He married a pretty girl.	告诉我你为什么娶了她。	gào sù wǒ nǐ wèi shén me qǔ le tā 。	Tell me why you married her.
437	帅气	他很帅气 但他跟女朋友一起	tā hěn shuài qì   dàn tā gēn nǚ péng yǒu yì qǐ		帅气！话说昨晚我梦见你了。	shuài qì ！ huà shuō zuó wǎn wǒ mèng jiàn nǐ le 。		但是不影响帅气和演技！	dàn shì bù yǐng xiǎng shuài qì hé yǎn jì ！	
438	爆	讨厌！轮胎爆了！	tǎo yàn ！ lún tāi bào le ！	Shit! I've got a flat.	你的轮胎爆了一个。	nǐ de lún tāi bào le yí gè 。	One of your tires is flat.	传闻被爆是真的。	chuán wén bèi bào shì zhēn de 。	The rumor turned out true.
439	哇塞	哇塞你都知道，话说你是大学还是？	wā sāi nǐ dōu zhī dào ， huà shuō nǐ shì dà xué hái shì ？		哇塞，你怎么这么聪明	wā sāi ， nǐ zěn me zhè me cōng míng		哇塞这是干什么呀？	wā sāi zhè shì gàn shén me ya ？	
440	大佬	我给钱我就是大佬	wǒ gěi qián wǒ jiù shì dà lǎo		谁给钱谁就是大佬	shuí gěi qián shuí jiù shì dà lǎo		你说可以吗 大佬	nǐ shuō kě yǐ ma   dà lǎo	
441	碰到	我昨天碰到的男人是Hil先生。	wǒ zuó tiān pèng dào de nán rén shì H i l xiān shēng 。		我刚才还碰到他来着。	wǒ gāng cái hái pèng dào tā lái zhe 。	I met him just now.	我昨天碰到你父母了。	wǒ zuó tiān pèng dào nǐ fù mǔ le 。	I met your parents yesterday.
442	过分	真过分!	zhēn guò fèn !	So mean!	不管我怎么称赞他们，都不会过分。	bù guǎn wǒ zěn me chēng zàn tā men ， dōu bú huì guò fèn 。	I cannot praise them too highly.	我觉得你太过分了。	wǒ jué de nǐ tài guò fēn le 。	I think you went too far.
443	烫	这个小孩身体很烫。	zhè ge xiǎo hái shēn tǐ hěn tàng 。	The child's body felt feverish.	咖啡很烫。	kā fēi hěn tàng 。	The coffee is very hot.	她烫了他的衬衫。	tā tàng le tā de chèn shān 。	She ironed his shirts.
444	躲	下雨了。我们找地方躲一下吧。	xià yǔ le 。 wǒ men zhǎo dì fāng duǒ yī xià ba 。	It's raining. Let's take shelter.	Tom躲在桌子底下。	T o m duǒ zài zhuō zi dǐ xià 。	Tom hid under the table.	你躲在树后。	nǐ duǒ zài shù hòu 。	You hid behind the tree.
445	麻将	我听说他打麻将很厉害。	wǒ tīng shuō tā dǎ má jiāng hěn lì hài 。	I hear he is good at mahjong.	你知道怎么打麻将吗？	nǐ zhī dào zěn me dǎ má jiāng ma ？	Do you know how to play mahjong?	我不会打麻将。	wǒ bú huì dǎ má jiāng 。	I don't know how to play mahjong.
446	勒	我也是这么想勒！	wǒ yě shì zhè me xiǎng lēi ！		第一次听说勒	dì yī cì tīng shuō lēi		还好是赢勒	hái hǎo shì yíng lēi	
447	忍	忍著一天不买又不会怎样！	rěn zhù yī tiān bù mǎi yòu bú huì zěn yàng ！	It won't be a big deal if you put off buying it for a day!	我没法儿再忍了。	wǒ méi fǎ ér zài rěn le 。	I can't bear it anymore.	他再也忍不住气了。	tā zài yě rěn bú zhù qì le 。	He couldn't hold his temper any longer.
448	也好	第一次也好 不是第一次也好	dì yī cì yě hǎo   bú shì dì yī cì yě hǎo		里也好,外也好,我他妈的不管	lǐ yě hǎo , wài yě hǎo , wǒ tā mā de bù guǎn		上午好下午也好晚上更好	shàng wǔ hǎo xià wǔ yě hǎo wǎn shàng gèng hǎo	
449	要么	我要么去看电影，要么和朋友聊天。	wǒ yào me qù kàn diàn yǐng ， yào me hé péng yǒu liáo tiān 。	I am either going to watch a movie, or chat with my friends.	咱们要么说汉语，要么就别说话。	zán men yào me shuō hàn yǔ ， yào me jiù bié shuō huà 。	Let’s either speak Chinese, or not speak at all.	要么你去，要么我去。	yào me nǐ qù ， yào me wǒ qù 。	Either you go, or I go.
450	具体	让我们来研究一个具体的例子。	ràng wǒ men lái yán jiū yí gè jù tǐ de lì zi 。	Let's study a specific example.	你具体需要些什么？	nǐ jù tǐ xū yào xiē shén me ？	What do you need exactly?	可以更具体些吗？	kě yǐ gèng jù tǐ xiē ma ？	Can you be more specific?
451	怀念	好怀念啊。	hǎo huái niàn a 。	Ah, that reminds me of the old days!	她怀念自己的青春岁月。	tā huái niàn zì jǐ de qīng chūn suì yuè 。	She pines for the days of her youth.	我很怀念我的童年。	wǒ hěn huái niàn wǒ de tóng nián 。	I think fondly of my childhood.
452	捡	你不介意的路上捡东西回来？	nǐ bù jiè yì de lù shàng jiǎn dōng xī huí lái ？	Would you mind picking up something on the way back?	她捡了许多漂亮的小石头。	tā jiǎn le xǔ duō piào liàng de xiǎo shí tou 。	She picked up beautiful stones.	汤姆在森林里捡了一些松果。	tāng mǔ zài sēn lín lǐ jiǎn le yī xiē sōng guǒ 。	Tom collected some pine cones in the forest.
453	圣诞	我们来挂圣诞彩灯吧。	wǒ men lái guà shèng dàn cǎi dēng ba 。	Let's put up Christmas lights.	汤姆不庆祝圣诞。	tāng mǔ bù qìng zhù shèng dàn 。	Tom doesn't celebrate Christmas.	圣诞快到了。	shèng dàn kuài dào le 。	Christmas is just around the corner.
454	训练	和他们一起训练不是游戏。	hé tā men yì qǐ xùn liàn bú shì yóu xì 。	Training with them is not a game.	要训练狗并不简单。	yào xùn liàn gǒu bìng bù jiǎn dān 。	It is not easy to train dogs.	会有训练。	huì yǒu xùn liàn 。	Training will be provided.
455	成熟	他留了胡子，为了让自己看起来更成熟。	tā liú le hú zi ， wèi le ràng zì jǐ kàn qǐ lái gèng chéng shú 。	He grew a beard to look more mature.	成熟的枇杷很容易从树上摘下来。	chéng shú de pí pá hěn róng yì cóng shù shàng zhāi xià lái 。	Ripe medlars come away easily from the tree.	五成熟牛排见了七成熟牛排为什么不打招呼？两个都不熟。	wǔ chéng shú niú pái jiàn le qī chéng shú niú pái wèi shén me bù dǎ zhāo hū ？ liǎng gè dōu bù shú 。	Why didn't the half-cooked steak say hello to the nearly-cooked steak when the two saw each other? They both weren't ready.
456	吃药	吃药之前一定要仔细看说明书。	chī yào zhī qián yí dìng yào zǐ xì kàn shuō míng shū 。	When taking drugs, follow the directions on the bottle carefully.	我爷爷每天吃药。	wǒ yé yé měi tiān chī yào 。	My grandfather takes medicine every day.	别忘了吃药。	bié wàng le chī yào 。	Don't forget to take your medicine.
457	军训	然后刚开始那天是军训是吧	rán hòu gāng kāi shǐ nà tiān shì jūn xùn shì ba		那你们学校那个军训严格吗	nà nǐ men xué xiào nà ge jūn xùn yán gé ma		然后军训我记得军训那段时间	rán hòu jūn xùn wǒ jì de jūn xùn nà duàn shí jiān	
458	哎呦	哎呦，这先生这么高啊	āi yōu ， zhè xiān shēng zhè me gāo a		哎呦真会说话。	āi yōu zhēn huì shuō huà 。		你叫哎呦吗？	nǐ jiào āi yōu ma ？	
459	博	但是人家博赢了，因为。	dàn shì rén jiā bó yíng le ， yīn wèi 。		萌不萌能不能博你一笑啊	méng bù méng néng bù néng bó nǐ yī xiào a		刚还在想你为啥不更博	gāng hái zài xiǎng nǐ wèi shá bù gèng bó	
460	依然	你依然和父母住一起吗？	nǐ yī rán hé fù mǔ zhù yì qǐ ma ？	Are you still living with your parents?	还有不少人依然相信呢。	hái yǒu bù shǎo rén yī rán xiāng xìn ne 。	Quite a number of people still believe it.	我们依然做得很好。	wǒ men yī rán zuò dé hěn hǎo 。	We are still doing well.
461	安	安没有朋友陪她玩。	ān méi yǒu péng yǒu péi tā wán 。	Ann had no friends to play with.	安喜欢吃巧克力。	ān xǐ huān chī qiǎo kè lì 。	Ann has a weakness for chocolate.	安无法找到工作。	ān wú fǎ zhǎo dào gōng zuò 。	Ann can't find a job.
462	有一天	有一天，我会跑得像风一样快。	yǒu yī tiān ， wǒ huì pǎo dé xiàng fēng yī yàng kuài 。	Someday I'll run like the wind.	总有一天你会明白的。	zǒng yǒu yī tiān nǐ huì míng bái de 。	You will understand it as time passes.	有一天你会忘了我。	yǒu yī tiān nǐ huì wàng le wǒ 。	You'll forget about me someday.
463	时光	希望你会享受在中国的时光。	xī wàng nǐ huì xiǎng shòu zài zhōng guó de shí guāng 。	I hope you will enjoy your time in China.	你度过愉快的时光了吗？	nǐ dù guò yú kuài de shí guāng le ma ？	Did you have a good time?	这些照片总是让我想起昔日时光。	zhè xiē zhào piān zǒng shì ràng wǒ xiǎng qǐ xī rì shí guāng 。	These pictures always remind me of the old days.
464	智慧	他的智慧和经验使他能处理这个麻烦。	tā de zhì huì hé jīng yàn shǐ tā néng chǔ lǐ zhè ge má fán 。	His intelligence and experience enabled him to deal with the trouble.	她现在更加年长也更加有智慧。	tā xiàn zài gèng jiā nián zhǎng yě gèng jiā yǒu zhì huì 。	She is older and wiser now.	他天生拥有完美的智慧。	tā tiān shēng yōng yǒu wán měi de zhì huì 。	He is gifted with perfect wisdom.
465	腰	我还是想有腿啊腰啊什么的哈哈	wǒ hái shì xiǎng yǒu tuǐ a yāo a shén me de hā hā		你像王明吧，他就腰就没力量。	nǐ xiàng wáng míng ba ， tā jiù yāo jiù méi lì liàng 。		哈哈在你腰上别着呢不是	hā hā zài nǐ yāo shàng bié zhe ne bú shì	
466	体验	请你把真实体验写下来。	qǐng nǐ bǎ zhēn shí tǐ yàn xiě xià lái 。	Please write about your real experience.	请你把你的真实体验写下来。	qǐng nǐ bǎ nǐ de zhēn shí tǐ yàn xiě xià lái 。	Please write about your real experience.	这是奇妙的体验。	zhè shì qí miào de tǐ yàn 。	It's been an amazing experience.
467	似的	他睡得像个宝贝似的。	tā shuì dé xiàng gè bǎo bèi shì de 。	He's sleeping like a baby.	他走路走得像只鸭子似的。	tā zǒu lù zǒu dé xiàng zhǐ yā zi shì de 。	He walks like a duck.	不要哭得像个孩子似的。	bú yào kū dé xiàng gè hái zi shì de 。	Don't cry like a child!
468	撑	他用手撑着下巴，听着。	tā yòng shǒu chēng zhe xià bā ， tīng zhe 。	He was listening with his chin resting on his hand.	把千斤顶拿过来，我要把汽车撑起来。	bǎ qiān jīn dǐng ná guò lái ， wǒ yào bǎ qì chē chēng qǐ lái 。	Bring the jack over. I'll jack up the car.	这条绳子能撑多久?	zhè tiáo shéng zi néng chēng duō jiǔ ?	How long will this rope hold?
469	怕是	怕是没什么可能了	pà shì méi shén me kě néng le		经过那晚,我怕是我.	jīng guò nà wǎn , wǒ pà shì wǒ .		怕是太晚了.	pà shì tài wǎn le .	
470	本人	我本人不吃肉。	wǒ běn rén bù chī ròu 。	I don't eat meat myself.	雅尼本人住在这里。	yǎ ní běn rén zhù zài zhè lǐ 。	Yanni actually lives here.	林肯本人是沉默寡言的。	lín kěn běn rén shì chén mò guǎ yán de 。	Lincoln himself was silent.
471	早日	希望她会早日痊愈。	xī wàng tā huì zǎo rì quán yù 。	I hope that she'll get well soon.	希望早日再见到你。	xī wàng zǎo rì zài jiàn dào nǐ 。	I look forward to seeing you again very soon.	希望她早日康复。	xī wàng tā zǎo rì kāng fù 。	I hope that she'll get well soon.
472	百度	不能养在一起。自己百度	bù néng yǎng zài yì qǐ 。 zì jǐ bǎi dù		百度是什么东西？能吃吗？	bǎi dù shì shén me dōng xī ？ néng chī ma ？		应该百度吧，现在最流行都是百度	yīng gāi bǎi dù ba ， xiàn zài zuì liú xíng dōu shì bǎi dù	
473	团	我想加入你们的团对。	wǒ xiǎng jiā rù nǐ men de tuán duì 。	I'd like to join your group.	云是天空中的水汽团。	yún shì tiān kōng zhōng de shuǐ qì tuán 。	A cloud is a mass of vapor in the sky.	他不想让我见到他，于是便在位子里缩作了一团。	tā bù xiǎng ràng wǒ jiàn dào tā ， yú shì biàn zài wèi zi lǐ suō zuò le yī tuán 。	He scrunched down in his seat so that I wouldn't see him.
474	剩下	教室里没剩下几个学生了。	jiào shì lǐ méi shèng xià jǐ gè xué shēng le 。	There were few students remaining in the classroom.	现在只剩下这个方法了。	xiàn zài zhǐ shèng xià zhè ge fāng fǎ le 。	There's no other way than this now.	冰箱里什么都没剩下。	bīng xiāng lǐ shén me dōu méi shèng xià 。	Nothing remained in the refrigerator.
475	搭	我父亲喜欢搭飞机旅行。	wǒ fù qīn xǐ huān dā fēi jī lǚ xíng 。	My father likes traveling by air.	我要搭10:30的火车。	wǒ yào dā 1 0 : 3 0 de huǒ chē 。	I'm going to take the 10:30 train.	我们搭飞机去墨西哥旅行。	wǒ men dā fēi jī qù mò xī gē lǚ xíng 。	We traveled to Mexico by plane.
476	实现	有没有更简单的实现方式？	yǒu méi yǒu gèng jiǎn dān de shí xiàn fāng shì ？	Is there an easier way to do that?	他们实现了那个计划。	tā men shí xiàn le nà ge jì huà 。	They carried out the project.	他的梦想最终实现了。	tā de mèng xiǎng zuì zhōng shí xiàn le 。	His dream has come true at last.
477	勇气	我没有勇气把事实告诉她。	wǒ méi yǒu yǒng qì bǎ shì shí gào sù tā 。	I didn't have the courage to tell her the truth.	没有人有勇气跟他说。	méi yǒu rén yǒu yǒng qì gēn tā shuō 。	Nobody had the courage to say it to him.	古人喜欢讲关于勇气的故事。	gǔ rén xǐ huān jiǎng guān yú yǒng qì de gù shì 。	Ancient people liked to tell stories of bravery.
478	资源	美国的石油资源十分丰富。	měi guó de shí yóu zī yuán shí fēn fēng fù 。	America abounds in oil.	那个国家拥有丰富的矿物资源。	nà ge guó jiā yōng yǒu fēng fù de kuàng wù zī yuán 。	That country is rich in mineral resources.	互联网是一种无法估量的信息资源。	hù lián wǎng shì yī zhǒng wú fǎ gū liáng de xìn xī zī yuán 。	The Internet is an invaluable source of information.
479	盖	它是什么什么时候盖的？	tā shì shén me shén me shí hòu gài de ？	When was it built?	汤姆在盖房子。	tāng mǔ zài gài fáng zi 。	Tom is building a house.	新买的被子盖起来非常暖和。	xīn mǎi de bèi zi gài qǐ lái fēi cháng nuǎn huo 。	The newly bought quilt is very warm when covered.
480	屁	屁，你骗我	pì ， nǐ piàn wǒ		屁。话。么	pì 。 huà 。 me		屁大的事你家鹿晗是莲花啊	pì dà de shì nǐ jiā lù hán shì lián huā a	
481	网络	我讨厌网络。	wǒ tǎo yàn wǎng luò 。	I hate the internet.	你最喜欢哪一个网络浏览器？	nǐ zuì xǐ huān nǎ yí gè wǎng luò liú lǎn qì ？	What's your favorite web browser?	通过网络，我们可以结交很多朋友。	tōng guò wǎng luò ， wǒ men kě yǐ jié jiāo hěn duō péng yǒu 。	Through the Internet, we can make many friends.
482	舍不得	情侣很舍不得离开.	qíng lǚ hěn shě bù dé lí kāi .	The lovers reluctantly parted.	我们的老板就连给我们涨一点工资都舍不得。	wǒ men de lǎo bǎn jiù lián gěi wǒ men zhǎng yì diǎn gōng zī dōu shě bù dé 。	Our boss begrudged us even a small raise in pay.	我在这里有家人，离开时会很舍不得他们。	wǒ zài zhè lǐ yǒu jiā rén ， lí kāi shí huì hěn shě bù dé tā men 。	I have family here that I'll be sad to leave behind.
483	口红	这个口红呀怎么样怎么样	zhè ge kǒu hóng ya zěn me yàng zěn me yàng		我也是来找口红的	wǒ yě shì lái zhǎo kǒu hóng de		嗯，买口红很正常吧	ń ， mǎi kǒu hóng hěn zhèng cháng ba	
484	语文	嗯，你对语文有什么看法吗？	ń ， nǐ duì yǔ wén yǒu shén me kàn fǎ ma ？		小学语文。你确定你想听？	xiǎo xué yǔ wén 。 nǐ què dìng nǐ xiǎng tīng ？		亲爱的朋友 语文已经不是重点了	qīn ài de péng yǒu   yǔ wén yǐ jīng bú shì zhòng diǎn le	
485	小可爱	小可爱嘛，要求不能那么高	xiǎo kě ài ma ， yāo qiú bù néng nà me gāo		不你依然是小可爱	bù nǐ yī rán shì xiǎo kě ài		后面才是小可爱我	hòu miàn cái shì xiǎo kě ài wǒ	
486	口味	这个酸奶是什么口味的？	zhè ge suān nǎi shì shén me kǒu wèi de ？	What flavour does this yoghurt have?	他讨厌任何山核桃口味的东西。	tā tǎo yàn rèn hé shān hé táo kǒu wèi de dōng xī 。	He hates pecan-flavored anything.	我的口味变重了。	wǒ de kǒu wèi biàn zhòng le 。	My taste has gotten heavier.
487	伙计	伙计刚起床哈哈，下午联系。	huǒ jì gāng qǐ chuáng hā hā ， xià wǔ lián xì 。		你不在四川吧？注意安全啊，伙计	nǐ bù zài sì chuān ba ？ zhù yì ān quán a ， huǒ jì		伙计这次感冒太难受了	huǒ jì zhè cì gǎn mào tài nán shòu le	
488	撞	他被车撞了。	tā bèi chē zhuàng le 。	He was hit by a car.	她被车撞了。	tā bèi chē zhuàng le 。	She was hit by a car.	狗被车撞了。	gǒu bèi chē zhuàng le 。	The dog was hit by a car.
489	兼职	找兼职有多简单？	zhǎo jiān zhí yǒu duō jiǎn dān ？	How easy is it to find a part-time job?	我正在找一份兼职的工作。	wǒ zhèng zài zhǎo yī fèn jiān zhí de gōng zuò 。	I'm looking for a part-time job.	我必须找一份兼职工作。	wǒ bì xū zhǎo yī fèn jiān zhí gōng zuò 。	I have to find a part-time job.
490	著	房子一间一间地著了火。	fáng zi yī jiān yī jiān dì zhù le huǒ 。	The houses caught fire one after another.	在这儿等著，直到我回来。	zài zhè ér děng zhù ， zhí dào wǒ huí lái 。	Wait here till I come back.	我期待著再次见到你。	wǒ qī dài zhù zài cì jiàn dào nǐ 。	I look forward to seeing you again.
491	欠	关于那件事你欠我一个道歉。	guān yú nà jiàn shì nǐ qiàn wǒ yí gè dào qiàn 。	You owe me an apology for that.	我知道我欠你钱。	wǒ zhī dào wǒ qiàn nǐ qián 。	I know I owe you money.	你欠我点东西。	nǐ qiàn wǒ diǎn dōng xī 。	You owe me something.
492	相当	这是对他们来说相当容易。	zhè shì duì tā men lái shuō xiāng dāng róng yì 。	It was rather easy for them.	我对你相当满意。	wǒ duì nǐ xiāng dāng mǎn yì 。	I am pretty pleased with you.	昨天相当的冷啊！	zuó tiān xiāng dāng de lěng a ！	It was terribly cold yesterday.
493	不行了	我不行了！我已经三天没睡过了！	wǒ bù xíng le ！ wǒ yǐ jīng sān tiān méi shuì guò le ！	I can't take it anymore! I haven't slept for three days!	难道他可以买一把刀，而我就不行了？	nán dào tā kě yǐ mǎi yī bǎ dāo ， ér wǒ jiù bù xíng le ？	If it's okay for him to buy a knife, then why on earth can't I?	他要不行了。	tā yào bù xíng le 。	He's on his last legs.
494	时尚	"我要办像""时尚""一样的杂志"	"wǒ yào bàn xiàng "" shí shàng "" yī yàng de zá zhì"		我也觉得很好看啊，这帽子很时尚	wǒ yě jué de hěn hǎo kàn a ， zhè mào zi hěn shí shàng		现在很时尚的蛋糕	xiàn zài hěn shí shàng de dàn gāo	
495	国内	如果国内的话肯定支持R N G，但是。	rú guǒ guó nèi de huà kěn dìng zhī chí R   N   G ， dàn shì 。		他是一个刚从国内过来的朋友.	tā shì yí gè gāng cóng guó nèi guò lái de péng yǒu .		看看团啊国内还是国外	kàn kàn tuán a guó nèi hái shì guó wài	
496	里边	他们在里边呆这么久是好还是坏?	tā men zài lǐ biān dāi zhè me jiǔ shì hǎo hái shì huài ?		这里边可能有南方猪	zhè lǐ biān kě néng yǒu nán fāng zhū		那里边可能有南方猪	nà lǐ biān kě néng yǒu nán fāng zhū	
497	导致	是什么原因导致你昨天没来。	shì shén me yuán yīn dǎo zhì nǐ zuó tiān méi lái 。	What prevented you from coming yesterday?	看来有几个原因导致了他的失败。	kàn lái yǒu jǐ gè yuán yīn dǎo zhì le tā de shī bài 。	There seem to be several reasons for his failure.	那事故是他的粗心导致的。	nà shì gù shì tā de cū xīn dǎo zhì de 。	That accident was due to his carelessness.
498	长发	汤姆去年留了长发。	tāng mǔ qù nián liú le cháng fà 。	Tom had long hair last year.	她留着长发。	tā liú zhe cháng fà 。	She keeps her hair long.	长发现在过时了。	cháng fà xiàn zài guò shí le 。	Long hair is out of fashion now.
499	打卡	哎呀今天忘记来和你打卡了	āi yā jīn tiān wàng jì lái hé nǐ dǎ kǎ le		我还有两小时才打卡下班	wǒ hái yǒu liǎng xiǎo shí cái dǎ kǎ xià bān		那我是不是坚持零食打卡	nà wǒ shì bú shì jiān chí líng shí dǎ kǎ	
500	当初	我当初要是买音乐会的票就好了。	wǒ dāng chū yào shì mǎi yīn yuè huì de piào jiù hǎo le 。	I wish I had bought a ticket for the concert.	汤姆说我当初应该去找玛丽帮我。	tāng mǔ shuō wǒ dāng chū yīng gāi qù zhǎo mǎ lì bāng wǒ 。	Tom said that I should've asked Mary for help.	要不是当初有内战，他们现在应该挺富裕了。	yào bú shì dāng chū yǒu nèi zhàn ， tā men xiàn zài yīng gāi tǐng fù yù le 。	If it had not been for civil war, they would be wealthy now.
501	佩服	每个人都佩服他的勇气。	měi gè rén dōu pèi fú tā de yǒng qì 。	Everyone admired his courage.	我很佩服他的勇气。	wǒ hěn pèi fú tā de yǒng qì 。	I admire his courage.	我就是佩服你。	wǒ jiù shì pèi fú nǐ 。	It's just that I admire you.
502	神马	还好我和他没有神马联系.	hái hǎo wǒ hé tā méi yǒu shén mǎ lián xì .		神马唱k什么的,我不想理你们了!	shén mǎ chàng k shén me de , wǒ bù xiǎng lǐ nǐ men le !		神马叫我很熟悉的女人？	shén mǎ jiào wǒ hěn shú xī de nǚ rén ？	
503	以及	这是玛丽、他兄弟以及他们父母的房子。	zhè shì mǎ lì 、 tā xiōng dì yǐ jí tā men fù mǔ de fáng zi 。	This is the house of Mary, her brother and their parents.	我想要一个洋娃娃，一辆新自行车…以及世界和平。	wǒ xiǎng yào yí gè yáng wá wá ， yī liàng xīn zì xíng chē … yǐ jí shì jiè hé píng 。		那个时候，我们只能听到关于盗窃、杀人、以及饿死了人的故事。	nà ge shí hòu ， wǒ men zhǐ néng tīng dào guān yú dào qiè 、 shā rén 、 yǐ jí è sǐ le rén de gù shì 。	During that time, we only heard about thieves, about murders, about men who had died of hunger.
504	最多	我最多只能付每周50美元的房租。	wǒ zuì duō zhǐ néng fù měi zhōu 5 0 měi yuán de fáng zū 。	I can pay no more than $50 a week for rent.	Windows是世界上使用得最多的操作系统。	W i n d o w s shì shì jiè shàng shǐ yòng dé zuì duō de cāo zuò xì tǒng 。	Windows is the most used operating system in the world.	他最多能拿到第三名。	tā zuì duō néng ná dào dì sān míng 。	At best he may take third place.
505	人物	Bil 在这间公司仍然是个传奇人物。	B i l   zài zhè jiān gōng sī réng rán shì gè chuán qí rén wù 。		他是作家，还是政治人物。	tā shì zuò jiā ， hái shì zhèng zhì rén wù 。	He is an author and a politician.	我一直都更喜欢有些神秘的小说人物。	wǒ yì zhí dōu gèng xǐ huān yǒu xiē shén mì de xiǎo shuō rén wù 。	I always liked mysterious characters more.
506	语音	每个语音是高于现实	měi gè yǔ yīn shì gāo yú xiàn shí		我们使用了语音识别软件	wǒ men shǐ yòng le yǔ yīn shí bié ruǎn jiàn		苹果语音改错字支持了吗	píng guǒ yǔ yīn gǎi cuò zì zhī chí le ma	
507	摸摸	-他很友善，你可以摸摸他	- tā hěn yǒu shàn ， nǐ kě yǐ mō mō tā		摸摸肚子继续睡觉。	mō mō dǔ zi jì xù shuì jiào 。		摸摸！国内也会有的！	mō mō ！ guó nèi yě huì yǒu de ！	
508	思想	我试试思想。	wǒ shì shì sī xiǎng 。	I try to think.	在拿笔之前，我要集中一下思想。	zài ná bǐ zhī qián ， wǒ yào jí zhōng yī xià sī xiǎng 。	I must put my ideas together before I take up a pen.	借用他的思想。	jiè yòng tā de sī xiǎng 。	Borrow his thoughts.
509	噶	我同你一个考场噶？	wǒ tóng nǐ yí gè kǎo chǎng gá ？		不用担心．我们正在好好照顾噶你女儿	bù yòng dān xīn ． wǒ men zhèng zài hǎo hǎo zhào gù gá nǐ nǚ ér		这几天休息噶	zhè jǐ tiān xiū xī gá	
510	介意	你不介意的路上捡东西回来？	nǐ bù jiè yì de lù shàng jiǎn dōng xī huí lái ？	Would you mind picking up something on the way back?	你介意我用这本字典吗？	nǐ jiè yì wǒ yòng zhè běn zì diǎn ma ？	Would you mind my using this dictionary?	我们早点走你会介意吗？	wǒ men zǎo diǎn zǒu nǐ huì jiè yì ma ？	Do you mind our leaving a little earlier?
511	下载	我在下载这份网络档案。	wǒ zài xià zài zhè fèn wǎng luò dàng àn 。	I'm downloading this internet archive.	开始下载时，请点击“保存”按钮。	kāi shǐ xià zài shí ， qǐng diǎn jī “ bǎo cún ” àn niǔ 。	"""When you begin downloading, please press the """"Save"""" button."""	我写的漫画下载器本周日就发布。	wǒ xiě de màn huà xià zài qì běn zhōu rì jiù fā bù 。	The comic downloader that I wrote will be released this Sunday.
512	男友	我觉得你应该跟男友分手。	wǒ jué de nǐ yīng gāi gēn nán yǒu fēn shǒu 。	I think that you should break up with your boyfriend.	她爱上了她男友的弟弟。	tā ài shàng le tā nán yǒu de dì di 。	She fell in love with her boyfriend's younger brother.	她要和男友分手了。	tā yào hé nán yǒu fēn shǒu le 。	She is going to part from her boyfriend.
513	捏	请问你是去厦门哪个医院捏？	qǐng wèn nǐ shì qù xià mén nǎ ge yī yuàn niē ？		那你主要想表达什么捏?	nà nǐ zhǔ yào xiǎng biǎo dá shén me niē ?		去超市捏方便面	qù chāo shì niē fāng biàn miàn	
514	欣赏	你觉得有多少人懂得欣赏音乐？	nǐ jué de yǒu duō shǎo rén dǒng de xīn shǎng yīn yuè ？	How many people do you think have an ear for music?	每个人都很欣赏他所画的图画。	měi gè rén dōu hěn xīn shǎng tā suǒ huà de tú huà 。	Everyone admires the pictures painted by him.	德米特里很欣赏风景。	dé mǐ tè lǐ hěn xīn shǎng fēng jǐng 。	Dmitri enjoyed the scenery.
515	意外	我问他关于这个意外的事。	wǒ wèn tā guān yú zhè ge yì wài de shì 。	I asked him about the accident.	这里就是意外现场了。	zhè lǐ jiù shì yì wài xiàn chǎng le 。	This is the place where the incident happened.	这真是很意外。	zhè zhēn shì hěn yì wài 。	That is rather unexpected.
516	起码	这张沙发起码可以坐三个人。	zhè zhāng shā fā qǐ mǎ kě yǐ zuò sān gè rén 。	This sofa can seat three people easily.	他每天起码会看一部电影。	tā měi tiān qǐ mǎ huì kàn yī bù diàn yǐng 。	He watches at least one movie a day.	汤姆起码比我高一个头。	tāng mǔ qǐ mǎ bǐ wǒ gāo yī gè tóu 。	Tom is at least a head taller than me.
517	艾特	我竟然忘记了我也可以艾特	wǒ jìng rán wàng jì le wǒ yě kě yǐ ài tè		没有 艾特 只是.	méi yǒu   ài tè   zhǐ shì .		艾特，可以了	ài tè ， kě yǐ le	
518	传	请偶尔给我写信或传电子邮件。	qǐng ǒu ěr gěi wǒ xiě xìn huò chuán diàn zi yóu jiàn 。	Write me a letter or send me an email sometimes!	喂，赶快把那类球传回来。	wèi ， gǎn kuài bǎ nà lèi qiú chuán huí lái 。	Hey, get those balls back quickly.	消息快速地传了开去。	xiāo xī kuài sù dì chuán le kāi qù 。	The news quickly spread.
519	染	你染过头发吗？	nǐ rǎn guò tóu fā ma ？	Have you ever dyed your hair?	我想染我的头髪。	wǒ xiǎng rǎn wǒ de tóu fà 。	I want to dye my hair.	萨米和一个叫莱拉的女生有染。	sà mǐ hé yī gè jiào lái lā de nǚ shēng yǒu rǎn 。	Sami was having an affair with a girl named Layla.
520	毁	他会最终毁了自己的。	tā huì zuì zhōng huǐ le zì jǐ de 。	He will eventually ruin himself.	他们把我的好日子毁了。	tā men bǎ wǒ de hǎo rì zi huǐ le 。	They ruined my life.	他终会毁了自己的。	tā zhōng huì huǐ le zì jǐ de 。	He will eventually ruin himself.
521	夫人	她以前是第一夫人。	tā yǐ qián shì dì yī fū rén 。	She was the First Lady.	他的夫人是我们的意大利语老师。	tā de fū rén shì wǒ men de yì dà lì yǔ lǎo shī 。	His wife is our Italian teacher.	向Andrescu夫人问好!	xiàng A n d r e s c u fū rén wèn hǎo !	
522	神奇	我很神奇的跟你一起感冒了。	wǒ hěn shén qí de gēn nǐ yì qǐ gǎn mào le 。		我感觉教育这个东西挺神奇的。	wǒ gǎn jué jiào yù zhè ge dōng xī tǐng shén qí de 。		我觉得你们的事好神奇.	wǒ jué de nǐ men de shì hǎo shén qí .	
523	长沙	火车到长沙都明天下午了	huǒ chē dào cháng shā dōu míng tiān xià wǔ le		那时候是坐火车去长沙	nà shí hòu shì zuò huǒ chē qù cháng shā		是的～哈哈长沙长沙好多好吃的哦	shì de ～ hā hā cháng shā cháng shā hǎo duō hǎo chī de ó	
524	扎	她扎着辫子。	tā zhā zhe biàn zi 。	She wore her hair in plaits.	我用丝带在头上扎了一个马尾辫。	wǒ yòng sī dài zài tóu shàng zhā le yí gè mǎ wěi biàn 。	I used a ribbon to tie my hair into a ponytail.	她拔出了一根儿扎在轮胎里的刺。	tā bá chū le yī gēn ér zhā zài lún tāi lǐ de cì 。	She pulled a thorn out of the tyre.
525	空间	行与行之间要留一个空间。	xíng yǔ xíng zhī jiān yào liú yí gè kōng jiān 。	Leave a space between the lines.	行与行之间多留些空间。	xíng yǔ xíng zhī jiān duō liú xiē kōng jiān 。	Leave more space between the lines.	现在没有人说「网际空间」了。	xiàn zài méi yǒu rén shuō 「 wǎng jì kōng jiān 」 le 。	"""No one says """"cyberspace"""" anymore."""
526	藏	我藏在桌子底下。	wǒ cáng zài zhuō zi dǐ xià 。	I hid under the table.	藏在车子之间。	cáng zài chē zi zhī jiān 。	Hide between the cars.	你不用藏著。	nǐ bù yòng cáng zhù 。	You don't have to hide.
527	荣耀	他以为他们渴望荣耀。	tā yǐ wéi tā men kě wàng róng yào 。	He thinks that they are eager for glory.	荣耀归于乌克兰！	róng yào guī yú wū kè lán ！	Glory to Ukraine!	走向前去，为荣耀！	zǒu xiàng qián qù ， wèi róng yào ！	Onwards, to glory!
528	圆	严格来说，地球不是圆的。	yán gé lái shuō ， dì qiú bú shì yuán de 。	Strictly speaking, the earth is not round.	谁都知道地球是圆的。	shuí dōu zhī dào dì qiú shì yuán de 。	There is no one but knows that the earth is round.	今晚月亮很圆。	jīn wǎn yuè liàng hěn yuán 。	There's a full moon tonight.
529	公主	她梦见她是一个公主。	tā mèng jiàn tā shì yí gè gōng zhǔ 。	She dreamed that she was a princess.	公主之前在哪里？	gōng zhǔ zhī qián zài nǎ lǐ ？	Where was the princess?	最后，马里奥设法赢得公主的爱。	zuì hòu ， mǎ lǐ ào shè fǎ yíng dé gōng zhǔ de ài 。	At last, Mario managed to win the princess's love.
530	显	土豪不显年轻	tǔ háo bù xiǎn nián qīng		可能不显。	kě néng bù xiǎn 。		说我穿牛仔短裤有点显腿粗	shuō wǒ chuān niú zǎi duǎn kù yǒu diǎn xiǎn tuǐ cū	
531	抓住	另一个抓住他的胳膊。	lìng yí gè zhuā zhù tā de gē bó 。	The other grasped his arm.	他抓住了她的胳膊。	tā zhuā zhù le tā de gē bó 。	He caught her by the arm.	她抓住他的手。	tā zhuā zhù tā de shǒu 。	She grabbed him by the hand.
532	心中	这个想法仍然在我心中。	zhè ge xiǎng fǎ réng rán zài wǒ xīn zhōng 。	The idea is still in my mind.	有了，在中国人民的心中。	yǒu le ， zài zhōng guó rén mín de xīn zhōng 。	It has: it is in the heart of the Chinese people.	我无法压抑心中的怒火。	wǒ wú fǎ yā yì xīn zhōng de nù huǒ 。	I couldn't keep my anger down.
533	就让	你就让她这样对你说话?	nǐ jiù ràng tā zhè yàng duì nǐ shuō huà ?		你就让她这样对你说话？	nǐ jiù ràng tā zhè yàng duì nǐ shuō huà ？		就让我们来杀了你吧	jiù ràng wǒ men lái shā le nǐ ba	
534	记录	我们调查了他的犯规记录。	wǒ men diào chá le tā de fàn guī jì lù 。	We have investigated his criminal record.	请把他所说的记录下来。	qǐng bǎ tā suǒ shuō de jì lù xià lái 。	Please write down what he says.	她把每一样买了的东西都记录起来。	tā bǎ měi yī yàng mǎi le de dōng xī dōu jì lù qǐ lái 。	She keeps a record of everything she buys.
535	不可	友谊与快乐不可分。	yǒu yì yǔ kuài lè bù kě fēn 。	Friendship and happiness cannot be separated.	您不可通过。	nín bù kě tōng guò 。	You shall not pass.	水是生命所不可缺少的。	shuǐ shì shēng mìng suǒ bù kě quē shǎo de 。	Water is essential to life.
536	小米	就是最后慢慢小米也喜欢那	jiù shì zuì hòu màn màn xiǎo mǐ yě xǐ huān nà		那你你之前有使用过小米吗	nà nǐ nǐ zhī qián yǒu shǐ yòng guò xiǎo mǐ ma		明天她就给你一袋小米	míng tiān tā jiù gěi nǐ yī dài xiǎo mǐ	
537	不止	汤姆肯定不止三十了。	tāng mǔ kěn dìng bù zhǐ sān shí le 。	Tom must be over thirty.	我入狱不止一次。	wǒ rù yù bù zhǐ yī cì 。	I've been in prison more than once.	伤口流血不止。	shāng kǒu liú xiě bù zhǐ 。	The wound will not stop bleeding.
538	潇洒	你这么潇洒，我也是醉了	nǐ zhè me xiāo sǎ ， wǒ yě shì zuì le		能活就不错了还潇洒呢简直是做梦	néng huó jiù bù cuò le hái xiāo sǎ ne jiǎn zhí shì zuò mèng		我知你很帅，很潇洒	wǒ zhī nǐ hěn shuài ， hěn xiāo sǎ	
539	屏幕	记得直播我准备吃屏幕了	jì de zhí bō wǒ zhǔn bèi chī píng mù le		然后他说他屏幕坏了	rán hòu tā shuō tā píng mù huài le		Carla Carla 6号屏幕 对 那是谁	C a r l a   C a r l a   6 hào píng mù   duì   nà shì shuí	
540	肿么	还在28楼吗？肿么没人回办公室	hái zài 2 8 lóu ma ？ zhǒng me méi rén huí bàn gōng shì		我肿么没想到，谢谢你提醒	wǒ zhǒng me méi xiǎng dào ， xiè xiè nǐ tí xǐng		你们肿么这么早去学校？	nǐ men zhǒng me zhè me zǎo qù xué xiào ？	
541	作	昨晚我作了一个可怕的梦。	zuó wǎn wǒ zuò le yí gè kě pà de mèng 。	I had a terrible dream last night.	长大后你想作什么？	zhǎng dà hòu nǐ xiǎng zuò shén me ？	What do you want to be when you grow up?	他们要他作队长。	tā men yào tā zuò duì zhǎng 。	They made him captain of the team.
542	实力	让他们看看我们的全部实力！	ràng tā men kàn kàn wǒ men de quán bù shí lì ！		请批评吧 我知道自己的实力	qǐng pī píng ba   wǒ zhī dào zì jǐ de shí lì		我们必须加强经济实力。	wǒ men bì xū jiā qiáng jīng jì shí lì 。	We must strengthen our economy.
543	咦	咦…你又没告诉我情况我怎么会想到	yí … nǐ yòu méi gào sù wǒ qíng kuàng wǒ zěn me huì xiǎng dào		咦，但是羊肉很少啊。	yí ， dàn shì yáng ròu hěn shǎo a 。		咦，感觉自己变man了	yí ， gǎn jué zì jǐ biàn m a n le	
544	捞	想从贼身上捞点儿什么是很难的	xiǎng cóng zéi shēn shàng lāo diǎn ér shén me shì hěn nán de	It's hard to steal from a thief.	就知道你会抢我来捞	jiù zhī dào nǐ huì qiǎng wǒ lái lāo		谢谢捞我	xiè xiè lāo wǒ	
545	周六	你周六有什么计划？	nǐ zhōu liù yǒu shén me jì huà ？	Do you have any plans for Saturday?	家庭的每个人都在周六的早上在家里。	jiā tíng de měi gè rén dōu zài zhōu liù de zǎo shàng zài jiā lǐ 。	Each family member is at home on Saturday morning.	你为何周六没来？	nǐ wèi hé zhōu liù méi lái ？	Why didn't you turn up on Saturday?
546	投	您已经投了票了吗？	nín yǐ jīng tóu le piào le ma ？	Have you already voted?	他给自己投了保险。	tā gěi zì jǐ tóu le bǎo xiǎn 。	He insured himself.	没有人投反对票。	méi yǒu rén tóu fǎn duì piào 。	No one voted against it.
547	思考	他正在思考他未来的生活。	tā zhèng zài sī kǎo tā wèi lái de shēng huó 。	He was meditating on his future life.	真正的科学家不会这样去思考。	zhēn zhèng de kē xué jiā bú huì zhè yàng qù sī kǎo 。	A true scientist would not approach the question this way.	你在说话前应该先思考。	nǐ zài shuō huà qián yīng gāi xiān sī kǎo 。	You should think before you speak.
548	莫	这位是莫先生	zhè wèi shì mò xiān shēng		莫先生，对不起	mò xiān shēng ， duì bù qǐ		莫哭！你回家了！	mò kū ！ nǐ huí jiā le ！	
549	冻	自来水管冻裂了。	zì lái shuǐ guǎn dòng liè le 。	The water pipes froze and then burst.	水是液体。冻起来就成了固体。	shuǐ shì yè tǐ 。 dòng qǐ lái jiù chéng le gù tǐ 。	Water is liquid. When it freezes, it becomes solid.	我的身体被冻得瑟瑟发抖。	wǒ de shēn tǐ bèi dòng dé sè sè fā dǒu 。	I shiver from the cold.
550	撸	羡慕！没有小可爱可以让我撸。	xiàn mù ！ méi yǒu xiǎo kě ài kě yǐ ràng wǒ lū 。		你买电脑只是为了撸吗	nǐ mǎi diàn nǎo zhǐ shì wèi le lū ma		我已有对象，已经不在撸	wǒ yǐ yǒu duì xiàng ， yǐ jīng bù zài lū	
551	脸上	他在她的脸上轻轻的亲了一下。	tā zài tā de liǎn shàng qīng qīng de qīn le yī xià 。	He gave her a peck on the cheek.	在他的脸上我看到了快乐的笑容。	zài tā de liǎn shàng wǒ kàn dào le kuài lè de xiào róng 。	I saw a joyful smile on his face.	她脸上的笑容，代表她已经原谅我了。	tā liǎn shàng de xiào róng ， dài biǎo tā yǐ jīng yuán liàng wǒ le 。	Her smile indicates that she has forgiven me.
552	黄	妈妈给弟弟买了个黄雨伞。	mā mā gěi dì di mǎi le gè huáng yǔ sǎn 。	My mother bought my brother a yellow umbrella.	我们有黄苹果。	wǒ men yǒu huáng píng guǒ 。	We have yellow apples.	这花是黄的。	zhè huā shì huáng de 。	The flower is yellow.
553	脖子	他的脖子很长。	tā de bó zi hěn zhǎng 。	He has a long neck.	我脖子痛。	wǒ bó zi tòng 。	My neck hurts.	我今天起床的时候脖子很痛。	wǒ jīn tiān qǐ chuáng de shí hòu bó zi hěn tòng 。	I got up today with a pain in my neck.
554	自我	你应该向那个女孩自我介绍的。	nǐ yīng gāi xiàng nà ge nǚ hái zì wǒ jiè shào de 。	You should have introduced yourself to the girl.	请允许我自我介绍一下。	qǐng yǔn xǔ wǒ zì wǒ jiè shào yī xià 。	Let me introduce myself.	你可以简单地做一下自我介绍吗？	nǐ kě yǐ jiǎn dān dì zuò yī xià zì wǒ jiè shào ma ？	Could you give a simple self-introduction?
555	吼	我没有在吼。	wǒ méi yǒu zài hǒu 。	I wasn't yelling.	对你的电脑吼一点帮助也没有。	duì nǐ de diàn nǎo hǒu yì diǎn bāng zhù yě méi yǒu 。	Shouting at your computer will not help.	别对著我吼。	bié duì zhù wǒ hǒu 。	Don't yell at me.
556	坚强	我不够坚强。	wǒ bù gòu jiān qiáng 。	I wasn't strong enough.	他很坚强，不会那么容易灰心。	tā hěn jiān qiáng ， bú huì nà me róng yì huī xīn 。	He won't be easily discouraged, because he's a tough guy.	生活很困难，但我更坚强。	shēng huó hěn kùn nán ， dàn wǒ gèng jiān qiáng 。	Life is hard, but I am harder.
557	挤	学生们都挤在那里。那里有什么？	xué shēng men dōu jǐ zài nà lǐ 。 nà lǐ yǒu shén me ？	The students are all crowding around something. What is that?	列车在晚上很挤。	liè chē zài wǎn shàng hěn jǐ 。	The train is very crowded this evening.	她挤上了火车。	tā jǐ shàng le huǒ chē 。	She elbowed her way onto the train.
558	拖	然后又拖了我姐姐，我姐姐又骂我	rán hòu yòu tuō le wǒ jiě jiě ， wǒ jiě jiě yòu mà wǒ		时间快要到了，你怎么还拖啊拖的。	shí jiān kuài yào dào le ， nǐ zěn me hái tuō a tuō de 。	Time's almost up, why are you still dilly-dallying?	赶快看医生不要拖	gǎn kuài kàn yī shēng bú yào tuō	
559	伟大	我认为他是位伟大的作家。	wǒ rèn wéi tā shì wèi wěi dà de zuò jiā 。	I think he's a great writer.	他是一个伟大的科学家。	tā shì yí gè wěi dà de kē xué jiā 。	He is a great scientist.	他是世界上最伟大的科学家之一。	tā shì shì jiè shàng zuì wěi dà de kē xué jiā zhī yī 。	He is numbered among the greatest scientists in the world.
560	角色	你最喜欢的动漫角色是谁？	nǐ zuì xǐ huān de dòng màn jué sè shì shuí ？	What's your favorite anime character?	你最喜欢这本书中的哪个角色？	nǐ zuì xǐ huān zhè běn shū zhōng de nǎ ge jué sè ？	Who's your favorite character in this book?	他在剧中演了一个小角色。	tā zài jù zhōng yǎn le yí gè xiǎo jué sè 。	He played a minor part in the play.
561	混蛋	我如果能找到他，我要杀了那个混蛋。	wǒ rú guǒ néng zhǎo dào tā ， wǒ yào shā le nà ge hùn dàn 。	If I find him, I'll kill the bastard.	真是个混蛋!	zhēn shì gè hùn dàn !	What a bastard!	如果你认为我还会帮你这样的混蛋，那你大错特错了。	rú guǒ nǐ rèn wéi wǒ hái huì bāng nǐ zhè yàng de hùn dàn ， nà nǐ dà cuò tè cuò le 。	If you think that I'm still going to help a bastard like you, then you couldn't be any further away from the truth.
562	消失	飞机起飞后，很快就消失在了眼前。	fēi jī qǐ fēi hòu ， hěn kuài jiù xiāo shī zài le yǎn qián 。	The plane took off and was soon out of sight.	他已消失多年了。	tā yǐ xiāo shī duō nián le 。	It's been years since he disappeared.	我随时可以消失。	wǒ suí shí kě yǐ xiāo shī 。	I could disappear at any time.
563	偶遇	多年后我在街上偶遇了他。	duō nián hòu wǒ zài jiē shàng ǒu yù le tā 。	I met him on the street by chance after many years.	汤姆在超市偶遇玛丽。	tāng mǔ zài chāo shì ǒu yù mǎ lì 。	Tom happened to meet Mary at the supermarket.	今天早上我在火车上偶遇他。	jīn tiān zǎo shàng wǒ zài huǒ chē shàng ǒu yù tā 。	I met him by chance on the train this morning.
564	拔	插头是你拔的吗？	chā tóu shì nǐ bá de ma ？	Did you pull the plug out?	你拔插头了吗？	nǐ bá chā tóu le ma ？	Have you pulled the plug out?	从根部把植物拔出来。	cóng gēn bù bǎ zhí wù bá chū lái 。	Pull the plant up by the roots.
565	坐等	所以我会坐等你们的道歉	suǒ yǐ wǒ huì zuò děng nǐ men de dào qiàn		我不能在这里坐等	wǒ bù néng zài zhè lǐ zuò děng		我不会坐等未来	wǒ bú huì zuò děng wèi lái	
566	几次	你一个月做几次这种事？	nǐ yí gè yuè zuò jǐ cì zhè zhǒng shì ？	How many times a month do you do that?	你一个月看几次电影？	nǐ yí gè yuè kàn jǐ cì diàn yǐng ？	How often do you go to the movies every month?	你一天照几次镜子？	nǐ yī tiān zhào jǐ cì jìng zi ？	How many times a day do you look at yourself in the mirror?
567	除非	除非我问你，请你不要说话。	chú fēi wǒ wèn nǐ ， qǐng nǐ bú yào shuō huà 。	Don't speak till spoken to.	除非有人跟他说话，他不说话。	chú fēi yǒu rén gēn tā shuō huà ， tā bù shuō huà 。	He did not speak unless spoken to.	除非雨停了，我们才会出去。	chú fēi yǔ tíng le ， wǒ men cái huì chū qù 。	We won't go out unless it stops raining.
568	胃	我吃饱了，所以我的胃都满了。	wǒ chī bǎo le ， suǒ yǐ wǒ de wèi dōu mǎn le 。	I've had enough, so my stomach is full.	中国人的胃最爱国了。	zhōng guó rén de wèi zuì ài guó le 。	Chinese people have the most patriotic stomachs.	医生用X光检查我的胃。	yī shēng yòng X guāng jiǎn chá wǒ de wèi 。	The doctor used X-rays to examine my stomach.
569	蛋	你从哪儿买的这些蛋？	nǐ cóng nǎ ér mǎi de zhè xiē dàn ？	Where did you buy these eggs?	这个盒子里有很多蛋。	zhè ge hé zi lǐ yǒu hěn duō dàn 。	There are a lot of eggs in the box.	我们连蛋都没剩下	wǒ men lián dàn dōu méi shèng xià	We don't have any eggs left either.
570	主动	你必须积极主动。	nǐ bì xū jī jí zhǔ dòng 。	You have to be proactive.	他主动帮他妈妈做家务。	tā zhǔ dòng bāng tā mā mā zuò jiā wù 。	He takes the initiative in helping his mother do the housework.	所有订阅将自动续订，除非使用者主动取消。	suǒ yǒu dìng yuè jiāng zì dòng xù dìng ， chú fēi shǐ yòng zhě zhǔ dòng qǔ xiāo 。	All plans automatically renew until cancelled.
571	狠	今天热得狠。	jīn tiān rè dé hěn 。	It's very hot today.	算你狠。	suàn nǐ hěn 。	You got me.	你狠性感。	nǐ hěn xìng gǎn 。	You're very sexy.
572	改天	改天她丈夫不在，你再上去	gǎi tiān tā zhàng fū bù zài ， nǐ zài shàng qù		不好意思 改天再扔好了	bù hǎo yì sī   gǎi tiān zài rēng hǎo le		嘿嘿，改天你也要遇到的	hēi hēi ， gǎi tiān nǐ yě yào yù dào de	
573	一块	我不会告诉你我们还住一块	wǒ bú huì gào sù nǐ wǒ men hái zhù yī kuài		我真的很想你跟我一块去	wǒ zhēn de hěn xiǎng nǐ gēn wǒ yī kuài qù		今晚一块吃晚餐怎样？	jīn wǎn yī kuài chī wǎn cān zěn yàng ？	
574	经典	多款经典家庭游戏也将于下个月同步上架。	duō kuǎn jīng diǎn jiā tíng yóu xì yě jiāng yú xià gè yuè tóng bù shàng jià 。	Several classic, family-friendly games will also join the service next month.	麦根沙士被视为一种经典的美式碳酸饮品。	mài gēn shā shì bèi shì wèi yī zhǒng jīng diǎn de měi shì tàn suān yǐn pǐn 。	Root beer is considered a classic American carbonated soft drink.	孙子所著的兵法，至今仍是各国军事学院的必读经典。	sūn zi suǒ zhù de bīng fǎ ， zhì jīn réng shì gè guó jūn shì xué yuàn de bì dú jīng diǎn 。	The military treatise authored by Sun Tzu is, to this day, required reading in military academies all across the world.
575	抖音	抖音果然能让人智商下降	dǒu yīn guǒ rán néng ràng rén zhì shāng xià jiàng		看看抖音就舒服了，你值得拥有	kàn kàn dǒu yīn jiù shū fú le ， nǐ zhí de yōng yǒu		抖音使我快乐使我开心	dǒu yīn shǐ wǒ kuài lè shǐ wǒ kāi xīn	
576	兔子	你喜欢兔子吗？	nǐ xǐ huān tù zi ma ？	Do you like rabbits?	我喜欢兔子。	wǒ xǐ huān tù zi 。	I like hares.	狗追兔子。	gǒu zhuī tù zi 。	The dog chased the rabbit.
577	华为	因为华为刚开始只是一个	yīn wèi huá wèi gāng kāi shǐ zhǐ shì yí gè		我觉得华为吧现在华为也比较	wǒ jué de huá wèi ba xiàn zài huá wèi yě bǐ jiào		小米也应该学华为不给系统加广告	xiǎo mǐ yě yīng gāi xué huá wèi bù gěi xì tǒng jiā guǎng gào	
578	接触	我没接触过这个球类游戏。	wǒ méi jiē chù guò zhè ge qiú lèi yóu xì 。	It's a whole new ball game for me.	你这孩子！别老是接触一些陌生人，很危险的！	nǐ zhè hái zi ！ bié lǎo shì jiē chù yī xiē mò shēng rén ， hěn wēi xiǎn de ！	Son, stop always getting so close to strangers. It's very dangerous!	和别人握手的时候，一定要有眼神接触。	hé bié rén wò shǒu de shí hòu ， yí dìng yào yǒu yǎn shén jiē chù 。	When you shake hands with somebody, you must look him in the eye.
579	妹纸	那你告诉我那个妹纸是谁	nà nǐ gào sù wǒ nà ge mèi zhǐ shì shuí		而且木有看见还有两个妹纸么	ér qiě mù yǒu kàn jiàn hái yǒu liǎng gè mèi zhǐ me		你们学校妹纸多么？	nǐ men xué xiào mèi zhǐ duō me ？	
580	任性	不要解释你就是有钱任性	bú yào jiě shì nǐ jiù shì yǒu qián rèn xìng		任性的丈夫认识清自己的感觉	rèn xìng de zhàng fū rèn shí qīng zì jǐ de gǎn jué		她以前就是这样任性	tā yǐ qián jiù shì zhè yàng rèn xìng	
581	蚊子	我恨蚊子。	wǒ hèn wén zi 。	I hate mosquitoes.	冬天的好处在于没有蚊子。	dōng tiān de hǎo chù zài yú méi yǒu wén zi 。	The good thing about winter is that there are no mosquitos.	我刚刚被蚊子咬了。	wǒ gāng gāng bèi wén zi yǎo le 。	I just got bitten by a mosquito.
582	其	有其父必有其子。	yǒu qí fù bì yǒu qí zi 。	Like father, like son.	该国对其邻国宣战了。	gāi guó duì qí lín guó xuān zhàn le 。	The country declared war against its neighbor.	愿闻其详。	yuàn wén qí xiáng 。	Please elaborate.
583	楼下	她们住在楼下。	tā men zhù zài lóu xià 。	They live downstairs.	在楼下等我	zài lóu xià děng wǒ	Wait for me downstairs.	汤姆把他的大衣忘在楼下了。	tāng mǔ bǎ tā de dà yī wàng zài lóu xià le 。	Tom left his coat downstairs.
584	妹	我妹就是你	wǒ mèi jiù shì nǐ		我是司机妹	wǒ shì sī jī mèi		妹主意.	mèi zhǔ yì .	
585	跪	我们都跪了下来祈祷。	wǒ men dōu guì le xià lái qí dǎo 。	We all knelt down to pray.	玛丽跪了下来。	mǎ lì guì le xià lái 。	Mary knelt down.	他们跪了下来祈祷，希望战争快点结束。	tā men guì le xià lái qí dǎo ， xī wàng zhàn zhēng kuài diǎn jié shù 。	They knelt down and prayed that the war would end soon.
586	没得	是啊，不过现在我自己也没得	shì a ， bù guò xiàn zài wǒ zì jǐ yě méi dé		下次可能就没得免费了	xià cì kě néng jiù méi dé miǎn fèi le		当时什么游戏也没得	dāng shí shén me yóu xì yě méi dé	
587	单纯	哈哈，小朋友的世界好单纯啊	hā hā ， xiǎo péng yǒu de shì jiè hǎo dān chún a		就只是单纯的觉得而已	jiù zhǐ shì dān chún de jué de ér yǐ		本来很单纯 现在却变得这么复杂	běn lái hěn dān chún   xiàn zài què biàn dé zhè me fù zá	
588	多多	看来咱们还需要多多加强	kàn lái zán men hái xū yào duō duō jiā qiáng		哈哈自己做的就给多多	hā hā zì jǐ zuò de jiù gěi duō duō		多多谢谢你！太感动了！	duō duō xiè xiè nǐ ！ tài gǎn dòng le ！	
589	一群	今天早上在去学校的路上，我看到了一群外国人。	jīn tiān zǎo shàng zài qù xué xiào de lù shàng ， wǒ kàn dào le yī qún wài guó rén 。	I saw a group of foreigners on my way to school this morning.	一群年轻人在操场上打手球。	yī qún nián qīng rén zài cāo chǎng shàng dǎ shǒu qiú 。	A group of young men are playing handball in the playground.	一群人聚集在现场。	yī qún rén jù jí zài xiàn chǎng 。	A crowd gathered at the scene.
590	前几天	我前几天买了这本书。	wǒ qián jǐ tiān mǎi le zhè běn shū 。	I bought this book the other day.	我前几天遇见了他。	wǒ qián jǐ tiān yù jiàn le tā 。	I met him the other day.	前几天我发现了一个买水果的好地方。	qián jǐ tiān wǒ fā xiàn le yí gè mǎi shuǐ guǒ de hǎo dì fāng 。	I found a good place to buy fruit a couple of days ago.
591	睡醒	嘿嘿睡醒了嘛快表扬我	hēi hēi shuì xǐng le ma kuài biǎo yáng wǒ		你还不睡呀～我都睡醒啦	nǐ hái bù shuì ya ～ wǒ dōu shuì xǐng la		刚今天早上睡醒就疼	gāng jīn tiān zǎo shàng shuì xǐng jiù téng	
592	造	这个箱子是用纸造的。	zhè ge xiāng zi shì yòng zhǐ zào de 。	This box is made of paper.	他们造了座桥。	tā men zào le zuò qiáo 。	They constructed a bridge.	他买土地的目的是要造房子。	tā mǎi tǔ dì de mù dì shì yào zào fáng zi 。	He bought the land for the purpose of building a house on it.
593	凭	我凭什么需要帮她们？	wǒ píng shén me xū yào bāng tā men ？	Why do I have to help them?	你凭什么叫我走？	nǐ píng shén me jiào wǒ zǒu ？	Who are you to tell me to get out?	凭什么让我们走？	píng shén me ràng wǒ men zǒu ？	Who says you can make us leave?
594	国庆	国庆有空就去吃吧~哈哈	guó qìng yǒu kòng jiù qù chī ba ~ hā hā		你是来找国庆的吧	nǐ shì lái zhǎo guó qìng de ba		这是国庆的周末	zhè shì guó qìng de zhōu mò	
595	第二天	第二天早上，我们都觉得很困。	dì èr tiān zǎo shàng ， wǒ men dōu jué de hěn kùn 。	We were very sleepy the next morning.	我们同意了第二天一早开始。	wǒ men tóng yì le dì èr tiān yī zǎo kāi shǐ 。	We agreed to start early the next morning.	伊莎贝拉第二天回家了。	yī shā bèi lā dì èr tiān huí jiā le 。	The next day, Isabela came back home.
596	处	你能感受到不同之处吗？	nǐ néng gǎn shòu dào bù tóng zhī chù ma ？	Can you feel the difference?	在第一个信号灯处右转。	zài dì yí gè xìn hào dēng chù yòu zhuǎn 。	Turn right at the first traffic light.	我们没有任何共同之处。	wǒ men méi yǒu rèn hé gòng tóng zhī chù 。	We have nothing in common.
597	毒	这鱼没毒。	zhè yú méi dú 。	This fish is free from poison.	我从来没有吸过毒。	wǒ cóng lái méi yǒu xī guò dú 。	I never took drugs.	他吃了毒蘑菇。	tā chī le dú mó gū 。	He ate poisonous mushrooms.
598	被子	还想要张被子吗？	hái xiǎng yào zhāng bèi zi ma ？	Still want a quilt?	冬天我总是需要多加条被子。	dōng tiān wǒ zǒng shì xū yào duō jiā tiáo bèi zi 。	I always need an extra blanket in the wintertime.	新买的被子盖起来非常暖和。	xīn mǎi de bèi zi gài qǐ lái fēi cháng nuǎn huo 。	The newly bought quilt is very warm when covered.
599	成长	孩子的成长快得令人吃惊。	hái zi de chéng zhǎng kuài dé lìng rén chī jīng 。	Children grow up so quickly.	我在波士顿成长。	wǒ zài bō shì dùn chéng zhǎng 。	I grew up in Boston.	第三季国民生产总值较上一季成长了1％。	dì sān jì guó mín shēng chǎn zǒng zhí jiào shàng yī jì chéng zhǎng le 1 ％ 。	The third quarter GNP growth was 1% over the preceding quarter.
600	咋样	你今天心情咋样？	nǐ jīn tiān xīn qíng zǎ yàng ？	How do you feel today?	我们去市场咋样？	wǒ men qù shì chǎng zǎ yàng ？	Shall we go to the market?	最近咋样？	zuì jìn zǎ yàng ？	How've ya' been lately?
601	愿望	这真是一个很善良的愿望。	zhè zhēn shì yí gè hěn shàn liáng de yuàn wàng 。	This is a really kind wish.	你有三个愿望。	nǐ yǒu sān gè yuàn wàng 。	You have three wishes.	尽管我已经想去这个地方好久了，但从来没勇气实现自己的愿望。	jǐn guǎn wǒ yǐ jīng xiǎng qù zhè ge dì fāng hǎo jiǔ le ， dàn cóng lái méi yǒng qì shí xiàn zì jǐ de yuàn wàng 。	Despite me wanting to go to this place for a long time, I never had the courage to actualize my dream.
602	叔	谢谢叔鼓励！	xiè xiè shū gǔ lì ！		叔好可爱	shū hǎo kě ài		叔好心情！明天您该上班了吧？	shū hǎo xīn qíng ！ míng tiān nín gāi shàng bān le ba ？	
603	爆炸	爆炸的原因是什么？	bào zhà de yuán yīn shì shén me ？	What was the cause of the explosion?	化学工厂一着火就爆炸了。	huà xué gōng chǎng yī zháo huǒ jiù bào zhà le 。	Immediately after it caught fire, the chemical factory blew up.	昨晚，烟花厂发生了爆炸。	zuó wǎn ， yān huā chǎng fā shēng le bào zhà 。	Yesterday, an explosion occurred at the fireworks factory.
604	啧啧	啧啧你现在是不是能喝酒了	zé zé nǐ xiàn zài shì bú shì néng hē jiǔ le		啧啧。我很聪明的！智商很高的！	zé zé 。 wǒ hěn cōng míng de ！ zhì shāng hěn gāo de ！		啧啧，听到一个男人的声音	zé zé ， tīng dào yí gè nán rén de shēng yīn	
605	单	单凭力量不能保证取胜。	dān píng lì liàng bù néng bǎo zhèng qǔ shèng 。	Relying on strength alone cannot guarantee victory.	汉语是单音节语言。	hàn yǔ shì dān yīn jié yǔ yán 。	Chinese is a monosyllabic language.	我买了单。	wǒ mǎi le dān 。	I paid the bill.
606	真爱	这就是真爱。	zhè jiù shì zhēn ài 。	This is true love.	真爱不会变老。	zhēn ài bú huì biàn lǎo 。	True love never grows old.	那叫做真爱。	nà jiào zuò zhēn ài 。	That's called true love.
607	涂	他让妹妹帮他涂他房间的墙。	tā ràng mèi mèi bāng tā tú tā fáng jiān de qiáng 。	He had his sister help him paint the wall of his room.	我把起司涂在面包上	wǒ bǎ qǐ sī tú zài miàn bāo shàng	I spread cheese on bread.	她把奶油涂在面包上。	tā bǎ nǎi yóu tú zài miàn bāo shàng 。	She spread the butter on the bread.
608	深深	他被那个故事深深地感动了。	tā bèi nà ge gù shì shēn shēn dì gǎn dòng le 。	He was deeply moved by the story.	他们的友情深深地感动了我们。	tā men de yǒu qíng shēn shēn dì gǎn dòng le wǒ men 。	Their friendship moved us deeply.	我们被她的故事深深的感动了。	wǒ men bèi tā de gù shì shēn shēn de gǎn dòng le 。	We were deeply moved by her story.
609	满满	他们告诉我她有满满一箱子	tā men gào sù wǒ tā yǒu mǎn mǎn yī xiāng zi		我感觉都是肉满满的都是肉	wǒ gǎn jué dōu shì ròu mǎn mǎn de dōu shì ròu		真的谢谢!满满的祝福收到了	zhēn de xiè xiè ! mǎn mǎn de zhù fú shōu dào le	
610	行为	你必须为自己的行为负责。	nǐ bì xū wèi zì jǐ de xíng wéi fù zé 。	You must account for your conduct.	人要为自己的行为负责。	rén yào wèi zì jǐ de xíng wéi fù zé 。	One must be responsible for one's conduct.	他对他的行为感到后悔。	tā duì tā de xíng wéi gǎn dào hòu huǐ 。	He is regretting his action.
611	全世界	今天几乎全世界都在教授英语。	jīn tiān jī hū quán shì jiè dōu zài jiào shòu yīng yǔ 。	English is taught almost all over the world today.	全世界有超过40多种的语言。	quán shì jiè yǒu chāo guò 4 0 duō zhǒng de yǔ yán 。		全世界都知道。	quán shì jiè dōu zhī dào 。	The whole world knows that.
612	失恋	乔治失恋了。	qiáo zhì shī liàn le 。	George was broken-hearted.	他失恋了，所以便尝试自杀。	tā shī liàn le ， suǒ yǐ biàn cháng shì zì shā 。	He tried to kill himself because he lost her love.	欣怡最近瘦好多喔，是去健身房还是失恋啊？	xīn yí zuì jìn shòu hǎo duō ō ， shì qù jiàn shēn fáng hái shì shī liàn a ？	Hsin-yi got so much slimmer lately. Is it gym or heartbreak?
613	挖	不要再挖妳的鼻子了。	bú yào zài wā nǐ de bí zi le 。	Stop picking your nose.	他们正在挖一个洞。	tā men zhèng zài wā yí gè dòng 。	They're digging a hole.	他挖了一个洞。	tā wā le yí gè dòng 。	He dug a hole.
614	烧烤	我们星期天要去烧烤。	wǒ men xīng qī tiān yào qù shāo kǎo 。	We're having a barbeque on Sunday.	我们将在海滩举行烧烤聚会。	wǒ men jiāng zài hǎi tān jǔ xíng shāo kǎo jù huì 。	We'll have a barbecue at the beach.	我喜欢烧烤食物。	wǒ xǐ huān shāo kǎo shí wù 。	I love barbecue.
615	招	那你当时出来招什么欠呢	nà nǐ dāng shí chū lái zhāo shén me qiàn ne		所以他们才可以，很高的价格去招一些	suǒ yǐ tā men cái kě yǐ ， hěn gāo de jià gé qù zhāo yī xiē		这招不错	zhè zhāo bù cuò	
616	砸	他们把箱子砸成了碎片。	tā men bǎ xiāng zi zá chéng le suì piàn 。	They knocked the box to pieces.	我实在气得不得了，所以打算砸东西发泄。	wǒ shí zài qì dé bù dé le ， suǒ yǐ dǎ suàn zá dōng xī fā xiè 。	I am really extremely angry, so I plan to smash things to vent my anger.	车头的挡风玻璃被砸至粉碎。	chē tóu de dǎng fēng bō lí bèi zá zhì fěn suì 。	The front windshield of a car was smashed to pieces.
617	吓人	是不是吓人？	shì bú shì xià rén ？	Scary, isn't it?	我总觉得木偶戏有点吓人。	wǒ zǒng jué de mù ǒu xì yǒu diǎn xià rén 。	I always find puppet shows a bit creepy.	《WHAT THE CAR?》中的雷射奶牛又好笑又吓人！	《 W H A T   T H E   C A R ? 》 zhōng de léi shè nǎi niú yòu hǎo xiào yòu xià rén ！	The laser cow in WHAT THE CAR? is both hilarious and terrifying!
618	乖乖	乖乖回来告诉我随时等你约	guāi guāi huí lái gào sù wǒ suí shí děng nǐ yuē		怎么了怎么了？！乖乖不要生气！	zěn me le zěn me le ？ ！ guāi guāi bú yào shēng qì ！		真好，你就乖乖等我回家吧	zhēn hǎo ， nǐ jiù guāi guāi děng wǒ huí jiā ba	
619	形象	他的形象全毁了。	tā de xíng xiàng quán huǐ le 。	His image is completely ruined.	他们完全损坏了国家的形象。	tā men wán quán sǔn huài le guó jiā de xíng xiàng 。	They completely destroyed the image of the country.	上海人要树立上海新形象。	shàng hǎi rén yào shù lì shàng hǎi xīn xíng xiàng 。	The Shanghainese people must build up Shanghai's new image.
620	硬	这个床垫很硬。	zhè ge chuáng diàn hěn yìng 。	This is a very hard mattress.	马麻，我硬了。	mǎ má ， wǒ yìng le 。	Mummy, I've got an erection.	橡皮不硬：它在压力下会变形。	xiàng pí bù yìng ： tā zài yā lì xià huì biàn xíng 。	Rubber is not hard: it gives way to pressure.
621	婚礼	他们的婚礼将在明天举行。	tā men de hūn lǐ jiāng zài míng tiān jǔ xíng 。	Their wedding will be tomorrow.	婚礼那天，我们来到老师家。	hūn lǐ nà tiān ， wǒ men lái dào lǎo shī jiā 。	On the day of the wedding, we arrived at our teacher's house.	我上个月举行了婚礼。	wǒ shàng gè yuè jǔ xíng le hūn lǐ 。	I held a wedding ceremony last month.
622	结局	我不想把结局提前透露给你。	wǒ bù xiǎng bǎ jié jú tí qián tòu lù gěi nǐ 。	I don't want to spoil the ending for you.	我不知道故事的结局。	wǒ bù zhī dào gù shì de jié jú 。	I don't know the end of the story.	这部电影很无聊，最好的部分是结局。	zhè bù diàn yǐng hěn wú liáo ， zuì hǎo de bù fèn shì jié jú 。	This film is really boring - the best bit is when it finishes.
623	若	你若累了，就去睡个觉。	nǐ ruò lèi le ， jiù qù shuì gè jué 。	If you are tired, go to bed.	我若能来就会来。	wǒ ruò néng lái jiù huì lái 。	I will come if I can.	我若拜访你，会让你提前知道的。	wǒ ruò bài fǎng nǐ ， huì ràng nǐ tí qián zhī dào de 。	When I call on you, I'll let you know in advance.
624	醒来	我醒来，发现原来一切都是场梦。	wǒ xǐng lái ， fā xiàn yuán lái yī qiè dōu shì chǎng mèng 。	I awoke to find everything had been a dream.	花了你一段时间才醒来。	huā le nǐ yī duàn shí jiān cái xǐng lái 。	Took you a while to wake up.	我醒来，打算准备早饭。	wǒ xǐng lái ， dǎ suàn zhǔn bèi zǎo fàn 。	I've woken up and I intend to prepare my breakfast.
625	真相	我们必须知道事情的真相。	wǒ men bì xū zhī dào shì qíng de zhēn xiàng 。	We have to get at the truth of the matter.	我们应该告诉他真相的。	wǒ men yīng gāi gào sù tā zhēn xiàng de 。	We should have told him the truth.	我希望你告诉我真相了。	wǒ xī wàng nǐ gào sù wǒ zhēn xiàng le 。	I wish you had told me the truth.
626	自从	自从我认识她的时候，我就恨她。	zì cóng wǒ rèn shí tā de shí hòu ， wǒ jiù hèn tā 。	From the moment that I met her, I hated her.	汤姆自从203年就住在这里。	tāng mǔ zì cóng 2 0 3 nián jiù zhù zài zhè lǐ 。		自从你上次来这，已经有一段时间了。	zì cóng nǐ shàng cì lái zhè ， yǐ jīng yǒu yī duàn shí jiān le 。	It's been a while since your last visit.
627	彼此	每个国家都应该彼此帮助。	měi gè guó jiā dōu yīng gāi bǐ cǐ bāng zhù 。	Every nation should help each other.	人类是唯一彼此交谈的动物。	rén lèi shì wéi yī bǐ cǐ jiāo tán de dòng wù 。	Man is the only animal that talks.	我们彼此同意在十点整见面。	wǒ men bǐ cǐ tóng yì zài shí diǎn zhěng jiàn miàn 。	We made an agreement to meet exactly at ten.
628	汉子	我汉子起来我自己都害怕	wǒ hàn zi qǐ lái wǒ zì jǐ dōu hài pà		到底是妹子还是汉子	dào dǐ shì mèi zi hái shì hàn zi		真他妈的是条汉子 勇敢的小伙子啊	zhēn tā mā de shì tiáo hàn zi   yǒng gǎn de xiǎo huǒ zi a	
629	镜头	这是个普遍错误，最后一个镜头	zhè shì gè pǔ biàn cuò wù ， zuì hòu yí gè jìng tóu		我就特别喜欢他中间的功夫镜头	wǒ jiù tè bié xǐ huān tā zhōng jiān de gōng fu jìng tóu		我们用超级镜头拍的	wǒ men yòng chāo jí jìng tóu pāi de	
630	化	她总是化了妆。	tā zǒng shì huà le zhuāng 。	She is always well made up.	她化着浓妆。	tā huà zhe nóng zhuāng 。	She wears a lot of makeup.	雪化了。	xuě huà le 。	The snow is melted.
631	调	我可以为你调杯热饮料吗？	wǒ kě yǐ wèi nǐ diào bēi rè yǐn liào ma ？	Can I fix you a hot drink?	我得把手表调快两分钟。	wǒ dé bǎ shǒu biǎo diào kuài liǎng fēn zhōng 。	I need to set my watch to two minutes faster.	把电视声音调大点儿。	bǎ diàn shì shēng yīn diào dà diǎn ér 。	Turn up the TV.
632	进步	和以前相比，已经进步了很多。	hé yǐ qián xiāng bǐ ， yǐ jīng jìn bù le hěn duō 。	It has greatly improved compared with what it was.	今天我们取得了很多进步。	jīn tiān wǒ men qǔ dé le hěn duō jìn bù 。	We've made a lot of progress today.	我对他的进步感到很满意。	wǒ duì tā de jìn bù gǎn dào hěn mǎn yì 。	I'm satisfied with his progress.
633	有木有	太像了有木有	tài xiàng le yǒu mù yǒu		你有木有兴趣？	nǐ yǒu mù yǒu xìng qù ？		有木有放盐	yǒu mù yǒu fàng yán	
634	扣	你是怎么做到扣58分的！	nǐ shì zěn me zuò dào kòu 5 8 fēn de ！		我每天超了都扣1元	wǒ měi tiān chāo le dōu kòu 1 yuán		我差点就扣了	wǒ chà diǎn jiù kòu le	
635	紧	这些鞋子太紧了，伤脚。	zhè xiē xié zi tài jǐn le ， shāng jiǎo 。	These shoes are too tight. They hurt.	苹果在发售日期和价格上口风仍然很紧。	píng guǒ zài fā shòu rì qī hé jià gé shàng kǒu fēng réng rán hěn jǐn 。	Apple is still very secretive with regard to the release date and the price.	我试了Control，但是我觉得它们的比杜蕾斯的紧。	wǒ shì le C o n t r o l ， dàn shì wǒ jué de tā men de bǐ dù lěi sī de jǐn 。	I've tried Controls, but they seem a little tighter to me than Durexes.
636	举报	而且在有段时间举报没有用	ér qiě zài yǒu duàn shí jiān jǔ bào méi yǒu yòng		有人开会玩儿手机我要举报了	yǒu rén kāi huì wán ér shǒu jī wǒ yào jǔ bào le		你不怕不怕举报，根本不怕举报	nǐ bù pà bù pà jǔ bào ， gēn běn bù pà jǔ bào	
637	技能	我想她肯定有其他技能。	wǒ xiǎng tā kěn dìng yǒu qí tā jì néng 。	I'm sure she has other skills.	流利的英语在今天是一种十分抢手的技能。	liú lì de yīng yǔ zài jīn tiān shì yī zhǒng shí fēn qiǎng shǒu de jì néng 。	Fluency in English is a very marketable skill today.	控制一个班级需要你做老师的所有技能。	kòng zhì yí gè bān jí xū yào nǐ zuò lǎo shī de suǒ yǒu jì néng 。	To control a class calls for all your skills as a teacher.
638	脑袋	为什么你的脑袋那么聪明呢？	wèi shén me nǐ de nǎo dài nà me cōng míng ne ？	Why are you so smart?	你的脑袋坏了吗？	nǐ de nǎo dài huài le ma ？	Is your skull broken?	这几天我脑袋里的事情太多了。	zhè jǐ tiān wǒ nǎo dài lǐ de shì qíng tài duō le 。	I have too many things on my mind these days.
639	事故	他解释事故是怎么发生的。	tā jiě shì shì gù shì zěn me fā shēng de 。	He explained how the accident came about.	事故使她失去了丈夫。	shì gù shǐ tā shī qù le zhàng fū 。	The accident bereaved her of her husband.	警察调查事故的原因。	jǐng chá diào chá shì gù de yuán yīn 。	The police are investigating the cause of the accident.
640	在意	我不认为她很在意。	wǒ bù rèn wéi tā hěn zài yì 。	I don't think she cares very much.	我不那么在意。	wǒ bù nà me zài yì 。	I don't care all that much.	不必在意。	bù bì zài yì 。	Forget it.
641	随	我让他随我来，他同意了。	wǒ ràng tā suí wǒ lái ， tā tóng yì le 。	I asked him to come with me and he agreed.	你走或留，随你高兴。	nǐ zǒu huò liú ， suí nǐ gāo xìng 。	You can go or stay, as you wish.	随你喜欢随便吃。	suí nǐ xǐ huān suí biàn chī 。	Help yourself to whatever you like.
642	小伙伴	它是我们的小伙伴 我爱它	tā shì wǒ men de xiǎo huǒ bàn   wǒ ài tā		给你找了几个小伙伴	gěi nǐ zhǎo le jǐ gè xiǎo huǒ bàn		我要送给小伙伴的	wǒ yào sòng gěi xiǎo huǒ bàn de	
643	眼光	他对女人没有眼光。	tā duì nǚ rén méi yǒu yǎn guāng 。	He has no eye for women.	她看古董的眼光很好。	tā kàn gǔ dǒng de yǎn guāng hěn hǎo 。	She has an eye for antiques.	玛丽赶紧避开了眼光。	mǎ lì gǎn jǐn bì kāi le yǎn guāng 。	Mary quickly averted her eyes.
644	蹭	做的好吃的话可以去蹭么	zuò de hǎo chī de huà kě yǐ qù cèng me		蹭着蹭着就解决了	cèng zhe cèng zhe jiù jiě jué le		蹭得累啊	cèng dé lèi a	
645	嫌	刚刚就嫌我们声音小呢	gāng gāng jiù xián wǒ men shēng yīn xiǎo ne		如果你不嫌麻烦的话	rú guǒ nǐ bù xián má fán de huà		对这,你不嫌自己太老?	duì zhè , nǐ bù xián zì jǐ tài lǎo ?	
646	自动	我电脑自动关机了。	wǒ diàn nǎo zì dòng guān jī le 。	My computer shut down automatically.	咖啡自动贩卖机是坏的。	kā fēi zì dòng fàn mài jī shì huài de 。	Coffee vending machines are bad.	自动售货机在那边。	zì dòng shòu huò jī zài nà biān 。	The vending machines are over there.
647	忍不住	想起这些，我忍不住要笑。	xiǎng qǐ zhè xiē ， wǒ rěn bú zhù yào xiào 。	When I thought of that, I couldn’t help smiling.	她忍不住笑了。	tā rěn bú zhù xiào le 。	She cannot but laugh.	我忍不住取笑他的发型。	wǒ rěn bú zhù qǔ xiào tā de fà xíng 。	I could not help laughing at his haircut.
648	可不是	你们可不是小孩了。	nǐ men kě bú shì xiǎo hái le 。	You aren't kids anymore.	这可不是我做的。	zhè kě bú shì wǒ zuò de 。	I didn't do this.	动物可不是玩具。	dòng wù kě bú shì wán jù 。	Animals are not toys!
649	称	标准汉语又称普通话。	biāo zhǔn hàn yǔ yòu chēng pǔ tōng huà 。	Standard Chinese is also called Mandarin.	这个产品称它能帮助你减肥。	zhè ge chǎn pǐn chēng tā néng bāng zhù nǐ jiǎn féi 。	This product claims to help you lose weight.	他们称这个星球为「地球」。	tā men chēng zhè ge xīng qiú wèi 「 dì qiú 」 。	They call this planet 'Earth'.
650	歌词	因为我已经找到最精彩的歌词	yīn wèi wǒ yǐ jīng zhǎo dào zuì jīng cǎi de gē cí		我不记得歌词了，坚持住.	wǒ bù jì de gē cí le ， jiān chí zhù .		哦，那你能记住哪个歌词就唱一唱	ó ， nà nǐ néng jì zhù nǎ ge gē cí jiù chàng yī chàng	
651	福	施比受更有福。	shī bǐ shòu gèng yǒu fú 。	It is more blessed to give than to receive.	人要知福、惜福、再造福。	rén yào zhī fú 、 xī fú 、 zài zào fú 。	One must understand and cherish fortune before creating it.	能付出爱心就是福，能消除烦恼就是慧。	néng fù chū ài xīn jiù shì fú ， néng xiāo chú fán nǎo jiù shì huì 。	Knowing how to love is success; knowing how to relax is wisdom.
652	社长	不用了爸爸跟这里的社长是朋友	bù yòng le bà bà gēn zhè lǐ de shè zhǎng shì péng yǒu		我也想和社长交朋友	wǒ yě xiǎng hé shè zhǎng jiāo péng yǒu		是啊， 我以前是社长	shì a ，   wǒ yǐ qián shì shè zhǎng	
653	断	她发现她已经断盐了。	tā fā xiàn tā yǐ jīng duàn yán le 。	She discovered that she had run out of salt.	马倒下时脖子断了。	mǎ dǎo xià shí bó zi duàn le 。	The horse broke its neck when it fell.	我们爬山的时候绳子断了。	wǒ men pá shān de shí hòu shéng zi duàn le 。	The rope broke when we were climbing the mountain.
654	记忆	他将永远活在我们的记忆中。	tā jiāng yǒng yuǎn huó zài wǒ men de jì yì zhōng 。	He will forever live on in our memories.	她会永远活在我们的记忆里面。	tā huì yǒng yuǎn huó zài wǒ men de jì yì lǐ miàn 。	She will forever live on in our memories.	我奶奶失去了记忆。	wǒ nǎi nǎi shī qù le jì yì 。	My grandmother lost her memory.
655	诗	你觉得这些诗怎么样？	nǐ jué de zhè xiē shī zěn me yàng ？	What do you think of these poems?	谁诗你最喜欢的老师？	shuí shī nǐ zuì xǐ huān de lǎo shī ？	Who's your favorite teacher?	他把诗翻译成英语。	tā bǎ shī fān yì chéng yīng yǔ 。	He translated the verse into English.
656	露	你想把耳朵露出来吗？	nǐ xiǎng bǎ ěr duǒ lù chū lái ma ？	Would you like your ears to show?	太阳露出来了。	tài yáng lù chū lái le 。	The sun came out.	我的年岁会露出来。	wǒ de nián suì huì lù chū lái 。	My age is going to tell on me.
657	样	好 就给样东西你看	hǎo   jiù gěi yàng dōng xī nǐ kàn		就给样东西你看	jiù gěi yàng dōng xī nǐ kàn		说得就跟你没耍样你骂我	shuō dé jiù gēn nǐ méi shuǎ yàng nǐ mà wǒ	
658	单身狗	世界上有很多单身狗陪你	shì jiè shàng yǒu hěn duō dān shēn gǒu péi nǐ		明天我跟同事出去，四个单身狗	míng tiān wǒ gēn tóng shì chū qù ， sì gè dān shēn gǒu		美国所有单身狗都要学	měi guó suǒ yǒu dān shēn gǒu dōu yào xué	
659	无所谓	你做什么都无所谓。	nǐ zuò shén me dōu wú suǒ wèi 。	It doesn't matter what you do.	您选哪个我无所谓。	nín xuǎn nǎ ge wǒ wú suǒ wèi 。	I don't care whichever you choose.	我遇见谁都无所谓。	wǒ yù jiàn shuí dōu wú suǒ wèi 。	It makes no difference who I meet.
660	瞬间	那是个美好的瞬间。	nà shì gè měi hǎo de shùn jiān 。	That was a beautiful moment.	我瞬间对你肃然起敬！	wǒ shùn jiān duì nǐ sù rán qǐ jìng ！	I am immediately in awe of you!	在他们双目交接的瞬间，世界仿佛静止了。	zài tā men shuāng mù jiāo jiē de shùn jiān ， shì jiè fǎng fú jìng zhǐ le 。	When their eyes met, it was as if the world stood still.
661	流量	难道和我一样？哈哈。流量怎样	nán dào hé wǒ yī yàng ？ hā hā 。 liú liàng zěn yàng		太费流量了，还不如给M打电话聊天	tài fèi liú liàng le ， hái bù rú gěi M dǎ diàn huà liáo tiān		这流量真TM的大啊	zhè liú liàng zhēn T M de dà a	
662	灵魂	你认为动物有灵魂吗？	nǐ rèn wéi dòng wù yǒu líng hún ma ？	Do you think animals have souls?	没有了你，我就像没有灵魂的躯体。	méi yǒu le nǐ ， wǒ jiù xiàng méi yǒu líng hún de qū tǐ 。	Me without you is like a body with no soul.	我是个自由的灵魂。	wǒ shì gè zì yóu de líng hún 。	I have a free spirit.
663	榴莲	而且榴莲你也是这样子啊	ér qiě liú lián nǐ yě shì zhè yàng zi a		嗯，还有嗯还有那个榴莲	ń ， hái yǒu ń hái yǒu nà ge liú lián		爱情就像榴莲一样	ài qíng jiù xiàng liú lián yī yàng	
664	战争	战争不会使任何人幸福。	zhàn zhēng bú huì shǐ rèn hé rén xìng fú 。	War doesn't make anybody happy.	你支持还是反对战争?	nǐ zhī chí hái shì fǎn duì zhàn zhēng ?	Are you for the war or against it?	三年后战争开始了。	sān nián hòu zhàn zhēng kāi shǐ le 。	The war began three years later.
665	师兄	谢谢师兄期待到时候见面哟	xiè xiè shī xiōng qī dài dào shí hòu jiàn miàn yō		啊那个师兄那个师兄不好我觉得	a nà ge shī xiōng nà ge shī xiōng bù hǎo wǒ jué de		师兄，发生什么事了？	shī xiōng ， fā shēng shén me shì le ？	
666	女友	我就是在给我女友写信。	wǒ jiù shì zài gěi wǒ nǚ yǒu xiě xìn 。	I'm just writing a letter to my girlfriend.	Tom有很多女友。	T o m yǒu hěn duō nǚ yǒu 。	Tom had numerous girlfriends.	我只是在写一封信给我的女友。	wǒ zhǐ shì zài xiě yī fēng xìn gěi wǒ de nǚ yǒu 。	I'm just writing a letter to my girlfriend.
667	吵架	他们总是为了小事吵架。	tā men zǒng shì wèi le xiǎo shì chǎo jià 。	They always fight over little things.	他总是与他的妻子吵架。	tā zǒng shì yǔ tā de qī zǐ chǎo jià 。	He always quarrels with his wife.	你知道吗，他们又在吵架。	nǐ zhī dào ma ， tā men yòu zài chǎo jià 。	They're arguing again, you know.
668	微信	嗯，如果通过微信去跟别人说话的话。	ń ， rú guǒ tōng guò wēi xìn qù gēn bié rén shuō huà de huà 。		后来就一，就把那个什么Q Q微信就都删了。	hòu lái jiù yī ， jiù bǎ nà ge shén me Q   Q wēi xìn jiù dōu shān le 。		你很少就去通过这个微信去跟别人说话。	nǐ hěn shǎo jiù qù tōng guò zhè ge wēi xìn qù gēn bié rén shuō huà 。	
669	高三	我不敢相信他们是高三学生了	wǒ bù gǎn xiāng xìn tā men shì gāo sān xué shēng le		高三的课虽然有点难	gāo sān de kè suī rán yǒu diǎn nán		我也高三。我们的梦	wǒ yě gāo sān 。 wǒ men de mèng	
670	玩玩	我们下次一起去玩玩呀	wǒ men xià cì yì qǐ qù wán wán ya		我觉得有空我需要去找你玩玩耶	wǒ jué de yǒu kòng wǒ xū yào qù zhǎo nǐ wán wán yé		像那种你玩游戏的话，你平常玩玩	xiàng nà zhǒng nǐ wán yóu xì de huà ， nǐ píng cháng wán wán	
671	媳妇	爸爸，承认吧 她是不是最美丽的媳妇	bà bà ， chéng rèn ba   tā shì bú shì zuì měi lì de xí fù		我媳妇怎么这么棒	wǒ xí fù zěn me zhè me bàng		叔，你媳妇多小啊	shū ， nǐ xí fù duō xiǎo a	
672	领	她领他到他的座位上。	tā lǐng tā dào tā de zuò wèi shàng 。	She showed him to his seat.	昨晚我领居家着火了。	zuó wǎn wǒ lǐng jū jiā zháo huǒ le 。	A fire broke out in my neighborhood last night.	对不起，没有身份证是不能领汇款的。	duì bù qǐ ， méi yǒu shēn fèn zhèng shì bù néng lǐng huì kuǎn de 。	I'm sorry, without an I.D. you cannot receive a remittance.
673	同款	他们买了跟你同款的相机。	tā men mǎi le gēn nǐ tóng kuǎn de xiàng jī 。	They bought the same camera as you.	有人跟你买了同款.	yǒu rén gēn nǐ mǎi le tóng kuǎn .		可爱的我家同款	kě ài de wǒ jiā tóng kuǎn	
674	爹	我是永远的18岁，当爹了也18岁	wǒ shì yǒng yuǎn de 1 8 suì ， dāng diē le yě 1 8 suì		你爹一定花了很多时间	nǐ diē yí dìng huā le hěn duō shí jiān		爹还没定，这话说的好！	diē hái méi dìng ， zhè huà shuō de hǎo ！	
675	师姐	那师姐真的蛮好看的	nà shī jiě zhēn de mán hǎo kàn de		师姐 那我男友是谁啊	shī jiě   nà wǒ nán yǒu shì shuí a		师姐，原来你已经好了	shī jiě ， yuán lái nǐ yǐ jīng hǎo le	
676	人品	她长得很漂亮，人品很好	tā zhǎng dé hěn piào liàng ， rén pǐn hěn hǎo		人品问题吧。哈哈	rén pǐn wèn tí ba 。 hā hā		额…那是人品问题？	é … nà shì rén pǐn wèn tí ？	
677	恢复	老师再次恢复健康了。	lǎo shī zài cì huī fù jiàn kāng le 。	The teacher got quite well again.	不久后, 他恢复了健康。	bù jiǔ hòu ,   tā huī fù le jiàn kāng 。	It was not long before he got well.	爸爸恢复了健康。	bà bà huī fù le jiàn kāng 。	Father recovered his health.
678	碎	花盆碎了。	huā pén suì le 。	The flower pot is broken.	不要踩在碎玻璃上。	bú yào cǎi zài suì bō lí shàng 。	Don't step on the broken glass.	玻璃易碎。	bō lí yì suì 。	Glass breaks easily.
679	皇帝	皇帝的生日在星期日。	huáng dì de shēng rì zài xīng qī rì 。	The Emperor's Birthday fell on Sunday.	皇帝也得讲道理。	huáng dì yě dé jiǎng dào lǐ 。	Caesar is not above grammarians.	公主向皇帝请求饶恕。	gōng zhǔ xiàng huáng dì qǐng qiú ráo shù 。	The princess begged forgiveness from the emperor.
680	相亲	呵呵以后去相亲去找妹子	hē hē yǐ hòu qù xiāng qīn qù zhǎo mèi zi		哎呀，搞的咱们这个相亲节目一样	āi yā ， gǎo de zán men zhè ge xiāng qīn jié mù yī yàng		绝对是，赶紧找个！相亲！	jué duì shì ， gǎn jǐn zhǎo gè ！ xiāng qīn ！	
681	不要脸	你怎么能变得这么不要脸	nǐ zěn me néng biàn dé zhè me bú yào liǎn		你以为光不要脸就行啦	nǐ yǐ wéi guāng bú yào liǎn jiù xíng la		这些不要脸 想踢我出去	zhè xiē bú yào liǎn   xiǎng tī wǒ chū qù	
682	功能	我将增加画龙点睛的功能。	wǒ jiāng zēng jiā huà lóng diǎn jīng de gōng néng 。	I'll add the finishing touch.	记忆是我们大脑的一种主要功能。	jì yì shì wǒ men dà nǎo de yī zhǒng zhǔ yào gōng néng 。	Memory is an essential function of our brain.	这手表有防震功能。	zhè shǒu biǎo yǒu fáng zhèn gōng néng 。	This watch is shock-proof.
683	绝望	丈夫去世时她十分绝望。	zhàng fū qù shì shí tā shí fēn jué wàng 。	She was in despair when her husband died.	充满希望比绝望好。	chōng mǎn xī wàng bǐ jué wàng hǎo 。	To hope is better than to despair.	汤姆绝望了。	tāng mǔ jué wàng le 。	Tom gave up all hope.
684	攻击	我们没有打算要攻击他。	wǒ men méi yǒu dǎ suàn yào gōng jī tā 。	We didn't intend to attack him.	第一次攻击错过了目标。	dì yī cì gōng jī cuò guò le mù biāo 。	The first attack missed the target.	敌人们在晚上做了个攻击。	dí rén men zài wǎn shàng zuò le gè gōng jī 。	The enemies made an attack at night.
685	假装	你为什么假装不认识我？	nǐ wèi shén me jiǎ zhuāng bù rèn shí wǒ ？	Why are you pretending you don't know me?	我哥哥假装工作很努力。	wǒ gē gē jiǎ zhuāng gōng zuò hěn nǔ lì 。	My brother pretended to be working very hard.	不要再假装一切都好了，不是这样的！	bú yào zài jiǎ zhuāng yī qiè dōu hǎo le ， bú shì zhè yàng de ！	Stop pretending that everything's okay. It's not.
686	不许	不许讨论。	bù xǔ tǎo lùn 。	No discussion.	不许逐字逐句地翻译这个句子。	bù xǔ zhú zì zhú jù dì fān yì zhè ge jù zi 。	You cannot translate the sentence word-for-word.	你不许犯法。	nǐ bù xǔ fàn fǎ 。	You are not to break the law.
687	充满	春天让我们对未来充满希望。	chūn tiān ràng wǒ men duì wèi lái chōng mǎn xī wàng 。	Spring makes us full of hope about the future.	为什么生活充满着那么多痛苦?	wèi shén me shēng huó chōng mǎn zhe nà me duō tòng kǔ ?	Why is life so full of suffering?	这本书充满了错误。	zhè běn shū chōng mǎn le cuò wù 。	This book is full of mistakes.
688	学霸	然后从小又是个学霸	rán hòu cóng xiǎo yòu shì gè xué bà		有吗？只有学霸知道	yǒu ma ？ zhǐ yǒu xué bà zhī dào		真的聪明学霸！	zhēn de cōng míng xué bà ！	
689	过去了	春天过去了, 夏天开始了。	chūn tiān guò qù le ,   xià tiān kāi shǐ le 。	Spring is over and summer has come.	时间很快地过去了。	shí jiān hěn kuài dì guò qù le 。	Time has passed very fast.	夏天很快过去了。	xià tiān hěn kuài guò qù le 。	The summer was over in no time.
690	情绪	你应该学习控制自己的情绪。	nǐ yīng gāi xué xí kòng zhì zì jǐ de qíng xù 。	You should learn to restrain yourself.	有时我们很难控制自己的情绪。	yǒu shí wǒ men hěn nán kòng zhì zì jǐ de qíng xù 。	It's sometimes difficult to control our feelings.	汤姆试着控制他的情绪。	tāng mǔ shì zhe kòng zhì tā de qíng xù 。	Tom tried to control his emotions.
691	似乎	交通事故的数量似乎在增长。	jiāo tōng shì gù de shù liàng sì hū zài zēng zhǎng 。	The number of traffic accidents seems to be on the increase.	那房子似乎没有人住。	nà fáng zi sì hū méi yǒu rén zhù 。	The house gave no sign of life.	每一个伟大的作家似乎已经对英语感兴趣。	měi yí gè wěi dà de zuò jiā sì hū yǐ jīng duì yīng yǔ gǎn xìng qù 。	Every great writer seems to have been interested in English.
692	辈子	你这辈子什么时候开心过吗？	nǐ zhè bèi zi shén me shí hòu kāi xīn guò ma ？	What's the last thing you were ever happy about?	我这辈子见谁也没有这么高兴	wǒ zhè bèi zi jiàn shuí yě méi yǒu zhè me gāo xìng		只是我这辈子都是被训练去做.	zhǐ shì wǒ zhè bèi zi dōu shì bèi xùn liàn qù zuò .	
693	只不过	你是个好人，只不过长得好像很坏。	nǐ shì gè hǎo rén ， zhǐ bù guò zhǎng dé hǎo xiàng hěn huài 。	You are a good person, but you look like a bad person.	你只不过是一个学生。	nǐ zhǐ bù guò shì yí gè xué shēng 。	You are nothing but a student.	这只不过是个借口。	zhè zhǐ bù guò shì gè jiè kǒu 。	That's just an excuse.
694	偏	回答偏了。	huí dá piān le 。	The answer misses the point.	他故意射偏, 因为不想射死我。	tā gù yì shè piān ,   yīn wèi bù xiǎng shè sǐ wǒ 。	He missed on purpose so as not to kill me.	薛偏要在床上看电视	xuē piān yào zài chuáng shàng kàn diàn shì	Xue insists on watching TV in bed.
695	派	你必须派人去请医生来。	nǐ bì xū pài rén qù qǐng yī shēng lái 。	You must send for the doctor.	你最好派人去请医生来。	nǐ zuì hǎo pài rén qù qǐng yī shēng lái 。	You'd better send for a doctor.	我想做个派。	wǒ xiǎng zuò gè pài 。	I want to make a pie.
696	第二	习惯是第二天性。	xí guàn shì dì èr tiān xìng 。	Habit is second nature.	第二课非常简单。	dì èr kè fēi cháng jiǎn dān 。	The second lesson is very simple.	第二课很简单。	dì èr kè hěn jiǎn dān 。	Lesson Two is easy.
697	签名	你能在这里签名吗?	nǐ néng zài zhè lǐ qiān míng ma ?	Could you sign here?	他们有没有签名？	tā men yǒu méi yǒu qiān míng ？	Did they sign?	他们签名了吗？	tā men qiān míng le ma ？	Did they sign?
698	天下	天下没有免费的午餐。	tiān xià méi yǒu miǎn fèi de wǔ cān 。	There's no such thing as a free lunch.	天下没有白吃的午餐。	tiān xià méi yǒu bái chī de wǔ cān 。	There's no such thing as a free lunch.	天上天下，唯我独尊。	tiān shàng tiān xià ， wéi wǒ dú zūn 。	Throughout Heaven and Earth, I alone am the honored one.
699	虾	有虾啊什么的都特别好吃。	yǒu xiā a shén me de dōu tè bié hǎo chī 。		我们本来又要去吃虾的你懂的。	wǒ men běn lái yòu yào qù chī xiā de nǐ dǒng de 。		虾了嘛鱼了嘛	xiā le ma yú le ma	
700	保重	谢谢妹妹关心！你也多保重	xiè xiè mèi mèi guān xīn ！ nǐ yě duō bǎo zhòng		多多保重好好休息	duō duō bǎo zhòng hǎo hǎo xiū xī		你要保重你自己	nǐ yào bǎo zhòng nǐ zì jǐ	
701	报告	你写这份报告花了多长时间？	nǐ xiě zhè fèn bào gào huā le duō zhǎng shí jiān ？	How long did it take you to write this report?	我们认为这份报告是假的。	wǒ men rèn wéi zhè fèn bào gào shì jiǎ de 。	We considered the report as false.	我今天必须交报告。	wǒ jīn tiān bì xū jiāo bào gào 。	I must hand in the report today.
702	飘	他们心态都飘了你知道么	tā men xīn tài dōu piāo le nǐ zhī dào me		飘我觉得不会吧，她已经火的差不多	piāo wǒ jué de bú huì ba ， tā yǐ jīng huǒ de chà bu duō		这么夸我，我有点飘	zhè me kuā wǒ ， wǒ yǒu diǎn piāo	
703	隔	他们之间隔着很远的距离。	tā men zhī jiān gé zhe hěn yuǎn de jù lí 。	They are separated by a great distance.	她每隔一天去图书馆。	tā měi gé yī tiān qù tú shū guǎn 。	She goes to the library every other day.	我们是隔着墙的邻居。	wǒ men shì gé zhe qiáng de lín jū 。	We're next-door neighbors.
704	啦啦	啦啦，我放假了放假了放假了	la la ， wǒ fàng jià le fàng jià le fàng jià le		也对我最近陪我同学在玩啦啦	yě duì wǒ zuì jìn péi wǒ tóng xué zài wán la la		可是这就是我理解的意思啦啦。	kě shì zhè jiù shì wǒ lǐ jiě de yì si la la 。	
705	付出	不要害怕付出。	bú yào hài pà fù chū 。	Don't be afraid to invest time and energy.	世界上没有人能够不付出努力就获得成功。	shì jiè shàng méi yǒu rén néng gòu bù fù chū nǔ lì jiù huò dé chéng gōng 。	No one succeeds in the world without effort.	付出什么，就会得到什么。	fù chū shén me ， jiù huì dé dào shén me 。	What you give, you will get it back.
706	嘴巴	他张开了嘴巴说不出话来。	tā zhāng kāi le zuǐ bā shuō bù chū huà lái 。	He was in open-mouthed amazement.	为什么不让你的嘴巴休息呢？	wèi shén me bù ràng nǐ de zuǐ bā xiū xī ne ？	Why don't you give your mouth a rest?	汤姆是一个大嘴巴。	tāng mǔ shì yí gè dà zuǐ bā 。	Tom has a pretty big mouth.
707	集	为啥我集了20人家也没给我发啊	wèi shá wǒ jí le 2 0 rén jiā yě méi gěi wǒ fā a		就是啊哪集有勒我都没看到过	jiù shì a nǎ jí yǒu lēi wǒ dōu méi kàn dào guò		好像有好好多好多部，好多好多集	hǎo xiàng yǒu hǎo hǎo duō hǎo duō bù ， hǎo duō hǎo duō jí	
708	签	我签了文件。	wǒ qiān le wén jiàn 。	I signed the document.	请你在这个地方签个字。	qǐng nǐ zài zhè ge dì fāng qiān gè zì 。	Please sign here.	别用铅笔签合同。	bié yòng qiān bǐ qiān hé tóng 。	Don't sign the contract in pencil.
709	念	有人可以念这个字吗？	yǒu rén kě yǐ niàn zhè ge zì ma ？	Is there anyone who can pronounce this word?	你在哪里念高中?	nǐ zài nǎ lǐ niàn gāo zhōng ?	Where do you attend high school?	这个字怎么念？	zhè ge zì zěn me niàn ？	How do you read this character?
710	合作	提前感谢你们的合作。	tí qián gǎn xiè nǐ men de hé zuò 。	Thank you in advance for your cooperation.	我想和贵公司合作。	wǒ xiǎng hé guì gōng sī hé zuò 。	I want to work with your company.	我需要你们的合作。	wǒ xū yào nǐ men de hé zuò 。	I need your cooperation.
711	整天	他们不得不整天呆在家里。	tā men bù dé bù zhěng tiān dāi zài jiā lǐ 。	They had to stay at home all day.	明天我们整天都在家里。	míng tiān wǒ men zhěng tiān dōu zài jiā lǐ 。	We'll be home all day tomorrow.	你想整天都在这儿吗？	nǐ xiǎng zhěng tiān dōu zài zhè ér ma ？	Do you want to stay here all day?
712	听听	可以借几张 CD 来听听吗？	kě yǐ jiè jǐ zhāng   C D   lái tīng tīng ma ？	Do you think you could lend me some of your records?	我想听听流行音乐。	wǒ xiǎng tīng tīng liú xíng yīn yuè 。	I want to listen to popular music.	你应该听听。	nǐ yīng gāi tīng tīng 。	You should listen.
713	云南	呵呵感觉云南雨水都很少的	hē hē gǎn jué yún nán yǔ shuǐ dōu hěn shǎo de		你又去云南了吗，怎么感觉每年都去那里	nǐ yòu qù yún nán le ma ， zěn me gǎn jué měi nián dōu qù nà lǐ		云南这边就是	yún nán zhè biān jiù shì	
714	中秋	春节 中秋不给奖金吗	chūn jié   zhōng qiū bù gěi jiǎng jīn ma		中秋不想家人吗	zhōng qiū bù xiǎng jiā rén ma		中秋又怎么了	zhōng qiū yòu zěn me le	
715	女主	知道怕了，然后就去找女主	zhī dào pà le ， rán hòu jiù qù zhǎo nǚ zhǔ		嗯女主好可爱的	ń nǚ zhǔ hǎo kě ài de		女主终于出现了	nǚ zhǔ zhōng yú chū xiàn le	
716	闺蜜	我和我妹妹和她闺蜜出去玩	wǒ hé wǒ mèi mèi hé tā guī mì chū qù wán		不过你就不同了 你是她的闺蜜	bù guò nǐ jiù bù tóng le   nǐ shì tā de guī mì		我要带上三个闺蜜	wǒ yào dài shàng sān gè guī mì	
717	显得	我们小时候，所有的一切对我们来说都显得那么大。	wǒ men xiǎo shí hòu ， suǒ yǒu de yī qiè duì wǒ men lái shuō dōu xiǎn de nà me dà 。		妈妈，妳这个发型显得老气。	mā mā ， nǐ zhè ge fà xíng xiǎn de lǎo qì 。	Mom, that hairstyle makes you look old.	他在他弟弟旁边显得很年轻。	tā zài tā dì dì páng biān xiǎn de hěn nián qīng 。	He looked young beside his brother.
718	体会	我现在还能体会当时的感觉	wǒ xiàn zài hái néng tǐ huì dāng shí de gǎn jué		所以你才是孤独的，我能体会！	suǒ yǐ nǐ cái shì gū dú de ， wǒ néng tǐ huì ！		内心有没有一种什么样的体会呢？	nèi xīn yǒu méi yǒu yī zhǒng shén me yàng de tǐ huì ne ？	
719	青岛	青岛，事情很奇怪呢	qīng dǎo ， shì qíng hěn qí guài ne		你是要去青岛嘛？	nǐ shì yào qù qīng dǎo ma ？		青岛那边的	qīng dǎo nà biān de	
720	害	那害什么怕有公路有路有车	nà hài shén me pà yǒu gōng lù yǒu lù yǒu chē		她是不是也害过很多人。	tā shì bú shì yě hài guò hěn duō rén 。		快点快点，害我今天孤独	kuài diǎn kuài diǎn ， hài wǒ jīn tiān gū dú	
721	冠军	我和他竞争冠军。	wǒ hé tā jìng zhēng guàn jūn 。	I competed with him for the championship.	他赢了冠军就自吹自擂了起来。	tā yíng le guàn jūn jiù zì chuī zì léi le qǐ lái 。	He boasted of having won the first prize.	他在国际象棋比赛中取得了冠军。	tā zài guó jì xiàng qí bǐ sài zhōng qǔ dé le guàn jūn 。	He carried off the first prize at the chess tournament.
722	缘分	还有缘分昨天我也做了蛋糕	hái yǒu yuán fēn zuó tiān wǒ yě zuò le dàn gāo		我俩在努力，剩下的交给缘分。	wǒ liǎ zài nǔ lì ， shèng xià de jiāo gěi yuán fēn 。		看来我和你算是有点缘分	kàn lái wǒ hé nǐ suàn shì yǒu diǎn yuán fēn	
723	吐槽	我也是约个饭吐槽一下	wǒ yě shì yuē gè fàn tǔ cáo yī xià		过年回去给你慢慢吐槽	guò nián huí qù gěi nǐ màn màn tǔ cáo		Gary Nevile到底哪里可以被吐槽?	G a r y   N e v i l e dào dǐ nǎ lǐ kě yǐ bèi tǔ cáo ?	
724	憋	哈哈，憋几天估计也差不多了	hā hā ， biē jǐ tiān gū jì yě chà bu duō le		憋解释了我们都懂	biē jiě shì le wǒ men dōu dǒng		那你就别憋著好了	nà nǐ jiù bié biē zhù hǎo le	
725	周五	今天是周五，明天就是周末了！	jīn tiān shì zhōu wǔ ， míng tiān jiù shì zhōu mò le ！	Today is Friday. The weekend starts already tomorrow!	周五晚上真是太棒了。	zhōu wǔ wǎn shàng zhēn shì tài bàng le 。	Friday evening was incredible.	她们只在周五看电视。	tā men zhǐ zài zhōu wǔ kàn diàn shì 。	They watch telly only on Fridays.
726	有种	你有种奇怪的幽默感。	nǐ yǒu zhǒng qí guài de yōu mò gǎn 。	You have a strange sense of humor.	我有种奇怪的感觉。	wǒ yǒu zhǒng qí guài de gǎn jué 。	A strange feeling came over me.	我和我阿姨有种特别的情谊。	wǒ hé wǒ ā yí yǒu zhǒng tè bié de qíng yì 。	I have a special relationship with my aunt.
727	咋办	那咋办么，家长怎么都这么急	nà zǎ bàn me ， jiā zhǎng zěn me dōu zhè me jí		哈哈可我觉得好笑呢咋办	hā hā kě wǒ jué de hǎo xiào ne zǎ bàn		- 他们想让我们现在咋办？	-   tā men xiǎng ràng wǒ men xiàn zài zǎ bàn ？	
728	王者	你知道就男生玩那个王者	nǐ zhī dào jiù nán shēng wán nà ge wáng zhě		人类中的伟大王者	rén lèi zhōng de wěi dà wáng zhě		等我回来就是王者	děng wǒ huí lái jiù shì wáng zhě	
729	显示	错误是如何显示出来的？	cuò wù shì rú hé xiǎn shì chū lái de ？	How is the error observed?	他们的调查结果显示这篇报导是真实的。	tā men de diào chá jié guǒ xiǎn shì zhè piān bào dǎo shì zhēn shí de 。	The report proved true as a result of their investigation.	最近的一项调查显示吸烟的人数减少了。	zuì jìn de yī xiàng diào chá xiǎn shì xī yān de rén shù jiǎn shǎo le 。	A recent survey shows that the number of smokers is decreasing.
730	五一	我想放到五一，只是想想而已	wǒ xiǎng fàng dào wǔ yī ， zhǐ shì xiǎng xiǎng ér yǐ		好友晚安！五一快乐，幸福开心！	hǎo yǒu wǎn ān ！ wǔ yī kuài lè ， xìng fú kāi xīn ！		五一见面你还这样说我就	wǔ yī jiàn miàn nǐ hái zhè yàng shuō wǒ jiù	
731	嫩	那个腿特别的特别的特别嫩。	nà ge tuǐ tè bié de tè bié de tè bié nèn 。		哈哈都一年装啥嫩呢	hā hā dōu yī nián zhuāng shá nèn ne		我就是嫩对象哈哈	wǒ jiù shì nèn duì xiàng hā hā	
732	天使	你唱歌像天使。	nǐ chàng gē xiàng tiān shǐ 。	You sing like an angel.	我今晨看见一位天使。	wǒ jīn chén kàn jiàn yī wèi tiān shǐ 。	This morning, I saw an angel.	一个天使经过。	yí gè tiān shǐ jīng guò 。	An angel passed by.
733	事件	我跟那个事件没有什么关系。	wǒ gēn nà ge shì jiàn méi yǒu shén me guān xì 。	I had nothing to do with that incident.	这是个重要事件。	zhè shì gè zhòng yào shì jiàn 。	This is an important event.	他在那个事件期间支持我们。	tā zài nà ge shì jiàn qī jiān zhī chí wǒ men 。	He backed us up during that incident.
734	接下来	我不知道接下来我要做什么。	wǒ bù zhī dào jiē xià lái wǒ yào zuò shén me 。	I don't know what I'm going to do next.	没有人知道他接下来会干什么。	méi yǒu rén zhī dào tā jiē xià lái huì gàn shén me 。	There is no knowing what he will do next.	我知道我接下来去哪里。	wǒ zhī dào wǒ jiē xià lái qù nǎ lǐ 。	I know where I'm going next.
735	曾	我曾希望在那里遇见你。	wǒ céng xī wàng zài nà lǐ yù jiàn nǐ 。	I had hoped to meet you there.	你曾看过他游泳吗？	nǐ céng kàn guò tā yóu yǒng ma ？	Have you ever seen him swimming?	我曾是世界上最幸福的男人。	wǒ céng shì shì jiè shàng zuì xìng fú de nán rén 。	I was the happiest man on earth.
736	主人	我是这房子的主人。	wǒ shì zhè fáng zi de zhǔ rén 。	I'm the owner of this house.	他把自己当成了这里的主人。	tā bǎ zì jǐ dàng chéng le zhè lǐ de zhǔ rén 。	He acted like he owned the place.	你才是自己命运的主人。	nǐ cái shì zì jǐ mìng yùn de zhǔ rén 。	You are the master of your own destiny.
737	么么	么么、亲爱的、你这是起床了吗？	me me 、 qīn ài de 、 nǐ zhè shì qǐ chuáng le ma ？		么么今天又是新的一天	me me jīn tiān yòu shì xīn de yī tiān		么么！有啥需要随时问我	me me ！ yǒu shá xū yào suí shí wèn wǒ	
738	纯	我们不是纯素食的。	wǒ men bú shì chún sù shí de 。	We aren't vegan.	这个苹果汁是纯的。	zhè ge píng guǒ zhī shì chún de 。	This apple juice is pure.	他们是纯素食者。	tā men shì chún sù shí zhě 。	They're vegan.
739	模式	这个程式无法在DOS模式下执行。	zhè ge chéng shì wú fǎ zài D O S mó shì xià zhí xíng 。	This program cannot be run in DOS mode.	你很快就会习惯这个国家的生活模式了。	nǐ hěn kuài jiù huì xí guàn zhè ge guó jiā de shēng huó mó shì le 。	You will soon get accustomed to living in this country.	电视的发明为我们的生活模式带来了巨大的变化。	diàn shì de fā míng wèi wǒ men de shēng huó mó shì dài lái le jù dà de biàn huà 。	The invention of TV caused a drastic change in our daily life.
740	时刻	这是一个伟大的时刻。	zhè shì yí gè wěi dà de shí kè 。	This is a great moment.	我们的方案在最后的时刻失败了。	wǒ men de fāng àn zài zuì hòu de shí kè shī bài le 。	Our plans fell through at the last minute.	太空跑步是历史上激动人心的时刻。	tài kōng pǎo bù shì lì shǐ shàng jī dòng rén xīn de shí kè 。	The space race was an exciting time in history.
741	良心	老师毕竟是一个良心的工作	lǎo shī bì jìng shì yí gè liáng xīn de gōng zuò		你在错误的时间良心发现	nǐ zài cuò wù de shí jiān liáng xīn fā xiàn		不想骗他, 她终于良心发现	bù xiǎng piàn tā ,   tā zhōng yú liáng xīn fā xiàn	
742	娃娃	这个娃娃是你自己做的吗？	zhè ge wá wá shì nǐ zì jǐ zuò de ma ？	Did you make this doll by yourself?	母亲给我做了一个娃娃。	mǔ qīn gěi wǒ zuò le yí gè wá wá 。	Mother made me a doll.	她为我做了这个娃娃。	tā wèi wǒ zuò le zhè ge wá wá 。	She made the doll for me.
743	半年	短发都留半年了你才发现！	duǎn fà dōu liú bàn nián le nǐ cái fā xiàn ！		吃鸡我半年都没有上了	chī jī wǒ bàn nián dōu méi yǒu shàng le		再有半年，我就离开你了	zài yǒu bàn nián ， wǒ jiù lí kāi nǐ le	
744	悲伤	消息给他带来了深深的悲伤。	xiāo xī gěi tā dài lái le shēn shēn de bēi shāng 。	The news made him feel deeply sad.	这是一个非常悲伤的故事。	zhè shì yí gè fēi cháng bēi shāng de gù shì 。	It is a very sad tale.	她的眼神里充满了悲伤。	tā de yǎn shén lǐ chōng mǎn le bēi shāng 。	Her eyes were full of sadness.
745	看好	我以为你会看好她的 不 是你.	wǒ yǐ wéi nǐ huì kàn hǎo tā de   bù   shì nǐ .		我以为你会看好她的 不，是你.	wǒ yǐ wéi nǐ huì kàn hǎo tā de   bù ， shì nǐ .		就很多人其实都不看好他们的	jiù hěn duō rén qí shí dōu bù kàn hǎo tā men de	
746	骂人	你这么聪明的孩子不该骂人	nǐ zhè me cōng míng de hái zi bù gāi mà rén		谁，谁让你骂人啦 喊个人出来	shuí ， shuí ràng nǐ mà rén la   hǎn gè rén chū lái		谁让你骂人啦，喊个人出来	shuí ràng nǐ mà rén la ， hǎn gè rén chū lái	
747	小小	他的英语有了小小的进步。	tā de yīng yǔ yǒu le xiǎo xiǎo de jìn bù 。	His English improved slightly.	有一个小小的问题。	yǒu yí gè xiǎo xiǎo de wèn tí 。	There's a small problem.	一粒小小的橡实可以长成一棵高大的橡树。	yī lì xiǎo xiǎo de xiàng shí kě yǐ zhǎng chéng yī kē gāo dà de xiàng shù 。	From a small acorn grows a tall oak tree.
748	同感	其实我和你有同感，但是我袜子不臭	qí shí wǒ hé nǐ yǒu tóng gǎn ， dàn shì wǒ wà zi bù chòu		失眠中告诉你同感。	shī mián zhōng gào sù nǐ tóng gǎn 。		你和我有同感了?	nǐ hé wǒ yǒu tóng gǎn le ?	
749	情人节	今天是情人节	jīn tiān shì qíng rén jié	Today is Valentine's Day.	我讨厌在情人节一人独处。	wǒ tǎo yàn zài qíng rén jié yī rén dú chǔ 。	I hate being alone on Valentine's Day.	美国人在2月14日庆祝情人节。	měi guó rén zài 2 yuè 1 4 rì qìng zhù qíng rén jié 。	On February 14 Americans celebrate St. Valentine's Day.
750	无敌	好像就反正无敌，好像是那种。	hǎo xiàng jiù fǎn zhèng wú dí ， hǎo xiàng shì nà zhǒng 。		他可能觉得我已经无敌了	tā kě néng jué de wǒ yǐ jīng wú dí le		哈哈居然是你！我可是超级无敌喜欢！	hā hā jū rán shì nǐ ！ wǒ kě shì chāo jí wú dí xǐ huān ！	
751	令人	调查的结果十分令人满意。	diào chá de jié guǒ shí fēn lìng rén mǎn yì 。	The results of the research were quite satisfactory.	这个解释不是很令人满意。	zhè ge jiě shì bú shì hěn lìng rén mǎn yì 。	The explanation is by no means satisfactory.	他给我们带来了令人难过的消息。	tā gěi wǒ men dài lái le lìng rén nán guò de xiāo xī 。	He brought us sad news.
752	直	船到桥头自然直。	chuán dào qiáo tóu zì rán zhí 。	That matter will take care of itself.	北海道有很多又长又直的路。	běi hǎi dào yǒu hěn duō yòu zhǎng yòu zhí de lù 。	There are a lot of long and straight roads in Hokkaido.	我在草地上直躺下来了。	wǒ zài cǎo dì shàng zhí tǎng xià lái le 。	I laid myself on the grass.
753	魅力	旧村屋有它自己一定的魅力。	jiù cūn wū yǒu tā zì jǐ yí dìng de mèi lì 。	The old cottage has a certain charm about it.	她是个有有魅力的女性。	tā shì gè yǒu yǒu mèi lì de nǚ xìng 。	She is a charming woman.	他有一种魅力。	tā yǒu yī zhǒng mèi lì 。	He had a certain charm.
754	产品	这个产品称它能帮助你减肥。	zhè ge chǎn pǐn chēng tā néng bāng zhù nǐ jiǎn féi 。	This product claims to help you lose weight.	我们保证我们的产品一年。	wǒ men bǎo zhèng wǒ men de chǎn pǐn yī nián 。	We guarantee our products for one year.	我喜欢用这些产品，非常适合我。	wǒ xǐ huān yòng zhè xiē chǎn pǐn ， fēi cháng shì hé wǒ 。	I like using these goods; they are very suitable for me.
755	委屈	哎就是你受委屈了，老师打我了。	āi jiù shì nǐ shòu wěi qū le ， lǎo shī dǎ wǒ le 。		告诉你，我这委屈受大了	gào sù nǐ ， wǒ zhè wěi qū shòu dà le		哈哈，怎么了？又受委屈了？	hā hā ， zěn me le ？ yòu shòu wěi qū le ？	
756	短袖	夏天我穿短袖衬衫。	xià tiān wǒ chuān duǎn xiù chèn shān 。	In the summer I wear short-sleeved shirts.	你穿短袖不冷吗?	nǐ chuān duǎn xiù bù lěng ma ?	You're wearing short sleeves... aren't you cold?	男人们穿著短袖上衣。	nán rén men chuān zhù duǎn xiù shàng yī 。	The men are wearing short sleeves.
757	大一	记得大一放暑假，我爸来接我	jì de dà yī fàng shǔ jià ， wǒ bà lái jiē wǒ		- 呃，大一女生在那边。	-   è ， dà yī nǚ shēng zài nà biān 。		这么早开学呀我们学校大一18号才开学	zhè me zǎo kāi xué ya wǒ men xué xiào dà yī 1 8 hào cái kāi xué	
758	综艺	我新要参加个综艺，过几天见	wǒ xīn yào cān jiā gè zōng yì ， guò jǐ tiān jiàn		综艺嘛，然后是一个减肥的。	zōng yì ma ， rán hòu shì yí gè jiǎn féi de 。		知道什么综艺吗？	zhī dào shén me zōng yì ma ？	
759	安逸	哦，那你们这样一定很安逸吧	ó ， nà nǐ men zhè yàng yí dìng hěn ān yì ba		嗯安逸可以经常回家真好	ń ān yì kě yǐ jīng cháng huí jiā zhēn hǎo		选择自由与安逸的生活	xuǎn zé zì yóu yǔ ān yì de shēng huó	
760	大师	大师帮忙看看这个是什么鱼	dà shī bāng máng kàn kàn zhè ge shì shén me yú		大师花了多长时间	dà shī huā le duō zhǎng shí jiān		节奏大师啥游戏啊	jié zòu dà shī shá yóu xì a	
761	广东	广东的夏天很长。	guǎng dōng de xià tiān hěn zhǎng 。	Guangdong summers are long.	广东与广西之间隔着什么？	guǎng dōng yǔ guǎng xī zhī jiān gé zhe shén me ？	What separates Guangdong from Guangxi?	来广东玩吗	lái guǎng dōng wán ma	Is your coming to Guangdong a pleasure trip?
762	指甲	她有咬指甲的习惯。	tā yǒu yǎo zhǐ jiǎ de xí guàn 。	She has a habit of biting her nails.	不要再咬指甲了。	bú yào zài yǎo zhǐ jiǎ le 。	Stop biting your nails.	我的指甲断了。	wǒ de zhǐ jiǎ duàn le 。	I broke a nail.
763	怎	旅游，如果就是怎就是说	lǚ yóu ， rú guǒ jiù shì zěn jiù shì shuō		跑步我怎没见你跑呀	pǎo bù wǒ zěn méi jiàn nǐ pǎo ya		你那么美我怎弄？！	nǐ nà me měi wǒ zěn nòng ？ ！	
764	叫做	那叫做真爱。	nà jiào zuò zhēn ài 。	That's called true love.	我叫做Jack。	wǒ jiào zuò J a c k 。	I'm Jack.	他们把她的宝宝叫做珍妮。	tā men bǎ tā de bǎo bǎo jiào zuò zhēn nī 。	They named her baby Jenny.
765	本身	这个想法本身还可以。	zhè ge xiǎng fǎ běn shēn hái kě yǐ 。	The idea is not in itself a bad one.	设计本身有问题。	shè jì běn shēn yǒu wèn tí 。	The design itself is flawed.	不决定本身就是一个决定。	bù jué dìng běn shēn jiù shì yí gè jué dìng 。	Not choosing is choosing already.
766	总会	一月总会在这里下雪。	yí yuè zǒng huì zài zhè lǐ xià xuě 。	We have snow in January.	总会在九点整开始了。	zǒng huì zài jiǔ diǎn zhěng kāi shǐ le 。	The general meeting began at 9 am on the dot.	他总会有疏漏的。	tā zǒng huì yǒu shū lòu de 。	He'll get sloppy.
767	支	如果你需要铅笔，我借你一支。	rú guǒ nǐ xū yào qiān bǐ ， wǒ jiè nǐ yī zhī 。	If you want a pencil, I'll lend you one.	如果你需要笔的话，我借你一支。	rú guǒ nǐ xū yào bǐ de huà ， wǒ jiè nǐ yī zhī 。	If you need a pen, I'll lend you one.	我叔叔给了我这支表。	wǒ shū shū gěi le wǒ zhè zhī biǎo 。	My uncle gave me the watch.
768	日本	你要离开日本真是个遗憾。	nǐ yào lí kāi rì běn zhēn shì gè yí hàn 。	It's a pity that you should leave Japan.	你为什么来了日本？	nǐ wèi shén me lái le rì běn ？	Why did you come to Japan?	英语在日本被学习。	yīng yǔ zài rì běn bèi xué xí 。	English is studied in Japan.
769	泰国	泰国菜怎么样？	tài guó cài zěn me yàng ？	How about Thai food?	我来自泰国。	wǒ lái zì tài guó 。	I'm from Thailand.	曼谷是泰国的首都。	màn gǔ shì tài guó de shǒu dū 。	Bangkok is the capital of Thailand.
770	反	他把他的衬衫穿反了。	tā bǎ tā de chèn shān chuān fǎn le 。	He had his shirt on inside out.	他把他的袜子穿反了。	tā bǎ tā de wà zi chuān fǎn le 。	He had his socks on inside out.	这是本反乌托邦作品。	zhè shì běn fǎn wū tuō bāng zuò pǐn 。	It's a dystopia.
771	卷	我很开心你不在我朋友卷里。	wǒ hěn kāi xīn nǐ bù zài wǒ péng yǒu juǎn lǐ 。	I'm glad you're not in my circle of friends.	在看考试卷前，我有话要说。	zài kàn kǎo shì juàn qián ， wǒ yǒu huà yào shuō 。	Before we look at these test papers, I have something to say.	请给我一卷彩色胶片。	qǐng gěi wǒ yī juǎn cǎi sè jiāo piàn 。	One roll of color film, please.
772	本事	那不可能，只有你们才有那本事	nà bù kě néng ， zhǐ yǒu nǐ men cái yǒu nà běn shì		你有什么本事来保护她 ？	nǐ yǒu shén me běn shì lái bǎo hù tā   ？		我本事 看看你本事	wǒ běn shì   kàn kàn nǐ běn shì	
773	老铁	哈哈是老铁！我喜欢他的朋友	hā hā shì lǎo tiě ！ wǒ xǐ huān tā de péng yǒu		谢谢老铁了同样的祝福送给您	xiè xiè lǎo tiě le tóng yàng de zhù fú sòng gěi nín		那个人喜欢你老铁	nà ge rén xǐ huān nǐ lǎo tiě	
774	争取	快给我打针，我要争取时间	kuài gěi wǒ dǎ zhēn ， wǒ yào zhēng qǔ shí jiān		他说他可以帮我争取到奖学金	tā shuō tā kě yǐ bāng wǒ zhēng qǔ dào jiǎng xué jīn		我会帮你争取的，我站在你那边	wǒ huì bāng nǐ zhēng qǔ de ， wǒ zhàn zài nǐ nà biān	
775	网	他修好了网。	tā xiū hǎo le wǎng 。	He fixed the net.	她每天上几个小时网。	tā měi tiān shàng jǐ gè xiǎo shí wǎng 。	She goes online for several hours every day.	我只上了十分钟网了。	wǒ zhǐ shàng le shí fēn zhōng wǎng le 。	I've only been online for ten minutes.
776	易	翻译绝对不是一件易事。	fān yì jué duì bú shì yī jiàn yì shì 。	Translation is by no means easy.	她易患感冒。	tā yì huàn gǎn mào 。	She was susceptible to colds.	莠草易长， 恶习易染。	yǒu cǎo yì zhǎng ，   è xí yì rǎn 。	Ill weeds grow apace.
777	猴子	对猴子来说，爬树很容易。	duì hóu zi lái shuō ， pá shù hěn róng yì 。	It is easy for a monkey to climb a tree.	那不是猪，而是猴子。	nà bú shì zhū ， ér shì hóu zi 。	It's not a pig; it's a monkey.	我们都是猴子。	wǒ men dōu shì hóu zi 。	We're all monkeys.
778	那时	直到那时我才真正感到害怕。	zhí dào nà shí wǒ cái zhēn zhèng gǎn dào hài pà 。	It wasn't until then that I felt really frightened.	到了那时，我才发现自己错了。	dào le nà shí ， wǒ cái fā xiàn zì jǐ cuò le 。	It was not until then that I realized my mistake.	我母亲那时比我还要年轻。	wǒ mǔ qīn nà shí bǐ wǒ hái yào nián qīng 。	At that time, my mother was younger than I am now.
779	坏人	萨米不是一个坏人。	sà mǐ bú shì yí gè huài rén 。	Sami is not a bad person.	你可以说他是个骗子, 但是你不能称他为坏人。	nǐ kě yǐ shuō tā shì gè piàn zi ,   dàn shì nǐ bù néng chēng tā wèi huài rén 。	You may call him a liar, but you cannot call him a bad man.	分辨一个人是好人还是坏人不能仅凭外表。	fēn biàn yí gè rén shì hǎo rén hái shì huài rén bù néng jǐn píng wài biǎo 。	We cannot tell a good person from a bad one by looks alone.
780	类型	你喜欢什么类型的电影？	nǐ xǐ huān shén me lèi xíng de diàn yǐng ？	What types of films do you like?	你不是我喜欢的类型。	nǐ bú shì wǒ xǐ huān de lèi xíng 。	You're not my type.	你做什么类型的工作？	nǐ zuò shén me lèi xíng de gōng zuò ？	What sort of work do you do?
781	辣么	辣么激动我不是认真的	là me jī dòng wǒ bú shì rèn zhēn de		哪张？我一直都是辣么萌	nǎ zhāng ？ wǒ yì zhí dōu shì là me méng		你就不用吃了辣么瘦	nǐ jiù bù yòng chī le là me shòu	
782	依旧	也许，你依旧能找到属于自己的幸福。	yě xǔ ， nǐ yī jiù néng zhǎo dào shǔ yú zì jǐ de xìng fú 。	Maybe, you can still find your own happiness.	虽然上了年纪，他依旧充满活力。	suī rán shàng le nián jì ， tā yī jiù chōng mǎn huó lì 。	Although old, he is still very much alive.	男孩依旧沉默不语。	nán hái yī jiù chén mò bù yǔ 。	The boy remained silent.
783	面膜	不卖这个面膜了，或者是	bù mài zhè ge miàn mó le ， huò zhě shì		说好的面膜呢？别的也行	shuō hǎo de miàn mó ne ？ bié de yě xíng		- 哦 这是面膜	-   ó   zhè shì miàn mó	
784	羽绒服	宝贝我差点没穿羽绒服出来	bǎo bèi wǒ chà diǎn méi chuān yǔ róng fú chū lái		问问老板还有这种羽绒服吗	wèn wèn lǎo bǎn hái yǒu zhè zhǒng yǔ róng fú ma		对啊，你现在现在还没穿羽绒服	duì a ， nǐ xiàn zài xiàn zài hái méi chuān yǔ róng fú	
785	充	我打算充个一百块钱买个	wǒ dǎ suàn chōng gè yì bǎi kuài qián mǎi gè		但充皮肤真的感觉	dàn chōng pí fū zhēn de gǎn jué		快给我充128吧嘿嘿	kuài gěi wǒ chōng 1 2 8 ba hēi hēi	
786	天津	天津有很多这种男人	tiān jīn yǒu hěn duō zhè zhǒng nán rén		天津不是那么远，我可以坐飞机回来	tiān jīn bú shì nà me yuǎn ， wǒ kě yǐ zuò fēi jī huí lái		天津气候这么差吗	tiān jīn qì hòu zhè me chà ma	
787	感慨	怎么找了个工作这么感慨啊	zěn me zhǎo le gè gōng zuò zhè me gǎn kǎi a		当时当你看到会有什么感慨？	dāng shí dāng nǐ kàn dào huì yǒu shén me gǎn kǎi ？		要结婚了就是感慨多	yào jié hūn le jiù shì gǎn kǎi duō	
788	保暖	我还是得还是得，得保暖一下	wǒ hái shì dé hái shì dé ， dé bǎo nuǎn yī xià		就是呢…所以要注意保暖哦！	jiù shì ne … suǒ yǐ yào zhù yì bǎo nuǎn ó ！		已经下雪了注意保暖	yǐ jīng xià xuě le zhù yì bǎo nuǎn	
789	吻	他告诉我他没有吻她。	tā gào sù wǒ tā méi yǒu wěn tā 。	He told me he didn't kiss her.	就是个吻而已啊。	jiù shì gè wěn ér yǐ a 。	It was just a kiss.	你欠我一个吻。	nǐ qiàn wǒ yí gè wěn 。	You owe me a kiss.
790	造成	那场战争对国家造成伤害。	nà chǎng zhàn zhēng duì guó jiā zào chéng shāng hài 。	That war hurt the country.	这种行为可能造成意外。	zhè zhǒng xíng wéi kě néng zào chéng yì wài 。	Such behavior can cause an accident.	我们不想造成麻烦。	wǒ men bù xiǎng zào chéng má fán 。	We don't want to be a bother.
791	英国	这本书关于生活在英国。	zhè běn shū guān yú shēng huó zài yīng guó 。	This book deals with life in the United Kingdom.	我刚从英国回来。	wǒ gāng cóng yīng guó huí lái 。	I have just returned from Britain.	我来自英国。	wǒ lái zì yīng guó 。	I come from England.
792	大神	所以各位大神能不能给个网址	suǒ yǐ gè wèi dà shén néng bù néng gěi gè wǎng zhǐ		大神要求太高了.	dà shén yāo qiú tài gāo le .		大神还不睡	dà shén hái bù shuì	
793	热水	我想要热水。	wǒ xiǎng yào rè shuǐ 。	I want hot water.	这个瓶子可以装两升热水。	zhè ge píng zi kě yǐ zhuāng liǎng shēng rè shuǐ 。	This bottle is able to contain two liters of hot water.	糖溶于热水。	táng róng yú rè shuǐ 。	Sugar melts in hot water.
794	下巴	他用手撑着下巴，听着。	tā yòng shǒu chēng zhe xià bā ， tīng zhe 。	He was listening with his chin resting on his hand.	她打了我的下巴。	tā dǎ le wǒ de xià bā 。	She slapped me on the chin.	他磕碎了下巴，掉了几颗牙。	tā kē suì le xià bā ， diào le jǐ kē yá 。	He got a broken jaw and lost some teeth.
795	周一	这项工作必须在周一​前完成。	zhè xiàng gōng zuò bì xū zài zhōu yī ​ qián wán chéng 。		我周一和周五学习英语。	wǒ zhōu yī hé zhōu wǔ xué xí yīng yǔ 。	I study English on Monday and Friday.	周一雨终于停了。	zhōu yī yǔ zhōng yú tíng le 。	The rain finally lifted on Monday.
796	机器人	他造了一个机器人。	tā zào le yí gè jī qì rén 。	He made a robot.	我怎么可能是机器人呢？机器人不会做梦。	wǒ zěn me kě néng shì jī qì rén ne ？ jī qì rén bú huì zuò mèng 。	How could I be a robot? Robots don't dream.	这个机器人失控了。	zhè ge jī qì rén shī kòng le 。	The robot went out of control.
797	尽	我们尽了一切努力来帮助他。	wǒ men jǐn le yī qiè nǔ lì lái bāng zhù tā 。	We made every effort to help him.	为了解决问题，他们尽了很大努力。	wèi le jiě jué wèn tí ， tā men jǐn le hěn dà nǔ lì 。	They made a great effort to settle the problem.	不管你做什么都要尽全力。	bù guǎn nǐ zuò shén me dōu yào jǐn quán lì 。	No matter what you do you must always do it to the best of your ability.
798	逃	你别想逃！	nǐ bié xiǎng táo ！	Don't try to escape!	老虎从动物园中逃出来了。	lǎo hǔ cóng dòng wù yuán zhōng táo chū lái le 。	The tigers escaped from the zoo.	我们从那里逃了出来。	wǒ men cóng nà lǐ táo le chū lái 。	We made it out of there.
799	嗯呢	嗯呢，不好意思刚看到呢	ń ne ， bù hǎo yì sī gāng kàn dào ne		嗯呢～也去我那边做客吧	ń ne ～ yě qù wǒ nà biān zuò kè ba		嗯呢你快点啊等你	ń ne nǐ kuài diǎn a děng nǐ	
800	给力	高考加油，2013考一个给力的分数哦！	gāo kǎo jiā yóu ， 2 0 1 3 kǎo yí gè gěi lì de fēn shù ó ！		为什么呀，空调不给力吗	wèi shén me ya ， kōng tiáo bù gěi lì ma		对啊！外面网络不给力	duì a ！ wài miàn wǎng luò bù gěi lì	
801	好意思	你这个年轻人居然好意思	nǐ zhè ge nián qīng rén jū rán hǎo yì si		你都好意思夸了，我哪里敢拒绝	nǐ dōu hǎo yì si kuā le ， wǒ nǎ lǐ gǎn jù jué		什么好意思不好意思啊？	shén me hǎo yì si bù hǎo yì sī a ？	
802	追求	他拒绝了她的追求。	tā jù jué le tā de zhuī qiú 。	He rejected her advances.	有些人只追求快乐。	yǒu xiē rén zhǐ zhuī qiú kuài lè 。	Some people pursue only pleasure.	她追求的东西，可是永远无法得到的啊！	tā zhuī qiú de dōng xī ， kě shì yǒng yuǎn wú fǎ dé dào de a ！	She will never be able to get the things she pursues!
803	凶	他们就吵得特别凶然后。	tā men jiù chǎo dé tè bié xiōng rán hòu 。		一个女生还能这么凶	yí gè nǚ shēng hái néng zhè me xiōng		这么帅，对我凶我也认！	zhè me shuài ， duì wǒ xiōng wǒ yě rèn ！	
804	乐	他的笑话把我乐翻了。	tā de xiào huà bǎ wǒ lè fān le 。	His jokes really slay me.	知足者常乐。	zhī zú zhě cháng lè 。	Those who count their blessings experience more joy.	当这位女士得知她已经赢得了百万美元, 她真的乐疯了。	dāng zhè wèi nǚ shì dé zhī tā yǐ jīng yíng dé le bǎi wàn měi yuán ,   tā zhēn de lè fēng le 。	The lady really flipped out when she learned she had won a million dollars.
805	小冰	不过 小冰这周领了五次奖金	bù guò   xiǎo bīng zhè zhōu lǐng le wǔ cì jiǎng jīn		小冰是机器人不能请假	xiǎo bīng shì jī qì rén bù néng qǐng jià		亲爱的，叫小冰干什么呢	qīn ài de ， jiào xiǎo bīng gàn shén me ne	
806	被窝	早知道多躲在被窝一会儿	zǎo zhī dào duō duǒ zài bèi wō yī huì er		那猫被窝睡觉吧还是	nà māo bèi wō shuì jiào ba hái shì		舍不得离开被窝。	shě bù dé lí kāi bèi wō 。	
807	昂	等你找到了再叫我玩昂	děng nǐ zhǎo dào le zài jiào wǒ wán áng		替你难过多注意昂	tì nǐ nán guò duō zhù yì áng		昂，对去玩一玩儿呀。	áng ， duì qù wán yī wán ér ya 。	
808	痘痘	妹纸你现在痘痘好了吗	mèi zhǐ nǐ xiàn zài dòu dòu hǎo le ma		美食面前痘痘算什么	měi shí miàn qián dòu dòu suàn shén me		明天开学还不睡=痘痘	míng tiān kāi xué hái bù shuì = dòu dòu	
809	暖气	我很冷。你介意把暖气打开吗？	wǒ hěn lěng 。 nǐ jiè yì bǎ nuǎn qì dǎ kāi ma ？	I'm cold. Would you mind turning the heating on?	暖气坏了。	nuǎn qì huài le 。	The heater is broken.	宿舍里的暖气系统出毛病了。	sù shè lǐ de nuǎn qì xì tǒng chū máo bìng le 。	Our dorm's heating system isn't working properly.
810	采集	继续采集，但比较开心	jì xù cǎi jí ， dàn bǐ jiào kāi xīn		采集过两个地方之后.	cǎi jí guò liǎng gè dì fāng zhī hòu .		只有明天能报名，我们明天信息采集	zhǐ yǒu míng tiān néng bào míng ， wǒ men míng tiān xìn xī cǎi jí	
811	剧情	你知道故事的剧情是什么吗	nǐ zhī dào gù shì de jù qíng shì shén me ma		是的，后面剧情挺让我吃惊的	shì de ， hòu miàn jù qíng tǐng ràng wǒ chī jīng de		那个小说里面它的剧情	nà ge xiǎo shuō lǐ miàn tā de jù qíng	
812	过敏	我对牛奶过敏。	wǒ duì niú nǎi guò mǐn 。	I have an allergy to milk.	我因为化妆品皮肤过敏了。	wǒ yīn wèi huà zhuāng pǐn pí fū guò mǐn le 。	I got a makeup-induced rash.	花生过敏是最常见的食物过敏。	huā shēng guò mǐn shì zuì cháng jiàn de shí wù guò mǐn 。	Peanut allergy is the most common of food allergies.
813	拉黑	我想我们还是互相拉黑吧	wǒ xiǎng wǒ men hái shì hù xiāng lā hēi ba		我试试你是不是拉黑啦	wǒ shì shì nǐ shì bú shì lā hēi la		宝宝已经把你拉黑了	bǎo bǎo yǐ jīng bǎ nǐ lā hēi le	
814	稳	来医院稳我	lái yī yuàn wěn wǒ		5去稳实习啦？	5 qù wěn shí xí la ？		稳的稳的	wěn de wěn de	
815	德国	这儿有张很大的德国地图。	zhè ér yǒu zhāng hěn dà de dé guó dì tú 。	Here's a big map of Germany.	他们说她是在德国出生的。	tā men shuō tā shì zài dé guó chū shēng de 。	They say that she was born in Germany.	给我讲讲关于德国的事吧。	gěi wǒ jiǎng jiǎng guān yú dé guó de shì ba 。	Tell me about Germany.
816	项目	他们一起为这个项目工作过。	tā men yì qǐ wèi zhè ge xiàng mù gōng zuò guò 。	They worked jointly on this project.	我们公司有很多项目要做。	wǒ men gōng sī yǒu hěn duō xiàng mù yào zuò 。	Our company has many projects to do.	你愿意加入这个项目吗？	nǐ yuàn yì jiā rù zhè ge xiàng mù ma ？	Would you take part in the project?
817	证据	你有证据证明那真的发生了吗？	nǐ yǒu zhèng jù zhèng míng nà zhēn de fā shēng le ma ？	Do you have any proof that that happened?	我们没有证据。	wǒ men méi yǒu zhèng jù 。	We don't have any proof.	我需要证据。	wǒ xū yào zhèng jù 。	I need evidence.
818	传说	不要羡慕哥，哥只是未来的传说。	bú yào xiàn mù gē ， gē zhǐ shì wèi lái de chuán shuō 。		不过有些传说是真的	bù guò yǒu xiē chuán shuō shì zhēn de		朋友全是传说箱子	péng yǒu quán shì chuán shuō xiāng zi	
819	上车	他帮助这位女士上车。	tā bāng zhù zhè wèi nǚ shì shàng chē 。	He helped the lady into the car.	上车吧！	shàng chē ba ！	Get in the car.	别上车。	bié shàng chē 。	Don't get in the car.
820	塞	你好，你是何塞吗？	nǐ hǎo ， nǐ shì hé sāi ma ？	Hello, are you Jose?	你是何塞吗？	nǐ shì hé sāi ma ？	Are you Jose?	厕所塞住了。	cè suǒ sāi zhù le 。	The toilet is backed up.
821	秋裤	秋裤挺花吖小伙子	qiū kù tǐng huā yā xiǎo huǒ zi		不用我妈说，自己就乖乖的把秋裤穿上了	bù yòng wǒ mā shuō ， zì jǐ jiù guāi guāi de bǎ qiū kù chuān shàng le		明天穿上秋裤	míng tiān chuān shàng qiū kù	
822	某人	公开表示你对某人的爱。	gōng kāi biǎo shì nǐ duì mǒu rén de ài 。	Publicly express your love for someone.	我知道这看起来像是失去了某人。	wǒ zhī dào zhè kàn qǐ lái xiàng shì shī qù le mǒu rén 。	I know what it's like to lose someone.	某人偷了汤的吉他	mǒu rén tōu le tāng de jí tā	Someone stole Tom's guitar.
823	情	汤姆欠我们个情。	tāng mǔ qiàn wǒ men gè qíng 。	Tom owes us a favor.	她的心流露著感激之情。	tā de xīn liú lù zhù gǎn jī zhī qíng 。	Her heart flowed with gratitude.	汤姆告诉玛丽，那只是一夜情。	tāng mǔ gào sù mǎ lì ， nà zhǐ shì yí yè qíng 。	Tom said to Mary that it was just a one-night stand.
824	玺	易烊千玺，易烊千玺不晓得	yì yáng qiān xǐ ， yì yáng qiān xǐ bù xiǎo de		表白易烊千玺	biǎo bái yì yáng qiān xǐ		易烊千玺，帅	yì yáng qiān xǐ ， shuài	
825	足够	我没有足够时间吃饭了。	wǒ méi yǒu zú gòu shí jiān chī fàn le 。	I don't have enough time to eat.	有足够的食物给大家吗？	yǒu zú gòu de shí wù gěi dà jiā ma ？	Is there enough food for everyone?	我们有足够的时间赶上那班火车。	wǒ men yǒu zú gòu de shí jiān gǎn shàng nà bān huǒ chē 。	We have enough time to catch the train.
826	通宵	她通宵读书。	tā tōng xiāo dú shū 。	She read books all night.	他通宵备考。	tā tōng xiāo bèi kǎo 。	He spent all night cramming for the test.	通宵玩游戏很伤身体的。	tōng xiāo wán yóu xì hěn shāng shēn tǐ de 。	Playing games all night is very harmful to your health.
827	无语	无语了，小冰你喜欢我不	wú yǔ le ， xiǎo bīng nǐ xǐ huān wǒ bù		说你了吗？你这种人无语	shuō nǐ le ma ？ nǐ zhè zhǒng rén wú yǔ		随便你怎么样 我无语了	suí biàn nǐ zěn me yàng   wǒ wú yǔ le	
828	夸张	现在你别夸张了。	xiàn zài nǐ bié kuā zhāng le 。	Don't exaggerate now.	不要再夸张了。	bú yào zài kuā zhāng le 。	Don't exaggerate.	尤巴有点夸张了。	yóu bā yǒu diǎn kuā zhāng le 。	Yuba is exaggerating.
829	一开始	一开始，我以为他病了。	yī kāi shǐ ， wǒ yǐ wéi tā bìng le 。	At first, I thought they were sick.	一开始，我以为我病了。	yī kāi shǐ ， wǒ yǐ wéi wǒ bìng le 。	At first, I thought I was sick.	一开始我妈试着帮我，但她很快就放弃了。	yī kāi shǐ wǒ mā shì zhe bāng wǒ ， dàn tā hěn kuài jiù fàng qì le 。	My mom tried to help me at first, but then she gave up in no time.
830	骗子	这正可以说明你是个骗子。	zhè zhèng kě yǐ shuō míng nǐ shì gè piàn zi 。	That just goes to show that you are a liar.	这正可以说明您是个骗子。	zhè zhèng kě yǐ shuō míng nín shì gè piàn zi 。	That just goes to prove that you are a liar.	他爸爸是个骗子。	tā bà bà shì gè piàn zi 。	His father is an impostor.
831	琌	ê琌も?	ê  líng      も ?		琌ъи𥬞.	  líng ъ  и   𥬞 .		и琌弧и福琌称.	и líng hú  и fú    líng  chēng .	
832	诱惑	因为他跟孩子很像， 他受诱惑了	yīn wèi tā gēn hái zi hěn xiàng ，   tā shòu yòu huò le	Because he was just like a child, he yielded to temptation.	我没想诱惑你。	wǒ méi xiǎng yòu huò nǐ 。	I didn't mean to tempt you.	没有男人能够抵挡女人的诱惑。	méi yǒu nán rén néng gòu dǐ dǎng nǚ rén de yòu huò 。	No man can resist the lure of a woman.
833	程度	在某种程度上我能了解你。	zài mǒu zhǒng chéng dù shàng wǒ néng liǎo jiě nǐ 。	I can understand you to some extent.	可以相信他到什么程度？	kě yǐ xiāng xìn tā dào shén me chéng dù ？	To what extent can he be trusted?	我会说 B2 程度的英文。	wǒ huì shuō   B 2   chéng dù de yīng wén 。	I speak English at a B2 level.
834	深夜	过去，我父亲常常喝酒直到深夜。	guò qù ， wǒ fù qīn cháng cháng hē jiǔ zhí dào shēn yè 。	My father used to drink till late at night.	在深夜，我总是如释重负。	zài shēn yè ， wǒ zǒng shì rú shì zhòng fù 。	I am always freed of all of my worries and concerns in the depth of the night.	他从不在深夜出门。	tā cóng bù zài shēn yè chū mén 。	He never goes out late at night.
835	喜	她问我喜不喜欢这个计划。	tā wèn wǒ xǐ bù xǐ huān zhè ge jì huà 。	She asked me whether I liked the plan or not.	他问我喜不喜欢数学。	tā wèn wǒ xǐ bù xǐ huān shù xué 。	He asked me if I liked mathematics.	你喜不喜欢日本菜？	nǐ xǐ bù xǐ huān rì běn cài ？	Do you like Japanese food?
836	几号	你穿几号的鞋子?	nǐ chuān jǐ hào de xié zi ?	What size shoes do you wear?	星期天几号?	xīng qī tiān jǐ hào ?	What is the date on Sunday?	今天几号？	jīn tiān jǐ hào ？	What's today's date?
837	导演	他既是那部戏的导演好像。	tā jì shì nà bù xì de dǎo yǎn hǎo xiàng 。		你这么优秀导演为啥不用你演？	nǐ zhè me yōu xiù dǎo yǎn wèi shá bù yòng nǐ yǎn ？		因为我很正常，导演不用可怜我	yīn wèi wǒ hěn zhèng cháng ， dǎo yǎn bù yòng kě lián wǒ	
838	利用	你应该好好利用一切的机会。	nǐ yīng gāi hǎo hǎo lì yòng yī qiè de jī huì 。	You should avail yourself of every opportunity.	你应该好好利用这个机会。	nǐ yīng gāi hǎo hǎo lì yòng zhè ge jī huì 。	You had better make use of the opportunity.	他利用这个机会提高英语水平。	tā lì yòng zhè ge jī huì tí gāo yīng yǔ shuǐ píng 。	He made use of the opportunity to improve his English.
839	因	他常常因他自己的笑话而笑。	tā cháng cháng yīn tā zì jǐ de xiào huà ér xiào 。	He often laughs at his own jokes.	她因病不能出席会议。	tā yīn bìng bù néng chū xí huì yì 。	She couldn't attend that party because she was sick.	学校因大雪停课一天。	xué xiào yīn dà xuě tíng kè yī tiān 。	School was closed for the day due to the snow.
840	牛肉	我叫你买牛肉，没叫你买猪肉。	wǒ jiào nǐ mǎi niú ròu ， méi jiào nǐ mǎi zhū ròu 。	I asked you to buy beef, not pork.	比起羊肉我更喜欢牛肉。	bǐ qǐ yáng ròu wǒ gèng xǐ huān niú ròu 。	I like beef more than lamb.	你想再来些牛肉吗？	nǐ xiǎng zài lái xiē niú ròu ma ？	Would you like some more beef?
841	几时	她答应几时见他？	tā dā yìng jǐ shí jiàn tā ？	When did she promise to meet him?	你几时下班？	nǐ jǐ shí xià bān ？	When do you finish work?	他没有写信告诉我说几时会来。	tā méi yǒu xiě xìn gào sù wǒ shuō jǐ shí huì lái 。	He did not write me saying when he would come.
842	正能量	看来马上就会有正能量结果	kàn lái mǎ shàng jiù huì yǒu zhèng néng liàng jié guǒ		这当然是充满正能量的经历	zhè dāng rán shì chōng mǎn zhèng néng liàng de jīng lì		肿么感觉再说我。我那是正能量	zhǒng me gǎn jué zài shuō wǒ 。 wǒ nà shì zhèng néng liàng	
843	拆	他们正在拆这面墙。	tā men zhèng zài chāi zhè miàn qiáng 。	They are breaking down the wall.	他怎么敢拆我的信！	tā zěn me gǎn chāi wǒ de xìn ！	How dare he open my letters!	这不就是拆了东墙补西墙吗？	zhè bù jiù shì chāi le dōng qiáng bǔ xī qiáng ma ？	Isn't this just tearing down the east wall to repair the west wall?
844	舍得	你舍得嘛我替你舍不得	nǐ shě de ma wǒ tì nǐ shě bù dé		她会死,她舍得死才怪呢	tā huì sǐ , tā shě de sǐ cái guài ne		你两舍得在一起了吖	nǐ liǎng shě de zài yì qǐ le yā	
845	微笑	微笑并不一定表示高兴。	wēi xiào bìng bù yí dìng biǎo shì gāo xìng 。	Smiles do not always indicate pleasure.	那女孩跟我微笑打招呼。	nà nǚ hái gēn wǒ wēi xiào dǎ zhāo hū 。	That girl smiled and waved to me.	只要你微笑，我就会快乐。	zhǐ yào nǐ wēi xiào ， wǒ jiù huì kuài lè 。	If you smile, I'll be happy.
846	奇葩	跟我们说说最奇葩的病人	gēn wǒ men shuō shuō zuì qí pā de bìng rén		如果你愿意，你能当奇葩	rú guǒ nǐ yuàn yì ， nǐ néng dāng qí pā		公司奇葩而已不过肯定会离开的。	gōng sī qí pā ér yǐ bù guò kěn dìng huì lí kāi de 。	
847	大晚上	大晚上的 你怎么找这儿来了	dà wǎn shàng de   nǐ zěn me zhǎo zhè ér lái le		都什么时候换的号 这大晚上的	dōu shén me shí hòu huàn de hào   zhè dà wǎn shàng de		你大晚上还在耍电脑啊。	nǐ dà wǎn shàng hái zài shuǎ diàn nǎo a 。	
848	无奈	他对生活感到很无奈。	tā duì shēng huó gǎn dào hěn wú nài 。	He feels powerless about his own life.	我无奈只得跟随着她。	wǒ wú nài zhǐ dé gēn suí zhe tā 。	I was compelled to follow her.	“天天寒暄就是我们做的所有事了。”汤姆无奈地回答。	“ tiān tiān hán xuān jiù shì wǒ men zuò de suǒ yǒu shì le 。 ” tāng mǔ wú nài dì huí dá 。	"""""""Exchanging courtesies every day is all we've done,"""" Tom answered with resignation."""
849	睡眠	孩子们需要大量的睡眠。	hái zi men xū yào dà liàng de shuì mián 。	Children need a lot of sleep.	孩子需要很多睡眠。	hái zi xū yào hěn duō shuì mián 。	Children need a lot of sleep.	我们常常把死亡比作睡眠。	wǒ men cháng cháng bǎ sǐ wáng bǐ zuò shuì mián 。	Death is often compared to sleep.
850	天啊	天啊你是怎么做到的宝宝	tiān a nǐ shì zěn me zuò dào de bǎo bǎo		天啊，真的好热	tiān a ， zhēn de hǎo rè		天啊 卡住了	tiān a   kǎ zhù le	
851	打包	看来我们得打包了。	kàn lái wǒ men dé dǎ bāo le 。	I think we need a doggy bag.	她帮我打包我的手提箱。	tā bāng wǒ dǎ bāo wǒ de shǒu tí xiāng 。	She helped me pack my suitcase.	我当时正忙着打包，因为我两天后要去法国。	wǒ dāng shí zhèng máng zhe dǎ bāo ， yīn wèi wǒ liǎng tiān hòu yào qù fǎ guó 。	I was busy packing, because I was leaving for France in two days.
852	果断	很高兴跟这样果断的女人 做生意	hěn gāo xìng gēn zhè yàng guǒ duàn de nǚ rén   zuò shēng yì		现在你是这里的主人 要坚强果断	xiàn zài nǐ shì zhè lǐ de zhǔ rén   yào jiān qiáng guǒ duàn		下次带好卡去买。果断只带10不够买。	xià cì dài hǎo kǎ qù mǎi 。 guǒ duàn zhǐ dài 1 0 bù gòu mǎi 。	
853	谈谈	我们能去别的地方谈谈吗？	wǒ men néng qù bié de dì fāng tán tán ma ？	Could we go somewhere and talk?	我必须和他谈谈新计划。	wǒ bì xū hé tā tán tán xīn jì huà 。	I have to talk with him about the new plan.	给我谈谈你未来的计划。	gěi wǒ tán tán nǐ wèi lái de jì huà 。	Tell me about your program for the future.
854	岁月	她怀念自己的青春岁月。	tā huái niàn zì jǐ de qīng chūn suì yuè 。	She pines for the days of her youth.	十年是一段漫长的岁月。	shí nián shì yī duàn màn cháng de suì yuè 。	Ten years is a really long period of time.	二十年是一段漫长的岁月。	èr shí nián shì yī duàn màn cháng de suì yuè 。	Twenty years is a long time.
855	机智	机智的我打了杭州的	jī zhì de wǒ dǎ le háng zhōu de		这是著名的 英语机智?	zhè shì zhù míng de   yīng yǔ jī zhì ?		这是一项机智比赛	zhè shì yī xiàng jī zhì bǐ sài	
856	深刻	她的作品给我留下了深刻印象。	tā de zuò pǐn gěi wǒ liú xià le shēn kè yìn xiàng 。	I was impressed with her work.	我对她有很深刻的印象。	wǒ duì tā yǒu hěn shēn kè de yìn xiàng 。	I find her very impressive.	我对那天的印象很深刻。	wǒ duì nà tiān de yìn xiàng hěn shēn kè 。	That day left a deep impression on me.
857	可好	我是脚受伤，但精神可好得很	wǒ shì jiǎo shòu shāng ， dàn jīng shén kě hǎo dé hěn		然后他演的也可好了，就是	rán hòu tā yǎn de yě kě hǎo le ， jiù shì		就是说嗯，行答应的可好了。	jiù shì shuō ń ， xíng dā yìng de kě hǎo le 。	
858	石头	不要对狗丢石头。	bú yào duì gǒu diū shí tou 。	Don't throw a stone at the dog.	这个石头很重。	zhè ge shí tou hěn zhòng 。	The stone is heavy.	这是什么石头？	zhè shì shén me shí tou ？	What kind of stone is this?
859	卖萌	忽然觉得自己不能卖萌了	hū rán jué de zì jǐ bù néng mài méng le		一直看到你在那里卖萌	yì zhí kàn dào nǐ zài nà lǐ mài méng		难道只有我好奇博主跟谁卖萌吗	nán dào zhǐ yǒu wǒ hào qí bó zhǔ gēn shuí mài méng ma	
860	上天	你能不能上天啊	nǐ néng bù néng shàng tiān a		我让你上天呢	wǒ ràng nǐ shàng tiān ne		痛的我上天了	tòng de wǒ shàng tiān le	
861	挣钱	好像挺挣钱的，但是也很累	hǎo xiàng tǐng zhèng qián de ， dàn shì yě hěn lèi		我来帮你上课你帮我挣钱？	wǒ lái bāng nǐ shàng kè nǐ bāng wǒ zhèng qián ？		还是想想怎么挣钱吧	hái shì xiǎng xiǎng zěn me zhèng qián ba	
862	之类的	吃蛋糕之类的什么也可以	chī dàn gāo zhī lèi de shén me yě kě yǐ		我告诉你了，目标之类的	wǒ gào sù nǐ le ， mù biāo zhī lèi de		高中开什么的这个足球比赛之类的	gāo zhōng kāi shén me de zhè ge zú qiú bǐ sài zhī lèi de	
863	要不然	什么都不吃要不然喝酒吖	shén me dōu bù chī yào bù rán hē jiǔ yā		要不然怎么会带她去家里	yào bù rán zěn me huì dài tā qù jiā lǐ		要不然明天不能上班	yào bù rán míng tiān bù néng shàng bān	
864	揍	我揍你!	wǒ zòu nǐ !	I'll beat you up!	汤姆把他揍得满地找牙。	tāng mǔ bǎ tā zòu dé mǎn dì zhǎo yá 。	Tom knocked him down.	汤姆被一只灰熊揍了。	tāng mǔ bèi yī zhǐ huī xióng zòu le 。	Tom was attacked by a grizzly bear.
865	到时	有点担心到时老了怎么办呢	yǒu diǎn dān xīn dào shí lǎo le zěn me bàn ne		说不定到时我们可以uk见面呢！	shuō bù dìng dào shí wǒ men kě yǐ u k jiàn miàn ne ！		我记得我妈妈到时是怎么闻的	wǒ jì de wǒ mā mā dào shí shì zěn me wén de	
866	反驳	我不是在反驳这个。	wǒ bú shì zài fǎn bó zhè ge 。	I'm not refuting that.	那你就可以反驳他。	nà nǐ jiù kě yǐ fǎn bó tā 。	Then, you can refute it.	我现在正在反驳你的论点。	wǒ xiàn zài zhèng zài fǎn bó nǐ de lùn diǎn 。	I am refuting your argument right now.
867	第一天	今天是2019年的第一天。	jīn tiān shì 2 0 1 9 nián de dì yī tiān 。	Today is the first day of 2019.	今天是第一天。	jīn tiān shì dì yī tiān 。	Today is the first day.	第一天怎么样？	dì yī tiān zěn me yàng ？	How's the first day?
868	大姐	原来大姐不是忘了呀	yuán lái dà jiě bú shì wàng le ya		大姐，我回来半年了啊	dà jiě ， wǒ huí lái bàn nián le a		我开玩笑的大姐	wǒ kāi wán xiào de dà jiě	
869	大半夜	你大半夜不睡觉作什么死呢	nǐ dà bàn yè bù shuì jiào zuò shén me sǐ ne		如果有人大半夜把你妻子带走	rú guǒ yǒu rén dà bàn yè bǎ nǐ qī zǐ dài zǒu		奶奶 奶奶 这大半夜在干什么啊	nǎi nǎi   nǎi nǎi   zhè dà bàn yè zài gàn shén me a	
870	暴露	现在一唱歌就暴露年龄咯。	xiàn zài yī chàng gē jiù bào lù nián líng gē 。		这里有楼梯 我们会暴露的	zhè lǐ yǒu lóu tī   wǒ men huì bào lù de		这里有楼梯，我们会暴露的	zhè lǐ yǒu lóu tī ， wǒ men huì bào lù de	
871	用心	就或者是，用心的跟他们思考。	jiù huò zhě shì ， yòng xīn de gēn tā men sī kǎo 。		一定要用心做人，不要学他那样	yí dìng yào yòng xīn zuò rén ， bú yào xué tā nà yàng		一定要用心做人 ， 不要学他那样	yí dìng yào yòng xīn zuò rén   ，   bú yào xué tā nà yàng	
872	溜	这个…溜了溜了	zhè ge … liū le liū le		溜了溜了	liū le liū le		溜太早了	liū tài zǎo le	
873	土豆	他的鼻子看起来像土豆。	tā de bí zi kàn qǐ lái xiàng tǔ dòu 。	His nose looks like a potato.	让我们来煮土豆吧！	ràng wǒ men lái zhǔ tǔ dòu ba ！	Let's boil potatoes.	我种了三行土豆。	wǒ zhǒng le sān xíng tǔ dòu 。	I planted three rows of potatoes.
874	从没	我从没读过那么恐怖的小说。	wǒ cóng méi dú guò nà me kǒng bù de xiǎo shuō 。	I have never read such a scary novel.	他从没见过那么坏的男孩。	tā cóng méi jiàn guò nà me huài de nán hái 。	He had never seen such a bad boy.	我还从没听说过这个演员。	wǒ hái cóng méi tīng shuō guò zhè ge yǎn yuán 。	I've never heard of the actor.
875	不停	雨不停，我们不会出去。	yǔ bù tíng ， wǒ men bú huì chū qù 。	We won't go out if it doesn't stop raining.	他们总是吵个不停。	tā men zǒng shì chǎo gè bù tíng 。	They are always at each other's throats.	那些狗不停的叫声。	nà xiē gǒu bù tíng de jiào shēng 。	Those dogs will not stop barking.
876	可乐	去买三瓶可乐。	qù mǎi sān píng kě lè 。	Go and buy three bottles of coke.	他们喝可乐。	tā men hē kě lè 。	They drink coke.	与其喝可乐，倒不如喝香槟。	yǔ qí hē kě lè ， dào bù rú hē xiāng bīn 。	Instead of drinking cola, why not drink champagne?
877	龙	龙是人幻想出来的动物。	lóng shì rén huàn xiǎng chū lái de dòng wù 。	A dragon is a creature of fancy.	龙是中国的文化图腾。	lóng shì zhōng guó de wén huà tú téng 。	The dragon is one of the cultural emblems of China.	我见过龙。	wǒ jiàn guò lóng 。	I saw a dragon!
878	元旦	元旦是一年的关键。	yuán dàn shì yī nián de guān jiàn 。	New Year's Day is the key to the year.	元旦快乐！	yuán dàn kuài lè ！	Happy New Year!	元旦就在眼前。	yuán dàn jiù zài yǎn qián 。	New Year's Day is close at hand.
879	套路	城市套路太深我就回了农村	chéng shì tào lù tài shēn wǒ jiù huí le nóng cūn		我为什么要套路女孩子	wǒ wèi shén me yào tào lù nǚ hái zi		或者这是个聪明的套路?	huò zhě zhè shì gè cōng míng de tào lù ?	
880	抓紧	如果你抓紧，你还能赶上火车。	rú guǒ nǐ zhuā jǐn ， nǐ hái néng gǎn shàng huǒ chē 。	If you hurry you can still make the train.	请抓紧时间。	qǐng zhuā jǐn shí jiān 。	Please hurry.	如果你不抓紧的话，你就会赶不上火车。	rú guǒ nǐ bù zhuā jǐn de huà ， nǐ jiù huì gǎn bù shàng huǒ chē 。	If you don't hurry, you'll miss the train.
881	挣	他每个月挣多少？	tā měi gè yuè zhēng duō shǎo ？	How much money does he make a month?	他通过努力挣了大笔钱。	tā tōng guò nǔ lì zhēng le dà bǐ qián 。	He has made a fortune through hard work.	我一天挣一百欧元。	wǒ yī tiān zhēng yì bǎi ōu yuán 。	I make €100 a day.
882	系列	哦，警察故事那个系列都是好像	ó ， jǐng chá gù shì nà ge xì liè dōu shì hǎo xiàng		那个警察故事系列的话，它还是有	nà ge jǐng chá gù shì xì liè de huà ， tā hái shì yǒu		警察故事系列的一些。	jǐng chá gù shì xì liè de yī xiē 。	
883	肌肉	游泳锻炼肌肉。	yóu yǒng duàn liàn jī ròu 。	Swimming develops your muscles.	海格力斯有强健的肌肉。	hǎi gé lì sī yǒu qiáng jiàn de jī ròu 。	Hercules had strong muscles.	一般说来，男生的肌肉比女生发达。	yì bān shuō lái ， nán shēng de jī ròu bǐ nǚ shēng fā dá 。	Generally speaking, men are physically stronger than women.
884	呼吸	想出去呼吸一下新鲜空气吗？	xiǎng chū qù hū xī yī xià xīn xiān kōng qì ma ？	Wouldn't you like to get some fresh air?	我想要呼吸一些新鲜空气。	wǒ xiǎng yào hū xī yī xiē xīn xiān kōng qì 。	I feel like getting some fresh air.	我想呼吸一下新鲜空气。	wǒ xiǎng hū xī yī xià xīn xiān kōng qì 。	I want to breathe some fresh air.
885	眼泪	你最后一次替别人擦眼泪是什么时候？	nǐ zuì hòu yī cì tì bié rén cā yǎn lèi shì shén me shí hòu ？	When did you last wipe someone's tears away?	她的眼泪已经告诉了发生了什么。	tā de yǎn lèi yǐ jīng gào sù le fā shēng le shén me 。	Her tears have already told me what has happened.	眼泪沿着他的脸颊流下来。	yǎn lèi yán zhe tā de liǎn jiá liú xià lái 。	Tears flowed down his cheek.
886	培训	我想交通培训可以结束了	wǒ xiǎng jiāo tōng péi xùn kě yǐ jié shù le		没有飞机没有培训学校	méi yǒu fēi jī méi yǒu péi xùn xué xiào		我想出个培训计划来	wǒ xiǎng chū gè péi xùn jì huà lái	
887	妞	妞你要哪个	niū nǐ yào nǎ ge		怎么了妞？	zěn me le niū ？		他们个个都跟他的妞干过	tā men gè gè dōu gēn tā de niū gàn guò	
888	木	这张桌子是木的。	zhè zhāng zhuō zi shì mù de 。	This table is made out of wood.	那个箱子是用木造的。	nà ge xiāng zi shì yòng mù zào de 。	That box is made of wood.	汤姆把几个木箱子当椅子用。	tāng mǔ bǎ jǐ gè mù xiāng zi dāng yǐ zi yòng 。	Tom utilized some wooden chests as chairs.
889	摄影师	谁是你最喜欢的摄影师？	shuí shì nǐ zuì xǐ huān de shè yǐng shī ？	Who's your favorite photographer?	我是专业摄影师。	wǒ shì zhuān yè shè yǐng shī 。	I'm a professional photographer.	照片是专业摄影师拍的，所以不会有问题。	zhào piān shì zhuān yè shè yǐng shī pāi de ， suǒ yǐ bú huì yǒu wèn tí 。	The photos are taken by a pro, so they'll turn out well.
890	动力	想努力却没动力怎么办	xiǎng nǔ lì què méi dòng lì zěn me bàn		加油孩子你需要动力	jiā yóu hái zi nǐ xū yào dòng lì		努力是什么样的动力	nǔ lì shì shén me yàng de dòng lì	
891	小子	换我也得揍，就那种小子？	huàn wǒ yě dé zòu ， jiù nà zhǒng xiǎo zi ？		你算什么，那小子的律师还是什么？	nǐ suàn shén me ， nà xiǎo zi de lǜ shī hái shì shén me ？		小子。越来越像女人了！	xiǎo zi 。 yuè lái yuè xiàng nǚ rén le ！	
892	包包	那个包包看起来好贵	nà ge bāo bāo kàn qǐ lái hǎo guì	That bag looks expensive.	把包包看好。	bǎ bāo bāo kàn hǎo 。	Keep an eye on the bags.	Mary霸占了她的包包并且离开了。	M a r y bà zhàn le tā de bāo bāo bìng qiě lí kāi le 。	Mary grabbed her purse and left.
893	踩	不要踩草地。	bú yào cǎi cǎo dì 。	Keep off the grass.	你可以休息在草地上，但是别踩它	nǐ kě yǐ xiū xī zài cǎo dì shàng ， dàn shì bié cǎi tā	You can relax on the grass, but don't trample it.	不要踩在碎玻璃上。	bú yào cǎi zài suì bō lí shàng 。	Don't step on the broken glass.
894	吃吃	为什么你一直在吃吃好吃的	wèi shén me nǐ yì zhí zài chī chī hǎo chī de		回家这几天我就一直是吃吃	huí jiā zhè jǐ tiān wǒ jiù yì zhí shì chī chī		保持一个好心情然后吃吃	bǎo chí yí gè hǎo xīn qíng rán hòu chī chī	
895	蠢	我必须问你一个蠢问题。	wǒ bì xū wèn nǐ yí gè chǔn wèn tí 。	I need to ask you a silly question.	我只告诉你，他有点蠢。	wǒ zhǐ gào sù nǐ ， tā yǒu diǎn chǔn 。	Between you and me, he is rather stupid.	人类是最蠢的猴子。	rén lèi shì zuì chǔn de hóu zi 。	Humans are the silliest monkeys.
896	王子	王子爱上了一个樵夫的女儿。	wáng zǐ ài shàng le yí gè qiáo fū de nǚ ér 。	The prince fell in love with a woodcutter's daughter.	一位王子骑着白马到来了。	yī wèi wáng zǐ qí zhe bái mǎ dào lái le 。	A prince arrived, riding a white horse.	王子在森林中迷了路。	wáng zǐ zài sēn lín zhōng mí le lù 。	The prince was lost in the woods.
897	杨幂	哎闹这样你觉你觉得杨幂	āi nào zhè yàng nǐ jué nǐ jué de yáng mì		来自杨幂老公的祝福	lái zì yáng mì lǎo gōng de zhù fú		其实你知道你知道当时杨幂，杨幂和	qí shí nǐ zhī dào nǐ zhī dào dāng shí yáng mì ， yáng mì hé	
898	手术	你是否同意手术？	nǐ shì fǒu tóng yì shǒu shù ？	Do you give your consent to the operation?	我不想接受手术。	wǒ bù xiǎng jiē shòu shǒu shù 。	I don't want to have an operation.	父亲将会接受手术。	fù qīn jiāng huì jiē shòu shǒu shù 。	Father is going to undergo an operation.
899	播	我看了电视播的篮球赛。	wǒ kàn le diàn shì bō de lán qiú sài 。	I watched the basketball game on TV.	电视台正在播足球赛。	diàn shì tái zhèng zài bō zú qiú sài 。	The football game is now on the air.	他们用慢动作把那一幕播了出来。	tā men yòng màn dòng zuò bǎ nà yī mù bō le chū lái 。	They showed the scene in slow motion.
900	且	这是快速且有效的交流方式。	zhè shì kuài sù qiě yǒu xiào de jiāo liú fāng shì 。	This is a fast and effective way of communication.	当且仅当你知道我们的密码你才可以进来。	dāng qiě jǐn dāng nǐ zhī dào wǒ men de mì mǎ nǐ cái kě yǐ jìn lái 。	You can come in if and only if you know our password.	汤姆脱了他的手表且放在桌子上。	tāng mǔ tuō le tā de shǒu biǎo qiě fàng zài zhuō zi shàng 。	Tom took his watch off and laid it on the table.
901	辣椒	辣椒是我最喜欢的香料之一。	là jiāo shì wǒ zuì xǐ huān de xiāng liào zhī yī 。	Capsicum is one of my favorite spices.	您吃不吃辣椒？	nín chī bù chī là jiāo ？	Do you want pepper on it?	玛丽的包里有辣椒喷雾。	mǎ lì de bāo lǐ yǒu là jiāo pēn wù 。	Mary carries pepper spray in her purse.
902	升级	谢谢你们让我升级为帅哥	xiè xiè nǐ men ràng wǒ shēng jí wèi shuài gē		我有在努力升级了，都67了	wǒ yǒu zài nǔ lì shēng jí le ， dōu 6 7 le		玩了玩了就升级了啊	wán le wán le jiù shēng jí le a	
903	欢乐	欢乐的胖子得啥心态欢乐啊	huān lè de pàng zi dé shá xīn tài huān lè a		它还是挺欢乐的，但是	tā hái shì tǐng huān lè de ， dàn shì		你真欢乐，最近如何？	nǐ zhēn huān lè ， zuì jìn rú hé ？	
904	山东	山东先生 我找到有趣的东西了	shān dōng xiān shēng   wǒ zhǎo dào yǒu qù de dōng xī le		嗯，山东青岛	ń ， shān dōng qīng dǎo		山东怎样	shān dōng zěn yàng	
905	情侣	情侣很舍不得离开.	qíng lǚ hěn shě bù dé lí kāi .	The lovers reluctantly parted.	越来越多的情侣出国度蜜月。	yuè lái yuè duō de qíng lǚ chū guó dù mì yuè 。	More and more couples go on honeymoon trips abroad.	他俩穿著情侣袜。	tā liǎ chuān zhù qíng lǚ wà 。	They are wearing couple socks.
906	双眼皮	是她那对漂亮的双眼皮对吧.	shì tā nà duì piào liàng de shuāng yǎn pí duì ba .		你做了双眼皮手术吗？	nǐ zuò le shuāng yǎn pí shǒu shù ma ？		我看到了双眼皮贴	wǒ kàn dào le shuāng yǎn pí tiē	
907	报道	他觉得必须报道这件事。	tā jué de bì xū bào dào zhè jiàn shì 。	He felt compelled to report the incident.	关于这个问题，我觉得垃圾媒体只报道了很片面的信息。	guān yú zhè ge wèn tí ， wǒ jué de lā jī méi tǐ zhǐ bào dào le hěn piàn miàn de xìn xī 。	Concerning this issue, I feel that the trash media only report biased information.	汤姆写了篇非常有深度的报道。	tāng mǔ xiě le piān fēi cháng yǒu shēn dù de bào dào 。	Tom wrote a very profound report.
908	骗人	他说他没有进房间，那是骗人的。	tā shuō tā méi yǒu jìn fáng jiān ， nà shì piàn rén de 。	He said he did not enter the room, which was a lie.	我没有听过他骗人。	wǒ méi yǒu tīng guò tā piàn rén 。	I have never heard him lie.	为什么骗人呢？	wèi shén me piàn rén ne ？	Why do you lie?
909	粥	我还带来了一些自己做的粥，弄热一下就可以吃了。	wǒ hái dài lái le yī xiē zì jǐ zuò de zhōu ， nòng rè yī xià jiù kě yǐ chī le 。	I also brought some gruel I made. It just needs warming up.	唯有加很多糖才能让我喝得下粥。	wéi yǒu jiā hěn duō táng cái néng ràng wǒ hē dé xià zhōu 。	The only way I can eat porridge is with lots of sugar.	俗话说：高丽菜汤和粥是我们的食物。	sú huà shuō ： gāo lí cài tāng hé zhōu shì wǒ men de shí wù 。	There is a saying: cabbage soup and porridge are our food.
910	过生日	昨天是谁过生日？	zuó tiān shì shuí guò shēng rì ？	Whose birthday was it yesterday?	我不想过生日。	wǒ bù xiǎng guò shēng rì 。	I don't want to celebrate my birthday.	我不过生日。	wǒ bù guò shēng rì 。	I don't celebrate my birthday.
911	移动	马停了下来，而且拒绝移动。	mǎ tíng le xià lái ， ér qiě jù jué yí dòng 。	The horse stopped and wouldn't move.	她慢慢移动向前。	tā màn màn yí dòng xiàng qián 。	She slowly moved forward.	他移动了家具。	tā yí dòng le jiā jù 。	He moved the furniture.
912	搞定	会搞定的。	huì gǎo dìng de 。	It will be done.	搞定了！	gǎo dìng le ！	It's done!	我自己搞定，修好了我的车。	wǒ zì jǐ gǎo dìng ， xiū hǎo le wǒ de chē 。	I managed to repair my car by myself.
913	吃到	我想吃到一个很完美的午餐	wǒ xiǎng chī dào yí gè hěn wán měi de wǔ cān		哈哈！你吃到月饼没有哇！	hā hā ！ nǐ chī dào yuè bǐng méi yǒu wa ！		你会吃到最好的食物	nǐ huì chī dào zuì hǎo de shí wù	
914	周日	此事故发生在周日3点左右。	cǐ shì gù fā shēng zài zhōu rì 3 diǎn zuǒ yòu 。	The accident happened on Sunday at about 3:00.	他在周日打扫他的房间。	tā zài zhōu rì dǎ sǎo tā de fáng jiān 。	He cleaned his room on Sunday.	周日是一周的最后一天。	zhōu rì shì yī zhōu de zuì hòu yī tiān 。	Sunday is the last day of the week.
915	奶	你想要糖和奶吗？	nǐ xiǎng yào táng hé nǎi ma ？	Would you like sugar and milk?	牛供给我们好奶。	niú gōng jǐ wǒ men hǎo nǎi 。	Cows provide us with good milk.	牛可产奶。	niú kě chǎn nǎi 。	Cows give milk.
916	治	你有任何治感冒的东西吗?	nǐ yǒu rèn hé zhì gǎn mào de dōng xī ma ?	Do you have anything for a cold?	这些书是贤治的吗？	zhè xiē shū shì xián zhì de ma ？	Are these books Kenji's?	吃胡萝卜可以治夜盲症。	chī hú luó bo kě yǐ zhì yè máng zhèng 。	Eating carrots can help cure night blindness.
917	爷	你是你是孙子我是爷	nǐ shì nǐ shì sūn zi wǒ shì yé		你是孙子我是爷	nǐ shì sūn zi wǒ shì yé		爷，什么事?	yé ， shén me shì ?	
918	及	六岁及以上的小孩应该上学。	liù suì jí yǐ shàng de xiǎo hái yīng gāi shàng xué 。	Children of six and above should attend school.	把米饭和鸡蛋及酱油混一下。	bǎ mǐ fàn hé jī dàn jí jiàng yóu hùn yī xià 。	Mix the rice and eggs with soy sauce.	我周围都是各国的语言及文字的爱好者。	wǒ zhōu wéi dōu shì gè guó de yǔ yán jí wén zì de ài hào zhě 。	I'm surrounded by linguaphiles!
919	拯救	减少伤害，拯救生命。	jiǎn shǎo shāng hài ， zhěng jiù shēng mìng 。	Harm reduction saves lives.	他拯救了我。	tā zhěng jiù le wǒ 。	He came to my rescue.	拯救你自己。	zhěng jiù nǐ zì jǐ 。	Save yourself.
920	便	由于我生病了，我便没去上学。	yóu yú wǒ shēng bìng le ， wǒ biàn méi qù shàng xué 。	As I was sick, I did not go to school.	便后请洗手。	biàn hòu qǐng xǐ shǒu 。	Please wash your hands after using the bathroom.	我感冒了，昨天便在床上睡觉。	wǒ gǎn mào le ， zuó tiān biàn zài chuáng shàng shuì jiào 。	I caught a cold and was in bed yesterday.
921	饼	我老婆非常喜欢苹果饼。	wǒ lǎo pó fēi cháng xǐ huān píng guǒ bǐng 。	My wife likes apple pie a lot.	我把这包饼吃完了。	wǒ bǎ zhè bāo bǐng chī wán le 。	I finished eating this cake.	Tatoeba：加入黑暗的一面。我们有巧克力曲奇饼。	T a t o e b a ： jiā rù hēi àn de yí miàn 。 wǒ men yǒu qiǎo kè lì qū qí bǐng 。	Tatoeba: Join the dark side. We have chocolate cookies.
922	嗯哼	哈哈是的嗯哼买牙膏还有送碗的？	hā hā shì de ń hēng mǎi yá gāo hái yǒu sòng wǎn de ？		嗯哼 一架自己的飞机	ń hēng   yī jià zì jǐ de fēi jī		嗯哼～一切顺利啦	ń hēng ～ yī qiè shùn lì la	
923	窝	曲奇的窝是一个平放的木桶。	qū qí de wō shì yí gè píng fàng de mù tǒng 。	Cookie's house is a laid barrel.	金窝银窝不如自己的狗窝。	jīn wō yín wō bù rú zì jǐ de gǒu wō 。	There is no place like home.	一窝黄蜂袭击了孩子们。	yī wō huáng fēng xí jī le hái zi men 。	A swarm of hornets attacked the children.
924	麻麻	颜值好像下降了，麻麻怎么半	yán zhí hǎo xiàng xià jiàng le ， má má zěn me bàn		麻麻却看上去不那么高兴。	má má què kàn shàng qù bù nà me gāo xìng 。		我麻麻说我回来之后脸又圆了	wǒ má má shuō wǒ huí lái zhī hòu liǎn yòu yuán le	
925	玩耍	你可以问在那里玩耍的小孩。	nǐ kě yǐ wèn zài nà lǐ wán shuǎ de xiǎo hái 。	You can ask the child who's playing over there.	不要让孩子们在街上玩耍。	bú yào ràng hái zi men zài jiē shàng wán shuǎ 。	Don't let the children play on the street.	我们看着这孩子玩耍。	wǒ men kàn zhe zhè hái zi wán shuǎ 。	We were watching the child at play.
926	肿	我的手和脚都肿了。	wǒ de shǒu hé jiǎo dōu zhǒng le 。	My hands and legs are swollen.	你的腮帮子肿了多久了？	nǐ de sāi bāng zi zhǒng le duō jiǔ le ？	How long have your cheeks been swollen?	我头撞到了门，肿了一块。	wǒ tóu zhuàng dào le mén ， zhǒng le yī kuài 。	I bumped my head against the door and got a lump.
927	前任	我记得特别清楚，因为她前任	wǒ jì de tè bié qīng chǔ ， yīn wèi tā qián rèn		我不我就前任一没看过	wǒ bù wǒ jiù qián rèn yī méi kàn guò		我想到我前任，前任就是	wǒ xiǎng dào wǒ qián rèn ， qián rèn jiù shì	
928	幼儿园	我们上幼儿园。	wǒ men shàng yòu ér yuán 。	We go to kindergarten.	幼儿园老师有时被称为孩子王。	yòu ér yuán lǎo shī yǒu shí bèi chēng wéi hái zi wáng 。	Teachers in kindergarten are sometimes referred to as leaders of children.	她是幼儿园里的保育员。	tā shì yòu ér yuán lǐ de bǎo yù yuán 。	She is a child-care worker in a kindergarten.
929	两个月	这只狗是两个月前出生的。	zhè zhǐ gǒu shì liǎng gè yuè qián chū shēng de 。	This dog was born two months ago.	我在日本已经两个月了。	wǒ zài rì běn yǐ jīng liǎng gè yuè le 。	I have been in Japan for two months.	我到东京是两个月前。	wǒ dào dōng jīng shì liǎng gè yuè qián 。	It was two months ago that I arrived in Tokyo.
930	武器	耐心有时候是最有效的武器。	nài xīn yǒu shí hòu shì zuì yǒu xiào de wǔ qì 。	Patience is sometimes the most effective weapon.	把那件武器给我。	bǎ nà jiàn wǔ qì gěi wǒ 。	Give me that weapon.	放下你们的武器。	fàng xià nǐ men de wǔ qì 。	Put down your weapons.
931	黑暗	我们的眼睛需要时间来适应黑暗。	wǒ men de yǎn jīng xū yào shí jiān lái shì yìng hēi àn 。	Our eyes take time to adjust to the darkness.	他慢慢地适应了黑暗。	tā màn màn dì shì yìng le hēi àn 。	Slowly his eyes adjusted to the darkness.	历史是黑暗的。	lì shǐ shì hēi àn de 。	History is dark.
932	怪不得	有警察，怪不得不叫我进去看	yǒu jǐng chá ， guài bù dé bù jiào wǒ jìn qù kàn		我家也昨天，怪不得他这是今天	wǒ jiā yě zuó tiān ， guài bù dé tā zhè shì jīn tiān		为啥呀怪不得你这么瘦	wèi shá ya guài bù dé nǐ zhè me shòu	
933	扯	。你就扯吧，反正不要钱	。 nǐ jiù chě ba ， fǎn zhèng bú yào qián		她想扯我后腿	tā xiǎng chě wǒ hòu tuǐ		扯得有点远啊	chě dé yǒu diǎn yuǎn a	
934	假如	假如你认识这张脸，请拨打10！	jiǎ rú nǐ rèn shí zhè zhāng liǎn ， qǐng bō dǎ 1 0 ！		想象一下，假如你有一台时光机。	xiǎng xiàng yī xià ， jiǎ rú nǐ yǒu yī tái shí guāng jī 。	Imagine that you have a time machine.	假如你有10美元，你会用它做什么呢？	jiǎ rú nǐ yǒu 1 0 měi yuán ， nǐ huì yòng tā zuò shén me ne ？	
935	聊聊	咱们聊聊吧！	zán men liáo liáo ba ！	Let's have a chat.	我们聊聊吧！	wǒ men liáo liáo ba ！	Let's have a chat.	我想和Tom聊聊。	wǒ xiǎng hé T o m liáo liáo 。	I would like to talk to Tom.
936	凑	但凑在一起很好	dàn còu zài yì qǐ hěn hǎo		你凑什么热闹	nǐ còu shén me rè nào		我现在一定要凑点钱, 兄弟.	wǒ xiàn zài yí dìng yào còu diǎn qián ,   xiōng dì .	
937	康复	对于他的康复没有任何希望。	duì yú tā de kāng fù méi yǒu rèn hé xī wàng 。	He is beyond the chance of recovery.	别担心，我已经完全康复了。	bié dān xīn ， wǒ yǐ jīng wán quán kāng fù le 。	Don't worry. I have completely recovered.	你很快就会康复的。	nǐ hěn kuài jiù huì kāng fù de 。	You will recover very soon.
938	肉肉	麻烦问一下这个肉肉叫啥呢？	má fán wèn yī xià zhè ge ròu ròu jiào shá ne ？		我为什么看到了肉肉哈哈	wǒ wèi shén me kàn dào le ròu ròu hā hā		肉肉应该和朋友一起成长	ròu ròu yīng gāi hé péng yǒu yì qǐ chéng zhǎng	
939	高级	原来你学的专业这么高级	yuán lái nǐ xué de zhuān yè zhè me gāo jí		手机是越来越高级了，是吧	shǒu jī shì yuè lái yuè gāo jí le ， shì ba		来吧，你们会喜欢 挺高级的 Come on.	lái ba ， nǐ men huì xǐ huān   tǐng gāo jí de   C o m e   o n .	
940	老鼠	这只老鼠是死还是活的？	zhè zhǐ lǎo shǔ shì sǐ hái shì huó de ？	Is the rat alive or dead?	老鼠来了！快去叫猫来！	lǎo shǔ lái le ！ kuài qù jiào māo lái ！	The rat's here! Go call the cat!	这只猫不抓老鼠。	zhè zhǐ māo bù zhuā lǎo shǔ 。	This cat doesn't chase mice.
941	折腾	三个小时就会醒来折腾你	sān gè xiǎo shí jiù huì xǐng lái zhē teng nǐ		还在小区里啊？瞎折腾！哈哈	hái zài xiǎo qū lǐ a ？ xiā zhē teng ！ hā hā		是，是谁把你折腾成这样？	shì ， shì shuí bǎ nǐ zhē teng chéng zhè yàng ？	
942	弟	我弟觉得他比我强，但他才六岁。	wǒ dì jué de tā bǐ wǒ qiáng ， dàn tā cái liù suì 。	My brother thinks that he's stronger than me. But he's only six years old.	他不是我男友，他是我弟。	tā bù shì wǒ nán yǒu ， tā shì wǒ dì 。	He's not my boyfriend. He's my brother.	她把我介绍给了她弟。	tā bǎ wǒ jiè shào gěi le tā dì 。	She introduced me to her brother.
943	占	他帮我占了位子。	tā bāng wǒ zhàn le wèi zi 。	He held a seat for me.	床占了很多空间。	chuáng zhàn le hěn duō kōng jiān 。	The bed took up a lot of space.	我们占 9%。	wǒ men zhàn   9 % 。	
944	模特	拍的很好。下次我给你做模特	pāi de hěn hǎo 。 xià cì wǒ gěi nǐ zuò mó tè		她不是模特。哈哈。她是我同事	tā bú shì mó tè 。 hā hā 。 tā shì wǒ tóng shì		毕竟这是你第一次当模特	bì jìng zhè shì nǐ dì yī cì dāng mó tè	
945	难怪	难怪我们没有办法说话。	nán guài wǒ men méi yǒu bàn fǎ shuō huà 。	No wonder we could not speak.	难怪他这么生气。	nán guài tā zhè me shēng qì 。	No wonder he is so angry.	难怪你这么生气。	nán guài nǐ zhè me shēng qì 。	No wonder you're so upset.
946	男票	一个不会拍照的男票多么可怕	yí gè bú huì pāi zhào de nán piào duō me kě pà		原来昨天是和男票一起	yuán lái zuó tiān shì hé nán piào yì qǐ		不是我生日，是男票我才看明白1024是节日	bú shì wǒ shēng rì ， shì nán piào wǒ cái kàn míng bái 1 0 2 4 shì jié rì	
947	扎心	扎心了本来不会做已经够绝望了	zhā xīn le běn lái bú huì zuò yǐ jīng gòu jué wàng le		我长得…实话太扎心。	wǒ zhǎng dé … shí huà tài zhā xīn 。		我没有觉得扎心啊，我只是单纯想骂他	wǒ méi yǒu jué de zhā xīn a ， wǒ zhǐ shì dān chún xiǎng mà tā	
948	老爸	老爸知道你弄坏了他的手表吗？	lǎo bà zhī dào nǐ nòng huài le tā de shǒu biǎo ma ？	Does Father know you've broken his watch?	她老爸是日本人。	tā lǎo bà shì rì běn rén 。	Her father is Japanese.	我给我的老爸送了一个铃鼓。	wǒ gěi wǒ de lǎo bà sòng le yí gè líng gǔ 。	I gave my dad a tambourine as a gift.
949	没事儿	没事儿你还年轻这样很正常	méi shì ér nǐ hái nián qīng zhè yàng hěn zhèng cháng		没事儿，就是提醒你该吃药了	méi shì ér ， jiù shì tí xǐng nǐ gāi chī yào le		只要人人没事儿，真的就行	zhǐ yào rén rén méi shì ér ， zhēn de jiù xíng	
950	金	在绿色的森林里有金。	zài lǜ sè de sēn lín lǐ yǒu jīn 。	There is gold in green forests.	我和金同年。	wǒ hé jīn tóng nián 。	Kim and I are the same age.	沉默是金。	chén mò shì jīn 。	Silence is golden.
951	有病	你是不是有病，电影怎么会说话	nǐ shì bú shì yǒu bìng ， diàn yǐng zěn me huì shuō huà		啊这个男生更恐怖，他有病我觉得	a zhè ge nán shēng gèng kǒng bù ， tā yǒu bìng wǒ jué de		可你真的就是有病啊	kě nǐ zhēn de jiù shì yǒu bìng a	
952	泪	没有音乐，世界将变成一片泪谷。	méi yǒu yīn yuè ， shì jiè jiāng biàn chéng yī piàn lèi gǔ 。	Without music, the world is a valley of tears.	我妈妈眼含着泪看我。	wǒ mā mā yǎn hán zhe lèi kàn wǒ 。	My mother looked at me with tears in her eyes.	在座的人全都被感动得流下了泪来。	zài zuò de rén quán dōu bèi gǎn dòng dé liú xià le lèi lái 。	Those present were all moved to tears.
953	老实	老实说，我们是来抓你们的。	lǎo shí shuō ， wǒ men shì lái zhuā nǐ men de 。	To be honest, we came to capture you.	不是每个人都是老实的。	bú shì měi gè rén dōu shì lǎo shí de 。	Not everyone is honest.	老实说，我不太喜欢她。	lǎo shí shuō ， wǒ bù tài xǐ huān tā 。	To tell the truth, I don't really like her.
954	在乎	为什么我应该在乎你怎么想？	wèi shén me wǒ yīng gāi zài hū nǐ zěn me xiǎng ？	Why should I care what you think?	我们在乎吗？	wǒ men zài hū ma ？	Do we care?	我干嘛在乎？	wǒ gàn má zài hū ？	Why do I even care?
955	慌	先不要慌 你还敢叫我不要慌	xiān bú yào huāng   nǐ hái gǎn jiào wǒ bú yào huāng		你难道不懂我为何这么慌	nǐ nán dào bù dǒng wǒ wèi hé zhè me huāng		天天吃到撑有点慌	tiān tiān chī dào chēng yǒu diǎn huāng	
956	痘	我想吃烤肉！可我现在满脸都是痘！	wǒ xiǎng chī kǎo ròu ！ kě wǒ xiàn zài mǎn liǎn dōu shì dòu ！		哇什么痘的	wa shén me dòu de		珍惜起痘的青春吧你还年轻	zhēn xī qǐ dòu de qīng chūn ba nǐ hái nián qīng	
957	挑战	她说她喜欢那个挑战。	tā shuō tā xǐ huān nà ge tiǎo zhàn 。	She said she enjoyed the challenge.	我们接受你们的挑战。	wǒ men jiē shòu nǐ men de tiǎo zhàn 。	We accept your challenge.	翻译的挑战让我着迷。	fān yì de tiǎo zhàn ràng wǒ zháo mí 。	I'm captivated by the challenges of translation.
958	软	这很软。	zhè hěn ruǎn 。	That's soft.	我住的那家旅馆的床太软了。	wǒ zhù de nà jiā lǚ guǎn de chuáng tài ruǎn le 。	The bed at the hotel where I stayed was too soft.	她是个又高又瘦, 留著一头又长又软的褐色头发的女孩。	tā shì gè yòu gāo yòu shòu ,   liú zhù yī tóu yòu zhǎng yòu ruǎn de hè sè tóu fà de nǚ hái 。	She was a tall, thin girl with long, soft brown hair.
959	其它	Kate 的声音明显和其它女孩不同。	K a t e   de shēng yīn míng xiǎn hé qí tā nǚ hái bù tóng 。	Kate's voice is clearly different from the other girls'.	我们除了走之外没有其它选择。	wǒ men chú le zǒu zhī wài méi yǒu qí tā xuǎn zé 。	We have no choice but to go.	中文比其它外语难多了。	zhōng wén bǐ qí tā wài yǔ nán duō le 。	Chinese is much more difficult than other foreign languages.
960	抹	别抹着你脸上的东西亲我！	bié mǒ zhe nǐ liǎn shàng de dōng xī qīn wǒ ！		他只要将头抹在牌上	tā zhǐ yào jiāng tóu mǒ zài pái shàng		就是用筷子抹的吧	jiù shì yòng kuài zi mǒ de ba	
961	杰克	杰克是班里最聪明的男孩儿 。	jié kè shì bān lǐ zuì cōng míng de nán hái er   。	Jack is the most intelligent boy in the class.	所有杰克做的事就是睡觉。	suǒ yǒu jié kè zuò de shì jiù shì shuì jiào 。	All Jack does is sleep.	杰克买了一个礼物给他的朋友。	jié kè mǎi le yí gè lǐ wù gěi tā de péng yǒu 。	Jack bought a present for his friend.
962	天空	天空是蓝色的。	tiān kōng shì lán sè de 。	The sky is blue.	天空几乎每天是晴朗的。	tiān kōng jī hū měi tiān shì qíng lǎng de 。	The sky is clear almost every day.	我们刚要开始，这时天空下起了雨。	wǒ men gāng yào kāi shǐ ， zhè shí tiān kōng xià qǐ le yǔ 。	We were about to start, when it began to rain.
963	蹲	现在警察做事叫你蹲在那里	xiàn zài jǐng chá zuò shì jiào nǐ dūn zài nà lǐ		没问题，家里蹲着也没事干	méi wèn tí ， jiā lǐ dūn zhe yě méi shì gàn		我都是蹲在家里，什么意思都没有	wǒ dōu shì dūn zài jiā lǐ ， shén me yì si dōu méi yǒu	
964	甩	我的女朋友甩了我。	wǒ de nǚ péng yǒu shuǎi le wǒ 。	My girlfriend dumped me.	我们都想知道她为什么甩了这么好的一个男人。	wǒ men dōu xiǎng zhī dào tā wèi shén me shuǎi le zhè me hǎo de yí gè nán rén 。	We all wondered why she had dumped such a nice man.	汤姆要甩了玛丽吗？	tāng mǔ yào shuǎi le mǎ lì ma ？	Is Tom going to dump Mary?
965	趴	我趴着睡觉。	wǒ pā zhe shuì jiào 。	I sleep on my stomach.	趴在地上!	pā zài dì shàng !	Get down on the floor!	汤姆趴在方向盘上睡著了。	tāng mǔ pā zài fāng xiàng pán shàng shuì zhù le 。	Tom fell asleep at the wheel.
966	说是	你努力工作 说是为了我	nǐ nǔ lì gōng zuò   shuō shì wèi le wǒ		我想你对每个记者说是.	wǒ xiǎng nǐ duì měi gè jì zhě shuō shì .		嗯.我没看到说是只让停两个小时	ń . wǒ méi kàn dào shuō shì zhǐ ràng tíng liǎng gè xiǎo shí	
967	吓死	人能被吓死吗？	rén néng bèi xià sǐ ma ？	Can one die of fear?	吓死我了。	xià sǐ wǒ le 。	I was terrified.	该死的！你吓死我了！	gāi sǐ de ！ nǐ xià sǐ wǒ le ！	Shit! You scared me half to death!
968	录	对啊我发现啦你也录一首嘛	duì a wǒ fā xiàn la nǐ yě lù yī shǒu ma		替我录一盒, 我要看看内容	tì wǒ lù yī hé ,   wǒ yào kàn kàn nèi róng		就是他他录那个节目嘛。	jiù shì tā tā lù nà ge jié mù ma 。	
969	妆	她总是化了妆。	tā zǒng shì huà le zhuāng 。	She is always well made up.	演员的皮肤是化过妆的。	yǎn yuán de pí fū shì huà guò zhuāng de 。	The actress' skin has makeup on it.	玛丽没有化爱丽丝那样浓的妆。	mǎ lì méi yǒu huà ài lì sī nà yàng nóng de zhuāng 。	Mary doesn't wear as much makeup as Alice.
970	正是	我给她的正是她所需要的。	wǒ gěi tā de zhèng shì tā suǒ xū yào de 。	I gave her just what she needed.	这大概正是我要做的。	zhè dà gài zhèng shì wǒ yào zuò de 。	Maybe that's what I'll do.	这正是我需要的东西。	zhè zhèng shì wǒ xū yào de dōng xī 。	This is exactly what I need.
971	毫无	没有爱情的生活毫无意义。	méi yǒu ài qíng de shēng huó háo wú yì yì 。	Life without love is just totally pointless.	这些问题对我们毫无效果。	zhè xiē wèn tí duì wǒ men háo wú xiào guǒ 。	These issues have no effect on us.	她说，没有我生活毫无意义。	tā shuō ， méi yǒu wǒ shēng huó háo wú yì yì 。	She said that without me, life held no meaning.
972	行业	这是很有前景的行业。	zhè shì hěn yǒu qián jǐng de háng yè 。	This is a very promising industry.	您在英国从事中医行业多长时间了？	nín zài yīng guó cóng shì zhōng yī háng yè duō zhǎng shí jiān le ？	How long have you been practising Chinese medicine in the UK?	这家公司在石油行业排名第二。	zhè jiā gōng sī zài shí yóu háng yè pái míng dì èr 。	This firm ranks second in the oil trade.
973	崩溃	状态已经崩溃了。	zhuàng tài yǐ jīng bēng kuì le 。	My mood is shot.	游戏崩溃。	yóu xì bēng kuì 。	The game crashed.	阿尔及利亚不会崩溃。	ā ěr jí lì yà bú huì bēng kuì 。	Algeria isn't going to collapse.
974	抛弃	她们被母亲抛弃了。	tā men bèi mǔ qīn pāo qì le 。	They were abandoned by their mother.	她抛弃了她的孩子。	tā pāo qì le tā de hái zi 。	She abandoned her children.	他为了钱抛弃自己的原则。	tā wèi le qián pāo qì zì jǐ de yuán zé 。	He sold his principles for money.
975	酒吧	这个酒吧的女服务员很漂亮。	zhè ge jiǔ bā de nǚ fú wù yuán hěn piào liàng 。	This pub has very beautiful waitresses.	我跟我朋友常常去酒吧。	wǒ gēn wǒ péng yǒu cháng cháng qù jiǔ bā 。	My friends and I often go to the bar.	所有老师都在酒吧。	suǒ yǒu lǎo shī dōu zài jiǔ bā 。	All the teachers were in the pub.
976	治疗	医生治疗了他们的降低体温。	yī shēng zhì liáo le tā men de jiàng dī tǐ wēn 。	They were treated for hypothermia.	你应该留在医院，接受治疗。	nǐ yīng gāi liú zài yī yuàn ， jiē shòu zhì liáo 。	You should stay in the hospital for treatment.	应该接受治疗的是你自己!	yīng gāi jiē shòu zhì liáo de shì nǐ zì jǐ !	You yourself need to be treated!
977	班主任	不用了你可以带我班主任走	bù yòng le nǐ kě yǐ dài wǒ bān zhǔ rèn zǒu		有一天 我们要去看看 班主任	yǒu yī tiān   wǒ men yào qù kàn kàn   bān zhǔ rèn		你确定那不是你们班主任	nǐ què dìng nà bú shì nǐ men bān zhǔ rèn	
978	农业	农业需要消耗大量的水。	nóng yè xū yào xiāo hào dà liàng de shuǐ 。	Agriculture consumes a great amount of water.	这片地不适合发展农业。	zhè piàn dì bù shì hé fā zhǎn nóng yè 。	This land is not suitable for agriculture.	政府应该加大对农业的投资。	zhèng fǔ yīng gāi jiā dà duì nóng yè de tóu zī 。	The government should invest more money in agriculture.
979	实验	通过实验来证明它。	tōng guò shí yàn lái zhèng míng tā 。	Prove it by experiment.	这实验是成功的。	zhè shí yàn shì chéng gōng de 。	The experiment was successful.	实验失败了。	shí yàn shī bài le 。	That experiment was a failure.
980	陪伴	我很高兴有她的陪伴。	wǒ hěn gāo xìng yǒu tā de péi bàn 。	I am glad to have her company.	你已经有人陪伴了。	nǐ yǐ jīng yǒu rén péi bàn le 。	You've got company.	我真的很喜欢你的陪伴。	wǒ zhēn de hěn xǐ huān nǐ de péi bàn 。	I really enjoyed your company.
981	沈阳	本来沈阳今天就冷，听完更冷	běn lái shěn yáng jīn tiān jiù lěng ， tīng wán gèng lěng		好嘞，我一定找机会去沈阳找你	hǎo lei ， wǒ yí dìng zhǎo jī huì qù shěn yáng zhǎo nǐ		那你说我可以谈一个沈阳的男朋友么	nà nǐ shuō wǒ kě yǐ tán yí gè shěn yáng de nán péng yǒu me	
982	美颜	参加美颜的意义上使用吗	cān jiā měi yán de yì yì shàng shǐ yòng ma		我感觉。你这个美颜。真怕！	wǒ gǎn jué 。 nǐ zhè ge měi yán 。 zhēn pà ！		知道美颜了	zhī dào měi yán le	
983	评价	我知道你对他评价很高。	wǒ zhī dào nǐ duì tā píng jià hěn gāo 。	I know you think highly of him.	我对她的评价很好。	wǒ duì tā de píng jià hěn hǎo 。	I had a good opinion of her.	老板对你的工作有很高的评价。	lǎo bǎn duì nǐ de gōng zuò yǒu hěn gāo de píng jià 。	The boss has a good opinion of your work.
984	大连	只要装好到大连的电话	zhǐ yào zhuāng hǎo dào dà lián de diàn huà		想念在大连的大学时光。	xiǎng niàn zài dà lián de dà xué shí guāng 。		大连不是东北谢谢	dà lián bú shì dōng běi xiè xiè	
985	一下子	一下子之间我忘了她的名字了。	yī xià zi zhī jiān wǒ wàng le tā de míng zì le 。	For a moment I forgot what her name was.	她一下子就认出他了。	tā yī xià zi jiù rèn chū tā le 。	She recognized him immediately.	我一下子就认出她了，她一点儿都没变。	wǒ yī xià zi jiù rèn chū tā le ， tā yì diǎn ér dōu méi biàn 。	I recognised her straight away; she hasn't changed a bit.
986	生物	这博物馆里面没有活的生物。	zhè bó wù guǎn lǐ miàn méi yǒu huó de shēng wù 。	There are no live animals in the museum.	据说火星上是没有生物的。	jù shuō huǒ xīng shàng shì méi yǒu shēng wù de 。	It is said that there is no life on Mars.	龙是人幻想出来的生物。	lóng shì rén huàn xiǎng chū lái de shēng wù 。	The dragon is an imaginary creature.
987	在于	冬天的好处在于没有蚊子。	dōng tiān de hǎo chù zài yú méi yǒu wén zi 。	The good thing about winter is that there are no mosquitos.	语言的学习在于日积月累。	yǔ yán de xué xí zài yú rì jī yuè lěi 。	Putting in effort daily is essential to language learning.	问题在于，金钱没有时间那样重要。	wèn tí zài yú ， jīn qián méi yǒu shí jiān nà yàng zhòng yào 。	The problem is that the money is not of such importance as the time.
988	公平	法律并不总是公平的。	fǎ lǜ bìng bù zǒng shì gōng píng de 。	The law is not always fair.	你认为那公平吗？	nǐ rèn wéi nà gōng píng ma ？	Do you think that was fair?	我们必须公平地对待这些人。	wǒ men bì xū gōng píng dì duì dài zhè xiē rén 。	We must deal fairly with these people.
989	毛毛	毛毛，我现在跟你一国了	máo máo ， wǒ xiàn zài gēn nǐ yī guó le		可以的毛毛会收到我们的关心的	kě yǐ de máo máo huì shōu dào wǒ men de guān xīn de		毛毛全世界你最棒！	máo máo quán shì jiè nǐ zuì bàng ！	
990	学妹	谢谢你让学妹回复我一下啊	xiè xiè nǐ ràng xué mèi huí fù wǒ yī xià a		地址就不用学妹给了吧	dì zhǐ jiù bù yòng xué mèi gěi le ba		我好像应该叫她学妹额，不能叫黑	wǒ hǎo xiàng yīng gāi jiào tā xué mèi é ， bù néng jiào hēi	
991	挡	这个老人挡了她的路。	zhè ge lǎo rén dǎng le tā de lù 。	The old man got in her way.	你挡我路?	nǐ dǎng wǒ lù ?	You get in my way?	请把椅子拿走，它挡著道儿了。	qǐng bǎ yǐ zi ná zǒu ， tā dǎng zhù dào ér le 。	Please remove that chair because it is in the way.
992	几个月	它花了几个月。	tā huā le jǐ gè yuè 。	It took months.	齐里在那房子里只住了几个月。	qí lǐ zài nà fáng zi lǐ zhǐ zhù le jǐ gè yuè 。	Ziri only lived in that house for a few months.	我和她交往几个月了。	wǒ hé tā jiāo wǎng jǐ gè yuè le 。	I've been going out with her for months.
993	新疆	嗯对，但是她的家确实新疆的	ń duì ， dàn shì tā de jiā què shí xīn jiāng de		哈哈好啊以后去新疆就找你了	hā hā hǎo a yǐ hòu qù xīn jiāng jiù zhǎo nǐ le		没呢，西北只去过新疆	méi ne ， xī běi zhǐ qù guò xīn jiāng	
994	散	太阳一出来，雾就散了。	tài yáng yī chū lái ， wù jiù sàn le 。	As the sun rose, the fog disappeared.	我去公园散了步。	wǒ qù gōng yuán sàn le bù 。	I went for a walk in the park.	雾在十时左右开始散了。	wù zài shí shí zuǒ yòu kāi shǐ sàn le 。	The fog began to disappear around ten o'clock.
995	夸奖	我这么正能量应该夸奖我	wǒ zhè me zhèng néng liàng yīng gāi kuā jiǎng wǒ		- 谢谢夸奖 你什么时候比赛?	-   xiè xiè kuā jiǎng   nǐ shén me shí hòu bǐ sài ?		那种谁得到的夸奖多	nà zhǒng shuí dé dào de kuā jiǎng duō	
996	瓜	它们是瓜。	tā men shì guā 。	They are melons.	把瓜切成六等分。	bǎ guā qiè chéng liù děng fēn 。	Cut the melon into six equal pieces.	种瓜得瓜，种豆得豆。	zhǒng guā dé guā ， zhǒng dòu dé dòu 。	As a man sows, so he shall reap.
997	彻底	我们必须把它彻底检查一下。	wǒ men bì xū bǎ tā chè dǐ jiǎn chá yī xià 。	We have to thoroughly investigate it.	他的家每周彻底打扫一次。	tā de jiā měi zhōu chè dǐ dǎ sǎo yī cì 。	His house is cleaned thoroughly once a week.	春天，我想要彻底打扫房子。	chūn tiān ， wǒ xiǎng yào chè dǐ dǎ sǎo fáng zi 。	I want to do spring cleaning.
998	升	我也是，但好像没得选择不升吧？	wǒ yě shì ， dàn hǎo xiàng méi dé xuǎn zé bù shēng ba ？		在纠结升不升级呢。	zài jiū jié shēng bù shēng jí ne 。		貌似可以不升	mào sì kě yǐ bù shēng	
999	象	你象纸一样白.	nǐ xiàng zhǐ yī yàng bái .	You are as white as a sheet.	小老虎很象猫。	xiǎo lǎo hǔ hěn xiàng māo 。	Young tigers resemble cats.	汤姆的吃相象只猪.	tāng mǔ de chī xiàng xiàng zhǐ zhū .	Tom eats like a pig.
1000	所谓	看来这些所谓的画家啥也不会画。	kàn lái zhè xiē suǒ wèi de huà jiā shá yě bú huì huà 。	Looks like these so-called painters can't paint anything.	他就是所谓的活字典。	tā jiù shì suǒ wèi de huó zì diǎn 。	He is what we call a walking dictionary.	她就是所谓的书虫。	tā jiù shì suǒ wèi de shū chóng 。	She is what we call a bookworm.
1001	瞧	我刚才瞧了一眼，一点没意思。	wǒ gāng cái qiáo le yī yǎn ， yì diǎn méi yì si 。	I just had a quick look. It wasn't interesting at all.	那人连瞧也不瞧她一眼就走过了。	nà rén lián qiáo yě bù qiáo tā yī yǎn jiù zǒu guò le 。	The man passed by without so much as glancing at her.	我瞧了瞧橱柜。	wǒ qiáo le qiáo chú guì 。	I looked in the cupboard.
1002	定位	哈哈定位出差了扣工资哈哈	hā hā dìng wèi chū chāi le kòu gōng zī hā hā		没回去呢，手机定位有问题。	méi huí qù ne ， shǒu jī dìng wèi yǒu wèn tí 。		你对可爱定位有点高	nǐ duì kě ài dìng wèi yǒu diǎn gāo	
1003	版	亲爱的！会不会出21plus版？！？	qīn ài de ！ huì bú huì chū 2 1 p l u s bǎn ？ ！ ？		可能我设置的英文版没事没事	kě néng wǒ shè zhì de yīng wén bǎn méi shì méi shì		那钻石版以后还会有吗	nà zuàn shí bǎn yǐ hòu hái huì yǒu ma	
1004	废话	废话少说，说重点。	fèi huà shǎo shuō ， shuō zhòng diǎn 。	Stop saying trifles! Focus on the main point.	这是什么废话？	zhè shì shén me fèi huà ？	What is this nonsense?	别说废话了，你知道那是不可能的。	bié shuō fèi huà le ， nǐ zhī dào nà shì bù kě néng de 。	Don't talk nonsense, you know that's impossible.
1005	打架	两个男人在街上打架。	liǎng gè nán rén zài jiē shàng dǎ jià 。	Two men were fighting on the street.	为何两位总是在打架？	wèi hé liǎng wèi zǒng shì zài dǎ jià ？	Why are you two always fighting?	讨论最后变成了打架。	tǎo lùn zuì hòu biàn chéng le dǎ jià 。	The argument ended in a fight.
1006	小号	这是我小号我是男的。	zhè shì wǒ xiǎo hào wǒ shì nán de 。		好慢.我小号都已经46了	hǎo màn . wǒ xiǎo hào dōu yǐ jīng 4 6 le		哈哈你忘记小号	hā hā nǐ wàng jì xiǎo hào	
1007	寻找	他现在正在寻找新工作。	tā xiàn zài zhèng zài xún zhǎo xīn gōng zuò 。	Now he's looking for another job.	我们那时寻找的就是他。	wǒ men nà shí xún zhǎo de jiù shì tā 。	He is the one we were looking for.	我正在寻找一位老人。	wǒ zhèng zài xún zhǎo yī wèi lǎo rén 。	I'm looking for an old man.
1008	糟糕	你不能来真是太糟糕了。	nǐ bù néng lái zhēn shì tài zāo gāo le 。	It's too bad that you couldn't come.	我还没觉得有那么糟糕。	wǒ hái méi jué de yǒu nà me zāo gāo 。	I didn't think it was so bad.	这是城里最糟糕的旅馆。	zhè shì chéng lǐ zuì zāo gāo de lǚ guǎn 。	This is the worst hotel in town.
1009	天哪	？天哪我们可以结婚了！	？ tiān nǎ wǒ men kě yǐ jié hūn le ！		天哪!是可爱的仙女	tiān nǎ ! shì kě ài de xiān nǚ		天哪！无法想象	tiān nǎ ！ wú fǎ xiǎng xiàng	
1010	海鲜	她喜欢海鲜。	tā xǐ huān hǎi xiān 。	She likes seafood.	我很喜欢吃海鲜。	wǒ hěn xǐ huān chī hǎi xiān 。	I really like seafood.	基隆的海鲜餐厅非常有名。	jī lóng de hǎi xiān cān tīng fēi cháng yǒu míng 。	The seafood restaurants in Keelung are very famous.
1011	河南	村里有人说他在河南	cūn lǐ yǒu rén shuō tā zài hé nán		河南的表示很痛苦	hé nán de biǎo shì hěn tòng kǔ		河南，干嘛去河南啊	hé nán ， gàn má qù hé nán a	
1012	亲亲	亲亲他回你啦你木有看到么	qīn qīn tā huí nǐ la nǐ mù yǒu kàn dào me		亲亲带上我！有航班消息吗！	qīn qīn dài shàng wǒ ！ yǒu háng bān xiāo xī ma ！		亲亲！这个袜子感觉还挺自然的	qīn qīn ！ zhè ge wà zi gǎn jué hái tǐng zì rán de	
1013	气死	不是我就气死我们宿舍的。	bú shì wǒ jiù qì sǐ wǒ men sù shè de 。		什么你想气死他阿，为什么	shén me nǐ xiǎng qì sǐ tā ā ， wèi shén me		因为你总想要气死我	yīn wèi nǐ zǒng xiǎng yào qì sǐ wǒ	
1014	丫	是的丫！再请你唱歌，喝酒	shì de yā ！ zài qǐng nǐ chàng gē ， hē jiǔ		失恋了？怪不得．对象是谁丫？介绍认识认识？	shī liàn le ？ guài bù dé ． duì xiàng shì shuí yā ？ jiè shào rèn shí rèn shí ？		好的呢丫~你自己噢	hǎo de ne yā ~ nǐ zì jǐ ō	
1015	和平	只有和平能够拯救世界。	zhǐ yǒu hé píng néng gòu zhěng jiù shì jiè 。	Only peace can save the world.	整个世界都需要和平。	zhěng gè shì jiè dōu xū yào hé píng 。	The entire world desires peace.	我们希望世界和平。	wǒ men xī wàng shì jiè hé píng 。	We are longing for world peace.
1016	玩意	没事，我一直在找这玩意	méi shì ， wǒ yì zhí zài zhǎo zhè wán yì		蚊子好像喜欢这玩意	wén zi hǎo xiàng xǐ huān zhè wán yì		那玩意长什么样子	nà wán yì zhǎng shén me yàng zi	
1017	砍	他在花园里砍了一棵树。	tā zài huā yuán lǐ kǎn le yī kē shù 。	He cut down a tree in his garden.	他砍了花园里的一棵树。	tā kǎn le huā yuán lǐ de yī kē shù 。	He cut down a tree in his garden.	汤姆砍了他门前的树。	tāng mǔ kǎn le tā mén qián de shù 。	Tom cut down the tree that was in front of his house.
1018	玻璃	不要踩在碎玻璃上。	bú yào cǎi zài suì bō lí shàng 。	Don't step on the broken glass.	玻璃脏了。	bō lí zàng le 。	The glass is dirty.	她拿了其中一个玻璃花瓶。	tā ná le qí zhōng yí gè bō lí huā píng 。	She picked up one of the glass vases.
1019	随意	不要随意在路边停车	bú yào suí yì zài lù biān tíng chē	Don't just park along the road as you please.	稍微随意一点。	shāo wēi suí yì yì diǎn 。	Let your hair down a little.	你随意。	nǐ suí yì 。	Suit yourself.
1020	离婚	结婚是所有离婚的主要原因。	jié hūn shì suǒ yǒu lí hūn de zhǔ yào yuán yīn 。	Marriage is the main cause of all divorces.	她告诉他说，她想要离婚。	tā gào sù tā shuō ， tā xiǎng yào lí hūn 。	She told him she wanted a divorce.	很遗憾他们离婚了。	hěn yí hàn tā men lí hūn le 。	It's a pity they're getting divorced.
1021	死亡	我们常把黑色跟死亡联系起来。	wǒ men cháng bǎ hēi sè gēn sǐ wáng lián xì qǐ lái 。	We often associate black with death.	没什么比死亡更可怕。	méi shén me bǐ sǐ wáng gèng kě pà 。	There is nothing scarier than death.	他们一个一个死亡。	tā men yí gè yí gè sǐ wáng 。	They died one after another.
1022	愁	不愁吃，不愁喝什么的最好了。	bù chóu chī ， bù chóu hē shén me de zuì hǎo le 。		啊女生一般不用愁	a nǚ shēng yì bān bù yòng chóu		越想越上愁，别想了	yuè xiǎng yuè shàng chóu ， bié xiǎng le	
1023	满分	他考试拿了满分是真的。	tā kǎo shì ná le mǎn fēn shì zhēn de 。	It is true that he got full marks on the test.	我希望得满分。	wǒ xī wàng dé mǎn fēn 。	I intend to get full marks.	很少有学生能在古汉语考试上拿满分。	hěn shǎo yǒu xué shēng néng zài gǔ hàn yǔ kǎo shì shàng ná mǎn fēn 。	Almost no students get full marks in Chinese classics.
1024	一路顺风	祝你一路顺风。	zhù nǐ yī lù shùn fēng 。	I hope you have a good trip.	祝您一路顺风。	zhù nín yī lù shùn fēng 。	I hope you have a good trip.	一路顺风。	yī lù shùn fēng 。	Bon voyage.
1025	哥们	- 哥们, 你为什么不早告诉我啊?	-   gē men ,   nǐ wèi shén me bù zǎo gào sù wǒ a ?		给自己照相的空间吧…哥们	gěi zì jǐ zhào xiàng de kōng jiān ba … gē men		又几点睡的宝贝哥们	yòu jǐ diǎn shuì de bǎo bèi gē men	
1026	霸气	我们霸气地停在上面	wǒ men bà qì dì tíng zài shàng miàn		啊，那改个霸气的名字	a ， nà gǎi gè bà qì de míng zì		哈哈不错哦很霸气	hā hā bù cuò ó hěn bà qì	
1027	食	这种动物以草为食。	zhè zhǒng dòng wù yǐ cǎo wèi shí 。	These animals feed on grass.	食色性也（孔子）。	shí sè xìng yě （ kǒng zi ） 。	Desire for food and sex is part of human nature.	民以食为天。	mín yǐ shí wèi tiān 。	Food is what matters to people.
1028	从不	他们从不做运动。	tā men cóng bù zuò yùn dòng 。	They never do exercise.	她上学从不迟到。	tā shàng xué cóng bù chí dào 。	She is never late for school.	我们从不放弃。	wǒ men cóng bù fàng qì 。	We never gave up.
1029	一个星期	他已经住在这里一个星期了。	tā yǐ jīng zhù zài zhè lǐ yí gè xīng qī le 。	He has lived here for one week.	我住了一个星期的医院。	wǒ zhù le yí gè xīng qī de yī yuàn 。	I was in the hospital for a week.	我在医院住了一个星期。	wǒ zài yī yuàn zhù le yí gè xīng qī 。	I stayed in hospital for a week.
1030	滤镜	我只能说有滤镜，就算没有也丑	wǒ zhǐ néng shuō yǒu lǜ jìng ， jiù suàn méi yǒu yě chǒu		十分喜欢用这些P图美颜滤镜这些	shí fēn xǐ huān yòng zhè xiē P tú měi yán lǜ jìng zhè xiē		小啊我觉得你看我们学校有滤镜哈哈	xiǎo a wǒ jué de nǐ kàn wǒ men xué xiào yǒu lǜ jìng hā hā	
1031	饿死	许多工作者饿死了。	xǔ duō gōng zuò zhě è sǐ le 。	Many workers starved to death.	咱们吃吧！我饿死了。	zán men chī ba ！ wǒ è sǐ le 。	Let's eat now. I'm starving.	他说自己饿死了。	tā shuō zì jǐ è sǐ le 。	He said he was starved.
1032	郑州	我男朋友在郑州，月底去找他	wǒ nán péng yǒu zài zhèng zhōu ， yuè dǐ qù zhǎo tā		看地址啊。现在在郑州工作	kàn dì zhǐ a 。 xiàn zài zài zhèng zhōu gōng zuò		郑州都这么大的雪了	zhèng zhōu dōu zhè me dà de xuě le	
1033	芒果	这个芒果很甜。	zhè ge máng guǒ hěn tián 。	This mango is sweet.	我想吃芒果。	wǒ xiǎng chī máng guǒ 。	I want to eat mango.	我在找芒果吃。	wǒ zài zhǎo máng guǒ chī 。	I am looking for a mango to eat.
1034	夹	今天早上，我吃了面包夹黄油。	jīn tiān zǎo shàng ， wǒ chī le miàn bāo jiā huáng yóu 。	I ate bread and butter this morning.	蒙古国夹在俄罗斯和中国之间。	méng gǔ guó jiā zài é luó sī hé zhōng guó zhī jiān 。	Mongolia is sandwiched between Russia and China.	我们吃面包夹黄油。	wǒ men chī miàn bāo jiā huáng yóu 。	We eat butter on bread.
1035	谦虚	你太谦虚了。	nǐ tài qiān xū le 。	You're too modest.	我是谦虚的。	wǒ shì qiān xū de 。	I'm humble.	我很谦虚。	wǒ hěn qiān xū 。	I'm humble.
1036	舍友	我认识她 Haley Kent 她是我大学的舍友	wǒ rèn shí tā   H a l e y   K e n t   tā shì wǒ dà xué de shě yǒu		他们给你找舍友了吗	tā men gěi nǐ zhǎo shě yǒu le ma		舍友说女神终于来了	shě yǒu shuō nǚ shén zhōng yú lái le	
1037	看出	你们很容易就能看出区别。	nǐ men hěn róng yì jiù néng kàn chū qū bié 。	You'll be able to see the difference very easily.	你能看出有什么不同吗？	nǐ néng kàn chū yǒu shén me bù tóng ma ？	Can you see the difference?	您很容易就能看出区别。	nín hěn róng yì jiù néng kàn chū qū bié 。	You'll be able to see the difference very easily.
1038	开枪	他害怕你会开枪打他。	tā hài pà nǐ huì kāi qiāng dǎ tā 。	He was scared you would shoot him.	停止，不然我就开枪了。	tíng zhǐ ， bù rán wǒ jiù kāi qiāng le 。	Stop, or I'll shoot.	我没想向汤姆开枪的。	wǒ méi xiǎng xiàng tāng mǔ kāi qiāng de 。	I didn't mean to shoot Tom.
1039	出名	她突然出名了。	tā tū rán chū míng le 。	She suddenly became famous.	她想出名。	tā xiǎng chū míng 。	She wanted to be famous.	我小的时候从没想过自己会出名。	wǒ xiǎo de shí hòu cóng méi xiǎng guò zì jǐ huì chū míng 。	When I was growing up, I never imagined that I would become famous.
1040	啃	在那儿在那儿在那儿啃手。	zài nà ér zài nà ér zài nà ér kěn shǒu 。		刘海是你自己啃的？	liú hǎi shì nǐ zì jǐ kěn de ？		啃吧啃吧真的很不错放假找他给你整	kěn ba kěn ba zhēn de hěn bù cuò fàng jià zhǎo tā gěi nǐ zhěng	
1041	打call	好用！没来得及打cal！	hǎo yòng ！ méi lái de jí dǎ c a l ！		给学长疯狂打cal！	gěi xué zhǎng fēng kuáng dǎ c a l ！		打cal究竟什么意思总是看到有懂的吗谢谢哦	dǎ c a l jiū jìng shén me yì si zǒng shì kàn dào yǒu dǒng de ma xiè xiè ó	
1042	脱单	我没有脱单啊大哥一直都没有	wǒ méi yǒu tuō dān a dà gē yì zhí dōu méi yǒu		哈哈你脱单N次怎么没请我们一次呢	hā hā nǐ tuō dān N cì zěn me méi qǐng wǒ men yī cì ne		单身到脱单的距离	dān shēn dào tuō dān de jù lí	
1043	形容	你知道我朋友怎么形容我？	nǐ zhī dào wǒ péng yǒu zěn me xíng róng wǒ ？	Do you know how my friends describe me?	这个形容词是用来形容女人的。	zhè ge xíng róng cí shì yòng lái xíng róng nǚ rén de 。	This adjective is used to describe women.	那个国家的美是语言无法形容的。	nà ge guó jiā de měi shì yǔ yán wú fǎ xíng róng de 。	The beauty of that country is beyond description.
1044	背后	那背后是什么意思？	nà bèi hòu shì shén me yì si ？	What's the idea behind that?	你们可以把车停到旅馆背后。	nǐ men kě yǐ bǎ chē tíng dào lǚ guǎn bèi hòu 。	You can park behind the hotel.	女孩总是跟随在母亲背后。	nǚ hái zǒng shì gēn suí zài mǔ qīn bèi hòu 。	The girl was always following her mother.
1045	眼里	他的眼里流出了泪水。	tā de yǎn lǐ liú chū le lèi shuǐ 。	Tears fell from his eyes.	他进来了，眼里闪着光。	tā jìn lái le ， yǎn lǐ shǎn zhe guāng 。	He came in with his eyes shining.	他眼里进肥皂了。	tā yǎn lǐ jìn féi zào le 。	He got shampoo in his eyes.
1046	再不	再不快点我们就赶不上火车了。	zài bù kuài diǎn wǒ men jiù gǎn bù shàng huǒ chē le 。	If we don't hurry, we'll miss our train.	再不快点就迟到了噢。	zài bù kuài diǎn jiù chí dào le ō 。	If we don't hurry, we'll be late.	再不走就迟到了。	zài bù zǒu jiù chí dào le 。	If we don't go soon, we'll be late.
1047	反而	你不但不和我一起吃饭，反而去和另一个女生吃饭！	nǐ bù dàn bù hé wǒ yì qǐ chī fàn ， fǎn ér qù hé lìng yí gè nǚ shēng chī fàn ！	Not only did you not eat with me, you went to have dinner with another girl!	她不仅没责怪他，反而陈赞他。	tā bù jǐn méi zé guài tā ， fǎn ér chén zàn tā 。	It wasn't just that she didn't blame him - she actually praised the guy.	发泄很少改善我的情绪，反而经常使它更糟。	fā xiè hěn shǎo gǎi shàn wǒ de qíng xù ， fǎn ér jīng cháng shǐ tā gèng zāo 。	Venting rarely improves my mood and often makes it worse.
1048	色	不要重色轻友。	bú yào zhòng sè qīng yǒu 。	Bros before hoes.	他面有饥色	tā miàn yǒu jī sè	He had a hungry look.	听到这事之后，汤姆为之色变。	tīng dào zhè shì zhī hòu ， tāng mǔ wèi zhī sè biàn 。	Tom heard this and got angry.
1049	机器	我认为这机器需要修理。	wǒ rèn wéi zhè jī qì xū yào xiū lǐ 。	I think this machine is in need of repair.	电脑是个复杂的机器。	diàn nǎo shì gè fù zá de jī qì 。	A computer is a complex machine.	于是出现了一个问题，哪里能找我们需要的机器。	yú shì chū xiàn le yí gè wèn tí ， nǎ lǐ néng zhǎo wǒ men xū yào de jī qì 。	Then arose the question of where we were to get the necessary machinery.
1050	辣条	因为我那会儿买零食就是买辣条	yīn wèi wǒ nà huì er mǎi líng shí jiù shì mǎi là tiáo		那会儿在那会儿谁有辣条谁就是大哥	nà huì er zài nà huì er shuí yǒu là tiáo shuí jiù shì dà gē		宝贝我辣条到了	bǎo bèi wǒ là tiáo dào le	
1051	淘宝	对，他就是一个淘宝的一个模特	duì ， tā jiù shì yí gè táo bǎo de yí gè mó tè		而且也就是特别是，淘宝上就是一些	ér qiě yě jiù shì tè bié shì ， táo bǎo shàng jiù shì yī xiē		上淘宝 能卖不少钱	shàng táo bǎo   néng mài bù shǎo qián	
1052	阻止	那么是什么在阻止你去呢？	nà me shì shén me zài zǔ zhǐ nǐ qù ne ？	What's stopping you from going?	你无法阻止他们的行动。	nǐ wú fǎ zǔ zhǐ tā men de xíng dòng 。	You were not able to check their movements.	没什么能阻止你出发了。	méi shén me néng zǔ zhǐ nǐ chū fā le 。	There's nothing to prevent you from going.
1053	粉色	女生不是很多都喜欢粉色么	nǚ shēng bú shì hěn duō dōu xǐ huān fěn sè me		想着粉色 如果你想着那小事	xiǎng zhe fěn sè   rú guǒ nǐ xiǎng zhe nà xiǎo shì		粉色还是好看呢。喜欢粉色	fěn sè hái shì hǎo kàn ne 。 xǐ huān fěn sè	
1054	渣	什么都渣要什么渣什么渣	shén me dōu zhā yào shén me zhā shén me zhā		是什么吸引了我们这堆渣。	shì shén me xī yǐn le wǒ men zhè duī zhā 。		都好渣呀，这这两种人	dōu hǎo zhā ya ， zhè zhè liǎng zhǒng rén	
1055	有毒	噗你也是有毒。好好坐车	pū nǐ yě shì yǒu dú 。 hǎo hǎo zuò chē		有毒啊啊？！谈着还不脱单？	yǒu dú a a ？ ！ tán zhe hái bù tuō dān ？		太危险了，它可能有毒	tài wēi xiǎn le ， tā kě néng yǒu dú	
1056	泡面	我都连吃三天泡面了。	wǒ dōu lián chī sān tiān pào miàn le 。		3分钟，一碗泡面的时间	3 fēn zhōng ， yī wǎn pào miàn de shí jiān		珍惜生命！远离泡面！有时间来北京玩儿！	zhēn xī shēng mìng ！ yuǎn lí pào miàn ！ yǒu shí jiān lái běi jīng wán ér ！	
1057	打击	他没想打击她的。	tā méi xiǎng dǎ jī tā de 。	He didn't mean to disappoint her.	她没想打击他的。	tā méi xiǎng dǎ jī tā de 。	She didn't mean to disappoint him.	奶奶去世让全家都受了打击。	nǎi nǎi qù shì ràng quán jiā dōu shòu le dǎ jī 。	Grandmother's passing away came as a great blow to the entire family.
1058	资格	他被取消了参赛资格。	tā bèi qǔ xiāo le cān sài zī gé 。	He was disqualified from the competition.	你有资格知道。	nǐ yǒu zī gé zhī dào 。	You have the right to know.	我当然有资格这么说啦。	wǒ dāng rán yǒu zī gé zhè me shuō la 。	I am certainly entitled to speak like this.
1059	绝	你知道我绝不会做那种事。	nǐ zhī dào wǒ jué bù huì zuò nà zhǒng shì 。	You know I would never do that kind of thing.	我绝不会让你去做。	wǒ jué bù huì ràng nǐ qù zuò 。	I'll never allow you to do that.	我绝不能原谅她。	wǒ jué bù néng yuán liàng tā 。	I can on no condition forgive her.
1060	战	他们为自由而战。	tā men wèi zì yóu ér zhàn 。	They fought for their liberty.	他相信，战争是为了正义而战。	tā xiāng xìn ， zhàn zhēng shì wèi le zhèng yì ér zhàn 。	He believed that the war was fought in the cause of justice.	我为正义而战。	wǒ wèi zhèng yì ér zhàn 。	I fight in the cause of justice.
1061	事业	她想去北京发展她的事业。	tā xiǎng qù běi jīng fā zhǎn tā de shì yè 。	She wants to go to Beijing to further her career.	新年！新事业！	xīn nián ！ xīn shì yè ！	New Year! New Career!	自信是伟大事业的第一要素。	zì xìn shì wěi dà shì yè de dì yī yào sù 。	Self-confidence is the principal element of any great endeavor.
1062	隔壁	住在隔壁的男孩常常很晚回来。	zhù zài gé bì de nán hái cháng cháng hěn wǎn huí lái 。	The boy who lives next door often comes home late.	隔壁的男孩常常晚回家。	gé bì de nán hái cháng cháng wǎn huí jiā 。	The boy who lives next door often comes home late.	那是住在隔壁的男人。	nà shì zhù zài gé bì de nán rén 。	That's the man who lives next door.
1063	啊哈哈哈	啊哈哈你居然知道那家很出名吗	a hā hā nǐ jū rán zhī dào nà jiā hěn chū míng ma		在电脑面前啊哈哈	zài diàn nǎo miàn qián a hā hā		好小啊哈哈像你耶	hǎo xiǎo a hā hā xiàng nǐ yé	
1064	姿势	你们要知道姿势是很重要的	nǐ men yào zhī dào zī shì shì hěn zhòng yào de		可你走路的姿势还是挺美	kě nǐ zǒu lù de zī shì hái shì tǐng měi		很标准的很舒服的姿势嘛	hěn biāo zhǔn de hěn shū fú de zī shì ma	
1065	尝尝	那家餐厅的食物很好吃，你应该尝尝。	nà jiā cān tīng de shí wù hěn hǎo chī ， nǐ yīng gāi cháng cháng 。	The food at that restaurant is really good, you should try it.	尝尝成功的味道。	cháng cháng chéng gōng de wèi dào 。	Taste the flavour of success.	不尝尝看吗？很好吃的。	bù cháng cháng kàn ma ？ hěn hǎo chī de 。	Why don't you try this? It's delicious.
1066	雾霾	啊！哈哈天空！今天我这里有雾霾！	a ！ hā hā tiān kōng ！ jīn tiān wǒ zhè lǐ yǒu wù mái ！		那雾霾是不是少一些	nà wù mái shì bú shì shǎo yī xiē		早啊，我这边都是雾霾	zǎo a ， wǒ zhè biān dōu shì wù mái	
1067	悄悄	我悄悄把信给了他。	wǒ qiāo qiāo bǎ xìn gěi le tā 。	I slipped the letter to him.	她悄悄地去了。	tā qiāo qiāo dì qù le 。	She went secretly.	他悄悄地递给我一张纸条。	tā qiāo qiāo dì dì gěi wǒ yī zhāng zhǐ tiáo 。	He slipped me a note.
1068	报警	「妳真的要报警吗？」我问她。	「 nǐ zhēn de yào bào jǐng ma ？ 」 wǒ wèn tā 。	"""""""Are you sure you want to call the police?"""" I asked her."""	我们该报警。	wǒ men gāi bào jǐng 。	We should call the police.	我要报警了！	wǒ yào bào jǐng le ！	I'm gonna call the police!
1069	您好	您好，很抱歉给您带来麻烦。	nín hǎo ， hěn bào qiàn gěi nín dài lái má fán 。	Hello, sorry for any trouble.	您好，我调查 在您购买食品。	nín hǎo ， wǒ diào chá   zài nín gòu mǎi shí pǐn 。		您好，麻烦先找到男朋友	nín hǎo ， má fán xiān zhǎo dào nán péng yǒu	
1070	哈尔滨	在哈尔滨，许多人邀请我到他们家吃饭。	zài hā ěr bīn ， xǔ duō rén yāo qǐng wǒ dào tā men jiā chī fàn 。	In Harbin, many people invite me to their homes to have dinner.	哈尔滨是非常冷。	hā ěr bīn shì fēi cháng lěng 。	Harbin is very cold.	我很晚才到了哈尔滨，等出租汽车的队伍已经长极了。	wǒ hěn wǎn cái dào le hā ěr bīn ， děng chū zū qì chē de duì wǔ yǐ jīng zhǎng jí le 。	I didn't arrive in Harbin until very late, and the queue for taxis was already extremely long.
1071	放过	表演得好看的，我就放过她	biǎo yǎn dé hǎo kàn de ， wǒ jiù fàng guò tā		钱然后放过她然后女主	qián rán hòu fàng guò tā rán hòu nǚ zhǔ		我放过了我自己，可还是舍不得删	wǒ fàng guò le wǒ zì jǐ ， kě hái shì shě bù dé shān	
1072	营养	她很关心孩子的营养问题。	tā hěn guān xīn hái zi de yíng yǎng wèn tí 。	She is careful about her child's nutrition.	这些东西构成了一顿营养均衡的饭。	zhè xiē dōng xī gòu chéng le yī dùn yíng yǎng jūn héng de fàn 。	These things constitute a balanced meal.	尼日尔仍然有50万孩子面临着营养不良。	ní rì ěr réng rán yǒu 5 0 wàn hái zi miàn lín zhe yíng yǎng bù liáng 。	Half a million children still face malnutrition in Niger.
1073	梗	如果有人≠我梗这种话	rú guǒ yǒu rén ≠ wǒ gěng zhè zhǒng huà		对，都把这个梗给忘了	duì ， dōu bǎ zhè ge gěng gěi wàng le		修空调是什么梗	xiū kōng tiáo shì shén me gěng	
1074	全国	他的影响遍及全国。	tā de yǐng xiǎng biàn jí quán guó 。	His influence extends all over the country.	英语已经普及全国。	yīng yǔ yǐ jīng pǔ jí quán guó 。	English has spread all over the country.	我们的分店布满全国。	wǒ men de fēn diàn bù mǎn quán guó 。	Our branches extend all over the country.
1075	牙齿	他的牙齿是黄色的。	tā de yá chǐ shì huáng sè de 。	His teeth are yellow.	麦克上周做了牙齿检查。	mài kè shàng zhōu zuò le yá chǐ jiǎn chá 。	Mike had his teeth checked last week.	他有一口发黄的牙齿。	tā yǒu yī kǒu fā huáng de yá chǐ 。	His teeth are yellow.
1076	队友	托雷斯把球踢给了队友。	tuō léi sī bǎ qiú tī gěi le duì yǒu 。	Torres booted the ball to his teammate.	汤姆和我是队友。	tāng mǔ hé wǒ shì duì yǒu 。	Tom and I are teammates.	杰克快速掷界外球给他的队友。	jié kè kuài sù zhì jiè wài qiú gěi tā de duì yǒu 。	Jake quickly threw the ball in to his teammate.
1077	郁闷	小小年纪哪来那么多郁闷	xiǎo xiǎo nián jì nǎ lái nà me duō yù mèn		这家伙 看起来真的很郁闷。	zhè jiā huo   kàn qǐ lái zhēn de hěn yù mèn 。		知道知道了，老说我是少年~郁闷	zhī dào zhī dào le ， lǎo shuō wǒ shì shào nián ~ yù mèn	
1078	何时	你是何时与她见面的？	nǐ shì hé shí yǔ tā jiàn miàn de ？	When did you see her?	我想知道安何时会来。	wǒ xiǎng zhī dào ān hé shí huì lái 。	I wonder when Anne will come.	这意外是何时发生的？	zhè yì wài shì hé shí fā shēng de ？	When did the accident take place?
1079	归	它现在归我了。	tā xiàn zài guī wǒ le 。	It belongs to me now.	归我了。	guī wǒ le 。	Dibs.	工作归工作，学习归学习。	gōng zuò guī gōng zuò ， xué xí guī xué xí 。	Work is work, play is play.
1080	拥抱	你还想拥抱我一下吗？	nǐ hái xiǎng yōng bào wǒ yī xià ma ？	Do you still want to give me a hug?	在你们远离家乡之前请给父母一个拥抱。	zài nǐ men yuǎn lí jiā xiāng zhī qián qǐng gěi fù mǔ yí gè yōng bào 。	Give a hug to your parents before you get far away from your hometown.	她想拥抱他。	tā xiǎng yōng bào tā 。	She wants to hug him.
1081	明信片	我父母给我寄了一张明信片。	wǒ fù mǔ gěi wǒ jì le yī zhāng míng xìn piàn 。	My parents sent me a postcard.	他给我一张明信片。	tā gěi wǒ yī zhāng míng xìn piàn 。	He gave me a postcard.	寄一张明信片到澳大利亚多少钱？	jì yī zhāng míng xìn piàn dào ào dà lì yà duō shǎo qián ？	How much does it cost to send a postcard to Australia?
1082	一代	我父母那一代经历过战争。	wǒ fù mǔ nà yí dài jīng lì guò zhàn zhēng 。	My parents' generation went through the war.	神话和传说应该一代一代的传承下去。	shén huà hé chuán shuō yīng gāi yí dài yí dài de chuán chéng xià qù 。	Myths and legends should be handed down from generation to generation.	这些古老习俗都是一代一代相传下来的。	zhè xiē gǔ lǎo xí sú dōu shì yí dài yí dài xiāng chuán xià lái de 。	These old customs have been handed down from generation to generation.
1083	智能	智能电视还是这种的好，感觉	zhì néng diàn shì hái shì zhè zhǒng de hǎo ， gǎn jué		你觉得你现在够智能吗	nǐ jué de nǐ xiàn zài gòu zhì néng ma		小冰为什么你这么智能	xiǎo bīng wèi shén me nǐ zhè me zhì néng	
1084	清醒	我当时非常清醒。	wǒ dāng shí fēi cháng qīng xǐng 。	I was as sober as a judge.	我们很清醒。	wǒ men hěn qīng xǐng 。	We're wide awake.	我很清醒。	wǒ hěn qīng xǐng 。	I'm sober.
1085	还给	我今天必须把书还给图书馆。	wǒ jīn tiān bì xū bǎ shū huán gěi tú shū guǎn 。	I have to take the book back to the library today.	我今天得把这本书还给图书馆。	wǒ jīn tiān dé bǎ zhè běn shū huán gěi tú shū guǎn 。	I have to return this book to the library today.	我把她的字典还给了她。	wǒ bǎ tā de zì diǎn huán gěi le tā 。	I gave her her dictionary back.
1086	网吧	这个网吧看起来还可以也	zhè ge wǎng ba kàn qǐ lái hái kě yǐ yě		- 包括当时那家网吧的电脑？	-   bāo kuò dāng shí nà jiā wǎng ba de diàn nǎo ？		那你去网吧一般是干嘛	nà nǐ qù wǎng ba yì bān shì gàn má	
1087	同志	你是同志。	nǐ shì tóng zhì 。	You're gay.	我是同志。	wǒ shì tóng zhì 。	I'm gay.	向雷锋同志学习。	xiàng léi fēng tóng zhì xué xí 。	Learn from Comrade Lei Feng.
1088	口水	哈哈老铁笑得我口水都出来了	hā hā lǎo tiě xiào dé wǒ kǒu shuǐ dōu chū lái le		你又把我口水说出来了	nǐ yòu bǎ wǒ kǒu shuǐ shuō chū lái le		我们有的是口水	wǒ men yǒu de shì kǒu shuǐ	
1089	奋斗	我为我家人奋斗。	wǒ wèi wǒ jiā rén fèn dòu 。	I fight for my family.	我得奋斗。	wǒ dé fèn dòu 。	I have to fight.	我为我前途奋斗。	wǒ wèi wǒ qián tú fèn dòu 。	I am fighting for my future.
1090	令	距离令我满意的结果还很远。	jù lí lìng wǒ mǎn yì de jié guǒ hái hěn yuǎn 。	I am far from satisfied with the result.	真的令我难忘! 谢谢你!	zhēn de lìng wǒ nán wàng !   xiè xiè nǐ !	It really is unforgettable for me! Thank you!	你会令她害羞。	nǐ huì lìng tā hài xiū 。	You'll embarrass her.
1091	趁	应该趁年轻多读点书。	yīng gāi chèn nián qīng duō dú diǎn shū 。	You should read a lot of books while you're young.	趁汤没凉，你把汤喝了。	chèn tāng méi liáng ， nǐ bǎ tāng hē le 。	Drink the soup while it is hot.	趁汤没凉之前喝下。	chèn tāng méi liáng zhī qián hē xià 。	Eat your soup before it gets cold.
1092	遭	很抱歉让你遭这罪。	hěn bào qiàn ràng nǐ zāo zhè zuì 。	I'm sorry to put you through that.	一大笔钱遭窃。	yī dà bǐ qián zāo qiè 。	A large sum of money was stolen.	树高遭雷击。	shù gāo zāo léi jī 。	The taller the tree, the more likely it is to be struck by lightning.
1093	冒	我不想冒这个险。	wǒ bù xiǎng mào zhè ge xiǎn 。	I don't want to take the chance.	烟冒出来了。	yān mào chū lái le 。	Smoke appeared.	我知道你冒了多大的风险。	wǒ zhī dào nǐ mào le duō dà de fēng xiǎn 。	I know what you've risked.
1094	眼熟	我先带你看一样东西，眼熟吗？	wǒ xiān dài nǐ kàn yī yàng dōng xī ， yǎn shú ma ？		我觉得她看起来有点眼熟	wǒ jué de tā kàn qǐ lái yǒu diǎn yǎn shú		-我就觉得它看来很眼熟	- wǒ jiù jué de tā kàn lái hěn yǎn shú	
1095	动手	自己动手真好。	zì jǐ dòng shǒu zhēn hǎo 。	It's good to do it yourself.	你是动手能力强的人吗？	nǐ shì dòng shǒu néng lì qiáng de rén ma ？	Are you a hands-on person?	他和朋友起了口角，然后动手打了他。	tā hé péng yǒu qǐ le kǒu jiǎo ， rán hòu dòng shǒu dǎ le tā 。	He had words with his friend and then struck him.
1096	稳定	这个病人正在稳定地康复中。	zhè ge bìng rén zhèng zài wěn dìng dì kāng fù zhōng 。	The patient is steadily recovering.	人们的感情生活越来越不稳定。	rén men de gǎn qíng shēng huó yuè lái yuè bù wěn dìng 。	People's emotional lives are becoming more and more unstable.	价格一直在稳定地攀升。	jià gé yì zhí zài wěn dìng dì pān shēng 。	Prices have been climbing steadily.
1097	非要	不一定非要站很近哈。	bù yí dìng fēi yào zhàn hěn jìn hā 。		他自己非要穿是姐姐刚买的新裙子	tā zì jǐ fēi yào chuān shì jiě jiě gāng mǎi de xīn qún zi		是你们非要谈公平	shì nǐ men fēi yào tán gōng píng	
1098	看懂	我能看懂德语，但不会说。	wǒ néng kàn dǒng dé yǔ ， dàn bú huì shuō 。	I can read German, but I can't speak it.	他能看懂俄语。	tā néng kàn dǒng é yǔ 。	He can read in Russian.	汤姆是为了能够看懂古兰经的原文才去开始学习阿拉伯语的。	tāng mǔ shì wèi le néng gòu kàn dǒng gǔ lán jīng de yuán wén cái qù kāi shǐ xué xí ā lā bó yǔ de 。	Tom wanted to be able to read the original Quran and solely for that reason he started learning Arabic.
1099	腻	你呀 总是说这种话 不嫌腻吗	nǐ ya   zǒng shì shuō zhè zhǒng huà   bù xián nì ma		从此我们每天腻在一起	cóng cǐ wǒ men měi tiān nì zài yì qǐ		我也是一直都觉得很腻	wǒ yě shì yì zhí dōu jué de hěn nì	
1100	将军	谢谢，将军, 我不想失去什么.	xiè xiè ， jiāng jūn ,   wǒ bù xiǎng shī qù shén me .		新年快乐！期待将军在上	xīn nián kuài lè ！ qī dài jiāng jūn zài shàng		将军还有一个是。	jiāng jūn hái yǒu yí gè shì 。	
1101	观察	男孩观察了一整天鸟。	nán hái guān chá le yī zhěng tiān niǎo 。	The boy observed the birds all day.	女人观察，男人思考。	nǚ rén guān chá ， nán rén sī kǎo 。	The woman observes and the man thinks.	医生继续观察病人的一举一动。	yī shēng jì xù guān chá bìng rén de yī jǔ yī dòng 。	The doctor continued to observe the patient's behavior.
1102	冻死	哦！两只小鸟，冻死了。	ó ！ liǎng zhǐ xiǎo niǎo ， dòng sǐ le 。	Oh! two birdlings, died of the cold.	他们冻死了。	tā men dòng sǐ le 。	They were frozen to death.	我冻死了。	wǒ dòng sǐ le 。	I'm freezing.
1103	下车	我们在这里下车吧。	wǒ men zài zhè lǐ xià chē ba 。	Let's get off here.	对不起，请让我下车。	duì bù qǐ ， qǐng ràng wǒ xià chē 。	Sorry, please let me off.	让我们中途下车看场电影吧。	ràng wǒ men zhōng tú xià chē kàn chǎng diàn yǐng ba 。	Let's stop off and see a movie.
1104	背景	图片的背景是一座城堡。	tú piàn de bèi jǐng shì yī zuò chéng bǎo 。	There is a castle in the background of the picture.	Tom有兽医背景。	T o m yǒu shòu yī bèi jǐng 。	Tom has a veterinary background.	如果你不明白一件事，那是因为你没有意识到它的背景。	rú guǒ nǐ bù míng bái yī jiàn shì ， nà shì yīn wèi nǐ méi yǒu yì shí dào tā de bèi jǐng 。	If you don't understand something, it's because you aren't aware of its context.
1105	呵	嗯嗯。呵、要对自己负责的嘛。	ń ń 。 hē 、 yào duì zì jǐ fù zé de ma 。		是感了但没伤呵	shì gǎn le dàn méi shāng hē		你让我充满，呵	nǐ ràng wǒ chōng mǎn ， hē	
1106	鄙视	他鄙视那个小伙子。	tā bǐ shì nà ge xiǎo huǒ zi 。	She scorned the boy.	我鄙视你。	wǒ bǐ shì nǐ 。	I despise you.	连他的仆人都鄙视他	lián tā de pú rén dōu bǐ shì tā	Even his servants despised him.
1107	搭配	她那双蓝鞋子和这个裙子很搭配。	tā nà shuāng lán xié zi hé zhè ge qún zi hěn dā pèi 。	Her blue shoes go well with that dress.	我用玉米搭配豇豆。	wǒ yòng yù mǐ dā pèi jiāng dòu 。	I combined black-eyed beans with corn.	男女搭配，干活不累。	nán nǚ dā pèi ， gàn huó bù lèi 。	When man and woman unite, work is no longer as tiring.
1108	身份	学生不该忽略自己的身份。	xué shēng bù gāi hū lüè zì jǐ de shēn fèn 。	A student should not lose sight of his own identity.	你想保持匿名身份。	nǐ xiǎng bǎo chí nì míng shēn fèn 。	You want to remain anonymous.	他以总统的身份访问了日本。	tā yǐ zǒng tǒng de shēn fèn fǎng wèn le rì běn 。	He visited Japan in the character of President.
1109	天生	他天生拥有完美的智慧。	tā tiān shēng yōng yǒu wán měi de zhì huì 。	He is gifted with perfect wisdom.	汤姆天生就是个运动员。	tāng mǔ tiān shēng jiù shì gè yùn dòng yuán 。	Tom is a natural athlete.	汤姆是天生的运动员。	tāng mǔ shì tiān shēng de yùn dòng yuán 。	Tom is a natural athlete.
1110	相当于	去美国旅行一次相当于她两年的工资。	qù měi guó lǚ xíng yī cì xiāng dāng yú tā liǎng nián de gōng zī 。	A trip to America was equivalent to a two-year salary for her.	「AI」客服相当于没有客服。	「 A I 」 kè fú xiāng dāng yú méi yǒu kè fú 。	"""If you have """"AI"""" customer service, you have no customer service."""	1美元相当于10日元。	1 měi yuán xiāng dāng yú 1 0 rì yuán 。	
1111	抄	所以他就认为我这个是抄的	suǒ yǐ tā jiù rèn wéi wǒ zhè ge shì chāo de		怎么会呢，因为我是抄近道了	zěn me huì ne ， yīn wèi wǒ shì chāo jìn dào le		你要小心 你抄我 我错你就错	nǐ yào xiǎo xīn   nǐ chāo wǒ   wǒ cuò nǐ jiù cuò	
1112	一夜	我想待一夜。	wǒ xiǎng dài yī yè 。	I'd like to stay for one night.	我想还待一夜，行不行？	wǒ xiǎng hái dài yī yè ， xíng bù xíng ？	I'd like to stay one more night. Is that possible?	我昨晚一夜没阖眼。	wǒ zuó wǎn yī yè méi hé yǎn 。	I didn't sleep a wink last night.
1113	宇宙	数学是神用来撰写宇宙的语言。	shù xué shì shén yòng lái zhuàn xiě yǔ zhòu de yǔ yán 。	Mathematics is the language with which God has written the universe.	宇宙里有多少个星系呀？	yǔ zhòu lǐ yǒu duō shǎo gè xīng xì ya ？	How many galaxies are there in the universe?	数学是上帝用来创造宇宙的语言。	shù xué shì shàng dì yòng lái chuàng zào yǔ zhòu de yǔ yán 。	Mathematics is the language that God used to create the universe.
1114	嗯啊	嗯啊，宇宙第二帅不是盖的	ń a ， yǔ zhòu dì èr shuài bú shì gài de		嗯啊，她昨天过生日的嘛	ń a ， tā zuó tiān guò shēng rì de ma		嗯啊知道了谢谢你	ń a zhī dào le xiè xiè nǐ	
1115	吓到	他们被吓到了。	tā men bèi xià dào le 。	They were frightened.	它让我吓到。	tā ràng wǒ xià dào 。	It caught me by surprise.	她只是被吓到了并没有受伤。	tā zhǐ shì bèi xià dào le bìng méi yǒu shòu shāng 。	She was only frightened, not injured.
1116	留言	你要留言吗？	nǐ yào liú yán ma ？	Would you like to leave a message?	可以留言吗？	kě yǐ liú yán ma ？	Leave a comment, OK?	我一到伦敦就会给你留言的。	wǒ yī dào lún dūn jiù huì gěi nǐ liú yán de 。	As soon as I get to London, I'll drop you a line.
1117	造型	这些是我所设计的一些造型	zhè xiē shì wǒ suǒ shè jì de yī xiē zào xíng		那个造型，以前那个快乐男生	nà ge zào xíng ， yǐ qián nà ge kuài lè nán shēng		我们很喜欢你上次的造型	wǒ men hěn xǐ huān nǐ shàng cì de zào xíng	
1118	时期	那是困难时期。	nà shì kùn nán shí qī 。	Those were difficult times.	非常时期需要非常措施。	fēi cháng shí qī xū yào fēi cháng cuò shī 。	Desperate times call for desperate measures.	这个宗教当时处于全盛时期。	zhè ge zōng jiào dāng shí chǔ yú quán shèng shí qī 。	The religion was in its glory in those days.
1119	幸好	幸好没有发生什么不愉快的事。	xìng hǎo méi yǒu fā shēng shén me bù yú kuài de shì 。	Thankfully nothing unfortunate happened.	幸好她没有死。	xìng hǎo tā méi yǒu sǐ 。	Luckily she did not die.	幸好知道了。	xìng hǎo zhī dào le 。	Good to know.
1120	调整	开始睡觉就慢慢的调整过来	kāi shǐ shuì jiào jiù màn màn de tiáo zhěng guò lái		你可以自己调整一个单位。	nǐ kě yǐ zì jǐ tiáo zhěng yí gè dān wèi 。		上次的调整，我们没法控制那区	shàng cì de tiáo zhěng ， wǒ men méi fǎ kòng zhì nà qū	
1121	悲剧	我喜欢以悲剧收场的故事。	wǒ xǐ huān yǐ bēi jù shōu chǎng de gù shì 。	I like stories that have sad endings.	所有悲剧都由死亡终结。	suǒ yǒu bēi jù dōu yóu sǐ wáng zhōng jié 。	All tragedies end with a death.	这将是一个可怕的悲剧。	zhè jiāng shì yí gè kě pà de bēi jù 。	This would be a terrible tragedy.
1122	现	她老公现居东京。	tā lǎo gōng xiàn jū dōng jīng 。	Her husband is now living in Tokyo.	您现已切换至手动呼吸模式。	nín xiàn yǐ qiè huàn zhì shǒu dòng hū xī mó shì 。	You are now breathing manually.	英语现已成为世界上许多国家的通用语言了。	yīng yǔ xiàn yǐ chéng wéi shì jiè shàng xǔ duō guó jiā de tōng yòng yǔ yán le 。	English has now become the common language of several nations in the world.
1123	苏州	我叫你马上离开苏州到广州去	wǒ jiào nǐ mǎ shàng lí kāi sū zhōu dào guǎng zhōu qù		请他让苏州停电半小时	qǐng tā ràng sū zhōu tíng diàn bàn xiǎo shí		苏州那边杭州什么的	sū zhōu nà biān háng zhōu shén me de	
1124	最佳	跑步的最佳时间是什么时候?	pǎo bù de zuì jiā shí jiān shì shén me shí hòu ?	When's the best time to run?	水果以苹果为最佳。	shuǐ guǒ yǐ píng guǒ wèi zuì jiā 。	Apples are the best fruit.	为什么柔道是您孩子的最佳选择？	wèi shén me róu dào shì nín hái zi de zuì jiā xuǎn zé ？	Why is judo the best choice for your child?
1125	抢到	啊啊，大叔你是怎么抢到的啊！	a a ， dà shū nǐ shì zěn me qiǎng dào de a ！		除非你能杀了我抢到这个	chú fēi nǐ néng shā le wǒ qiǎng dào zhè ge		还没呢不过我是没抢到	hái méi ne bù guò wǒ shì méi qiǎng dào	
1126	情感	比较喜欢看那种情感的电影。	bǐ jiào xǐ huān kàn nà zhǒng qíng gǎn de diàn yǐng 。		对，我感觉情感也是一个特别。	duì ， wǒ gǎn jué qíng gǎn yě shì yí gè tè bié 。		一切情感体验都是必须的	yī qiè qíng gǎn tǐ yàn dōu shì bì xū de	
1127	辞职	我一点也没有要辞职的意思。	wǒ yì diǎn yě méi yǒu yào cí zhí de yì si 。	I have no intention of resigning.	辞职是人生的第一课。	cí zhí shì rén shēng de dì yī kè 。	Resignation is the first lesson of life.	他没有选择，只能辞职。	tā méi yǒu xuǎn zé ， zhǐ néng cí zhí 。	He has no choice but to resign.
1128	化学	你读化学吗？	nǐ dú huà xué ma ？	Are you a chemistry student?	我讨厌化学。	wǒ tǎo yàn huà xué 。	I hate chemistry.	化学工厂一着火就爆炸了。	huà xué gōng chǎng yī zháo huǒ jiù bào zhà le 。	Immediately after it caught fire, the chemical factory blew up.
1129	涨	价格还会继续涨吗？	jià gé hái huì jì xù zhǎng ma ？	Will the price keep going up?	他的工资涨了10％。	tā de gōng zī zhǎng le 1 0 ％ 。	His salary rose 10%.	我们的老板就连给我们涨一点工资都舍不得。	wǒ men de lǎo bǎn jiù lián gěi wǒ men zhǎng yì diǎn gōng zī dōu shě bù dé 。	Our boss begrudged us even a small raise in pay.
1130	静静	汤姆静静地坐了半个小时。	tāng mǔ jìng jìng dì zuò le bàn gè xiǎo shí 。	Tom sat silently for 30 minutes.	静静的，别动。	jìng jìng de ， bié dòng 。	Be still.	汤姆静静地关上了卧室的门。	tāng mǔ jìng jìng dì guān shàng le wò shì de mén 。	Tom quietly closed the bedroom door.
1131	渣男	你也许是的 周围有些渣男是的	nǐ yě xǔ shì de   zhōu wéi yǒu xiē zhā nán shì de		渣男不是更该打吗	zhā nán bú shì gèng gāi dǎ ma		希望渣男被绿	xī wàng zhā nán bèi lǜ	
1132	薛之谦	还有一个…睡薛之谦你忘记了？	hái yǒu yí gè … shuì xuē zhī qiān nǐ wàng jì le ？		那里边还有薛之谦对吧。	nà lǐ biān hái yǒu xuē zhī qiān duì ba 。		像薛之谦啊薛之谦我就特别喜欢他	xiàng xuē zhī qiān a xuē zhī qiān wǒ jiù tè bié xǐ huān tā	
1133	折磨	别折磨他们了。	bié zhé mó tā men le 。	Stop tormenting them.	他们是不会停止折磨我的。	tā men shì bú huì tíng zhǐ zhé mó wǒ de 。	They wouldn't stop torturing me.	再折磨他也没用，他不会招供的。	zài zhé mó tā yě méi yòng ， tā bù huì zhāo gōng de 。	There's no point in torturing him, he isn't going to confess.
1134	有钱人	有钱人可以做他们想做的事。	yǒu qián rén kě yǐ zuò tā men xiǎng zuò de shì 。	Rich people can do what they want.	看来他曾经是个有钱人。	kàn lái tā céng jīng shì gè yǒu qián rén 。	He seemed to have been rich.	她和一个有钱人订了婚。	tā hé yī gè yǒu qián rén dìng le hūn 。	She is engaged to a rich man.
1135	代购	代购又不能天天做	dài gòu yòu bù néng tiān tiān zuò		我是碰到代购了吗	wǒ shì pèng dào dài gòu le ma		以后代购找我	yǐ hòu dài gòu zhǎo wǒ	
1136	巨	咱妈和咱奶奶都巨喜欢！	zán mā hé zán nǎi nǎi dōu jù xǐ huān ！		那段巨搞笑	nà duàn jù gǎo xiào		朵下的。我爸要给我爷。巨心疼	duǒ xià de 。 wǒ bà yào gěi wǒ yé 。 jù xīn téng	
1137	无限	但宇宙无限。	dàn yǔ zhòu wú xiàn 。	But the universe is infinite.	宇宙毫无疑问是无限的。	yǔ zhòu háo wú yí wèn shì wú xiàn de 。	There's no doubt that the universe is infinite.	不要小看自己，因为人有无限的可能。	bú yào xiǎo kàn zì jǐ ， yīn wèi rén yǒu wú xiàn de kě néng 。	Don't look down on yourself, because people have limitless possibilities.
1138	培养	如果训练得当的话，音乐才能是可以培养出来的。	rú guǒ xùn liàn dé dàng de huà ， yīn yuè cái néng shì kě yǐ péi yǎng chū lái de 。	Musical talent can be developed if it's properly trained.	培养政治意识要花费时间。	péi yǎng zhèng zhì yì shí yào huā fèi shí jiān 。	Developing political awareness takes time.	子女培养全社会都很关心，教育要进行改革。	zǐ nǚ péi yǎng quán shè huì dōu hěn guān xīn ， jiào yù yào jìn xíng gǎi gé 。	The raising of children is something that concerns the entire community. There will be an education reform.
1139	夜宵	但是我们得吃完夜宵先.	dàn shì wǒ men dé chī wán yè xiāo xiān .		到了晚上就饿就很多人吃夜宵啊	dào le wǎn shàng jiù è jiù hěn duō rén chī yè xiāo a		我们要准备一点夜宵	wǒ men yào zhǔn bèi yì diǎn yè xiāo	
1140	迷	王子在森林中迷了路。	wáng zǐ zài sēn lín zhōng mí le lù 。	The prince was lost in the woods.	他在森林中迷了路。	tā zài sēn lín zhōng mí le lù 。	He lost his way in the woods.	我们在山洞里迷了路。	wǒ men zài shān dòng lǐ mí le lù 。	We got lost in the cave.
1141	讲话	这里有点吵，请你讲话大点声。	zhè lǐ yǒu diǎn chǎo ， qǐng nǐ jiǎng huà dà diǎn shēng 。	It's noisy around here, so speak a little louder.	那个正在跟Fred讲话的男孩是Mike。	nà ge zhèng zài gēn F r e d jiǎng huà de nán hái shì M i k e 。	The boy talking with Fred is Mike.	我只能代表我自己讲话。	wǒ zhǐ néng dài biǎo wǒ zì jǐ jiǎng huà 。	I can only speak for myself.
1142	鸡汤	你是想骗鸡汤喝，故意的吧！	nǐ shì xiǎng piàn jī tāng hē ， gù yì de ba ！		和鸡汤一样的话就是	hé jī tāng yī yàng de huà jiù shì		好好，干了这碗鸡汤。	hǎo hǎo ， gàn le zhè wǎn jī tāng 。	
1143	饮食	我要改变我的饮食吗？	wǒ yào gǎi biàn wǒ de yǐn shí ma ？	Do I have to change my diet?	各国有不同的饮食习惯。	gè guó yǒu bù tóng de yǐn shí xí guàn 。	Eating habits differ from country to country.	重要的是要遵循严格的饮食控制。	zhòng yào de shì yào zūn xún yán gé de yǐn shí kòng zhì 。	It's important to follow a strict diet.
1144	类似	我也听过一个类似的故事。	wǒ yě tīng guò yí gè lèi sì de gù shì 。	I also heard a similar story.	我的观点和你的类似。	wǒ de guān diǎn hé nǐ de lèi sì 。	My opinion is similar to yours.	你的问题类似于我的。	nǐ de wèn tí lèi shì yú wǒ de 。	Your problem is similar to mine.
1145	求求	过来跟我坐一块吧，求求你	guò lái gēn wǒ zuò yī kuài ba ， qiú qiú nǐ		嗯？我才看到，求求你跟我聊天吧	ń ？ wǒ cái kàn dào ， qiú qiú nǐ gēn wǒ liáo tiān ba		第一是什么节目求求	dì yī shì shén me jié mù qiú qiú	
1146	阶段	工程的第一阶段已经完成了。	gōng chéng de dì yī jiē duàn yǐ jīng wán chéng le 。	The first phase of construction has been completed.	空间科学还在起步阶段。	kōng jiān kē xué hái zài qǐ bù jiē duàn 。	Space science is still in its infancy.	您可以跳过认证过程的第三阶段，直接进入第六阶段。	nín kě yǐ tiào guò rèn zhèng guò chéng de dì sān jiē duàn ， zhí jiē jìn rù dì liù jiē duàn 。	You can skip stage three of the certification process and advance immediately to stage six.
1147	主播	主播你说追男孩怎么追好	zhǔ bō nǐ shuō zhuī nán hái zěn me zhuī hǎo		为了一个为了一个主播	wèi le yí gè wèi le yí gè zhǔ bō		主播是吧这些小学生	zhǔ bō shì ba zhè xiē xiǎo xué shēng	
1148	总统	总统拒绝回答那个问题。	zǒng tǒng jù jué huí dá nà ge wèn tí 。	The President refused to answer the question.	他被选为总统。	tā bèi xuǎn wèi zǒng tǒng 。	He was elected president.	你选谁当总统？	nǐ xuǎn shuí dāng zǒng tǒng ？	For whom will you vote for president?
1149	嗯呐	嗯呐，回来大概一个月	ń nà ， huí lái dà gài yí gè yuè		嗯呐我自己做饭	ń nà wǒ zì jǐ zuò fàn		嗯呐！是过去帅吧	ń nà ！ shì guò qù shuài ba	
1150	合照	我们两个曾经合照 你记得吗？	wǒ men liǎng gè céng jīng hé zhào   nǐ jì de ma ？		我正在看我们一家的合照	wǒ zhèng zài kàn wǒ men yī jiā de hé zhào		你能和我太太合照一张吗？	nǐ néng hé wǒ tài tài hé zhào yī zhāng ma ？	
1151	今日	今日够了。我太累了。	jīn rì gòu le 。 wǒ tài lèi le 。	I've had it for today. I'm too tired.	今日的朋友是明日的敌人。	jīn rì de péng yǒu shì míng rì de dí rén 。	Friends today, enemies tomorrow.	今日的生活是迅息万变和复杂的。	jīn rì de shēng huó shì xùn xī wàn biàn hé fù zá de 。	Life today is fast-moving and complex.
1152	版本	第一还是第二的版本比较齐全？	dì yī hái shì dì èr de bǎn běn bǐ jiào qí quán ？	Which is more complete, the first edition or the second?	我更偏向于这个版本。	wǒ gèng piān xiàng yú zhè ge bǎn běn 。	I prefer this version.	此输入法也适用于这个版本。	cǐ shū rù fǎ yě shì yòng yú zhè ge bǎn běn 。	The input method also works with this version.
1153	热爱	我仍然热爱着网球运动。	wǒ réng rán rè ài zhe wǎng qiú yùn dòng 。	I am still keeping up my tennis craze.	我仍然热爱著网球运动。	wǒ réng rán rè ài zhù wǎng qiú yùn dòng 。	I am still keeping up my tennis craze.	他真的很热爱音乐。	tā zhēn de hěn rè ài yīn yuè 。	He really likes music a lot.
1154	某个	他住在公园周围的某个地方。	tā zhù zài gōng yuán zhōu wéi de mǒu gè dì fāng 。	He lives somewhere around the park.	他还在这里附近的某个地方。	tā hái zài zhè lǐ fù jìn de mǒu gè dì fāng 。	He is still somewhere about.	有没有人说过你长得像某个人？	yǒu méi yǒu rén shuō guò nǐ zhǎng dé xiàng mǒu gè rén ？	Do you ever get told you look like someone else?
1155	奔	这球场 还有那奔就全归你们了	zhè qiú chǎng   hái yǒu nà bēn jiù quán guī nǐ men le		每回都奔浪费去的	měi huí dōu bēn làng fèi qù de		都是奔着盒子去的	dōu shì bēn zhe hé zi qù de	
1156	亏	亏她长得那么漂亮 你看看这里	kuī tā zhǎng dé nà me piào liàng   nǐ kàn kàn zhè lǐ		亏你还是律师呢―怎么?	kuī nǐ hái shì lǜ shī ne ― zěn me ?		亏你还是个警察 马上就想到那里去	kuī nǐ hái shì gè jǐng chá   mǎ shàng jiù xiǎng dào nà lǐ qù	
1157	娱乐	村里没啥娱乐活动。	cūn lǐ méi shá yú lè huó dòng 。	There are not many amusements in the village.	她刚刚买了两本娱乐杂志。	tā gāng gāng mǎi le liǎng běn yú lè zá zhì 。	She just bought two entertainment magazines.	澳大利亚人擅长体育和娱乐。	ào dà lì yà rén shàn cháng tǐ yù hé yú lè 。	Australians excel at sports and entertainment.
1158	牵	我们牵过一次手。	wǒ men qiān guò yī cì shǒu 。	We held hands, once.	我可以牵着你的手吗？	wǒ kě yǐ qiān zhe nǐ de shǒu ma ？	May I hold your hand?	这对夫妻手牵手走路。	zhè duì fū qī shǒu qiān shǒu zǒu lù 。	The couple is walking hand in hand.
1159	当中	这些人当中有些长得很像。	zhè xiē rén dāng zhōng yǒu xiē zhǎng dé hěn xiàng 。	Some of these people look a lot like each other.	这些女孩当中其中一个被留下来了。	zhè xiē nǚ hái dāng zhōng qí zhōng yí gè bèi liú xià lái le 。	One of the girls was left behind.	他认为我们当中有一个奸细。	tā rèn wéi wǒ men dāng zhōng yǒu yí gè jiān xì 。	He believes that there is a spy among us.
1160	拿来	马上把茶拿来！	mǎ shàng bǎ chá ná lái ！	Bring tea immediately!	天气很热，把电风扇拿来。	tiān qì hěn rè ， bǎ diàn fēng shàn ná lái 。	It is hot. Bring the electric fan.	把那本杂志拿来给我。	bǎ nà běn zá zhì ná lái gěi wǒ 。	Bring me the magazines.
1161	盯	你盯著我看使我无法读书。	nǐ dīng zhù wǒ kàn shǐ wǒ wú fǎ dú shū 。	I can't study with you watching me.	不要再这么盯着我了。	bú yào zài zhè me dīng zhe wǒ le 。	Stop staring at me like that.	没人盯着她的时候，她甚至会哭。	méi rén dīng zhe tā de shí hòu ， tā shèn zhì huì kū 。	She'll cry even when no one is looking.
1162	干活	我发现他在花园里干活。	wǒ fā xiàn tā zài huā yuán lǐ gàn huó 。	I found him working in the garden.	干活吧。	gàn huó ba 。	Let's get to work.	干活慢点。	gàn huó màn diǎn 。	Work slowly.
1163	关晓彤	关晓彤在一起是情侣，然后就	guān xiǎo tóng zài yì qǐ shì qíng lǚ ， rán hòu jiù		但是关晓彤腿特别长。	dàn shì guān xiǎo tóng tuǐ tè bié zhǎng 。		人家鹿晗跟关晓彤	rén jiā lù hán gēn guān xiǎo tóng	
1164	狼	一般来说，狼不会攻击人。	yì bān lái shuō ， láng bú huì gōng jī rén 。	Wolves won't usually attack people.	狼吓到了我。	láng xià dào le wǒ 。	Wolves scare me.	狼靠腿吃饭。	láng kào tuǐ chī fàn 。	A wolf is fed by its legs.
1165	地区	这地区很安静。	zhè dì qū hěn ān jìng 。	The area was quiet.	这类植物只生长在热带地区。	zhè lèi zhí wù zhǐ shēng zhǎng zài rè dài dì qū 。	This kind of plant grows only in the tropical regions.	他的名字在这个地区人尽皆知。	tā de míng zì zài zhè ge dì qū rén jǐn jiē zhī 。	His name is known to everybody in this area.
1166	画面	你自己看到的移动的画面.	nǐ zì jǐ kàn dào de yí dòng de huà miàn .		哦，会画面哦…怎么没看到过你作品啊	ó ， huì huà miàn ó … zěn me méi kàn dào guò nǐ zuò pǐn a		你能想象那个画面	nǐ néng xiǎng xiàng nà ge huà miàn	
1167	安利	快给你老爸安利一下	kuài gěi nǐ lǎo bà ān lì yī xià		吃了这个安利	chī le zhè ge ān lì		好听谢谢安利	hǎo tīng xiè xiè ān lì	
1168	提升	努力提升英文能力。	nǔ lì tí shēng yīng wén néng lì 。	Try to polish up your English.	速度提升。	sù dù tí shēng 。	Faster.	我要借机提升我的语言能力。	wǒ yào jiè jī tí shēng wǒ de yǔ yán néng lì 。	I must take the opportunity to improve my language ability.
1169	毛线	我还要在买一些毛线	wǒ hái yào zài mǎi yī xiē máo xiàn		嗨毛线51你不得跟着去	hāi máo xiàn 5 1 nǐ bù dé gēn zhe qù		毛线问题容易解决	máo xiàn wèn tí róng yì jiě jué	
1170	特殊	让我们来学习一个特殊的例子。	ràng wǒ men lái xué xí yí gè tè shū de lì zi 。	Let's study a specific example.	今年肯定是人类历史上特殊的一年。	jīn nián kěn dìng shì rén lèi lì shǐ shàng tè shū de yī nián 。	This year is definitely a special year in human history.	今天的报纸中有没有什么特殊消息呢？	jīn tiān de bào zhǐ zhōng yǒu méi yǒu shén me tè shū xiāo xī ne ？	Is there any special news in today's paper?
1171	设置	我会设置一个时间和地点。	wǒ huì shè zhì yí gè shí jiān hé dì diǎn 。		可能我设置的英文版没事没事	kě néng wǒ shè zhì de yīng wén bǎn méi shì méi shì		我们已经得到了树的所有设置。	wǒ men yǐ jīng dé dào le shù de suǒ yǒu shè zhì 。	
1172	政府	日本政府无法管理问题。	rì běn zhèng fǔ wú fǎ guǎn lǐ wèn tí 。	The Japanese government can't cope with the problem.	中国也许是世界上唯一一个由政府控制温度的国家。	zhōng guó yě xǔ shì shì jiè shàng wéi yī yí gè yóu zhèng fǔ kòng zhì wēn dù de guó jiā 。	China is perhaps the only country in the world where the temperature is controlled by the government.	我们研究了政府的经济政策。	wǒ men yán jiū le zhèng fǔ de jīng jì zhèng cè 。	We studied the government's economic policy.
1173	伤不起	辛苦了。实习的孩子伤不起。	xīn kǔ le 。 shí xí de hái zi shāng bù qǐ 。		我手机最近只显示号码，伤不起！	wǒ shǒu jī zuì jìn zhǐ xiǎn shì hào mǎ ， shāng bù qǐ ！		一起伤不起啊，哈哈！坚持锻炼吧！	yì qǐ shāng bù qǐ a ， hā hā ！ jiān chí duàn liàn ba ！	
1174	合影	偶像身边缺少一个合影对象	ǒu xiàng shēn biān quē shǎo yí gè hé yǐng duì xiàng		我家里有我们俩的合影	wǒ jiā lǐ yǒu wǒ men liǎ de hé yǐng		我可以跟右边那个戴眼镜的合影	wǒ kě yǐ gēn yòu biān nà ge dài yǎn jìng de hé yǐng	
1175	找找	没关系没关系我再继续找找	méi guān xì méi guān xì wǒ zài jì xù zhǎo zhǎo		我可以帮你找找关系	wǒ kě yǐ bāng nǐ zhǎo zhǎo guān xì		不会要护照啊 再找找	bú huì yào hù zhào a   zài zhǎo zhǎo	
1176	了不起	他以为自己很了不起。	tā yǐ wéi zì jǐ hěn liǎo bù qǐ 。	He thinks he's so great.	你是位了不起的女性。	nǐ shì wèi liǎo bù qǐ de nǚ xìng 。	You're a wonderful woman.	他是一位非常了不起的学者。	tā shì yī wèi fēi cháng liǎo bù qǐ de xué zhě 。	He is very much a scholar.
1177	主角	就是，第一次把作为主角的作品	jiù shì ， dì yī cì bǎ zuò wéi zhǔ jué de zuò pǐn		那个主角是个父亲吧	nà ge zhǔ jué shì gè fù qīn ba		现在，如果主角是总统.	xiàn zài ， rú guǒ zhǔ jué shì zǒng tǒng .	
1178	冲动	他叫自己的妻子不要冲动购物。	tā jiào zì jǐ de qī zǐ bú yào chōng dòng gòu wù 。	He told his wife not to buy on impulse.	差不多可以订了3不冲动不冲动	chà bu duō kě yǐ dìng le 3 bù chōng dòng bù chōng dòng		就是就是选择太少了时间不冲动	jiù shì jiù shì xuǎn zé tài shǎo le shí jiān bù chōng dòng	
1179	难吃	最讨厌别人说我做饭难吃了	zuì tǎo yàn bié rén shuō wǒ zuò fàn nán chī le		我们那也是吗？超级难吃	wǒ men nà yě shì ma ？ chāo jí nán chī		这家炒酸奶不要太难吃！	zhè jiā chǎo suān nǎi bú yào tài nán chī ！	
1180	锁	有人把我锁在这房间里。	yǒu rén bǎ wǒ suǒ zài zhè fáng jiān lǐ 。	Someone locked me in the room.	由于大门锁着，我们无法入屋。	yóu yú dà mén suǒ zhe ， wǒ men wú fǎ rù wū 。	Because the entrance was locked, we couldn't enter the house.	开门的时候我把锁弄坏了。	kāi mén de shí hòu wǒ bǎ suǒ nòng huài le 。	In opening the door, I broke the lock.
1181	湖南	我觉得在湖南没什么发展空间是	wǒ jué de zài hú nán méi shén me fā zhǎn kōng jiān shì		我给你打电话你没接啊，还是湖南的？	wǒ gěi nǐ dǎ diàn huà nǐ méi jiē a ， hái shì hú nán de ？		他在老家湖南地区	tā zài lǎo jiā hú nán dì qū	
1182	哼哼	哼哼，机智的我没那么早回去	hēng hēng ， jī zhì de wǒ méi nà me zǎo huí qù		哼哼，那也要看是什么巧克力	hēng hēng ， nà yě yào kàn shì shén me qiǎo kè lì		哦！发现你好可爱咯！哈哈！哼哼	ó ！ fā xiàn nǐ hǎo kě ài gē ！ hā hā ！ hēng hēng	
1183	友	友开心，天天送祝福	yǒu kāi xīn ， tiān tiān sòng zhù fú		友中午好	yǒu zhōng wǔ hǎo		友！中午好	yǒu ！ zhōng wǔ hǎo	
1184	双十一	天就是双十一还是很美好的	tiān jiù shì shuāng shí yī hái shì hěn měi hǎo de		双十一可能今天晚上熬夜。	shuāng shí yī kě néng jīn tiān wǎn shàng áo yè 。		对啊你像今天晚上明天双十一。	duì a nǐ xiàng jīn tiān wǎn shàng míng tiān shuāng shí yī 。	
1185	确认	出去之前确认一下所有的灯都关了。	chū qù zhī qián què rèn yī xià suǒ yǒu de dēng dōu guān le 。	Make sure to turn off all the lights before going out.	关于下面的内容，我想确认两件事情。	guān yú xià miàn de nèi róng ， wǒ xiǎng què rèn liǎng jiàn shì qíng 。	Concerning the content below, I want to verify two things.	请确认。	qǐng què rèn 。	Please confirm.
1186	宁愿	我宁愿没有钱也要找到爱情。	wǒ nìng yuàn méi yǒu qián yě yào zhǎo dào ài qíng 。	I'd rather have no money but find love.	我宁愿不睡觉也要看完这本书。	wǒ nìng yuàn bù shuì jiào yě yào kàn wán zhè běn shū 。	I'd rather not sleep and finish reading this book.	我宁愿搭飞机旅行。	wǒ nìng yuàn dā fēi jī lǚ xíng 。	I prefer to travel by air.
1187	熊猫	你见过熊猫吗？	nǐ jiàn guò xióng māo ma ？	Have you ever seen a panda?	可能你们中的许多人在动物园都看过熊猫。	kě néng nǐ men zhōng de xǔ duō rén zài dòng wù yuán dōu kàn guò xióng māo 。	Maybe a few of you have seen pandas in the zoo.	在那里，人们把熊猫训练得能表演许多节目。	zài nà lǐ ， rén men bǎ xióng māo xùn liàn dé néng biǎo yǎn xǔ duō jié mù 。	There, pandas have been trained to perform dozens of items.
1188	细节	我不必知道所有的细节。	wǒ bù bì zhī dào suǒ yǒu de xì jié 。	I don't have to know all the details.	你必须多关注细节。	nǐ bì xū duō guān zhù xì jié 。	You need to pay more attention to details.	我对细节不感兴趣。	wǒ duì xì jié bù gǎn xìng qù 。	I'm not interested in the details.
1189	人才	除此之外，马还是人才的代名词。	chú cǐ zhī wài ， mǎ hái shì rén cái de dài míng cí 。	As well as this, the horse is also representative of human talent.	逆境出人才。	nì jìng chū rén cái 。	Adversity makes a man wise, not rich.	新竹科学园区吸引了许多外地人才前来工作。	xīn zhú kē xué yuán qū xī yǐn le xǔ duō wài dì rén cái qián lái gōng zuò 。	The Hsinchu Science Park has attracted many talents from other regions to work here.
1190	拜拜	哦了和今年的啥都拜拜一下	ó le hé jīn nián de shá dōu bài bài yī xià		洗完了都。拜拜。我睡觉去呗	xǐ wán le dōu 。 bài bài 。 wǒ shuì jiào qù bei		你已经失去学霸了拜拜	nǐ yǐ jīng shī qù xué bà le bài bài	
1191	宣传	我们在电视上宣传我们的产品。	wǒ men zài diàn shì shàng xuān chuán wǒ men de chǎn pǐn 。	We advertise our products on TV.	宣传由我来负责。	xuān chuán yóu wǒ lái fù zé 。	I'm in charge of the propaganda.	汤姆在网上免费为政府写宣传，但他在他的家乡被政府屠杀时哭了。	tāng mǔ zài wǎng shàng miǎn fèi wéi zhèng fǔ xiě xuān chuán ， dàn tā zài tā de jiā xiāng bèi zhèng fǔ tú shā shí kū le 。	Tom wrote propaganda online without pay for the government, but cried when everyone in his hometown was massacred by the government.
1192	保险	为什么你买了旅行保险？	wèi shén me nǐ mǎi le lǚ xíng bǎo xiǎn ？	Why did you buy travel insurance?	他给自己投了保险。	tā gěi zì jǐ tóu le bǎo xiǎn 。	He insured himself.	我的房子绝对保险。	wǒ de fáng zi jué duì bǎo xiǎn 。	My house is fully insured.
1193	设备	这是台旧设备。	zhè shì tái jiù shè bèi 。	This is an old device.	这房间的通风设备很好。	zhè fáng jiān de tōng fēng shè bèi hěn hǎo 。	This room has fine ventilation.	小心，这个设备很贵的。	xiǎo xīn ， zhè ge shè bèi hěn guì de 。	Be careful. That's an expensive piece of equipment.
1194	胜利	这是一个轻松取得的胜利。	zhè shì yí gè qīng sōng qǔ dé de shèng lì 。	It's an easy victory.	他们祝贺我们的胜利。	tā men zhù hè wǒ men de shèng lì 。	They congratulated us on our victory.	我们战争胜利了。	wǒ men zhàn zhēng shèng lì le 。	We won the battle.
1195	品牌	我想要备受好评的可靠品牌。	wǒ xiǎng yào bèi shòu hǎo píng de kě kào pǐn pái 。	I want a reliable brand that has good reviews.	最近这个品牌推出了一系列限量版内衣。	zuì jìn zhè ge pǐn pái tuī chū le yī xì liè xiàn liàng bǎn nèi yī 。	Recently, this brand launched a series of limited edition underwear.	我对我最爱的品牌最新推出的机型很感兴趣。	wǒ duì wǒ zuì ài de pǐn pái zuì xīn tuī chū de jī xíng hěn gǎn xìng qù 。	I’m interested in the latest model from my favorite brand.
1196	宵夜	上啊，那和周日吃宵夜没关系啊	shàng a ， nà hé zhōu rì chī xiāo yè méi guān xì a		你早说你在单位喊你吃宵夜来。	nǐ zǎo shuō nǐ zài dān wèi hǎn nǐ chī xiāo yè lái 。		太羡慕你，每天都可以宵夜时刻！	tài xiàn mù nǐ ， měi tiān dōu kě yǐ xiāo yè shí kè ！	
1197	矫情	我就知道你只是矫情而已	wǒ jiù zhī dào nǐ zhǐ shì jiǎo qíng ér yǐ		算了！不矫情了！你咋还不睡	suàn le ！ bù jiǎo qíng le ！ nǐ zǎ hái bù shuì		以前觉得矫情现在真有这种感觉	yǐ qián jué de jiǎo qíng xiàn zài zhēn yǒu zhè zhǒng gǎn jué	
1198	哇哇	哇哇等一下 等他完全进去了	wā wā děng yí xià   děng tā wán quán jìn qù le		哇哇，为什么不给我就一点啊！	wā wā ， wèi shén me bù gěi wǒ jiù yì diǎn a ！		哇哇要跟你一样幸福啊	wā wā yào gēn nǐ yī yàng xìng fú a	
1199	见识	我让你见识我这年纪的.	wǒ ràng nǐ jiàn shí wǒ zhè nián jì de .		看来我头发短，见识也短	kàn lái wǒ tóu fà duǎn ， jiàn shí yě duǎn		+又见识了很多奇葩哦	+ yòu jiàn shí le hěn duō qí pā ó	
1200	接近	我肯定越来越接近了。	wǒ kěn dìng yuè lái yuè jiē jìn le 。	I must be getting close.	故事与历史真相接近。	gù shì yǔ lì shǐ zhēn xiàng jiē jìn 。	The story approximates to historical truth.	总统很难接近。	zǒng tǒng hěn nán jiē jìn 。	The president is difficult to approach.
1201	烂	这些苹果的其中一半都烂了。	zhè xiē píng guǒ de qí zhōng yí bàn dōu làn le 。	Half of these apples are rotten.	所有的水果都烂了。	suǒ yǒu de shuǐ guǒ dōu làn le 。	All the fruit is rotten.	扔了这个烂香蕉。	rēng le zhè ge làn xiāng jiāo 。	Throw this rotten banana.
1202	留给	我会把这个工作留给你。	wǒ huì bǎ zhè ge gōng zuò liú gěi nǐ 。	I'll leave this work to you.	我要把这本书留给自己。	wǒ yào bǎ zhè běn shū liú gěi zì jǐ 。	I'll keep that book for myself.	请把所有的东西留给我。	qǐng bǎ suǒ yǒu de dōng xī liú gěi wǒ 。	Please leave everything to me.
1203	周杰伦	就周杰伦唱的歌，我都挺喜欢的	jiù zhōu jié lún chàng de gē ， wǒ dōu tǐng xǐ huān de		还有那个周杰伦呢，很多很多吧	hái yǒu nà ge zhōu jié lún ne ， hěn duō hěn duō ba		我要去看周杰伦演唱会	wǒ yào qù kàn zhōu jié lún yǎn chàng huì	
1204	人间	我们会把人间变成天堂。	wǒ men huì bǎ rén jiān biàn chéng tiān táng 。	We will turn the world into a paradise.	我想要更便宜点的双人间。	wǒ xiǎng yào gèng pián yi diǎn de shuāng rén jiān 。	I would like a less expensive double room.	单间还是双人间？	dān jiān hái shì shuāng rén jiān ？	Single or double room?
1205	孤单	她看起来很孤单。	tā kàn qǐ lái hěn gū dān 。	She looked lonely.	我当时不孤单。	wǒ dāng shí bù gū dān 。	I wasn't alone then.	我好孤单。	wǒ hǎo gū dān 。	I am so lonely.
1206	循环	然后，然后就开始循环	rán hòu ， rán hòu jiù kāi shǐ xún huán		就进去之前那小孩子就开始循环了	jiù jìn qù zhī qián nà xiǎo hái zi jiù kāi shǐ xún huán le		其实是一种循环的	qí shí shì yī zhǒng xún huán de	
1207	精致	人家那也是真正的精致	rén jiā nà yě shì zhēn zhèng de jīng zhì		是个漂亮精致的东西.	shì gè piào liàng jīng zhì de dōng xī .		啥作业啊这么精致	shá zuò yè a zhè me jīng zhì	
1208	到位	哈哈这个歌词补的太到位了	hā hā zhè ge gē cí bǔ de tài dào wèi le		然后演员演的也很也很到位。	rán hòu yǎn yuán yǎn de yě hěn yě hěn dào wèi 。		嗯总结很到位就是想我了	ń zǒng jié hěn dào wèi jiù shì xiǎng wǒ le	
1209	大姨妈	你是来大姨妈了还是怎么了?	nǐ shì lái dà yí mā le hái shì zěn me le ?		因为今天大姨妈来看我了	yīn wèi jīn tiān dà yí mā lái kàn wǒ le		大姨妈来看我啊。不能动啊	dà yí mā lái kàn wǒ a 。 bù néng dòng a	
1210	心酸	我感到一阵心酸	wǒ gǎn dào yī zhèn xīn suān		心酸的背后。	xīn suān de bèi hòu 。		还是更心酸。	hái shì gèng xīn suān 。	
1211	明	“明”这个汉字左边是什么？右边是什么？	“ míng ” zhè ge hàn zì zuǒ biān shì shén me ？ yòu biān shì shén me ？	"""In """"明"""", what is the character on the left? And the one on the right?"""	那时明没有在和正雄跳舞。	nà shí míng méi yǒu zài hé zhèng xióng tiào wǔ 。	Ming wasn't dancing with Masao then.	我还不知道你明不明白。	wǒ hái bù zhī dào nǐ míng bù míng bái 。	I wonder if you understand.
1212	驾照	我想你要拿到驾照根本不难。	wǒ xiǎng nǐ yào ná dào jià zhào gēn běn bù nán 。	I think you'll have very little difficulty in getting a driver's license.	我想您要拿到驾照根本不难。	wǒ xiǎng nín yào ná dào jià zhào gēn běn bù nán 。	I think you'll have very little difficulty in getting a driver's license.	你要拿驾照还太年轻了。	nǐ yào ná jià zhào hái tài nián qīng le 。	You're still too young to get a driver's license.
1213	女子	怎么可爱的女子！	zěn me kě ài de nǚ zǐ ！	What a pretty girl!	他在一间女子中学教书。	tā zài yī jiān nǚ zǐ zhōng xué jiāo shū 。	He teaches in a girls' high school.	她上女子高中。	tā shàng nǚ zǐ gāo zhōng 。	She goes to a girls' high school.
1214	何必	为什么何必非要苦自己呢	wèi shén me hé bì fēi yào kǔ zì jǐ ne		何必这么急 就谈这个呢	hé bì zhè me jí   jiù tán zhè ge ne		但又想，何必这样对她	dàn yòu xiǎng ， hé bì zhè yàng duì tā	
1215	摄影	之后呢，干什么了？学摄影了吗？	zhī hòu ne ， gàn shén me le ？ xué shè yǐng le ma ？		摄影，我也想要。可以选三门吖。	shè yǐng ， wǒ yě xiǎng yào 。 kě yǐ xuǎn sān mén yā 。		他好像挺喜欢摄影的吧	tā hǎo xiàng tǐng xǐ huān shè yǐng de ba	
1216	战斗	我们已经赢得了这场战斗。	wǒ men yǐ jīng yíng dé le zhè chǎng zhàn dòu 。	We have already won this battle.	我希望他们会停止战斗。	wǒ xī wàng tā men huì tíng zhǐ zhàn dòu 。	I wish they would stop fighting.	像男人一样战斗！	xiàng nán rén yī yàng zhàn dòu ！	Fight like a man!
1217	但愿	但愿你那时候就告诉我真相。	dàn yuàn nǐ nà shí hòu jiù gào sù wǒ zhēn xiàng 。	I wish you had told me the truth then.	但愿我知道他在哪里。	dàn yuàn wǒ zhī dào tā zài nǎ lǐ 。	I wish I knew where he was!	但愿我可以帮助你。	dàn yuàn wǒ kě yǐ bāng zhù nǐ 。	I wish I could help you.
1218	休	上周我休了一天的假。	shàng zhōu wǒ xiū le yī tiān de jiǎ 。	I took a day off last week.	他休了一周的假。	tā xiū le yī zhōu de jiǎ 。	He took a week off.	他65岁退了休。	tā 6 5 suì tuì le xiū 。	He retired at the age of 65.
1219	路线	你们怎么都开始走男神路线了？	nǐ men zěn me dōu kāi shǐ zǒu nán shén lù xiàn le ？		还是走N路线可能会选择D710吧	hái shì zǒu N lù xiàn kě néng huì xuǎn zé D 7 1 0 ba		有几个走良心路线啊！你自己吃吗	yǒu jǐ gè zǒu liáng xīn lù xiàn a ！ nǐ zì jǐ chī ma	
1220	总之	但是总之就是喜欢我了，是吧	dàn shì zǒng zhī jiù shì xǐ huān wǒ le ， shì ba		总之，你知道怎么联系到我	zǒng zhī ， nǐ zhī dào zěn me lián xì dào wǒ		总之我感觉是哎校关于	zǒng zhī wǒ gǎn jué shì āi xiào guān yú	
1221	心灵	眼睛是心灵的镜子。	yǎn jīng shì xīn líng de jìng zi 。	The eye is the mirror of the soul.	就像食物喂养身体，所以阅读喂养心灵。	jiù xiàng shí wù wèi yǎng shēn tǐ ， suǒ yǐ yuè dú wèi yǎng xīn líng 。	Just as food feeds the body, so reading feeds the mind.	心灵应该当一个好仆人，但心应该是主人。	xīn líng yīng gāi dāng yí gè hǎo pú rén ， dàn xīn yīng gāi shì zhǔ rén 。	The mind should be a good servant, but the heart should be the master.
1222	祈祷	让我们祈祷他学得很快吧。	ràng wǒ men qí dǎo tā xué dé hěn kuài ba 。	Let's pray he turns out to be a fast learner.	我们都跪了下来祈祷。	wǒ men dōu guì le xià lái qí dǎo 。	We all knelt down to pray.	我们一起祈祷这样的事别再发生了	wǒ men yì qǐ qí dǎo zhè yàng de shì bié zài fā shēng le	Let's just pray it never happens again.
1223	价值	这篇文章没有价值。	zhè piān wén zhāng méi yǒu jià zhí 。	This article is of no value.	我们不能高估健康的价值。	wǒ men bù néng gāo gū jiàn kāng de jià zhí 。	We cannot overestimate the value of health.	这是一个具有历史价值的城市。	zhè shì yí gè jù yǒu lì shǐ jià zhí de chéng shì 。	This is a city of real historical value.
1224	糟	这病人的情况一天比一天糟。	zhè bìng rén de qíng kuàng yī tiān bǐ yī tiān zāo 。	This patient's condition is getting worse day by day.	对我来说, 情况一天比一天糟。	duì wǒ lái shuō ,   qíng kuàng yī tiān bǐ yī tiān zāo 。	As far as I'm concerned, the situation is getting worse and worse each day.	我不认为那可以变得更糟	wǒ bù rèn wéi nà kě yǐ biàn dé gèng zāo	I don't think that it can get any worse.
1225	妈的	妈的，我们老了！	mā de ， wǒ men lǎo le ！	Fuck, we're old!	妈的！真不错！	mā de ！ zhēn bù cuò ！	Damn! It's not bad!	吸一口气，妈的！	xī yī kǒu qì ， mā de ！	Breathe, damn you!
1226	走走	我建议你趁还能走就多走走	wǒ jiàn yì nǐ chèn hái néng zǒu jiù duō zǒu zǒu		今天天气不错，出去走走吧。	jīn tiān tiān qì bù cuò ， chū qù zǒu zǒu ba 。	The weather is excellent today. Go for a walk.	俺今天到大自然走走勒	ǎn jīn tiān dào dà zì rán zǒu zǒu lēi	
1227	车祸	我哥在车祸中受伤了。	wǒ gē zài chē huò zhōng shòu shāng le 。	My brother was injured in the car accident.	车祸是怎么发生的？	chē huò shì zěn me fā shēng de ？	How did the car accident come about?	他在车祸事故中只受了轻伤。	tā zài chē huò shì gù zhōng zhǐ shòu le qīng shāng 。	He was slightly injured in a traffic accident.
1228	伤感	我们女人都是喜欢一点伤感	wǒ men nǚ rén dōu shì xǐ huān yì diǎn shāng gǎn		别说这话题了 令人有点伤感	bié shuō zhè huà tí le   lìng rén yǒu diǎn shāng gǎn		毕业真是个伤感的词	bì yè zhēn shì gè shāng gǎn de cí	
1229	猥琐	什么话你来说就猥琐的一笔	shén me huà nǐ lái shuō jiù wěi suǒ de yī bǐ		你比我想象的还要猥琐	nǐ bǐ wǒ xiǎng xiàng de hái yào wěi suǒ		当初就该让我猥琐的男友带套的	dāng chū jiù gāi ràng wǒ wěi suǒ de nán yǒu dài tào de	
1230	大妈	球场俩大妈管的没有工作人员	qiú chǎng liǎ dà mā guǎn de méi yǒu gōng zuò rén yuán		那个大妈好像在哪见过	nà ge dà mā hǎo xiàng zài nǎ jiàn guò		大妈你谁啊！把原来的博主还给我！	dà mā nǐ shuí a ！ bǎ yuán lái de bó zhǔ huán gěi wǒ ！	
1231	祖国	我们伟大的祖国无敌于天下。	wǒ men wěi dà de zǔ guó wú dí yú tiān xià 。	Our great country is unmatched in the world.	他们为祖国而战斗。	tā men wèi zǔ guó ér zhàn dòu 。	They fought for the sake of their country.	祖国到处是春天。	zǔ guó dào chù shì chūn tiān 。	It's spring everywhere in the motherland.
1232	连续	这个男人连续说了一个小时的话。	zhè ge nán rén lián xù shuō le yí gè xiǎo shí de huà 。	The man kept talking for an hour.	比尔连续哭了几个小时。	bǐ ěr lián xù kū le jǐ gè xiǎo shí 。	Bill kept on crying for hours.	雨连续下了五天。	yǔ lián xù xià le wǔ tiān 。	The rain lasted five days.
1233	十一	你怎么不过完十一再回来？	nǐ zěn me bù guò wán shí yī zài huí lái ？		啊？你说十一假期还是去德国哇	a ？ nǐ shuō shí yī jià qī hái shì qù dé guó wa		爸爸同意咱们十一结婚	bà bà tóng yì zán men shí yī jié hūn	
1234	胃口	他没胃口吃东西。	tā méi wèi kǒu chī dōng xī 。	He has no appetite.	我完全没有胃口。	wǒ wán quán méi yǒu wèi kǒu 。	I can't bring myself to eat anything.	他的胃口很好。	tā de wèi kǒu hěn hǎo 。	He has a good appetite.
1235	限制	有速度限制吗?	yǒu sù dù xiàn zhì ma ?	Is there a speed limit?	他们把我的限制提高了。	tā men bǎ wǒ de xiàn zhì tí gāo le 。	They've upped my limit.	对严格限制经济的批评蜂拥而来。	duì yán gé xiàn zhì jīng jì de pī píng fēng yōng ér lái 。	Critics are coming down hard on tightened economic restrictions.
1236	老乡	找个呀，老乡那么优秀噶	zhǎo gè ya ， lǎo xiāng nà me yōu xiù gá		哇，难得见到一个老乡	wa ， nán dé jiàn dào yí gè lǎo xiāng		老乡天天开心快乐	lǎo xiāng tiān tiān kāi xīn kuài lè	
1237	宠物	她养各种不同的宠物。	tā yǎng gè zhǒng bù tóng de chǒng wù 。	She kept various kinds of pets.	她养一只鹦鹉作为宠物。	tā yǎng yī zhǐ yīng wǔ zuò wéi chǒng wù 。	She keeps a parrot as a pet.	美国政府一直视英国为美国的宠物。	měi guó zhèng fǔ yì zhí shì yīng guó wèi měi guó de chǒng wù 。	The American government has always regarded England as America's house pet.
1238	透	这件衣服很透。	zhè jiàn yī fú hěn tòu 。	This piece of clothing is see-through.	他倒霉透了。	tā dǎo méi tòu le 。	He is shit out of luck.	谁也参不透。	shuí yě cān bù tòu 。	Nobody can understand it.
1239	秀恩爱	时刻准备着看你们秀恩爱！	shí kè zhǔn bèi zhe kàn nǐ men xiù ēn ài ！		我们可以秀恩爱	wǒ men kě yǐ xiù ēn ài		秀恩爱！	xiù ēn ài ！	
1240	长胖	我想你正在而且已经长胖了?	wǒ xiǎng nǐ zhèng zài ér qiě yǐ jīng zhǎng pàng le ?		我没有长胖！我绝对没有长胖	wǒ méi yǒu zhǎng pàng ！ wǒ jué duì méi yǒu zhǎng pàng		对嘛连汤都要喝完怪不得长胖	duì ma lián tāng dōu yào hē wán guài bù dé zhǎng pàng	
1241	则	我若能，则人人都能。	wǒ ruò néng ， zé rén rén dōu néng 。	If I can do it, anyone can.	我若能，则谁都能。	wǒ ruò néng ， zé shuí dōu néng 。	If I can do it, anyone can.	动物需要食物和饮料，而植物则需要雨水和阳光。	dòng wù xū yào shí wù hé yǐn liào ， ér zhí wù zé xū yào yǔ shuǐ hé yáng guāng 。	As food and drink is to animals, so are rain and sunshine to plants.
1242	等于	17 加 60 等于几？	1 7   jiā   6 0   děng yú jǐ ？	What is 17 plus 60?	4 乘 4 等于 16。	4   chéng   4   děng yú   1 6 。	4 times 4 is 16.	不，这样不对。应该设α等于β。	bù ， zhè yàng bú duì 。 yīng gāi shè α děng yú β 。	No, that's not right. You have to set α equal to β.
1243	立马	我休假立马就打电话约	wǒ xiū jià lì mǎ jiù dǎ diàn huà yuē		上次看到可开心了立马奔过去买	shàng cì kàn dào kě kāi xīn le lì mǎ bēn guò qù mǎi		为啥？我刚实习结束立马通宵喝酒唱K.	wèi shá ？ wǒ gāng shí xí jié shù lì mǎ tōng xiāo hē jiǔ chàng K .	
1244	滑	你滑旱冰吗？	nǐ huá hàn bīng ma ？	Do you rollerblade?	小心地滑	xiǎo xīn dì huá	Caution: wet floor	小心地滑。	xiǎo xīn dì huá 。	Be careful. It's slippery here.
1245	路人	在那部电影里我只想做个路人	zài nà bù diàn yǐng lǐ wǒ zhǐ xiǎng zuò gè lù rén		对啊，然后好像说是还伤了几个路人	duì a ， rán hòu hǎo xiàng shuō shì hái shāng le jǐ gè lù rén		-不 大概只是个路人	- bù   dà gài zhǐ shì gè lù rén	
1246	听话	我们清楚汤姆并不总是听话。	wǒ men qīng chǔ tāng mǔ bìng bù zǒng shì tīng huà 。	We know Tom doesn't always do what he's told.	他很会教育人所以他的孩子都很听话。	tā hěn huì jiào yù rén suǒ yǐ tā de hái zi dōu hěn tīng huà 。	He's a very good teacher, so his children really listen to him.	他很会教育人, 所以他的孩子都很听话.	tā hěn huì jiào yù rén ,   suǒ yǐ tā de hái zi dōu hěn tīng huà .	He was a great teacher so his children were very obedient.
1247	古代	我父亲对古代历史有兴趣。	wǒ fù qīn duì gǔ dài lì shǐ yǒu xìng qù 。	My father is interested in ancient history.	我真想看看古代的世界是怎样的。	wǒ zhēn xiǎng kàn kàn gǔ dài de shì jiè shì zěn yàng de 。	I wish I could see the ancient world.	古代中国没有椅子。	gǔ dài zhōng guó méi yǒu yǐ zi 。	There were no chairs in ancient China.
1248	罢了	人生只不过是场梦罢了。	rén shēng zhǐ bù guò shì chǎng mèng bà le 。	Life is only a dream.	你怕啥？就是部电影罢了。	nǐ pà shá ？ jiù shì bù diàn yǐng bà le 。	Why are you so scared? It's just a movie.	不过是一个文字游戏罢了。	bù guò shì yí gè wén zì yóu xì bà le 。	It's just a play on words.
1249	相处	对我来说，Nancy是个很难相处的女孩。	duì wǒ lái shuō ， N a n c y shì gè hěn nán xiāng chǔ de nǚ hái 。	Nancy is a hard girl for me to deal with.	他是个很难相处的男人。	tā shì gè hěn nán xiāng chǔ de nán rén 。	He is a man hard to get on with.	我跟他总是相处得很好。	wǒ gēn tā zǒng shì xiāng chǔ dé hěn hǎo 。	I always get along well with him.
1250	发财	老铁你发财了别忘了我	lǎo tiě nǐ fā cái le bié wàng le wǒ		她是我们发财的机会	tā shì wǒ men fā cái de jī huì		拍什么片可以发财	pāi shén me piàn kě yǐ fā cái	
1251	砖	我可以走砖路	wǒ kě yǐ zǒu zhuān lù		我们家卖砖啊。	wǒ men jiā mài zhuān a 。		砖和熊的区别?	zhuān hé xióng de qū bié ?	
1252	创造	数学是上帝用来创造宇宙的语言。	shù xué shì shàng dì yòng lái chuàng zào yǔ zhòu de yǔ yán 。	Mathematics is the language that God used to create the universe.	上帝创造了世界	shàng dì chuàng zào le shì jiè	God created the world.	上帝创造了世界。	shàng dì chuàng zào le shì jiè 。	God created the world.
1253	传统	中秋节是中国的传统节日。	zhōng qiū jié shì zhōng guó de chuán tǒng jié rì 。	Mid-Autumn Day is a traditional holiday in China.	他们传统的生活方式不再存在。	tā men chuán tǒng de shēng huó fāng shì bù zài cún zài 。	Their traditional life style no longer exists.	我们必须保持家庭传统。	wǒ men bì xū bǎo chí jiā tíng chuán tǒng 。	We must keep up the family traditions.
1254	猛	风刮得太猛，他们没法在公园里玩了。	fēng guā dé tài měng ， tā men méi fǎ zài gōng yuán lǐ wán le 。	The wind blew too hard for them to play in the park.	风吹得很猛。	fēng chuī dé hěn měng 。	It is blowing very hard.	别像猪一样猛吃东西。	bié xiàng zhū yī yàng měng chī dōng xī 。	Don't eat like a pig.
1255	餐	她为她的家人准备健康餐。	tā wèi tā de jiā rén zhǔn bèi jiàn kāng cān 。	She prepares wholesome meals for her family.	她为自己煮了好吃的一餐。	tā wèi zì jǐ zhǔ le hǎo chī de yī cān 。	She cooked herself a good meal.	请送两份早餐过来。2号餐加两杯奶茶。	qǐng sòng liǎng fèn zǎo cān guò lái 。 2 hào cān jiā liǎng bēi nǎi chá 。	Bring two breakfasts, please. Number 2 on the menu, and two teas with milk.
1256	岂不	每天都这样岂不是很无聊！	měi tiān dōu zhè yàng qǐ bù shì hěn wú liáo ！	Spending every day like this must be boring!	那岂不是显得有些奇怪吗？	nà qǐ bù shì xiǎn de yǒu xiē qí guài ma ？		那我们两个都是，那岂不是	nà wǒ men liǎng gè dōu shì ， nà qǐ bù shì	
1257	不得了	我开心得不得了。	wǒ kāi xīn dé bù dé le 。	I was over the moon!	一点也不便宜，贵得不得了。	yì diǎn yě bù pián yi ， guì dé bù dé le 。	It's not even a little bit cheap, it's extremely expensive!	我把他叫做「矮子」，他就气得不得了。	wǒ bǎ tā jiào zuò 「 ǎi zi 」 ， tā jiù qì dé bù dé le 。	He got mad at me for calling him Shorty.
1258	不在乎	我不在乎他们说什么。	wǒ bù zài hū tā men shuō shén me 。	I don't care what they say.	我不在乎发生什么事。	wǒ bù zài hū fā shēng shén me shì 。	I don't care what happens.	我们不在乎他做什么。	wǒ men bù zài hū tā zuò shén me 。	We don't care what he does.
1259	不服	你不是说，你什么人都不服吗？	nǐ bú shì shuō ， nǐ shén me rén dōu bù fú ma ？		你居然没有熬夜我不服	nǐ jū rán méi yǒu áo yè wǒ bù fú		可能看我们有点不服他	kě néng kàn wǒ men yǒu diǎn bù fú tā	
1260	命运	我们都有要实现的命运吗？	wǒ men dōu yǒu yào shí xiàn de mìng yùn ma ？	Do we all have a destiny to fulfill?	你才是自己命运的主人。	nǐ cái shì zì jǐ mìng yùn de zhǔ rén 。	You are the master of your own destiny.	每个人都应该做自己命运的主人。	měi gè rén dōu yīng gāi zuò zì jǐ mìng yùn de zhǔ rén 。	Everyone ought to be a master of his own destiny.
1261	后期	给后期么！给后期窝就录	gěi hòu qī me ！ gěi hòu qī wō jiù lù		这场戏是后期才拍的	zhè chǎng xì shì hòu qī cái pāi de		后期， 我想要一些照片	hòu qī ，   wǒ xiǎng yào yī xiē zhào piān	
1262	美人	你是个美人。	nǐ shì gè měi rén 。	You're a beautiful woman.	她是一位真正的美人。	tā shì yī wèi zhēn zhèng de měi rén 。	She is a real beauty.	她长大后一定会是个美人。	tā zhǎng dà hòu yī dìng huì shì gè měi rén 。	She will be a beauty when she grows up.
1263	薄	这个笔记本电脑又薄又轻。	zhè ge bǐ jì běn diàn nǎo yòu báo yòu qīng 。	This laptop is thin and light.	穿那么薄会感冒的。	chuān nà me báo huì gǎn mào de 。	You'll catch cold in such thin clothing.	穿那么薄，小心感冒。	chuān nà me báo ， xiǎo xīn gǎn mào 。	You'll catch cold in such thin clothing.
1264	从未	我以前从未见过这样的事情。	wǒ yǐ qián cóng wèi jiàn guò zhè yàng de shì qíng 。	I've never seen anything like this before.	我以前从未见过这种情况。	wǒ yǐ qián cóng wèi jiàn guò zhè zhǒng qíng kuàng 。	I've never seen anything like this before.	我从未后悔与你结婚。	wǒ cóng wèi hòu huǐ yǔ nǐ jié hūn 。	I've never regretted marrying you.
1265	即将	寒冷天气即将到来。	hán lěng tiān qì jí jiāng dào lái 。	Cold weather is coming.	这即将成为历史。	zhè jí jiāng chéng wéi lì shǐ 。	This is going to become history.	莎米的婚礼即将到来。	shā mǐ de hūn lǐ jí jiāng dào lái 。	Sami was approaching his wedding.
1266	孩纸	你想想自己的体重吧.孩纸	nǐ xiǎng xiǎng zì jǐ de tǐ zhòng ba . hái zhǐ		别哭孩纸哥哥抱抱	bié kū hái zhǐ gē gē bào bào		可怜的孩纸。给钱不？	kě lián de hái zhǐ 。 gěi qián bù ？	
1267	命令	他的医生命令他休息。	tā de yī shēng mìng lìng tā xiū xī 。	His doctor ordered him to rest.	他的话就是命令。	tā de huà jiù shì mìng lìng 。	His word is law.	我们必须执行他的命令。	wǒ men bì xū zhí xíng tā de mìng lìng 。	We must execute his orders.
1268	毛不易	嗯，我觉得毛不易很可爱那种	ń ， wǒ jué de máo bù yì hěn kě ài nà zhǒng		我男朋友是毛不易啊	wǒ nán péng yǒu shì máo bù yì a		毛不易唱过英文歌吗	máo bù yì chàng guò yīng wén gē ma	
1269	能量	热是一种能量。	rè shì yī zhǒng néng liàng 。	Heat is a form of energy.	还要花能量砍掉。	hái yào huā néng liàng kǎn diào 。	It still costs energy to chop it off.	一个成长中的孩子如果没有充足的能量，可能需要药物治疗。	yí gè chéng zhǎng zhōng de hái zi rú guǒ méi yǒu chōng zú de néng liàng ， kě néng xū yào yào wù zhì liáo 。	A growing child who doesn't seem to have much energy perhaps needs medical attention.
1270	狗子	狗子 快呀 承认错呀 说呀	gǒu zi   kuài ya   chéng rèn cuò ya   shuō ya		我24岁还是一只狗子	wǒ 2 4 suì hái shì yī zhǐ gǒu zi		博主狗子比我强	bó zhǔ gǒu zi bǐ wǒ qiáng	
1271	撕	这种人是真的很讨厌了、不好撕啊。	zhè zhǒng rén shì zhēn de hěn tǎo yàn le 、 bù hǎo sī a 。		我出差几天没机会撕	wǒ chū chāi jǐ tiān méi jī huì sī		这封不要撕 干什么？	zhè fēng bú yào sī   gàn shén me ？	
1272	花花	你俩一天就知道花花	nǐ liǎ yī tiān jiù zhī dào huā huā		精彩的一天送你花花	jīng cǎi de yī tiān sòng nǐ huā huā		哈哈，花花是个好妈妈	hā hā ， huā huā shì gè hǎo mā mā	
1273	灰	他会让你吃灰的。	tā huì ràng nǐ chī huī de 。	He will make you eat dirt.	我变灰了。	wǒ biàn huī le 。	I turned grey.	机器蒙上了一层灰。	jī qì méng shàng le yī céng huī 。	The machine was coated with dust.
1274	半个月	已经半个月没看到太阳了	yǐ jīng bàn gè yuè méi kàn dào tài yáng le		我好想也放半个月假啊	wǒ hǎo xiǎng yě fàng bàn gè yuè jiǎ a		要干多久？半个月？一个月？	yào gàn duō jiǔ ？ bàn gè yuè ？ yí gè yuè ？	
1275	回归	他们还怎么让他回归正常的生活？	tā men hái zěn me ràng tā huí guī zhèng cháng de shēng huó ？		在准备考试元旦回归	zài zhǔn bèi kǎo shì yuán dàn huí guī		现在只不过是回归了	xiàn zài zhǐ bù guò shì huí guī le	
1276	言	你觉得留那种言很好笑吗?	nǐ jué de liú nà zhǒng yán hěn hǎo xiào ma ?	Do you think leaving this kind of message is funny?	我给你留了言。	wǒ gěi nǐ liú le yán 。	I left you a message.	行胜于言，但并不是所有情况都是这样。	xíng shèng yú yán ， dàn bìng bú shì suǒ yǒu qíng kuàng dōu shì zhè yàng 。	Action speaks louder than words, but not nearly as often.
1277	台风	我做梦也没想到那儿会有台风。	wǒ zuò mèng yě méi xiǎng dào nà ér huì yǒu tái fēng 。	I never dreamed that there would be a typhoon.	由于台风原因，很多航班被取消了。	yóu yú tái fēng yuán yīn ， hěn duō háng bān bèi qǔ xiāo le 。	Many flights were canceled, owing to the typhoon.	台风正接近日本。	tái fēng zhèng jiē jìn rì běn 。	A typhoon is approaching Japan.
1278	配合	其实我就配合你一下而已	qí shí wǒ jiù pèi hé nǐ yī xià ér yǐ		啊，配合我们国家的这个行动嘛	a ， pèi hé wǒ men guó jiā de zhè ge xíng dòng ma		因为你害羞，我就配合一下你咯	yīn wèi nǐ hài xiū ， wǒ jiù pèi hé yī xià nǐ gē	
1279	到达	我们什么时候到达？	wǒ men shén me shí hòu dào dá ？	When do we arrive?	我们刚到达车站。	wǒ men gāng dào dá chē zhàn 。	We just arrived at the station.	南希从来没有不准时到达。	nán xī cóng lái méi yǒu bù zhǔn shí dào dá 。	Nancy never fails to arrive on time.
1280	美味	他请我吃了顿美味的晚饭。	tā qǐng wǒ chī le dùn měi wèi de wǎn fàn 。	I had a good dinner at his expense.	我所有的蛋糕都很美味!	wǒ suǒ yǒu de dàn gāo dōu hěn měi wèi !	All my cakes are delicious!	我父亲为我做了一顿美味的午餐。	wǒ fù qīn wèi wǒ zuò le yī dùn měi wèi de wǔ cān 。	My father made me a delicious lunch.
1281	素颜	化妆好看我为啥还要素颜	huà zhuāng hǎo kàn wǒ wèi shá hái yào sù yán		全是素颜嘛，她们全是素颜	quán shì sù yán ma ， tā men quán shì sù yán		素颜真好看，比女朋友好看	sù yán zhēn hǎo kàn ， bǐ nǚ péng yǒu hǎo kàn	
1282	男女	男女搭配，干活不累。	nán nǚ dā pèi ， gàn huó bù lèi 。	When man and woman unite, work is no longer as tiring.	为何男女有别呢？	wèi hé nán nǚ yǒu bié ne ？	Why are there differences between males and females?	25 岁至 54 岁的男女生活压力最大。	2 5   suì zhì   5 4   suì de nán nǚ shēng huó yā lì zuì dà 。	Men and women between the ages of 25 and 54 have the most stressful lives.
1283	荣幸	难道你不感到荣幸？	nán dào nǐ bù gǎn dào róng xìng ？	Don't you feel honored?	这是我们的荣幸。	zhè shì wǒ men de róng xìng 。	It's our pleasure.	等待一位漂亮的姑娘是我的荣幸。	děng dài yī wèi piào liàng de gū niáng shì wǒ de róng xìng 。	It is my pleasure to wait for a beautiful lady.
1284	福州	在福州上班还是旅游哇	zài fú zhōu shàng bān hái shì lǚ yóu wa		明天回福州，在厦门等着	míng tiān huí fú zhōu ， zài xià mén děng zhe		你怎么去福州了	nǐ zěn me qù fú zhōu le	
1285	舔	也许你舔了它?	yě xǔ nǐ tiǎn le tā ?	Maybe you licked it?	其他人已经舔干净锅底了。	qí tā rén yǐ jīng tiǎn gān jìng guō dǐ le 。	The others have already licked the bottom of the pot.	生活就像是舔仙人掌上的蜂蜜。	shēng huó jiù xiàng shì tiǎn xiān rén zhǎng shàng de fēng mì 。	Life is like licking honey off a cactus.
1286	粽子	那还有什么，还有个粽子	nà hái yǒu shén me ， hái yǒu gè zòng zi		那为啥要吃粽子呢吃吃别的也行啊	nà wèi shá yào chī zòng zi ne chī chī bié de yě xíng a		你现在脸像粽子了	nǐ xiàn zài liǎn xiàng zòng zi le	
1287	好不容易	哈哈我们好不容易长这么大	hā hā wǒ men hǎo bù róng yì zhǎng zhè me dà		好不容易周末还不晚点睡	hǎo bù róng yì zhōu mò hái bù wǎn diǎn shuì		我好不容易找到了你们的房子。	wǒ hǎo bù róng yì zhǎo dào le nǐ men de fáng zi 。	I found your house with difficulty.
1288	宝	宝，我也准备睡了	bǎo ， wǒ yě zhǔn bèi shuì le		谁有钱谁是宝么？	shuí yǒu qián shuí shì bǎo me ？		玻璃种呢宝，我506呀	bō lí zhǒng ne bǎo ， wǒ 5 0 6 ya	
1289	生快	生快啊大叔多少了？嘿嘿	shēng kuài a dà shū duō shǎo le ？ hēi hēi		我们一起的哎，生快	wǒ men yì qǐ de āi ， shēng kuài		哈哈，生快。我终于16了	hā hā ， shēng kuài 。 wǒ zhōng yú 1 6 le	
1290	特色	你们这儿什么菜最有特色？	nǐ men zhè ér shén me cài zuì yǒu tè sè ？	What's your most special dish?	这里的特色菜是什么？	zhè lǐ de tè sè cài shì shén me ？	What is the specialty food here?	所谓的＂男性特色教育学＂根本就不存在。	suǒ wèi de ＂ nán xìng tè sè jiào yù xué ＂ gēn běn jiù bù cún zài 。	"""There is no """"masculine"""" way of learning."""
1291	猪肉	我叫你买牛肉，没叫你买猪肉。	wǒ jiào nǐ mǎi niú ròu ， méi jiào nǐ mǎi zhū ròu 。	I asked you to buy beef, not pork.	他们说他们不吃猪肉。	tā men shuō tā men bù chī zhū ròu 。	They said that they don't eat pork.	这周你吃过猪肉吗？	zhè zhōu nǐ chī guò zhū ròu ma ？	Have you eaten pork this week?
1292	蛇	他很讨厌蛇。	tā hěn tǎo yàn shé 。	He has an abhorrence of snakes.	他害怕蛇。	tā hài pà shé 。	He is afraid of snakes.	他怕蛇。	tā pà shé 。	He is afraid of snakes.
1293	恐惧	你知道恐惧的价值吗?	nǐ zhī dào kǒng jù de jià zhí ma ?	Do you know the value of fear?	我不会表现出恐惧。	wǒ bú huì biǎo xiàn chū kǒng jù 。	I'm not going to show any fear.	恐惧会控制一切。	kǒng jù huì kòng zhì yī qiè 。	Fear controls everything.
1294	机	有一天我买了一台棉花糖机。	yǒu yī tiān wǒ mǎi le yī tái mián huā táng jī 。	Someday I will buy a cotton candy machine.	想象一下，假如你有一台时光机。	xiǎng xiàng yī xià ， jiǎ rú nǐ yǒu yī tái shí guāng jī 。	Imagine that you have a time machine.	她再次弄坏了烤面包机。	tā zài cì nòng huài le kǎo miàn bāo jī 。	She has broken the toaster again.
1295	好吧	好吧，我反正就是个包子哈哈	hǎo ba ， wǒ fǎn zhèng jiù shì gè bāo zi hā hā		我也许会在那里见到你, 好吧.	wǒ yě xǔ huì zài nà lǐ jiàn dào nǐ ,   hǎo ba .		好吧，我还要告诉你一些别的事情.	hǎo ba ， wǒ hái yào gào sù nǐ yī xiē bié de shì qíng .	
1296	水印	难道不是打印出来做水印吗？	nán dào bú shì dǎ yìn chū lái zuò shuǐ yìn ma ？		哦，上帝啊 它还带了水印	ó ， shàng dì a   tā hái dài le shuǐ yìn		那上面没有时间水印	nà shàng miàn méi yǒu shí jiān shuǐ yìn	
1297	保佑	上帝保佑你们！	shàng dì bǎo yòu nǐ men ！	God bless you!	上帝保佑美国。	shàng dì bǎo yòu měi guó 。	God bless America.	上帝保佑你！	shàng dì bǎo yòu nǐ ！	Bless you!
1298	平台	瓶子大大平常在那个平台直播？	píng zi dà dà píng cháng zài nà ge píng tái zhí bō ？		看见你照相了 在平台上。	kàn jiàn nǐ zhào xiàng le   zài píng tái shàng 。		需要多久回到平台？	xū yào duō jiǔ huí dào píng tái ？	
1299	可不可以	我问他我可不可以看他的书。	wǒ wèn tā wǒ kě bù kě yǐ kàn tā de shū 。	I asked him if I could read his book.	可不可以和你说几句？	kě bù kě yǐ hé nǐ shuō jǐ jù ？	Can I have a few words with you?	我可不可以早上洗澡？	wǒ kě bù kě yǐ zǎo shàng xǐ zǎo ？	May I take a shower in the morning?
1300	昆明	从昆明到这里火车还是飞机？	cóng kūn míng dào zhè lǐ huǒ chē hái shì fēi jī ？		哥，为什么你不再昆明啊？！	gē ， wèi shén me nǐ bù zài kūn míng a ？ ！		昆明玩了就回去了吗	kūn míng wán le jiù huí qù le ma	
1301	数据	这个数据一点也不准确。	zhè ge shù jù yì diǎn yě bù zhǔn què 。	This data isn't accurate at all.	但是所有这些数据都没有得到确认。	dàn shì suǒ yǒu zhè xiē shù jù dōu méi yǒu dé dào què rèn 。	However, all these data were not confirmed.	航空专家详细分析了统计数据。	háng kōng zhuān jiā xiáng xì fēn xī le tǒng jì shù jù 。	The aviation expert analyzed the statistics in detail.
1302	仿佛	那一瞬间，仿佛一切都停止了。	nà yī shùn jiān ， fǎng fú yī qiè dōu tíng zhǐ le 。	In just a moment, it seemed like everything stopped.	那一刻，时间仿佛静止了。	nà yī kè ， shí jiān fǎng fú jìng zhǐ le 。	At that moment, time seemed to stand still.	他安静地读著书，仿佛什么事都没发生过。	tā ān jìng dì dú zhù shū ， fǎng fú shén me shì dōu méi fā shēng guò 。	He read a book quietly, as though nothing had happened.
1303	承受	我不能再承受这种痛苦。	wǒ bù néng zài chéng shòu zhè zhǒng tòng kǔ 。	I can't stand this pain any more.	这冰太薄不能承受你的重量。	zhè bīng tài báo bù néng chéng shòu nǐ de zhòng liàng 。	The ice is too thin to bear your weight.	这个梯子是否足够坚固以承受我的重量？	zhè ge tī zi shì fǒu zú gòu jiān gù yǐ chéng shòu wǒ de zhòng liàng ？	Is this ladder strong enough to bear my weight?
1304	纹	能问一下纹这个需要多久？	néng wèn yī xià wén zhè ge xū yào duō jiǔ ？		休息三天纹眼睛准备	xiū xī sān tiān wén yǎn jīng zhǔn bèi		但你其他的纹很好	dàn nǐ qí tā de wén hěn hǎo	
1305	玉米	这玉米很新鲜。	zhè yù mǐ hěn xīn xiān 。	This corn is fresh.	我喜欢玉米。	wǒ xǐ huān yù mǐ 。	I like corn.	我们早餐有燕麦和玉米。	wǒ men zǎo cān yǒu yàn mài hé yù mǐ 。	Our breakfast has oats and corn in it.
1306	喵	喵(现在)，有什么他妈的好笑？	miāo ( xiàn zài ) ， yǒu shén me tā mā de hǎo xiào ？		喵(现在)，不好笑了吧？	miāo ( xiàn zài ) ， bù hǎo xiào le ba ？		喵(现在)开始吗？	miāo ( xiàn zài ) kāi shǐ ma ？	
1307	单独	我想和你单独谈谈。	wǒ xiǎng hé nǐ dān dú tán tán 。	I would prefer to speak to you in private.	我想让他单独去做。	wǒ xiǎng ràng tā dān dú qù zuò 。	I want him to do it alone.	她单独一人在公寓里住。	tā dān dú yī rén zài gōng yù lǐ zhù 。	She lives in an apartment alone.
1308	拿去	好吧，拿去吧。	hǎo ba ， ná qù ba 。	Well, take it.	请你把这份报告拿去影印。	qǐng nǐ bǎ zhè fèn bào gào ná qù yǐng yìn 。	Make a copy of this report.	我必须把我的电脑拿去给人家修理。	wǒ bì xū bǎ wǒ de diàn nǎo ná qù gěi rén jiā xiū lǐ 。	I have to get my computer repaired.
1309	橘子	你最喜欢苹果、橘子还是葡萄？	nǐ zuì xǐ huān píng guǒ 、 jú zi hái shì pú táo ？	Which do you like best, apples, oranges or grapes?	喂，这橘子多少钱买一斤啊？	wèi ， zhè jú zi duō shǎo qián mǎi yī jīn a ？	Hey, how much does one pound of these oranges cost?	我吃掉了我所有的橘子。	wǒ chī diào le wǒ suǒ yǒu de jú zi 。	I ate all my oranges.
1310	斗	我看到你昨天晚上还斗狠呢	wǒ kàn dào nǐ zuó tiān wǎn shàng hái dòu hěn ne		我担心我们斗不过他们的.	wǒ dān xīn wǒ men dòu bù guò tā men de .		那要经常吹，有点麻烦斗是	nà yào jīng cháng chuī ， yǒu diǎn má fán dòu shì	
1311	正经	没错！这是很正经的事！	méi cuò ！ zhè shì hěn zhèng jīng de shì ！	No worries! This is good enough!	它们主要的看法其中也有“没有西装革履也可以很正经”。	tā men zhǔ yào de kàn fǎ qí zhōng yě yǒu “ méi yǒu xī zhuāng gé lǚ yě kě yǐ hěn zhèng jīng ” 。	They also have ‘You can be serious without a suit’ as one of their key beliefs.	对事情比较正经严肃。	duì shì qíng bǐ jiào zhèng jīng yán sù 。	Take things a little more seriously.
1312	舞	她会唱歌而且舞跳得很美。	tā huì chàng gē ér qiě wǔ tiào dé hěn měi 。	She can sing and dance beautifully.	我可以和你跳一支舞吗？	wǒ kě yǐ hé nǐ tiào yī zhī wǔ ma ？	Can I have a dance with you?	我们一起跳了舞。	wǒ men yì qǐ tiào le wǔ 。	We danced together.
1313	怂	怂了怂了，以后少说话	sǒng le sǒng le ， yǐ hòu shǎo shuō huà		现在怂的男的这么多？	xiàn zài sǒng de nán de zhè me duō ？		不我很怂的	bù wǒ hěn sǒng de	
1314	发誓	我发誓我不会做这种事。	wǒ fā shì wǒ bú huì zuò zhè zhǒng shì 。	I swear I will never do such a thing.	我对自己发誓今后不会再那么做。	wǒ duì zì jǐ fā shì jīn hòu bú huì zài nà me zuò 。	I promised myself that I would never do that again.	我发誓再也不跟她说话了。	wǒ fā shì zài yě bù gēn tā shuō huà le 。	I vowed that I would never speak to her again.
1315	一旦	一旦过了河, 你就安全了。	yí dàn guò le hé ,   nǐ jiù ān quán le 。	Once across the river, you are safe.	她一旦开始说话，就很难让她停下来。	tā yí dàn kāi shǐ shuō huà ， jiù hěn nán ràng tā tíng xià lái 。	Once she starts talking, she is hard to stop.	你一旦不做个乖孩子，圣诞老人就不会来噢。	nǐ yí dàn bù zuò gè guāi hái zi ， shèng dàn lǎo rén jiù bú huì lái ō 。	If you don't behave, Santa won't come.
1316	脑	把悲伤抛到脑后吧。	bǎ bēi shāng pāo dào nǎo hòu ba 。	Forget your sorrows.	这个想法已经在他脑中存在了好久。	zhè ge xiǎng fǎ yǐ jīng zài tā nǎo zhōng cún zài le hǎo jiǔ 。	This idea has been in his mind for a long time now.	我的脑一片空白。	wǒ de nǎo yī piàn kòng bái 。	My mind was blank.
1317	某些	我们有某些地方和他们不同。	wǒ men yǒu mǒu xiē dì fāng hé tā men bù tóng 。	We differ from them in some respects.	由于某些原因，她看起来很忧伤。	yóu yú mǒu xiē yuán yīn ， tā kàn qǐ lái hěn yōu shāng 。	She looks blue for some reason.	日本在某些领域赶上了美国。	rì běn zài mǒu xiē lǐng yù gǎn shàng le měi guó 。	Japan has caught up with America in some fields.
1318	朝	她一直在朝我们翻白眼。	tā yì zhí zài cháo wǒ men fān bái yǎn 。	She keeps on rolling her eyes towards our direction.	他朝狗扔了一块肉。	tā cháo gǒu rēng le yī kuài ròu 。	He threw a piece of meat to a dog.	那个朝我们跑过来的男孩是谁？	nà ge cháo wǒ men pǎo guò lái de nán hái shì shuí ？	Who is that boy running toward us?
1319	精	又出去玩！你们麻将带精不？	yòu chū qù wán ！ nǐ men má jiāng dài jīng bù ？		是啊我也觉得别精着呢	shì a wǒ yě jué de bié jīng zhe ne		你挺精，你挺你挺骄傲	nǐ tǐng jīng ， nǐ tǐng nǐ tǐng jiāo ào	
1320	莫名	这在最后得到了莫名的解释。	zhè zài zuì hòu dé dào le mò míng de jiě shì 。	That is somewhat explained at the end.	你让我痛苦莫名，我原谅你	nǐ ràng wǒ tòng kǔ mò míng ， wǒ yuán liàng nǐ		妳让我痛苦莫名 我原谅妳	nǐ ràng wǒ tòng kǔ mò míng   wǒ yuán liàng nǐ	
1321	选手	他是个很棒的网球选手。	tā shì gè hěn bàng de wǎng qiú xuǎn shǒu 。	He's an excellent tennis player.	我们认为他是队里最厉害的选手。	wǒ men rèn wéi tā shì duì lǐ zuì lì hài de xuǎn shǒu 。	We regard him as the best player on the team.	他弟弟是个有名的足球选手。	tā dì dì shì gè yǒu míng de zú qiú xuǎn shǒu 。	His brother is a famous soccer player.
1322	敌人	她们不是敌人，而是朋友。	tā men bú shì dí rén ， ér shì péng yǒu 。	They are not enemies, but friends.	她一个敌人也没有。	tā yí gè dí rén yě méi yǒu 。	She doesn't have any enemies.	我们无法接近敌人。	wǒ men wú fǎ jiē jìn dí rén 。	We can't get close to the enemy.
1323	老天	我最好求求老天保佑	wǒ zuì hǎo qiú qiú lǎo tiān bǎo yòu		老天都要你好好休息	lǎo tiān dōu yào nǐ hǎo hǎo xiū xī		不会的，老天是公平的	bú huì de ， lǎo tiān shì gōng píng de	
1324	哇哦	哇哦，我竟然才知道哈哈	wa ó ， wǒ jìng rán cái zhī dào hā hā		哇哦，你们那边好晚阿	wa ó ， nǐ men nà biān hǎo wǎn ā		哇哦静静的满分是我积极的动力啊	wa ó jìng jìng de mǎn fēn shì wǒ jī jí de dòng lì a	
1325	猫咪	你认为什么东西比猫咪更可爱？	nǐ rèn wéi shén me dōng xī bǐ māo mī gèng kě ài ？	What do you think is cuter than a cat?	猫咪被洗后很生气，看到我就跑。	māo mī bèi xǐ hòu hěn shēng qì ， kàn dào wǒ jiù pǎo 。	The cat was very angry after having been washed. As soon as it saw me it ran.	我想要两只猫咪。	wǒ xiǎng yào liǎng zhǐ māo mī 。	I want two cats.
1326	还行	对不起好吧我讲得还行吧？	duì bù qǐ hǎo ba wǒ jiǎng dé hái xíng ba ？		然后baby当时我觉得演的也还行吧	rán hòu b a b y dāng shí wǒ jué de yǎn de yě hái xíng ba		还行吧。就是木有吃粽子	hái xíng ba 。 jiù shì mù yǒu chī zòng zi	
1327	勉强	她勉强能自己煮晚餐吃。	tā miǎn qiǎng néng zì jǐ zhǔ wǎn cān chī 。	She was able to cook herself dinner, after a fashion.	他勉强地通过了考试。	tā miǎn qiǎng dì tōng guò le kǎo shì 。	He barely passed the examination.	他勉强同意了我的建议。	tā miǎn qiǎng tóng yì le wǒ de jiàn yì 。	He reluctantly agreed to my proposal.
1328	杀死	瘦的男人杀死了胖的男人。	shòu de nán rén shā sǐ le pàng de nán rén 。	The thin man killed the fat man.	上帝死了。我们杀死了他。	shàng dì sǐ le 。 wǒ men shā sǐ le tā 。	God died. We killed Him.	它也会杀死庄稼。	tā yě huì shā sǐ zhuāng jià 。	It can also kill crops.
1329	安心	让我安心工作。	ràng wǒ ān xīn gōng zuò 。	Let me work in peace.	你开着电视怎么能安心学习呢？	nǐ kāi zhe diàn shì zěn me néng ān xīn xué xí ne ？	With the T.V. on, how can you keep your mind on your studies?	我十分安心，因为我知道你会保守秘密。	wǒ shí fēn ān xīn ， yīn wèi wǒ zhī dào nǐ huì bǎo shǒu mì mì 。	My mind is at ease believing you'll keep the secret.
1330	劝	她劝我别相信她的话。	tā quàn wǒ bié xiāng xìn tā de huà 。	He advised me not to believe what she says.	我劝你告诉他实话。	wǒ quàn nǐ gào sù tā shí huà 。	I urge you to tell him the truth.	我们试着劝了他。	wǒ men shì zhe quàn le tā 。	We tried to persuade him.
1331	第二次	每个人都有第二次机会	měi gè rén dōu yǒu dì èr cì jī huì	Everybody gets a second chance.	医生们拒绝做第二次手术。	yī shēng men jù jué zuò dì èr cì shǒu shù 。	Doctors refused to perform a second operation.	每个人都值得被给予第二次机会。	měi gè rén dōu zhí de bèi jǐ yǔ dì èr cì jī huì 。	Everyone deserves a second chance.
1332	扶	都醉了扶他们去睡觉吧还是	dōu zuì le fú tā men qù shuì jiào ba hái shì		扶我起来，我可以走路	fú wǒ qǐ lái ， wǒ kě yǐ zǒu lù		国家有没有扶华为	guó jiā yǒu méi yǒu fú huá wèi	
1333	收获	收获稻子时举办节日。	shōu huò dào zi shí jǔ bàn jié rì 。	A festival is held at the rice harvest.	没有挑战就没有收获。	méi yǒu tiǎo zhàn jiù méi yǒu shōu huò 。	Nothing ventured, nothing gained.	春天播种秋天收获。	chūn tiān bō zhǒng qiū tiān shōu huò 。	Spring sows, autumn reaps.
1334	基友	基友都不懂，你更不会懂了。	jī yǒu dōu bù dǒng ， nǐ gèng bú huì dǒng le 。		半夜还不睡，想基友哟？	bàn yè hái bù shuì ， xiǎng jī yǒu yō ？		不仅基友，还是真爱	bù jǐn jī yǒu ， hái shì zhēn ài	
1335	巨大	面对巨大的困难，他成功了。	miàn duì jù dà de kùn nán ， tā chéng gōng le 。	He succeeded in the face of great difficulties.	她在她的事业上取得了巨大成功。	tā zài tā de shì yè shàng qǔ dé le jù dà chéng gōng 。	She achieved great success in her business.	中国是个巨大的国家。	zhōng guó shì gè jù dà de guó jiā 。	China is a huge country.
1336	权利	我以为他没有任何权利这么做。	wǒ yǐ wéi tā méi yǒu rèn hé quán lì zhè me zuò 。	He had, I thought, no right to do that.	我们知道我们的权利。	wǒ men zhī dào wǒ men de quán lì 。	We know our rights.	保留一切权利。	bǎo liú yī qiè quán lì 。	All rights reserved.
1337	催	蟋蟀的叫声与蛙鸣催我入眠。	xī shuài de jiào shēng yǔ wā míng cuī wǒ rù mián 。	The sound of crickets chirping and frogs croaking lulls me to sleep.	溪流潺潺，催我入眠。	xī liú chán chán ， cuī wǒ rù mián 。	The murmur of the brook lulls me to sleep.	慧如那个简报档还没传喔？客户在催。	huì rú nà ge jiǎn bào dàng hái méi chuán ō ？ kè hù zài cuī 。	Hasn't Huiru sent the slides yet? The client's pushing.
1338	强烈	这是个作用强烈的药。	zhè shì gè zuò yòng qiáng liè de yào 。	This medicine has a strong effect.	那个感情非常强烈。	nà ge gǎn qíng fēi cháng qiáng liè 。	The feeling was really strong.	我没有强烈的欲望去学习。	wǒ méi yǒu qiáng liè de yù wàng qù xué xí 。	I don't feel like studying.
1339	热搜	宣传旅游景点都变成买热搜？	xuān chuán lǚ yóu jǐng diǎn dōu biàn chéng mǎi rè sōu ？		其实我是想蹭今天的热搜	qí shí wǒ shì xiǎng cèng jīn tiān de rè sōu		我会上热搜吗	wǒ huì shàng rè sōu ma	
1340	装修	他把屋子重新装修了。	tā bǎ wū zi chóng xīn zhuāng xiū le 。	He made over the interior of his house.	房子需要装修一下了。	fáng zi xū yào zhuāng xiū yī xià le 。	The house requires repairs.	装修还不错。	zhuāng xiū hái bù cuò 。	The decorating isn't bad.
1341	膝盖	我的膝盖疼。	wǒ de xī gài téng 。	My knee aches.	只跑了一点点，膝盖就开始发抖。	zhǐ pǎo le yì diǎn diǎn ， xī gài jiù kāi shǐ fā dǒu 。	All I did was run a little and now my knees are wobbly.	玛丽处理了膝盖的伤口。	mǎ lì chǔ lǐ le xī gài de shāng kǒu 。	Mary treated her wounded knee.
1342	怼	还有好多男明星怼他呀	hái yǒu hǎo duō nán míng xīng duì tā ya		在这个事情上，难道不能这么怼吗？	zài zhè ge shì qíng shàng ， nán dào bù néng zhè me duì ma ？		是不是，你继续怼我	shì bú shì ， nǐ jì xù duì wǒ	
1343	歪	。火。你好歪~我简直不敢惹你，呵呵	。 huǒ 。 nǐ hǎo wāi ~ wǒ jiǎn zhí bù gǎn rě nǐ ， hē hē		没关系，我将来造一座向两边歪的	méi guān xì ， wǒ jiāng lái zào yī zuò xiàng liǎng biān wāi de		他本来就很鸡歪	tā běn lái jiù hěn jī wāi	
1344	快快	快快养大情人节送男朋友	kuài kuài yǎng dà qíng rén jié sòng nán péng yǒu		快快睡觉噢今天开始会有好运！	kuài kuài shuì jiào ō jīn tiān kāi shǐ huì yǒu hǎo yùn ！		记得吃药，感冒快快好	jì de chī yào ， gǎn mào kuài kuài hǎo	
1345	截图	这个截图是我最喜欢的，哈哈	zhè ge jié tú shì wǒ zuì xǐ huān de ， hā hā		是可以啊我不是截图了噢	shì kě yǐ a wǒ bú shì jié tú le ō		都是从你手机视频截图的	dōu shì cóng nǐ shǒu jī shì pín jié tú de	
1346	割	起来一次又会再可以割一次	qǐ lái yī cì yòu huì zài kě yǐ gē yī cì		是割了双眼皮～没动过其他	shì gē le shuāng yǎn pí ～ méi dòng guò qí tā		如果禁止他们割脑袋 他们就会离开	rú guǒ jìn zhǐ tā men gē nǎo dài   tā men jiù huì lí kāi	
1347	口罩	在广州，戴口罩是因为生病了	zài guǎng zhōu ， dài kǒu zhào shì yīn wèi shēng bìng le		你感冒没好之前得戴口罩	nǐ gǎn mào méi hǎo zhī qián dé dài kǒu zhào		出门带好口罩啊小可爱	chū mén dài hǎo kǒu zhào a xiǎo kě ài	
1348	婆婆	她和她婆婆实在很像。	tā hé tā pó po shí zài hěn xiàng 。	She strongly resembles her grandmother.	我和婆婆相处得十分融洽。	wǒ hé pó po xiāng chǔ dé shí fēn róng qià 。	I'm getting along with my mother-in-law very well.	婆婆和媳妇就像是暴风雨和冰雹。	pó po hé xí fù jiù xiàng shì bào fēng yǔ hé bīng báo 。	Mother-in-law and daughter-in-law are a tempest and hailstorm.
1349	围观	那到那儿都是以围观那种她呀	nà dào nà ér dōu shì yǐ wéi guān nà zhǒng tā ya		你们，多谢围观	nǐ men ， duō xiè wéi guān		现在围观，晚吗	xiàn zài wéi guān ， wǎn ma	
1350	邪恶	战争是绝对的邪恶。	zhàn zhēng shì jué duì de xié è 。	War is an absolute evil.	没有什么能阻碍我邪恶的计划。	méi yǒu shén me néng zǔ ài wǒ xié è de jì huà 。	Nothing will hinder my malicious plan.	她是很邪恶的女巫。	tā shì hěn xié è de nǚ wū 。	She's an evil witch.
1351	汤圆	我以为南方人都是吃汤圆的	wǒ yǐ wéi nán fāng rén dōu shì chī tāng yuán de		其实，我也可以弄点汤圆来卖	qí shí ， wǒ yě kě yǐ nòng diǎn tāng yuán lái mài		给大家做了汤圆 每个人都有	gěi dà jiā zuò le tāng yuán   měi gè rén dōu yǒu	
1352	避免	我宁愿避免这种事。	wǒ nìng yuàn bì miǎn zhè zhǒng shì 。	I'd rather avoid it.	事故无法避免。	shì gù wú fǎ bì miǎn 。	Accidents are inevitable.	那是可避免的。	nà shì kě bì miǎn de 。	That's avoidable.
1353	戒	我一年前戒了烟。	wǒ yī nián qián jiè le yān 。	I gave up smoking a year ago.	为健康戒了烟。	wèi jiàn kāng jiè le yān 。	I gave up smoking for the sake of my health.	他把烟戒了。	tā bǎ yān jiè le 。	He gave up cigarettes.
1354	滚	孩子从山上滚了下来。	hái zi cóng shān shàng gǔn le xià lái 。	The children rolled down the hill.	给我滚出去！	gěi wǒ gǔn chū qù ！	Get out of here!	滚出去！	gǔn chū qù ！	Get out!
1355	尸体	每个人都可能变成尸体。	měi gè rén dōu kě néng biàn chéng shī tǐ 。	Every man is a potential corpse.	这就是发现尸体的房间。	zhè jiù shì fā xiàn shī tǐ de fáng jiān 。	This is the room where the body was found.	那个男人的尸体至今仍未被找到。	nà ge nán rén de shī tǐ zhì jīn réng wèi bèi zhǎo dào 。	The body of that man still hasn't been found.
1356	君	君不见 可能不是你让他们倒下。	jūn bú jiàn   kě néng bú shì nǐ ràng tā men dǎo xià 。		君のことなんて好きにならなきゃよかった循环很多遍，这个	jūn の こ と な ん て hǎo き に な ら な き ゃ よ か っ た xún huán hěn duō biàn ， zhè ge		什么君呀？	shén me jūn ya ？	
1357	电子	我父亲是个电子工程师。	wǒ fù qīn shì gè diàn zi gōng chéng shī 。	My father is an electric engineer.	我宁愿逃学也要玩电子游戏。	wǒ nìng yuàn táo xué yě yào wán diàn zi yóu xì 。	I'd rather skip school and play video games.	鲨鱼对电子信号和噪音很敏感。	shā yú duì diàn zi xìn hào hé zào yīn hěn mǐn gǎn 。	Sharks are sensitive to electrical impulses as well as sound.
1358	逻辑	我无法理解他的逻辑。	wǒ wú fǎ lǐ jiě tā de luó jí 。	I can't follow his logic.	你不懂基本逻辑吗？	nǐ bù dǒng jī běn luó jí ma ？	Do you not understand basic logic?	那符合逻辑。	nà fú hé luó jí 。	That's logical.
1359	上火	对自己的就是老是会上火	duì zì jǐ de jiù shì lǎo shì huì shàng huǒ		我喜欢kebersamanmu的 谁喜欢上火。	wǒ xǐ huān k e b e r s a m a n m u de   shuí xǐ huān shàng huǒ 。		和他说话我就上火	hé tā shuō huà wǒ jiù shàng huǒ	
1360	客户	我想要确定手机能有优秀的客户服务。	wǒ xiǎng yào què dìng shǒu jī néng yǒu yōu xiù de kè hù fú wù 。	I want to ensure my phone has good customer support.	投资者把他客户的资金窃取了.	tóu zī zhě bǎ tā kè hù de zī jīn qiè qǔ le .	The investor stole the capital of his client.	慧如那个简报档还没传喔？客户在催。	huì rú nà ge jiǎn bào dàng hái méi chuán ō ？ kè hù zài cuī 。	Hasn't Huiru sent the slides yet? The client's pushing.
1361	野	我不是野男人	wǒ bú shì yě nán rén		还可以去偷野	hái kě yǐ qù tōu yě		用它打野嘛，这个地选的最多	yòng tā dǎ yě ma ， zhè ge dì xuǎn de zuì duō	
1362	守	我们不能一直把它当秘密守著。	wǒ men bù néng yì zhí bǎ tā dāng mì mì shǒu zhù 。	We can't keep this a secret forever.	她守著这个秘密。	tā shǒu zhù zhè ge mì mì 。	She kept the secret to herself.	你去朋友家玩要守规矩，要听话。	nǐ qù péng yǒu jiā wán yào shǒu guī jǔ ， yào tīng huà 。	When you go to play at a friend's house, you need to be well behaved and obedient.
1363	攻略	嗯，旅游攻略很重要啊	ń ， lǚ yóu gōng lüè hěn zhòng yào a		好想去哈尔滨，求攻略	hǎo xiǎng qù hā ěr bīn ， qiú gōng lüè		攻略看起来，哈哈	gōng lüè kàn qǐ lái ， hā hā	
1364	曹操	你知道他为什么没打过曹操吗	nǐ zhī dào tā wèi shén me méi dǎ guò cáo cāo ma		那肯定是曹操啊啊，他那么聪明	nà kěn dìng shì cáo cāo a a ， tā nà me cōng míng		曹操的世界，你了解多少	cáo cāo de shì jiè ， nǐ liǎo jiě duō shǎo	
1365	洗洗	替我洗洗脏衣服，可不可以?	tì wǒ xǐ xǐ zàng yī fú ， kě bù kě yǐ ?		你把那个头洗洗行不行	nǐ bǎ nà ge tóu xǐ xǐ xíng bù xíng		一我要跟你谈谈 一你不用洗洗吗？	yī wǒ yào gēn nǐ tán tán   yī nǐ bù yòng xǐ xǐ ma ？	
1366	串	你帮我打了串钥匙？	nǐ bāng wǒ dǎ le chuàn yào shi ？		我有酒，没故事咱直接撸串吧	wǒ yǒu jiǔ ， méi gù shì zán zhí jiē lū chuàn ba		哈哈你别吃了我要吃串了	hā hā nǐ bié chī le wǒ yào chī chuàn le	
1367	哩	梦见我弄啥哩太想我了	mèng jiàn wǒ nòng shá lī tài xiǎng wǒ le		没有啊。明天有考试哩	méi yǒu a 。 míng tiān yǒu kǎo shì lī		可以哈哈真哩	kě yǐ hā hā zhēn lī	
1368	遇	他救了那个遇溺的男孩，但却犠牲了自己的生命。	tā jiù le nà ge yù nì de nán hái ， dàn què xī shēng le zì jǐ de shēng mìng 。	He saved the boy from drowning, but only at the cost of his own life.	他们从来没有遇过这样的问题，所以不知道怎样处理才好。	tā men cóng lái méi yǒu yù guò zhè yàng de wèn tí ， suǒ yǐ bù zhī dào zěn yàng chǔ lǐ cái hǎo 。	Not having dealt with such a problem, they don't know what to do.	他奋不顾身地把遇溺的男孩救了起来。	tā fèn bù gù shēn dì bǎ yù nì de nán hái jiù le qǐ lái 。	He saved the drowning boy at the risk of his own life.
1369	现象	这是我以前从未见过的现象。	zhè shì wǒ yǐ qián cóng wèi jiàn guò de xiàn xiàng 。	It's a phenomenon I've never seen before.	彩虹是一种自然现象。	cǎi hóng shì yī zhǒng zì rán xiàn xiàng 。	A rainbow is a natural phenomenon.	酸雨不是自然现象。	suān yǔ bú shì zì rán xiàn xiàng 。	Acid rain is not a natural phenomenon.
1370	奥	不好意思没有拍照奥	bù hǎo yì sī méi yǒu pāi zhào ào		拍的不错奥，滤镜好看	pāi de bù cuò ào ， lǜ jìng hǎo kàn		真是他开的奥？没去过	zhēn shì tā kāi de ào ？ méi qù guò	
1371	参与	欢迎参与我们的活动。	huān yíng cān yù wǒ men de huó dòng 。	Welcome to our event.	我没有参与对话。	wǒ méi yǒu cān yù duì huà 。	I didn't take part in the conversation.	我们正参与。	wǒ men zhèng cān yù 。	We're involved.
1372	装备	你们放下装备好好的休息	nǐ men fàng xià zhuāng bèi hǎo hǎo de xiū xī		用两分钟的时间戴上你们的全部装备！	yòng liǎng fēn zhōng de shí jiān dài shàng nǐ men de quán bù zhuāng bèi ！		先准备好装备吧	xiān zhǔn bèi hǎo zhuāng bèi ba	
1373	吃醋	我不在乎是不是让他吃醋了	wǒ bù zài hū shì bú shì ràng tā chī cù le		不要吃醋吧，很正经在问你啊	bú yào chī cù ba ， hěn zhèng jīng zài wèn nǐ a		对，他可能就想让我吃醋吧他。	duì ， tā kě néng jiù xiǎng ràng wǒ chī cù ba tā 。	
1374	钻石	这可能不是真的钻石。	zhè kě néng bú shì zhēn de zuàn shí 。	This may not be a real diamond.	那不是一颗真正的钻石，对吗？	nà bú shì yī kē zhēn zhèng de zuàn shí ， duì ma ？	That's not a real diamond, is it?	这可能不是一颗真的钻石。	zhè kě néng bú shì yī kē zhēn de zuàn shí 。	This may not be a real diamond.
1375	洋气	你还给别人培训？这么洋气	nǐ huán gěi bié rén péi xùn ？ zhè me yáng qì		还蛮洋气的嘛，不过水应该好低	hái mán yáng qì de ma ， bù guò shuǐ yīng gāi hǎo dī		你长得越来越洋气了	nǐ zhǎng dé yuè lái yuè yáng qì le	
1376	文	但是其实选了文呢我还是觉得	dàn shì qí shí xuǎn le wén ne wǒ hái shì jué de		这个文，就是属于	zhè ge wén ， jiù shì shǔ yú		没看过她的文	méi kàn guò tā de wén	
1377	党	- 这个党的唯一的邀请。	-   zhè ge dǎng de wéi yī de yāo qǐng 。		哎，你们中的任何女性 想党还是什么	āi ， nǐ men zhōng de rèn hé nǚ xìng   xiǎng dǎng hái shì shén me		下你党下莫伤心死。	xià nǐ dǎng xià mò shāng xīn sǐ 。	
1378	测试	Tom看上去对英语测试的结果很担心。	T o m kàn shàng qù duì yīng yǔ cè shì de jié guǒ hěn dān xīn 。	Tom looked worried about the result of an English test.	我觉得这个测试很难。	wǒ jué de zhè ge cè shì hěn nán 。	I found the test difficult.	我们应该进行测试。	wǒ men yīng gāi jìn xíng cè shì 。	We should run some tests.
1379	埋	汤姆在周一被埋了。	tāng mǔ zài zhōu yī bèi mái le 。	Tom was buried Monday.	只能把这些深深地埋在心里。	zhǐ néng bǎ zhè xiē shēn shēn dì mái zài xīn lǐ 。	You can only bury these deeply in your heart.	他们被埋在一座大坟墓里。	tā men bèi mái zài yī zuò dà fén mù lǐ 。	They were buried in a mass grave.
1380	不至于	能抓住重点又不至于吓到你	néng zhuā zhù zhòng diǎn yòu bù zhì yú xià dào nǐ		不过还不至于完全绝望	bù guò hái bù zhì yú wán quán jué wàng		应该不至于这么惨啦	yīng gāi bù zhì yú zhè me cǎn la	
1381	馋	嗯吃货天天让你馋的哩	ń chī huò tiān tiān ràng nǐ chán de lī		喜欢 喜欢 别馋我了	xǐ huān   xǐ huān   bié chán wǒ le		看见酒我馋了	kàn jiàn jiǔ wǒ chán le	
1382	真人	"""真人表演""是我全部的生活"	""" zhēn rén biǎo yǎn "" shì wǒ quán bù de shēng huó"		最近见过她真人啊真有这么白	zuì jìn jiàn guò tā zhēn rén a zhēn yǒu zhè me bái		ps技术不错啊，表示要看真人。	p s jì shù bù cuò a ， biǎo shì yào kàn zhēn rén 。	
1383	嫂子	好复杂.你嫂子估计没时间弄	hǎo fù zá . nǐ sǎo zi gū jì méi shí jiān nòng		啧啧难道那个是我嫂子。	zé zé nán dào nà ge shì wǒ sǎo zi 。		嫂子，请你把牌还给我	sǎo zi ， qǐng nǐ bǎ pái huán gěi wǒ	
1384	无关	这个事故与我完全无关。	zhè ge shì gù yǔ wǒ wán quán wú guān 。	This accident has nothing to do with me.	此事与我无关。	cǐ shì yǔ wǒ wú guān 。	This has nothing to do with me.	这与你无关。	zhè yǔ nǐ wú guān 。	This has nothing to do with you.
1385	济南	济南今天天气一点都不好	jǐ nán jīn tiān tiān qì yì diǎn dōu bù hǎo		在济南呢。你现在哪里？	zài jǐ nán ne 。 nǐ xiàn zài nǎ lǐ ？		济南下雨下的大吗？	jǐ nán xià yǔ xià de dà ma ？	
1386	打扮	他打扮得像女人一样。	tā dǎ bàn dé xiàng nǚ rén yī yàng 。	He disguised himself as a woman.	她很会打扮，所以不管穿上什么都合适。	tā hěn huì dǎ bàn ， suǒ yǐ bù guǎn chuān shàng shén me dōu hé shì 。	She has good style, so she looks good in anything she wears.	我不在乎别人怎么看我的打扮。	wǒ bù zài hū bié rén zěn me kàn wǒ de dǎ bàn 。	I don't care what people think about the way I dress.
1387	状况	他的健康状况很差。	tā de jiàn kāng zhuàng kuàng hěn chà 。	He is in poor health.	他似乎对自己的状况不满意。	tā sì hū duì zì jǐ de zhuàng kuàng bù mǎn yì 。	He does not seem pleased with his condition.	他处理不好复杂的状况。	tā chǔ lǐ bù hǎo fù zá de zhuàng kuàng 。	He doesn't cope with complicated situations.
1388	嘤嘤	嘤嘤乖，下次一定记得吃哇	yīng yīng guāi ， xià cì yí dìng jì de chī wa		嘤嘤你就会欺负我嘤嘤	yīng yīng nǐ jiù huì qī fù wǒ yīng yīng		我哪里秀恩爱！嘤嘤，明明都是日常。	wǒ nǎ lǐ xiù ēn ài ！ yīng yīng ， míng míng dōu shì rì cháng 。	
1389	表情包	哈哈这个表情包	hā hā zhè ge biǎo qíng bāo		每天来偷表情包	měi tiān lái tōu biǎo qíng bāo		拍表情包吗？	pāi biǎo qíng bāo ma ？	
1390	嗓子	天啊一个歌手嗓子这么折腾	tiān a yí gè gē shǒu sǎng zi zhè me zhē teng		气嗓子然后越唱越累呀	qì sǎng zi rán hòu yuè chàng yuè lèi ya		他的嗓子又响又亮，接电话最好了	tā de sǎng zi yòu xiǎng yòu liàng ， jiē diàn huà zuì hǎo le	
1391	大二	我也是哈哈不过已经大二了	wǒ yě shì hā hā bù guò yǐ jīng dà èr le		我不是大二的学生，我是研究生	wǒ bú shì dà èr de xué shēng ， wǒ shì yán jiū shēng		两天前的晚上 一名Kirkland的大二学生	liǎng tiān qián de wǎn shàng   yī míng K i r k l a n d de dà èr xué shēng	
1392	尽力	我们应该尽力不要污染环境。	wǒ men yīng gāi jìn lì bú yào wū rǎn huán jìng 。	We ought to do our best not to pollute our environment.	这十年间，他为了和平尽力。	zhè shí nián jiān ， tā wèi le hé píng jìn lì 。	He worked hard for peace for these ten years.	每位老师都尽力了。	měi wèi lǎo shī dōu jìn lì le 。	Every teacher does their best.
1393	八卦	不是说，还不是聊别人的八卦	bú shì shuō ， hái bú shì liáo bié rén de bā guà		我想听八卦，好久没八卦了	wǒ xiǎng tīng bā guà ， hǎo jiǔ méi bā guà le		希望可以关心我，不要关心八卦	xī wàng kě yǐ guān xīn wǒ ， bú yào guān xīn bā guà	
1394	干吗	你干吗不早点说？	nǐ gàn má bù zǎo diǎn shuō ？	Why didn't you say so earlier?	爸爸，你在干吗？	bà bà ， nǐ zài gàn má ？	What are you doing, Dad?	你觉得我在干吗呢？	nǐ jué de wǒ zài gàn má ne ？	What do you think I was doing?
1395	码	可能就码太小了	kě néng jiù mǎ tài xiǎo le		你在码什么文？	nǐ zài mǎ shén me wén ？		一起码着看	yì qǐ mǎ zhe kàn	
1396	国王	他像国王一样开心。	tā xiàng guó wáng yī yàng kāi xīn 。	He is as happy as a king.	国王光着呢！	guó wáng guāng zhe ne ！	The king is naked!	他是国王。	tā shì guó wáng 。	He is the king.
1397	赌	我赌她赢这比赛。	wǒ dǔ tā yíng zhè bǐ sài 。	I made a bet that she would win the game.	我赌明天会下雨。	wǒ dǔ míng tiān huì xià yǔ 。	I bet it will rain tomorrow.	我赌阿尔弗雷德叔叔会回来。	wǒ dǔ ā ěr fú léi dé shū shū huì huí lái 。	I bet Uncle Alfred'll come back.
1398	纽约	纽约是世界上最大的城市。	niǔ yuē shì shì jiè shàng zuì dà de chéng shì 。	New York is the biggest city in the world.	去纽约的火车几点出发？	qù niǔ yuē de huǒ chē jǐ diǎn chū fā ？	What time does the train for New York depart?	纽约是一个很大的城市。	niǔ yuē shì yí gè hěn dà de chéng shì 。	New York is a big city.
1399	闪	只是在屏幕上闪了一下。	zhǐ shì zài píng mù shàng shǎn le yī xià 。	It's just a blip on a screen.	他进来了，眼里闪着光。	tā jìn lái le ， yǎn lǐ shǎn zhe guāng 。	He came in with his eyes shining.	萤幕闪著绿色的光。	yíng mù shǎn zhù lǜ sè de guāng 。	The screen is giving off green light.
1400	第一张	我一直在研究第一张密码图	wǒ yì zhí zài yán jiū dì yī zhāng mì mǎ tú		为什么我除了第一张都很喜欢	wèi shén me wǒ chú le dì yī zhāng dōu hěn xǐ huān		这是你未来宝宝的第一张照片	zhè shì nǐ wèi lái bǎo bǎo de dì yī zhāng zhào piān	
1401	舞蹈	桌子上有一本关于舞蹈的书。	zhuō zi shàng yǒu yī běn guān yú wǔ dǎo de shū 。	There is a book on dancing on the desk.	风俗习惯包括食物，庆祝和舞蹈。	fēng sú xí guàn bāo kuò shí wù ， qìng zhù hé wǔ dǎo 。	Customs include food, celebrations and dancing.	贝蒂是一个舞蹈老师。	bèi dì shì yí gè wǔ dǎo lǎo shī 。	Betty is a dancing teacher.
1402	范围	学生不得在校园范围内吸烟。	xué shēng bù dé zài xiào yuán fàn wéi nèi xī yān 。	Students are forbidden to smoke on the school grounds.	这份工作在我能力范围之外.	zhè fèn gōng zuò zài wǒ néng lì fàn wéi zhī wài .	This job is beyond my ability.	盖我自己的房子超出了我的能力范围。	gài wǒ zì jǐ de fáng zi chāo chū le wǒ de néng lì fàn wéi 。	It is beyond my power to build my own house.
1403	热门	听说大数据技术现在很热门。	tīng shuō dà shù jù jì shù xiàn zài hěn rè mén 。	I hear that the network is very popular now.	大富翁是一个家庭玩的热门游戏。	dà fù wēng shì yí gè jiā tíng wán de rè mén yóu xì 。	Monopoly is a popular game for families to play.	我们队是这次乒乓球比赛得标的热门队。	wǒ men duì shì zhè cì pīng pāng qiú bǐ sài dé biāo de rè mén duì 。	Our team is seeded in the ping-pong competition.
1404	小凯	小凯这是去滑了两次雪了	xiǎo kǎi zhè shì qù huá le liǎng cì xuě le		小凯为什么是12啊！掉那么多！	xiǎo kǎi wèi shén me shì 1 2 a ！ diào nà me duō ！		难道他俩吃小凯看着吗？	nán dào tā liǎ chī xiǎo kǎi kàn zhe ma ？	
1405	甜甜	我觉得甜甜的挺好吃的汤圆	wǒ jué de tián tián de tǐng hǎo chī de tāng yuán		甜甜 我们去洗澡 你会放松的	tián tián   wǒ men qù xǐ zǎo   nǐ huì fàng sōng de		我就喜欢看甜甜的虐自己	wǒ jiù xǐ huān kàn tián tián de nüè zì jǐ	
1406	或是	你可以拿大的盒子或是小的盒子。	nǐ kě yǐ ná dà de hé zi huò shì xiǎo de hé zi 。	You may take either the big box or the small one.	若没有将衣服折起来或是挂在衣架上，会起皱纹。	ruò méi yǒu jiāng yī fú zhé qǐ lái huò shì guà zài yī jià shàng ， huì qǐ zhòu wén 。	If you don't fold your clothes or hang them, they will be wrinkled.	所有史蒂夫的工作不是无聊就是非高薪或是两者兼而有之。	suǒ yǒu shǐ dì fū de gōng zuò bú shì wú liáo jiù shì fēi gāo xīn huò shì liǎng zhě jiān ér yǒu zhī 。	All of Steve's jobs were boring or not well-paid or both.
1407	玫瑰	你看到的这些花是玫瑰。	nǐ kàn dào de zhè xiē huā shì méi guī 。	These flowers you see are roses.	他画了一幅玫瑰的画。	tā huà le yī fú méi guī de huà 。	He painted a picture of roses.	花园里没有任何玫瑰。	huā yuán lǐ méi yǒu rèn hé méi guī 。	There weren't any roses in the garden.
1408	有所	这儿往前有所商店。	zhè ér wǎng qián yǒu suǒ shāng diàn 。	There used to be a shop here.	每位学生都各有所见。	měi wèi xué shēng dōu gè yǒu suǒ jiàn 。	Each of these students has his or her own opinion.	她很有可能会有所成就。	tā hěn yǒu kě néng huì yǒu suǒ chéng jiù 。	It's likely that she'll succeed.
1409	胖胖	希望是这样咯，在家一直胖胖	xī wàng shì zhè yàng gē ， zài jiā yì zhí pàng pàng		好吧我们要吃吃不要胖胖	hǎo ba wǒ men yào chī chī bú yào pàng pàng		嘿嘿…亲爱的周胖胖是谁？不对嘛	hēi hēi … qīn ài de zhōu pàng pàng shì shuí ？ bú duì ma	
1410	整容	听说整容医院会给开证明	tīng shuō zhěng róng yī yuàn huì gěi kāi zhèng míng		你还有事要做 你给他整容	nǐ hái yǒu shì yào zuò   nǐ gěi tā zhěng róng		我有这个最近做整容手术。	wǒ yǒu zhè ge zuì jìn zuò zhěng róng shǒu shù 。	
1411	自杀	这就是那个作家自杀的房间。	zhè jiù shì nà ge zuò jiā zì shā de fáng jiān 。	This is the room where the author killed himself.	他失恋了，所以便尝试自杀。	tā shī liàn le ， suǒ yǐ biàn cháng shì zì shā 。	He tried to kill himself because he lost her love.	他在自己三十岁生日那天自杀了。	tā zài zì jǐ sān shí suì shēng rì nà tiān zì shā le 。	He killed himself on his thirtieth birthday.
1412	盆	看来我又要买盆了	kàn lái wǒ yòu yào mǎi pén le		盆是不是得坏了啊洗件衣服都疯了啊	pén shì bú shì dé huài le a xǐ jiàn yī fú dōu fēng le a		你做的盆真可爱	nǐ zuò de pén zhēn kě ài	
1413	麻	妈妈骂马的麻吗?	mā mā mà mǎ de má ma ?	Is mom scolding the horse's hemp?	我的右手麻了。	wǒ de yòu shǒu má le 。	My right hand is numb.	我的左手麻了。	wǒ de zuǒ shǒu má le 。	My left hand fell asleep.
1414	立刻	立刻起床, 否则你上学会迟到。	lì kè qǐ chuáng ,   fǒu zé nǐ shàng xué huì chí dào 。	Get up at once, or you will be late for school.	她打电话给他丈夫，让他立刻过来。	tā dǎ diàn huà gěi tā zhàng fū ， ràng tā lì kè guò lái 。	She phoned her husband to come immediately.	你最好立刻离开这里。	nǐ zuì hǎo lì kè lí kāi zhè lǐ 。	You had better get away from here at once.
1415	大三	就喝茶啥的都大二大三了	jiù hē chá shá de dōu dà èr dà sān le		比如大三不在学校上课	bǐ rú dà sān bù zài xué xiào shàng kè		我想考研，可是我开学大三。早不早	wǒ xiǎng kǎo yán ， kě shì wǒ kāi xué dà sān 。 zǎo bù zǎo	
1416	调皮	你这么调皮你家人知道吗	nǐ zhè me tiáo pí nǐ jiā rén zhī dào ma		虽然我们班有些人很调皮，但是	suī rán wǒ men bān yǒu xiē rén hěn tiáo pí ， dàn shì		你是一个很调皮的女孩	nǐ shì yí gè hěn tiáo pí de nǚ hái	
1417	摘	她给我摘了一个苹果。	tā gěi wǒ zhāi le yí gè píng guǒ 。	She picked me an apple.	男孩在摘黄色的花。	nán hái zài zhāi huáng sè de huā 。	The boy is picking yellow flowers.	她摘了一些苹果。	tā zhāi le yī xiē píng guǒ 。	She picks some apples.
1418	陌生人	一个陌生人站在房子前面。	yí gè mò shēng rén zhàn zài fáng zi qián miàn 。	A stranger stands in front of the room.	狗会对陌生人叫。	gǒu huì duì mò shēng rén jiào 。	A dog will bark at strangers.	你这孩子！别老是接触一些陌生人，很危险的！	nǐ zhè hái zi ！ bié lǎo shì jiē chù yī xiē mò shēng rén ， hěn wēi xiǎn de ！	Son, stop always getting so close to strangers. It's very dangerous!
1419	约翰	除了约翰没人听说过这事。	chú le yuē hàn méi rén tīng shuō guò zhè shì 。	Nobody but John has heard of it.	约翰明天会来看我们吗？	yuē hàn míng tiān huì lái kàn wǒ men ma ？	Will John come to see us tomorrow?	约翰昨天来到了日本。	yuē hàn zuó tiān lái dào le rì běn 。	John came to Japan yesterday.
1420	扛	他累坏了，需要有人扛著。	tā lèi huài le ， xū yào yǒu rén káng zhù 。	He's exhausted and need to be carried.	我把盒子扛在肩上。	wǒ bǎ hé zi káng zài jiān shàng 。	I carried the box on my shoulder.	我扛着米袋。	wǒ káng zhe mǐ dài 。	I carry a bag of rice.
1421	背着	当我父亲背着我带我回来时	dāng wǒ fù qīn bèi zhe wǒ dài wǒ huí lái shí		我才不要背着你还要付你钱	wǒ cái bú yào bèi zhe nǐ hái yào fù nǐ qián		老婆你背着我和别人去看！	lǎo pó nǐ bèi zhe wǒ hé bié rén qù kàn ！	
1422	文明	所有文明的国家都反对战争。	suǒ yǒu wén míng de guó jiā dōu fǎn duì zhàn zhēng 。	All civilized countries are against war.	你知道人类文明有多少年的历史吗？	nǐ zhī dào rén lèi wén míng yǒu duō shǎo nián de lì shǐ ma ？	Do you know how many years old human civilization is?	这是一个高度发展的文明。	zhè shì yí gè gāo dù fā zhǎn de wén míng 。	This is a highly developed civilisation.
1423	合肥	比如合肥？还是哈尔滨吧	bǐ rú hé féi ？ hái shì hā ěr bīn ba		在哪软件买票？合肥的！	zài nǎ ruǎn jiàn mǎi piào ？ hé féi de ！		好好，你在合肥上班了？	hǎo hǎo ， nǐ zài hé féi shàng bān le ？	
1424	抓到	我抓到了这个男人正在偷钱。	wǒ zhuā dào le zhè ge nán rén zhèng zài tōu qián 。	I caught the man stealing the money.	他抓到了他们在偷苹果。	tā zhuā dào le tā men zài tōu píng guǒ 。	He caught them stealing apples.	他抓到了一个男孩正在偷他的表。	tā zhuā dào le yí gè nán hái zhèng zài tōu tā de biǎo 。	He caught a boy stealing his watch.
1425	事实上	事实上，这个项目需要大家。	shì shí shàng ， zhè ge xiàng mù xū yào dà jiā 。	And actually, this project needs everyone.	事实上。	shì shí shàng 。	Actually.	事实上，价格每个星期都在攀升。	shì shí shàng ， jià gé měi gè xīng qī dōu zài pān shēng 。	As it is, prices are going up every week.
1426	乐趣	生活的乐趣是什么？	shēng huó de lè qù shì shén me ？	What is the joy of life?	家长或老师应该让孩子们享受阅读的乐趣。	jiā zhǎng huò lǎo shī yīng gāi ràng hái zi men xiǎng shòu yuè dú de lè qù 。	A parent or teacher should bring home to children the pleasure of reading.	她唯一的乐趣就是听音乐。	tā wéi yī de lè qù jiù shì tīng yīn lè 。	Her only pleasure is listening to music.
1427	圣诞节	想要什么样的圣诞节礼物呢？	xiǎng yào shén me yàng de shèng dàn jié lǐ wù ne ？	What do you want for Christmas?	现在距离圣诞节还有多少天?	xiàn zài jù lí shèng dàn jié hái yǒu duō shǎo tiān ?	How many more days are there until Christmas?	还有两个星期就到圣诞节了。	hái yǒu liǎng gè xīng qī jiù dào shèng dàn jié le 。	Christmas is just two weeks from now.
1428	在线	他总是在线。	tā zǒng shì zài xiàn 。	He is always online.	他经常在线。	tā jīng cháng zài xiàn 。	He is always online.	请在线稍候。	qǐng zài xiàn shāo hòu 。	Please hold the line a moment.
1429	威胁	我们觉得他的威胁只是一个玩笑。	wǒ men jué de tā de wēi xié zhǐ shì yí gè wán xiào 。	We thought his threat was only a joke.	他的生命受到了威胁。	tā de shēng mìng shòu dào le wēi xié 。	His life is in danger.	你这是在威胁我吗？	nǐ zhè shì zài wēi xié wǒ ma ？	Are you threatening me?
1430	明早	你就不能等到明早再说吗	nǐ jiù bù néng děng dào míng zǎo zài shuō ma		就住在山上，明早直接去啊	jiù zhù zài shān shàng ， míng zǎo zhí jiē qù a		明早回去，下午车没座了	míng zǎo huí qù ， xià wǔ chē méi zuò le	
1431	建	这所大学是什么时候建的？	zhè suǒ dà xué shì shén me shí hòu jiàn de ？	When was this university founded?	我为你建了这个。	wǒ wèi nǐ jiàn le zhè ge 。	I built this for you.	我建石头房子。	wǒ jiàn shí tou fáng zi 。	I build houses out of stone.
1432	大众	就是普通大众对于这两种	jiù shì pǔ tōng dà zhòng duì yú zhè liǎng zhǒng		相比大众体育的话它会比较累	xiāng bǐ dà zhòng tǐ yù de huà tā huì bǐ jiào lèi		我看到了大众汽车从里面出来。	wǒ kàn dào le dà zhòng qì chē cóng lǐ miàn chū lái 。	
1433	预约	我想要预约2个人的位子。	wǒ xiǎng yào yù yuē 2 gè rén de wèi zi 。	I'd like to reserve a table for two.	26号已经有预约了。很抱歉。	2 6 hào yǐ jīng yǒu yù yuē le 。 hěn bào qiàn 。	Number 26 is already reserved, sorry.	我需要预约位子吗?	wǒ xū yào yù yuē wèi zi ma ?	Do I need a reservation?
1434	早晚	他们早晚会发现的。	tā men zǎo wǎn huì fā xiàn de 。	They will find out sooner or later.	我们早晚要死。	wǒ men zǎo wǎn yào sǐ 。	We shall die sooner or later.	人早晚会死。	rén zǎo wǎn huì sǐ 。	Man will die sooner or later.
1435	岛	在这个岛上只有一家商店。	zài zhè ge dǎo shàng zhǐ yǒu yī jiā shāng diàn 。	There's only one store on the island.	那个时候，没有人在这个岛上生活。	nà ge shí hòu ， méi yǒu rén zài zhè ge dǎo shàng shēng huó 。	No one lived on the island at that time.	没有办法离开这个岛。	méi yǒu bàn fǎ lí kāi zhè ge dǎo 。	There's no way off the island.
1436	天堂	我们会把人间变成天堂。	wǒ men huì bǎ rén jiān biàn chéng tiān táng 。	We will turn the world into a paradise.	我要怎么上天堂？	wǒ yào zěn me shàng tiān táng ？	How can I get to heaven?	这个公园是小孩子的天堂。	zhè ge gōng yuán shì xiǎo hái zi de tiān táng 。	This park is a little kid's paradise.
1437	发挥	这本书会让你发挥想像力。	zhè běn shū huì ràng nǐ fā huī xiǎng xiàng lì 。	This book will awaken your imagination.	发挥您的想象力。	fā huī nín de xiǎng xiàng lì 。	Use your imagination.	为了保持竞争力，我们得发挥我们的优势。	wèi le bǎo chí jìng zhēng lì ， wǒ men dé fā huī wǒ men de yōu shì 。	To remain competitive, we've got to play to our strengths.
1438	度	越来越多的情侣出国度蜜月。	yuè lái yuè duō de qíng lǚ chū guó dù mì yuè 。	More and more couples go on honeymoon trips abroad.	他们对法语有很好的掌握度。	tā men duì fǎ yǔ yǒu hěn hǎo de zhǎng wò dù 。	They had a good command of French.	西里西亚省是波兰人口稠密度最大的地区。	xī lǐ xī yà shěng shì bō lán rén kǒu chóu mì dù zuì dà de dì qū 。	The Silesian Voivodeship is the most densely populated region of Poland.
1439	今儿	今儿周一。	jīn ér zhōu yī 。	It is Monday today.	今儿发生了什么吗？	jīn ér fā shēng le shén me ma ？	Did something happen today?	今儿我走了10公里路。	jīn ér wǒ zǒu le 1 0 gōng lǐ lù 。	Today I walked 10 kilometers.
1440	丸子	诶你们家过年会炸丸子吗	éi nǐ men jiā guò nián huì zhà wán zi ma		就跟丸子是一块做的，然后	jiù gēn wán zi shì yī kuài zuò de ， rán hòu		我家去年过年的丸子是我炸的	wǒ jiā qù nián guò nián de wán zi shì wǒ zhà de	
1441	说起	那个男孩说起话来像个大人。	nà ge nán hái shuō qǐ huà lái xiàng gè dà rén 。	That boy talks as if he were a grown up.	他说起话来好像他什么都知道。	tā shuō qǐ huà lái hǎo xiàng tā shén me dōu zhī dào 。	He talks as if he knows everything.	说起玛莉，我已经有很久没见过她了。	shuō qǐ mǎ lì ， wǒ yǐ jīng yǒu hěn jiǔ méi jiàn guò tā le 。	Speaking of Mary, I have not seen her for a long time.
1442	救命	他听到某人叫救命。	tā tīng dào mǒu rén jiào jiù mìng 。	He heard someone calling for help.	快救命啊！	kuài jiù mìng a ！	Quick, help me!	救命呀！	jiù mìng ya ！	Help me!
1443	莫名其妙	情况比刚才更莫名其妙了	qíng kuàng bǐ gāng cái gèng mò míng qí miào le		我不该问你这些 莫名其妙的话	wǒ bù gāi wèn nǐ zhè xiē   mò míng qí miào de huà		然后他I G就这么莫名其妙的输了。	rán hòu tā I   G jiù zhè me mò míng qí miào de shū le 。	
1444	高端	虽然不太懂但是感觉挺高端	suī rán bù tài dǒng dàn shì gǎn jué tǐng gāo duān		我很高端哒	wǒ hěn gāo duān dá		非常高端	fēi cháng gāo duān	
1445	穿越	有的鸟可以穿越音障。	yǒu de niǎo kě yǐ chuān yuè yīn zhàng 。	Some birds can break the sound barrier.	当你穿越交通繁忙的街道时要小心注意。	dāng nǐ chuān yuè jiāo tōng fán máng de jiē dào shí yào xiǎo xīn zhù yì 。	Be careful when you pass through the street's busy traffic.	约翰穿越人群。	yuē hàn chuān yuè rén qún 。	John passed among the crowd.
1446	夜班	我没有夜班，只有加班	wǒ méi yǒu yè bān ， zhǐ yǒu jiā bān		我今天又是夜班	wǒ jīn tiān yòu shì yè bān		我要去跟夜班了	wǒ yào qù gēn yè bān le	
1447	宅	宅在家里呀，坐在办公室啊	zhái zài jiā lǐ ya ， zuò zài bàn gōng shì a		我们还是宅在这儿吧	wǒ men hái shì zhái zài zhè ér ba		你不能再这么宅了	nǐ bù néng zài zhè me zhái le	
1448	乐意	你是真的很乐意帮忙吗?	nǐ shì zhēn de hěn lè yì bāng máng ma ?	Are you really willing to help?	我随时乐意付钱给你。	wǒ suí shí lè yì fù qián gěi nǐ 。	I'll gladly pay you anytime.	为什么不呢？我很乐意。	wèi shén me bù ne ？ wǒ hěn lè yì 。	Why not? I'd be happy to.
1449	客服	为什么不给客服打电话？	wèi shén me bù gěi kè fú dǎ diàn huà ？	Why don't you call customer service?	他们的客服很差。	tā men de kè fú hěn chà 。	Their customer service is poor.	我不得不在电话里等了 20 分钟才联系到客服代表。	wǒ bù dé bù zài diàn huà lǐ děng le   2 0   fēn zhōng cái lián xì dào kè fú dài biǎo 。	I had to wait 20 minutes on the phone before reaching the customer service rep.
1450	迷人	今天你看起来很迷人啊。	jīn tiān nǐ kàn qǐ lái hěn mí rén a 。	You look very charming today.	她从不化妆, 但总是看起来很迷人。	tā cóng bù huà zhuāng ,   dàn zǒng shì kàn qǐ lái hěn mí rén 。	She never wears makeup, but she always looks very charming.	她是个迷人的女孩子。	tā shì gè mí rén de nǚ hái zi 。	She's a glamorous girl.
1451	胡子	他留了胡子，为了让自己看起来更成熟。	tā liú le hú zi ， wèi le ràng zì jǐ kàn qǐ lái gèng chéng shú 。	He grew a beard to look more mature.	刮完胡子感觉很舒服。	guā wán hú zi gǎn jué hěn shū fú 。	It is pleasant to shave off my beard.	我刮了胡子并理了发。	wǒ guā le hú zi bìng lǐ le fā 。	I got a shave and a haircut.
1452	鹿	我跟着鹿的踪迹。	wǒ gēn zhe lù de zōng jì 。	I followed the deer's tracks.	鹿是简的三倍重。	lù shì jiǎn de sān bèi zhòng 。	The deer is three times as heavy as Jane.	马比鹿强。	mǎ bǐ lù qiáng 。	Horses are stronger than deer.
1453	没空	恐怕直到考试结束前我都没空。	kǒng pà zhí dào kǎo shì jié shù qián wǒ dōu méi kòng 。	I am afraid that I shall not be free till the examination is over.	我现在很忙，没空和你玩。	wǒ xiàn zài hěn máng ， méi kòng hé nǐ wán 。	I am busy now and can't play with you.	我们几乎没空吃早饭。	wǒ men jī hū méi kòng chī zǎo fàn 。	We hardly have time to eat breakfast.
1454	忍住	我没法忍住我的眼泪。	wǒ méi fǎ rěn zhù wǒ de yǎn lèi 。	I could not keep the tears from my eyes.	我努力忍住哭。	wǒ nǔ lì rěn zhù kū 。	I tried to keep from crying.	汤姆拼命地忍住笑声。	tāng mǔ pīn mìng dì rěn zhù xiào shēng 。	Tom was trying hard not to laugh out loud.
1455	老兄	没什么不同 老兄，一点都没有.	méi shén me bù tóng   lǎo xiōng ， yì diǎn dōu méi yǒu .		也许你该戴上这个 老兄	yě xǔ nǐ gāi dài shàng zhè ge   lǎo xiōng		老兄，这要比睡觉好啊	lǎo xiōng ， zhè yào bǐ shuì jiào hǎo a	
1456	同情	我同情你。	wǒ tóng qíng nǐ 。	I feel for you.	Kate很同情他。	K a t e hěn tóng qíng tā 。	Kate sympathized with him.	每个人都对囚犯表示同情。	měi gè rén dōu duì qiú fàn biǎo shì tóng qíng 。	Everybody showed sympathy toward the prisoner.
1457	前两天	唉前两天你有没有发现就是。	āi qián liǎng tiān nǐ yǒu méi yǒu fā xiàn jiù shì 。		嗯，你前两天给我打电话啦？啥事？	ń ， nǐ qián liǎng tiān gěi wǒ dǎ diàn huà la ？ shá shì ？		前两天玩儿太嗨了吧	qián liǎng tiān wán ér tài hāi le ba	
1458	规则	我们的房子，我们的规则。	wǒ men de fáng zi ， wǒ men de guī zé 。	Our house, our rules.	你对足球规则熟悉吗？	nǐ duì zú qiú guī zé shú xī ma ？	Are you familiar with the rules of soccer?	我们应该了解相应的规则。	wǒ men yīng gāi liǎo jiě xiāng yìng de guī zé 。	We are supposed to know the rules.
1459	军人	军人必须履行他们的命令。	jūn rén bì xū lǚ xíng tā men de mìng lìng 。	Soldiers must carry out their orders.	这场战争死了数以百万计的军人。	zhè chǎng zhàn zhēng sǐ le shù yǐ bǎi wàn jì de jūn rén 。	Thousands upon thousands of soldiers died in the war.	数以百万计的军人战死沙场。	shù yǐ bǎi wàn jì de jūn rén zhàn sǐ shā chǎng 。	Thousands upon thousands of soldiers died in the war.
1460	龙虾	我忘了怎样上龙虾	wǒ wàng le zěn yàng shàng lóng xiā		这个龙虾呀	zhè ge lóng xiā ya		夏天才是吃小龙虾的季节啊	xià tiān cái shì chī xiǎo lóng xiā de jì jié a	
1461	字幕	手机没有字幕	shǒu jī méi yǒu zì mù		有字幕吗？	yǒu zì mù ma ？		许多动画的共同语言是字幕。	xǔ duō dòng huà de gòng tóng yǔ yán shì zì mù 。	The common language of many anime is subtitles.
1462	静	这里晚上很静。	zhè lǐ wǎn shàng hěn jìng 。	It is quiet here at night.	请让我静一静。	qǐng ràng wǒ jìng yī jìng 。	Please leave me alone.	周围环境怎么样？静不静？夜晚闹不闹？	zhōu wéi huán jìng zěn me yàng ？ jìng bù jìng ？ yè wǎn nào bù nào ？	How's the neighborhood? Quiet? Noisy at night?
1463	暗恋	一年来我一直在暗恋你	yī nián lái wǒ yì zhí zài àn liàn nǐ		所有的女孩子都暗恋他。	suǒ yǒu de nǚ hái zi dōu àn liàn tā 。		咋了，有人暗恋你表白了？	zǎ le ， yǒu rén àn liàn nǐ biǎo bái le ？	
1464	无数	这本小说使无数女孩流下了眼泪。	zhè běn xiǎo shuō shǐ wú shù nǚ hái liú xià le yǎn lèi 。	The fiction reduced girls to tears.	实际上，网络的作用有着无数的多种多样的。	shí jì shàng ， wǎng luò de zuò yòng yǒu zhe wú shù de duō zhǒng duō yàng de 。	In fact, there are countless, varied uses for the Internet.	无数星星在天上闪烁。	wú shù xīng xīng zài tiān shàng shǎn shuò 。	Countless stars were twinkling in the sky.
1465	戒指	我们之间完了，把戒指还给我！	wǒ men zhī jiān wán le ， bǎ jiè zhǐ huán gěi wǒ ！	It's over between us. Give me back my ring!	我觉得这钻石戒指太奢侈了。	wǒ jué de zhè zuàn shí jiè zhǐ tài shē chǐ le 。	This diamond ring is too extravagant for me.	他半夜给了我一枚戒指。	tā bàn yè gěi le wǒ yī méi jiè zhǐ 。	He gave me a ring at midnight.
1466	吼吼	我开心了每天都是生日吼吼	wǒ kāi xīn le měi tiān dōu shì shēng rì hǒu hǒu		马上就可以换驾照了吼吼	mǎ shàng jiù kě yǐ huàn jià zhào le hǒu hǒu		我已经找到资源了吼吼	wǒ yǐ jīng zhǎo dào zī yuán le hǒu hǒu	
1467	杀人	枪不会杀人。人才会杀人。	qiāng bú huì shā rén 。 rén cái huì shā rén 。	Guns don't kill people. People kill people.	不可杀人!	bù kě shā rén !	You shall not kill.	不可杀人。	bù kě shā rén 。	Thou shalt not kill.
1468	嘲笑	我们因为那件事嘲笑他。	wǒ men yīn wèi nà jiàn shì cháo xiào tā 。	We made fun of him about this.	他们嘲笑约翰的发型。	tā men cháo xiào yuē hàn de fà xíng 。	They made fun of John's hairstyle.	他被他的朋友嘲笑了。	tā bèi tā de péng yǒu cháo xiào le 。	He was laughed at by his friends.
1469	巴黎	巴黎是世界上最美丽的城市。	bā lí shì shì jiè shàng zuì měi lì de chéng shì 。	Paris is the most beautiful city in the world.	还有五十公里就到巴黎了。	hái yǒu wǔ shí gōng lǐ jiù dào bā lí le 。	It's fifty kilometers to Paris.	巴黎是世界上最大的城市之一。	bā lí shì shì jiè shàng zuì dà de chéng shì zhī yī 。	Paris is one of the largest cities in the world.
1470	不过是	不过是一个文字游戏罢了。	bù guò shì yí gè wén zì yóu xì bà le 。	It's just a play on words.	别想了，那不过是些无关紧要的细节。	bié xiǎng le ， nà bù guò shì xiē wú guān jǐn yào de xì jié 。	Forget it, those are just trivial details.	贝诗不过是个孩子。	bèi shī bù guò shì gè hái zi 。	Bess is simply a child.
1471	铁	我们的栏杆是铁做的。	wǒ men de lán gān shì tiě zuò de 。	Our fence is made of iron.	铁是个有用的金属。	tiě shì gè yǒu yòng de jīn shǔ 。	Iron is a useful metal.	铁是一种金属。	tiě shì yī zhǒng jīn shǔ 。	Iron is a metal.
1472	初恋	她是我的初恋女友。	tā shì wǒ de chū liàn nǚ yǒu 。	She was my first girlfriend.	她是我的初恋。	tā shì wǒ de chū liàn 。	She's my first love.	这是我的初恋。	zhè shì wǒ de chū liàn 。	This is my first love.
1473	学历	怎可以只看他的学历和工作呢？	zěn kě yǐ zhǐ kàn tā de xué lì hé gōng zuò ne ？		我虽然没有钱，没有学历	wǒ suī rán méi yǒu qián ， méi yǒu xué lì		学因为学历问题而已。	xué yīn wèi xué lì wèn tí ér yǐ 。	
1474	忧伤	刚吃完烧烤还有啥子忧伤的	gāng chī wán shāo kǎo hái yǒu shá zi yōu shāng de		这是今天听到最忧伤的话题	zhè shì jīn tiān tīng dào zuì yōu shāng de huà tí		你不想让我再忧伤一次吧?	nǐ bù xiǎng ràng wǒ zài yōu shāng yī cì ba ?	
1475	看错	呃…难道不是么？难道是我看错了？	è … nán dào bú shì me ？ nán dào shì wǒ kàn cuò le ？		哈哈那你可真的看错了	hā hā nà nǐ kě zhēn de kàn cuò le		我不是我没有你看错了	wǒ bú shì wǒ méi yǒu nǐ kàn cuò le	
1476	他妈	我他妈才不管什么法律！	wǒ tā mā cái bù guǎn shén me fǎ lǜ ！		那真他妈真他妈不要脸。	nà zhēn tā mā zhēn tā mā bú yào liǎn 。		特别呃，他妈就反正有一天突然跟他	tè bié è ， tā mā jiù fǎn zhèng yǒu yī tiān tū rán gēn tā	
1477	沟通	英语是一种沟通的手段。	yīng yǔ shì yī zhǒng gōu tōng de shǒu duàn 。	English is a means of communication.	英语是沟通的工具。	yīng yǔ shì gōu tōng de gōng jù 。	English is a communication tool.	她们用手势沟通。	tā men yòng shǒu shì gōu tōng 。	They communicate with each other by gesture.
1478	分析	她坚持自己的分析是正确的。	tā jiān chí zì jǐ de fēn xī shì zhèng què de 。	She maintains that her analysis is correct.	我们已经将它做了分析。	wǒ men yǐ jīng jiāng tā zuò le fēn xī 。	We've had it analyzed.	她坚持认为自己的分析是正确的。	tā jiān chí rèn wéi zì jǐ de fēn xī shì zhèng què de 。	She persists in saying that her analysis is correct.
1479	追星	我也超级想拿出钱去追星	wǒ yě chāo jí xiǎng ná chū qián qù zhuī xīng		说妈妈你这么老了还追星	shuō mā mā nǐ zhè me lǎo le hái zhuī xīng		感觉现在中国的这种追星现象。	gǎn jué xiàn zài zhōng guó de zhè zhǒng zhuī xīng xiàn xiàng 。	
1480	对待	我们必须公平地对待这些人。	wǒ men bì xū gōng píng dì duì dài zhè xiē rén 。	We must deal fairly with these people.	为什么他要这么对待你？	wèi shén me tā yào zhè me duì dài nǐ ？	Why did he treat you like that?	他没有认真对待这个	tā méi yǒu rèn zhēn duì dài zhè ge	He doesn't take this seriously.
1481	拉肚子	我现在回家吃辣椒就拉肚子	wǒ xiàn zài huí jiā chī là jiāo jiù lā dù zi		你真的拉肚子了吗？还好吗	nǐ zhēn de lā dù zi le ma ？ hái hǎo ma		拉肚子 拉了半个小时了	lā dù zi   lā le bàn gè xiǎo shí le	
1482	投票	我们要投票。	wǒ men yào tóu piào 。	We want to vote.	他已经足够大去投票了	tā yǐ jīng zú gòu dà qù tóu piào le	He's old enough to vote, isn't he?	我一定要给汤姆投票。	wǒ yí dìng yào gěi tāng mǔ tóu piào 。	I'll definitely vote for Tom.
1483	屁股	猴子屁股坐不住。	hóu zi pì gǔ zuò bú zhù 。	The monkey cannot sit still.	她的屁股很大。	tā de pì gǔ hěn dà 。	She has a big butt.	我的屁股穿这个看起来大吗？	wǒ de pì gǔ chuān zhè ge kàn qǐ lái dà ma ？	Does my bum look big in this?
1484	攒	呃攒什么人吧	è zǎn shén me rén ba		他自己攒的	tā zì jǐ zǎn de		攒自己攒	zǎn zì jǐ zǎn	
1485	会计	回去后你做研究,我当会计	huí qù hòu nǐ zuò yán jiū , wǒ dāng kuài jì		回去后你做研究，我当会计	huí qù hòu nǐ zuò yán jiū ， wǒ dāng kuài jì		那么会计你总懂一点吧	nà me kuài jì nǐ zǒng dǒng yì diǎn ba	
1486	冰淇淋	你不应该吃这么多冰淇淋。	nǐ bù yīng gāi chī zhè me duō bīng qí lín 。	You shouldn't have eaten so much ice cream.	这个冰淇淋不是草莓味的。	zhè ge bīng qí lín bú shì cǎo méi wèi de 。	This ice cream is not strawberry flavoured.	我喜欢草莓味的冰淇淋。	wǒ xǐ huān cǎo méi wèi de bīng qí lín 。	I like strawberry ice cream.
1487	桃花	这是啦，我们要去拍桃花	zhè shì la ， wǒ men yào qù pāi táo huā		哈哈那你以后要小心给他挡点桃花啦	hā hā nà nǐ yǐ hòu yào xiǎo xīn gěi tā dǎng diǎn táo huā la		去 把桃花	qù   bǎ táo huā	
1488	宝贝儿	听到那句宝贝儿什么都值了	tīng dào nà jù bǎo bèi ér shén me dōu zhí le		宝贝儿不管怎么样我都觉得好听	bǎo bèi ér bù guǎn zěn me yàng wǒ dōu jué de hǎo tīng		宝贝儿咱们以后再见	bǎo bèi ér zán men yǐ hòu zài jiàn	
1489	懂事	在你这个年纪你应该要更懂事。	zài nǐ zhè ge nián jì nǐ yīng gāi yào gèng dǒng shì 。	You ought to know better at your age.	你们这些家伙真不懂事。	nǐ men zhè xiē jiā huo zhēn bù dǒng shì 。	You guys are totally clueless.	他已经长大该懂事了。	tā yǐ jīng zhǎng dà gāi dǒng shì le 。	He is old enough to know better.
1490	哄	他试着哄他老婆开心，但他没做到。	tā shì zhe hǒng tā lǎo pó kāi xīn ， dàn tā méi zuò dào 。	He tried to cheer up his wife, but wasn't able to.	才不呢，我想他那样做只不过是想哄老婆高兴。	cái bù ne ， wǒ xiǎng tā nà yàng zuò zhǐ bù guò shì xiǎng hǒng lǎo pó gāo xìng 。	No, I think he just does those things because he wants to please his wife.	汤姆哄玛丽做他的作业。	tāng mǔ hǒng mǎ lì zuò tā de zuò yè 。	Tom tricked Mary into doing his work for him.
1491	顺	我最近呼吸不太顺	wǒ zuì jìn hū xī bù tài shùn		这里好像不太顺	zhè lǐ hǎo xiàng bù tài shùn		你不认为他们 是顺这爬下的吗？	nǐ bù rèn wéi tā men   shì shùn zhè pá xià de ma ？	
1492	七夕	那次七夕事件中 我们穿越时光	nà cì qī xī shì jiàn zhōng   wǒ men chuān yuè shí guāng		每年七夕都是一只狗子	měi nián qī xī dōu shì yī zhǐ gǒu zi		哪里哪里，祝你七夕快乐	nǎ lǐ nǎ lǐ ， zhù nǐ qī xī kuài lè	
1493	地震	但是地震仍然是最可怕的事。	dàn shì dì zhèn réng rán shì zuì kě pà de shì 。	But earthquakes are still as frightening as ever.	昨晚我们这里发生了地震。	zuó wǎn wǒ men zhè lǐ fā shēng le dì zhèn 。	We had an earthquake last night.	今天早上发生了地震。	jīn tiān zǎo shàng fā shēng le dì zhèn 。	There was an earthquake this morning.
1494	般	我拒绝被像一个孩子般对待。	wǒ jù jué bèi xiàng yí gè hái zi bān duì dài 。	I refuse to be treated like a child.	男人的脸像小孩般红了起来。	nán rén de liǎn xiàng xiǎo hái bān hóng le qǐ lái 。	The man blushed like a boy.	他孩子般的笑很迷人。	tā hái zi bān de xiào hěn mí rén 。	His childlike laugh is charming.
1495	心脏	农民是国家的心脏。	nóng mín shì guó jiā de xīn zàng 。	Farmers are the heart of a country.	他心脏停止了跳动, 随即死亡。	tā xīn zàng tíng zhǐ le tiào dòng ,   suí jí sǐ wáng 。	His heart stopped beating and he died immediately.	小心脏啊，不要再砰砰跳了！	xiǎo xīn zàng a ， bú yào zài pēng pēng tiào le ！	Calm down your beating, oh, my heart!
1496	喃	你为什么没让我过去，喃？	nǐ wèi shén me méi ràng wǒ guò qù ， nán ？		哈哈。没有复习。看其他的书！这次没报。你喃？	hā hā 。 méi yǒu fù xí 。 kàn qí tā de shū ！ zhè cì méi bào 。 nǐ nán ？		8号左右你们喃	8 hào zuǒ yòu nǐ men nán	
1497	流浪	那你过来我们一起去流浪啊	nà nǐ guò lái wǒ men yì qǐ qù liú làng a		想告诉你，我要开始流浪了	xiǎng gào sù nǐ ， wǒ yào kāi shǐ liú làng le		流浪不是流浪地球，是那个	liú làng bú shì liú làng dì qiú ， shì nà ge	
1498	腹肌	他的腹肌他的手都是男的啊	tā de fù jī tā de shǒu dōu shì nán de a		而且是什么是你那个腹肌啊	ér qiě shì shén me shì nǐ nà ge fù jī a		作为篮球教练体育老师！没有腹肌	zuò wéi lán qiú jiào liàn tǐ yù lǎo shī ！ méi yǒu fù jī	
1499	抄袭	这个画面该是抄袭《毕业生》的	zhè ge huà miàn gāi shì chāo xí 《 bì yè shēng 》 de		其实是作者抄袭啦不是电视剧	qí shí shì zuò zhě chāo xí la bú shì diàn shì jù		很正常啊，一般抄袭的游戏都很多	hěn zhèng cháng a ， yì bān chāo xí de yóu xì dōu hěn duō	
1500	真是的	你咋还能心情不好呀！真是的！	nǐ zǎ hái néng xīn qíng bù hǎo ya ！ zhēn shì de ！		真是的,你每次都这么粗心.	zhēn shì de , nǐ měi cì dōu zhè me cū xīn .		真是的,我已经道歉了	zhēn shì de , wǒ yǐ jīng dào qiàn le	
1501	五月天	后悔没到重庆来看五月天	hòu huǐ méi dào chóng qìng lái kàn wǔ yuè tiān		然后后来还有五月天唱歌。	rán hòu hòu lái hái yǒu wǔ yuè tiān chàng gē 。		你什么时候这么喜欢五月天了。	nǐ shén me shí hòu zhè me xǐ huān wǔ yuè tiān le 。	
1502	意识	语言就是意识。	yǔ yán jiù shì yì shí 。	Language is awareness.	4月2日是世界提高自闭症意识日。	4 yuè 2 rì shì shì jiè tí gāo zì bì zhèng yì shí rì 。	April 2nd is World Autism Awareness Day.	他在意外发生的三个小时后恢复意识。	tā zài yì wài fā shēng de sān gè xiǎo shí hòu huī fù yì shí 。	He regained consciousness three hours after the accident.
1503	咋的	作家老是你咋的了这是	zuò jiā lǎo shì nǐ zǎ de le zhè shì		作家老师你咋的了	zuò jiā lǎo shī nǐ zǎ de le		哈哈咋的想我了啊	hā hā zǎ de xiǎng wǒ le a	
1504	山西	最后一笔是从山西寄的	zuì hòu yī bǐ shì cóng shān xī jì de		对，我就感觉山西很少。	duì ， wǒ jiù gǎn jué shān xī hěn shǎo 。		我也能听懂山西的	wǒ yě néng tīng dǒng shān xī de	
1505	防晒	夏天哪里都热做好防晒就行	xià tiān nǎ lǐ dōu rè zuò hǎo fáng shài jiù xíng		难得带伞抹防晒。好难得呀	nán dé dài sǎn mǒ fáng shài 。 hǎo nán dé ya		我给你带来些防晒能力.	wǒ gěi nǐ dài lái xiē fáng shài néng lì .	
1506	军队	日本的军队在当时很强。	rì běn de jūn duì zài dāng shí hěn qiáng 。	Japan's army was very powerful.	政府应该彻底加强军队建设！	zhèng fǔ yīng gāi chè dǐ jiā qiáng jūn duì jiàn shè ！	The government should strengthen their army once and for all!	许多老百姓加入了军队。	xǔ duō lǎo bǎi xìng jiā rù le jūn duì 。	A great number of citizens went into the army.
1507	心痛	自从你走后，我就心痛不止	zì cóng nǐ zǒu hòu ， wǒ jiù xīn tòng bù zhǐ		没开学没回沈阳心痛	méi kāi xué méi huí shěn yáng xīn tòng		好吧，心痛你一分钟	hǎo ba ， xīn tòng nǐ yì fēn zhōng	
1508	带给	你能带给我一些水吗？	nǐ néng dài gěi wǒ yī xiē shuǐ ma ？	Could you bring me some water?	画画能带给我很多乐趣，也能让我放松自己。	huà huà néng dài gěi wǒ hěn duō lè qù ， yě néng ràng wǒ fàng sōng zì jǐ 。	Drawing is a lot of fun; it helps me to relax.	把它带给我。	bǎ tā dài gěi wǒ 。	Bring it to me.
1509	地狱	欢迎来到地狱。	huān yíng lái dào dì yù 。	Welcome to hell!	地狱什么样？	dì yù shén me yàng ？	What is hell like?	你的灵魂已坠进了地狱。	nǐ de líng hún yǐ zhuì jìn le dì yù 。	Your soul has been condemned to hell.
1510	废	但是爸爸找到一些废塑料	dàn shì bà bà zhǎo dào yī xiē fèi sù liào		好极了 要是我 都能废了J啊	hǎo jí le   yào shì wǒ   dōu néng fèi le J a		宝贝儿你本来就是废的	bǎo bèi ér nǐ běn lái jiù shì fèi de	
1511	合	最合逻辑的放鞋处是门口附近。	zuì hé luó jí de fàng xié chù shì mén kǒu fù jìn 。	The most logical place to keep your shoes is near the door.	那个店里没有合我尺寸的帽子。	nà ge diàn lǐ méi yǒu hé wǒ chǐ cùn de mào zi 。	There were no hats in that store that fit me.	你跟老板合得来吗？	nǐ gēn lǎo bǎn hé de lái ma ？	Do you get along with your boss?
1512	充实	不过你能追求更充实的生活	bù guò nǐ néng zhuī qiú gèng chōng shí de shēng huó		可能是充实自己的生活的话。	kě néng shì chōng shí zì jǐ de shēng huó de huà 。		让我充实 当我跟你在一起时	ràng wǒ chōng shí   dāng wǒ gēn nǐ zài yì qǐ shí	
1513	开开心心	我终于明白他可以开开心心.	wǒ zhōng yú míng bái tā kě yǐ kāi kāi xīn xīn .		每个人都开开心心的 只有我	měi gè rén dōu kāi kāi xīn xīn de   zhǐ yǒu wǒ		亲爱的新年里要开开心心的喔	qīn ài de xīn nián lǐ yào kāi kāi xīn xīn de ō	
1514	欺骗	什么意思，他竟然一直在欺骗我！	shén me yì si ， tā jìng rán yì zhí zài qī piàn wǒ ！	I ask you, he's been cheating me!	那个我以为诚实的男孩欺骗了我。	nà ge wǒ yǐ wéi chéng shí de nán hái qī piàn le wǒ 。	The boy I thought was honest deceived me.	不要欺骗你自己。	bú yào qī piàn nǐ zì jǐ 。	Don't kid yourself.
1515	球员	他明显是队里最厉害的球员。	tā míng xiǎn shì duì lǐ zuì lì hài de qiú yuán 。	He is clearly the team's best player.	汤姆不是我们队里最棒的球员。	tāng mǔ bú shì wǒ men duì lǐ zuì bàng de qiú yuán 。	Tom isn't the best player on our team.	我们球队有一个摩洛哥球员。	wǒ men qiú duì yǒu yí gè mó luò gē qiú yuán 。	Our team has a Moroccan player.
1516	溜达	不过没有一个出来溜达的	bù guò méi yǒu yí gè chū lái liū dá de		这个晚上谁不是随意溜达	zhè ge wǎn shàng shuí bú shì suí yì liū dá		下午想去溜达溜达这么多人啊	xià wǔ xiǎng qù liū dá liū dá zhè me duō rén a	
1517	电池	这些电池都没电了。	zhè xiē diàn chí dōu méi diàn le 。	These batteries are all dead.	这电池快要没电了。	zhè diàn chí kuài yào méi diàn le 。	This battery is going to run out.	电池快没电了。	diàn chí kuài méi diàn le 。	The battery is low.
1518	上厕所	我要去上厕所。	wǒ yào qù shàng cè suǒ 。	I have to go to the toilet.	她在上厕所。	tā zài shàng cè suǒ 。	She's in the restroom.	我要上厕所。	wǒ yào shàng cè suǒ 。	I have to go to the toilet.
1519	队伍	不好意思，请问这是什么队伍？	bù hǎo yì sī ， qǐng wèn zhè shì shén me duì wǔ ？	Excuse me, what queue is this?	我想要加入那个队伍。	wǒ xiǎng yào jiā rù nà ge duì wǔ 。	I want to join the team.	我喜欢在队伍里。	wǒ xǐ huān zài duì wǔ lǐ 。	I like being on the team.
1520	小白	不是小白不是特别厉害嘛	bú shì xiǎo bái bú shì tè bié lì hài ma		哈哈可惜今天直播没看到小白	hā hā kě xī jīn tiān zhí bō méi kàn dào xiǎo bái		小白是不是直接就上了	xiǎo bái shì bú shì zhí jiē jiù shàng le	
1521	黄金	黄金比铁重。	huáng jīn bǐ tiě zhòng 。	Gold is heavier than iron.	哪个比较重，铅还是黄金？	nǎ ge bǐ jiào zhòng ， qiān hái shì huáng jīn ？	Which is heavier, lead or gold?	黄金的价格每天波动。	huáng jīn de jià gé měi tiān bō dòng 。	The price of gold fluctuates daily.
1522	亲自	我从来没有亲自去过那里。	wǒ cóng lái méi yǒu qīn zì qù guò nà lǐ 。	I have never been there myself.	要申请的话，你得亲自去。	yào shēn qǐng de huà ， nǐ dé qīn zì qù 。	In order to apply, you have to go in person.	他需要和她亲自谈谈。	tā xū yào hé tā qīn zì tán tán 。	He needs to talk to her himself.
1523	食欲	想要减肥就必须控制食欲。	xiǎng yào jiǎn féi jiù bì xū kòng zhì shí yù 。	If you want to lose weight, then you need to control your appetite.	看见新鲜龙虾，我有了食欲。	kàn jiàn xīn xiān lóng xiā ， wǒ yǒu le shí yù 。	The sight of fresh lobster gave me an appetite.	我今天的食欲很好。	wǒ jīn tiān de shí yù hěn hǎo 。	I have a good appetite today.
1524	单车	刚想骑单车去，却下起雨了。	gāng xiǎng qí dān chē qù ， què xià qǐ yǔ le 。	I was thinking that I would go there by bicycle, but it began to rain.	有的(人)骑单车上学，其他(人)乘巴士。	yǒu de ( rén ) qí dān chē shàng xué ， qí tā ( rén ) chéng bā shì 。	Some go to school by bicycle, others go by bus.	他有一架单车。	tā yǒu yī jià dān chē 。	He has a bicycle.
1525	丽江	要不我们去丽江	yào bù wǒ men qù lì jiāng		地址是丽江哪里？	dì zhǐ shì lì jiāng nǎ lǐ ？		又去丽江了阿	yòu qù lì jiāng le ā	
1526	纹身	怎么你全身都没有一个纹身的？	zěn me nǐ quán shēn dōu méi yǒu yí gè wén shēn de ？		好像洗纹身会疼一点	hǎo xiàng xǐ wén shēn huì téng yì diǎn		我刚刚得到一个纹身。	wǒ gāng gāng dé dào yí gè wén shēn 。	
1527	小哥	嗯，然后顺便可以让外卖小哥。	ń ， rán hòu shùn biàn kě yǐ ràng wài mài xiǎo gē 。		怪不得觉得在哪见过小哥	guài bù dé jué de zài nǎ jiàn guò xiǎo gē		小哥又出现了？之前消失了	xiǎo gē yòu chū xiàn le ？ zhī qián xiāo shī le	
1528	生存	他自己的生存现在更重要了。	tā zì jǐ de shēng cún xiàn zài gèng zhòng yào le 。	His own survival is more important now.	鱼离开水就无法生存。	yú lí kāi shuǐ jiù wú fǎ shēng cún 。	Fish cannot live out of water.	没有水，我们无法生存。	méi yǒu shuǐ ， wǒ men wú fǎ shēng cún 。	Without water, we cannot exist.
1529	嘘	嘘…我正在思考人生	xū … wǒ zhèng zài sī kǎo rén shēng		嘘我偷偷给你带	xū wǒ tōu tōu gěi nǐ dài		嘘…这是个秘密	xū … zhè shì gè mì mì	
1530	残忍	我从来没想到他能做到那么残忍的事。	wǒ cóng lái méi xiǎng dào tā néng zuò dào nà me cán rěn de shì 。	I never thought he was capable of doing something so cruel.	太残忍了。	tài cán rěn le 。	That's very cruel.	他跟她说这样的话真是太残忍了。	tā gēn tā shuō zhè yàng de huà zhēn shì tài cán rěn le 。	It is cruel of him to say such things to her.
1531	赞同	你赞同他们的想法吗？	nǐ zàn tóng tā men de xiǎng fǎ ma ？	Do you agree with their ideas?	我完全赞同你。	wǒ wán quán zàn tóng nǐ 。	I agree with you absolutely.	我完全赞同。	wǒ wán quán zàn tóng 。	I wholeheartedly agree.
1532	奇迹	我能等奇迹发生，是不是？	wǒ néng děng qí jì fā shēng ， shì bú shì ？	I can hope for a miracle, can't I?	爱是人类文明的奇迹。	ài shì rén lèi wén míng de qí jì 。	Love is the miracle of civilization.	可惜我们不能像买土豆一样买奇迹。	kě xī wǒ men bù néng xiàng mǎi tǔ dòu yī yàng mǎi qí jì 。	It's a pity that you can't buy miracles like you would buy potatoes.
1533	恋	感觉恋…恋爱了	gǎn jué liàn … liàn ài le		失恋是常事最起码你还恋过	shī liàn shì cháng shì zuì qǐ mǎ nǐ hái liàn guò		是啊还好我不是熊熊恋	shì a hái hǎo wǒ bú shì xióng xióng liàn	
1534	平	那个小孩以为地球是平的。	nà ge xiǎo hái yǐ wéi dì qiú shì píng de 。	The child believes that the earth is flat.	他们以为地球是平的。	tā men yǐ wéi dì qiú shì píng de 。	They believed that the earth was flat.	以前的人以为地球是平的。	yǐ qián de rén yǐ wéi dì qiú shì píng de 。	It used to be thought that the earth was flat.
1535	发抖	你还在发抖。	nǐ hái zài fā dǒu 。	You're still shivering.	只跑了一点点，膝盖就开始发抖。	zhǐ pǎo le yì diǎn diǎn ， xī gài jiù kāi shǐ fā dǒu 。	All I did was run a little and now my knees are wobbly.	令人震惊的光景让了他吓得发抖。	lìng rén zhèn jīng de guāng jǐng ràng le tā xià dé fā dǒu 。	The terrible scene made him tremble in fear.
1536	噩梦	我经常做噩梦。	wǒ jīng cháng zuò è mèng 。	I often have nightmares.	我做噩梦了。	wǒ zuò è mèng le 。	I had a nightmare.	那是个噩梦。	nà shì gè è mèng 。	It was a nightmare.
1537	炖	那我自己把自己炖了吧	nà wǒ zì jǐ bǎ zì jǐ dùn le ba		爸爸炖的鱼就是好吃	bà bà dùn de yú jiù shì hǎo chī		只要只要汤炖得好，里面吃啥都好吃	zhǐ yào zhǐ yào tāng dùn dé hǎo ， lǐ miàn chī shá dōu hǎo chī	
1538	雷	我被雷劈了。	wǒ bèi léi pī le 。	I was struck by lightning.	你敢说那庙是个破庙.你不怕被雷劈了吗？	nǐ gǎn shuō nà miào shì gè pò miào . nǐ bù pà bèi léi pī le ma ？		山上的那棵高大的老核桃树被雷击中并起火了。	shān shàng de nà kē gāo dà de lǎo hé táo shù bèi léi jī zhòng bìng qǐ huǒ le 。	The large old walnut tree on the hill was struck by lightning and caught fire.
1539	齐	大家齐了。	dà jiā qí le 。	All were present.	齐里确实有一把刀。	qí lǐ què shí yǒu yī bǎ dāo 。	Ziri did have a knife.	齐里走回里面。	qí lǐ zǒu huí lǐ miàn 。	Ziri headed back inside.
1540	注定	这样的计划注定会失败的。	zhè yàng de jì huà zhù dìng huì shī bài de 。	Such a plan is bound to fail.	这种人注定失败。	zhè zhǒng rén zhù dìng shī bài 。	Such a man is bound to fail.	你注定失败。	nǐ zhù dìng shī bài 。	You're bound to fail.
1541	度过	去年他在海上度过了三个月。	qù nián tā zài hǎi shàng dù guò le sān gè yuè 。	Last year, he spent three months at sea.	我们和朋友一起度过周末。	wǒ men hé péng yǒu yì qǐ dù guò zhōu mò 。	We spent the weekend with friends.	你度过愉快的时光了吗？	nǐ dù guò yú kuài de shí guāng le ma ？	Did you have a good time?
1542	弱	弱之类的，帮它们就是那个	ruò zhī lèi de ， bāng tā men jiù shì nà ge		如果他装作很弱, 他有好牌.	rú guǒ tā zhuāng zuò hěn ruò ,   tā yǒu hǎo pái .		你死啊，自己喝！我弱着呢	nǐ sǐ a ， zì jǐ hē ！ wǒ ruò zhe ne	
1543	幻想	龙是人幻想出来的动物。	lóng shì rén huàn xiǎng chū lái de dòng wù 。	A dragon is a creature of fancy.	龙是人幻想出来的生物。	lóng shì rén huàn xiǎng chū lái de shēng wù 。	The dragon is an imaginary creature.	这只是幻想而已。	zhè zhǐ shì huàn xiǎng ér yǐ 。	That's just your imagination.
1544	方	蛋是圆的不是方的。	dàn shì yuán de bú shì fāng de 。	Eggs are round, not square.	非方矩阵的逆阵是一个危险的东西。	fēi fāng jǔ zhèn de nì zhèn shì yí gè wēi xiǎn de dōng xī 。	The inverse of a non-square matrix is a dangerous thing.	人们普遍认为吃得苦中苦，方为人上人。	rén men pǔ biàn rèn wéi chī dé kǔ zhōng kǔ ， fāng wéi rén shàng rén 。	It is generally accepted that a person cannot be successful in life without a lot of hard work.
1545	充电	我需要给手机充电。	wǒ xū yào gěi shǒu jī chōng diàn 。	I need to charge my mobile.	我得给它充电。	wǒ dé gěi tā chōng diàn 。	I need to charge it.	这附近有没有可以给手机充电的地方？	zhè fù jìn yǒu méi yǒu kě yǐ gěi shǒu jī chōng diàn de dì fāng ？	Is there a place where I can charge my cellphone around here?
1546	大四	我们大四就是实习啦没课了	wǒ men dà sì jiù shì shí xí la méi kè le		我大四时，和这个女孩约会了.	wǒ dà sì shí ， hé zhè ge nǚ hái yuē huì le .		啊大四了还这样！欺负人	a dà sì le hái zhè yàng ！ qī fù rén	
1547	型	运动型男生很受美国女学生欢迎。	yùn dòng xíng nán shēng hěn shòu měi guó nǚ xué shēng huān yíng 。	Athletic boys are very popular with American female students.	这是环保型产品。	zhè shì huán bǎo xíng chǎn pǐn 。	This product is environmentally friendly.	我的血型是A型血阳性。	wǒ de xuè xíng shì A xíng xuè yáng xìng 。	My blood type is A positive.
1548	体现	在这里这是一种完美的体现	zài zhè lǐ zhè shì yī zhǒng wán měi de tǐ xiàn		我担心她无法用裙子体现出	wǒ dān xīn tā wú fǎ yòng qún zi tǐ xiàn chū		所体现也就是属于我们这个	suǒ tǐ xiàn yě jiù shì shǔ yú wǒ men zhè ge	
1549	平衡	我认为要保持平衡。	wǒ rèn wéi yào bǎo chí píng héng 。	I think there's a balance to be had.	在结冰的街道上我们很难保持平衡。	zài jié bīng de jiē dào shàng wǒ men hěn nán bǎo chí píng héng 。	It is hard to keep our balance on icy streets.	Tom失去平衡并跌到了。	T o m shī qù píng héng bìng diē dào le 。	Tom lost his balance and fell.
1550	握	你在哪里和他们握的手？	nǐ zài nǎ lǐ hé tā men wò de shǒu ？	Where did you shake hands with them?	我和她握了手。	wǒ hé tā wò le shǒu 。	I shook hands with her.	那些赞同的人握着他们的手。	nà xiē zàn tóng de rén wò zhe tā men de shǒu 。	All those in favor held up their hands.
1551	香港	我不是坐飞机去香港的。	wǒ bú shì zuò fēi jī qù xiāng gǎng de 。	I didn't go to Hong Kong by plane.	她在香港有很多朋友。	tā zài xiāng gǎng yǒu hěn duō péng yǒu 。	She has many friends in Hong Kong.	明天我要从香港去趟内地。	míng tiān wǒ yào cóng xiāng gǎng qù tàng nèi dì 。	Tomorrow, I am coming back from Hong Kong to the mainland.
1552	教官	然后教官就会让我们唱大点	rán hòu jiào guān jiù huì ràng wǒ men chàng dà diǎn		我们教官我们教官是大二的。	wǒ men jiào guān wǒ men jiào guān shì dà èr de 。		我们女教官让我们在那个	wǒ men nǚ jiào guān ràng wǒ men zài nà ge	
1553	拜	我需要休息 伙计，拜?	wǒ xū yào xiū xī   huǒ jì ， bài ?		我也要开始拜咯。	wǒ yě yào kāi shǐ bài gē 。		以后说，拜	yǐ hòu shuō ， bài	
1554	尾巴	孩子抓住了猫的尾巴。	hái zi zhuā zhù le māo de wěi ba 。	The child caught the cat by the tail.	有没有尾巴的猫。	yǒu méi yǒu wěi ba de māo 。	There are cats without tails.	狗跟着主人，摇着尾巴。	gǒu gēn zhe zhǔ rén ， yáo zhe wěi ba 。	The dog followed its owner, wagging its tail.
1555	枚	他半夜给了我一枚戒指。	tā bàn yè gěi le wǒ yī méi jiè zhǐ 。	He gave me a ring at midnight.	我需要先放一枚硬币吗？	wǒ xū yào xiān fàng yī méi yìng bì ma ？	Do I need to put a coin in first?	她认出那枚胸针是她几个月前丢失的。	tā rèn chū nà méi xiōng zhēn shì tā jǐ gè yuè qián diū shī de 。	She recognized the brooch as the one she had lost a few months before.
1556	迷茫	但是他们的迷茫和失败	dàn shì tā men de mí máng hé shī bài		然后迷茫半天哎呀算了	rán hòu mí máng bàn tiān āi yā suàn le		但是他们的迷茫和失败.	dàn shì tā men de mí máng hé shī bài .	
1557	应	毕竟，我应认真相信些什么？	bì jìng ， wǒ yīng rèn zhēn xiāng xìn xiē shén me ？	In the end, what must I really believe in?	您本应左转的。	nín běn yīng zuǒ zhuǎn de 。	You should've turned left.	我应放更多盐。	wǒ yīng fàng gèng duō yán 。	I should've added more salt.
1558	意大利	那个意大利作家在日本不太出名。	nà ge yì dà lì zuò jiā zài rì běn bù tài chū míng 。	That Italian author is little known in Japan.	你什么时候回意大利？	nǐ shén me shí hòu huí yì dà lì ？	When will you come back to Italy?	您什么时候回意大利？	nín shén me shí hòu huí yì dà lì ？	When are you going back to Italy?
1559	最爱	当然是，同样他的最爱也是我	dāng rán shì ， tóng yàng tā de zuì ài yě shì wǒ		一＊最爱 一我有点担心那家伙	yī ＊ zuì ài   yī wǒ yǒu diǎn dān xīn nà jiā huo		每个人都希望为自己的最爱做些事	měi gè rén dōu xī wàng wèi zì jǐ de zuì ài zuò xiē shì	
1560	难以	你会发现难以满足她。	nǐ huì fā xiàn nán yǐ mǎn zú tā 。	You'll find it difficult to meet her requirements.	有时他让我难以理解。	yǒu shí tā ràng wǒ nán yǐ lǐ jiě 。	I don't understand him sometimes.	我难以解决这问题。	wǒ nán yǐ jiě jué zhè wèn tí 。	It's difficult for me to solve this problem.
1561	有缘	你还别说 咱俩还真有缘	nǐ hái bié shuō   zán liǎ hái zhēn yǒu yuán		有缘没有份也许一次都不会遇见	yǒu yuán méi yǒu fèn yě xǔ yī cì dōu bú huì yù jiàn		我碰到你真是有缘	wǒ pèng dào nǐ zhēn shì yǒu yuán	
1562	统一	大叔那天在你底下统一回复	dà shū nà tiān zài nǐ dǐ xià tǒng yī huí fù		工资不会扣，学校统一发的	gōng zī bú huì kòu ， xué xiào tǒng yī fā de		我们现在统一管早餐啦	wǒ men xiàn zài tǒng yī guǎn zǎo cān la	
1563	天亮	是我会一直气，气到天亮	shì wǒ huì yì zhí qì ， qì dào tiān liàng		天亮了就搭飞机回去	tiān liàng le jiù dā fēi jī huí qù		冬天可天亮的晚	dōng tiān kě tiān liàng de wǎn	
1564	摇	狗跟着主人，摇着尾巴。	gǒu gēn zhe zhǔ rén ， yáo zhe wěi ba 。	The dog followed its owner, wagging its tail.	狗摇著尾巴跟著主人。	gǒu yáo zhù wěi ba gēn zhù zhǔ rén 。	The dog followed its master, wagging its tail.	他摇了摇儿子的肩。	tā yáo le yáo ér zi de jiān 。	He shook his son by the shoulder.
1565	买买	这种车喜欢就买买有钱任性	zhè zhǒng chē xǐ huān jiù mǎi mǎi yǒu qián rèn xìng		你偶尔出去买买东西会死么？	nǐ ǒu ěr chū qù mǎi mǎi dōng xī huì sǐ me ？		买买，再不养看我揍不揍你	mǎi mǎi ， zài bù yǎng kàn wǒ zòu bù zòu nǐ	
1566	观点	我们可以从几个观点来考虑这个问题。	wǒ men kě yǐ cóng jǐ gè guān diǎn lái kǎo lǜ zhè ge wèn tí 。	We can consider the problem from several standpoints.	我同意他的观点。	wǒ tóng yì tā de guān diǎn 。	I agree with his opinion.	这完全是两个不同的观点。	zhè wán quán shì liǎng gè bù tóng de guān diǎn 。	Those two ideas are quite distinct.
1567	家族	我们会再回到这个家族吗？	wǒ men huì zài huí dào zhè ge jiā zú ma ？		回去做什么生意？家族生意？	huí qù zuò shén me shēng yì ？ jiā zú shēng yì ？		加入我们单身家族吧	jiā rù wǒ men dān shēn jiā zú ba	
1568	期间	他在那个事件期间支持我们。	tā zài nà ge shì jiàn qī jiān zhī chí wǒ men 。	He backed us up during that incident.	我暑假期间几乎天天游泳。	wǒ shǔ jià qī jiān jī hū tiān tiān yóu yǒng 。	I went swimming almost every day during the summer holidays.	在这期间，情况发生了巨大变化。	zài zhè qī jiān ， qíng kuàng fā shēng le jù dà biàn huà 。	Meanwhile, the circumstances have changed drastically.
1569	公开	公开表示你对某人的爱。	gōng kāi biǎo shì nǐ duì mǒu rén de ài 。	Publicly express your love for someone.	工作越公开，批评就越多。	gōng zuò yuè gōng kāi ， pī píng jiù yuè duō 。	The more public the work, the more criticism you receive.	秘密的礼物公开的奖励。	mì mì de lǐ wù gōng kāi de jiǎng lì 。	Secret gifts are openly rewarded.
1570	黑人	你爱我只是因为我是个黑人吗？	nǐ ài wǒ zhǐ shì yīn wèi wǒ shì gè hēi rén ma ？	Do you love me just because I'm black?	他喜欢黑人。	tā xǐ huān hēi rén 。	He likes black people.	她的新男朋友是黑人。	tā de xīn nán péng yǒu shì hēi rén 。	Her new boyfriend is black.
1571	快手	刚开始快快手是一个	gāng kāi shǐ kuài kuài shǒu shì yí gè		快手不光只有你一个?	kuài shǒu bù guāng zhǐ yǒu nǐ yí gè ?		好多人都在快手上	hǎo duō rén dōu zài kuài shǒu shàng	
1572	失踪	他们都在寻找这个失踪的孩子。	tā men dōu zài xún zhǎo zhè ge shī zōng de hái zi 。	They all looked for the lost child.	失踪的猫还没被找到。	shī zōng de māo hái méi bèi zhǎo dào 。	The missing cat has not been found yet.	很多人依旧失踪。	hěn duō rén yī jiù shī zōng 。	Many people are still missing.
1573	情人	历史是生活的情人。	lì shǐ shì shēng huó de qíng rén 。	History is life's lover.	有人看见他和情人在饭店吃饭。	yǒu rén kàn jiàn tā hé qíng rén zài fàn diàn chī fàn 。	She was seen at a restaurant with her lover.	你是我的理想情人。	nǐ shì wǒ de lǐ xiǎng qíng rén 。	You're the girl of my dreams.
1574	春	哎哟，阿姨出去踩春啦	āi yō ， ā yí chū qù cǎi chūn la		去卖个春算了	qù mài gè chūn suàn le		原来现在夏春秋不报了 他早就不报了	yuán lái xiàn zài xià chūn qiū bù bào le   tā zǎo jiù bù bào le	
1575	牺牲	约翰牺牲自己的健康，完成工作。	yuē hàn xī shēng zì jǐ de jiàn kāng ， wán chéng gōng zuò 。	John finished the work at the expense of his health.	士兵们已经准备好为国牺牲了。	shì bīng men yǐ jīng zhǔn bèi hǎo wèi guó xī shēng le 。	The soldiers were ready to die for their country.	他即使牺牲生命，也要出卖组织。	tā jí shǐ xī shēng shēng mìng ， yě yào chū mài zǔ zhī 。	Even though it costs his life, he still chooses to betray his organization.
1576	淡	这太淡了。	zhè tài dàn le 。	This is tasteless.	淡啤酒是一种酒精含量低的啤酒。	dàn pí jiǔ shì yī zhǒng jiǔ jīng hán liàng dī de pí jiǔ 。	Pale ale is a low-alcohol beer.	台湾菜比印度菜口味淡。	tái wān cài bǐ yìn dù cài kǒu wèi dàn 。	Taiwanese food is milder than Indian food.
1577	倒霉	我真的很倒霉！	wǒ zhēn de hěn dǎo méi ！	How unlucky I am!	他倒霉透了。	tā dǎo méi tòu le 。	He is shit out of luck.	他倒霉极了。	tā dǎo méi jí le 。	He is shit out of luck.
1578	合理	Tom用合理的价格买了相机。	T o m yòng hé lǐ de jià gé mǎi le xiàng jī 。	Tom bought this camera for a reasonable price.	他的观点是合理的。	tā de guān diǎn shì hé lǐ de 。	His argument is rational.	你那样做是合理的。	nǐ nà yàng zuò shì hé lǐ de 。	It's reasonable that you should do that.
1579	神秘	你为什么这么神秘？	nǐ wèi shén me zhè me shén mì ？	Why are you being so secretive?	自然充满了神秘。	zì rán chōng mǎn le shén mì 。	Nature is full of mysteries.	蒙娜丽莎有着神秘的微笑。	méng nà lì shā yǒu zhe shén mì de wēi xiào 。	The Mona Lisa has an enigmatic smile.
1580	心动	他就是让你心动的男人吗？	tā jiù shì ràng nǐ xīn dòng de nán rén ma ？		是心动真的，不是很配就是那种	shì xīn dòng zhēn de ， bú shì hěn pèi jiù shì nà zhǒng		遇到自己心动的男人，就不这样了	yù dào zì jǐ xīn dòng de nán rén ， jiù bù zhè yàng le	
1581	十斤	要瘦十斤么~就回到最好状态	yào shòu shí jīn me ~ jiù huí dào zuì hǎo zhuàng tài		纠结的！再掉十斤差不多	jiū jié de ！ zài diào shí jīn chà bu duō		唉什么瘦十斤还是人吗！不还是鱼吗？！	āi shén me shòu shí jīn hái shì rén ma ！ bù hái shì yú ma ？ ！	
1582	矮油	矮油 听你唱JB的歌真是有趣	ǎi yóu   tīng nǐ chàng J B de gē zhēn shì yǒu qù		矮油，你不要那么直接呀	ǎi yóu ， nǐ bú yào nà me zhí jiē ya		矮油。不错啊。打算考哪儿	ǎi yóu 。 bù cuò a 。 dǎ suàn kǎo nǎ ér	
1583	麻辣	而麻辣夫人，结果是餐厅的 Drayer太太	ér má là fū rén ， jié guǒ shì cān tīng de   D r a y e r tài tài		你们还记得麻辣夫人吗？	nǐ men hái jì de má là fū rén ma ？		其实我比较喜欢麻辣的。	qí shí wǒ bǐ jiào xǐ huān má là de 。	
1584	螃蟹	哈哈什么螃蟹你在说什么	hā hā shén me páng xiè nǐ zài shuō shén me		噢有螃蟹可以抓这么神奇？	ō yǒu páng xiè kě yǐ zhuā zhè me shén qí ？		为什么不吃螃蟹呢？	wèi shén me bù chī páng xiè ne ？	
1585	呸	呸又不是好看的小哥哥	pēi yòu bú shì hǎo kàn de xiǎo gē gē		知道是谁吗就敢随便呸	zhī dào shì shuí ma jiù gǎn suí biàn pēi		呸，我男票去外地溜达	pēi ， wǒ nán piào qù wài dì liū dá	
1586	傲娇	傲娇这几天又降温了变得快	ào jiāo zhè jǐ tiān yòu jiàng wēn le biàn dé kuài		你这家伙故意装作傲娇的性格	nǐ zhè jiā huo gù yì zhuāng zuò ào jiāo de xìng gé		你心出去了身体傲娇了	nǐ xīn chū qù le shēn tǐ ào jiāo le	
1587	女王	她给人一种女王的感觉。	tā gěi rén yī zhǒng nǚ wáng de gǎn jué 。	She makes people feel like queens.	他向女王鞠躬。	tā xiàng nǚ wáng jū gōng 。	He bowed to the Queen.	国王死后，艾莎成为了女王。	guó wáng sǐ hòu ， ài shā chéng wéi le nǚ wáng 。	After the king's death Elsa became queen.
1588	出轨	我曾经出轨过一次 上帝原谅我	wǒ céng jīng chū guǐ guò yī cì   shàng dì yuán liàng wǒ		呃，出轨这个你怎么看嘞	è ， chū guǐ zhè ge nǐ zěn me kàn lei		只是被说说的出轨了	zhǐ shì bèi shuō shuō de chū guǐ le	
1589	可恶	去和游戏过吧你可恶啊	qù hé yóu xì guò ba nǐ kě wù a		可恶 她为什么和那个男人在一起	kě wù   tā wèi shén me hé nà ge nán rén zài yì qǐ		可恶 之后到底是什么	kě wù   zhī hòu dào dǐ shì shén me	
1590	年代	这年代已经没几个学生用铅笔了。	zhè nián dài yǐ jīng méi jǐ gè xué shēng yòng qiān bǐ le 。	Few students use pencils these days.	这些废墟年代久远。	zhè xiē fèi xū nián dài jiǔ yuǎn 。	These ruins are ancient.	我那个年代的学生大多不读书，但考试却不会不合格。	wǒ nà ge nián dài de xué shēng dà duō bù dú shū ， dàn kǎo shì què bú huì bù hé gé 。	In our time, there were many students who passed the graduation exam without studying.
1591	精力	他把全部精力放到实验中了。	tā bǎ quán bù jīng lì fàng dào shí yàn zhōng le 。	All his energies were devoted to the experiment.	已经花费了很多的时间和精力。	yǐ jīng huā fèi le hěn duō de shí jiān hé jīng lì 。	A considerable amount of time and effort have been spent already.	Tom没有花费精力去打扮自己。	T o m méi yǒu huā fèi jīng lì qù dǎ bàn zì jǐ 。	Tom doesn't pay much attention to how he dresses.
1592	恶心	他们觉得很恶心。	tā men jué de hěn ě xīn 。	They had nausea.	不要这么恶心。	bú yào zhè me ě xīn 。	Don't be so disgusting.	我有点恶心。	wǒ yǒu diǎn ě xīn 。	I feel sick.
1593	欧洲	请问在欧洲最高的山是哪儿呢？	qǐng wèn zài ōu zhōu zuì gāo de shān shì nǎ ér ne ？	What is the tallest mountain in Europe?	我想去欧洲的某个地方。	wǒ xiǎng qù ōu zhōu de mǒu gè dì fāng 。	I want to go somewhere in Europe.	我对欧洲历史很熟悉。	wǒ duì ōu zhōu lì shǐ hěn shú xī 。	I know the history of Europe very well.
1594	保存	我为你保存这些东西。	wǒ wèi nǐ bǎo cún zhè xiē dōng xī 。	I've been saving these for you.	他们保存了这建筑。	tā men bǎo cún le zhè jiàn zhù 。	They have preserved the building.	他要求我保存秘密。	tā yāo qiú wǒ bǎo cún mì mì 。	He requested me to keep it secret.
1595	面子	不是一分钟面子都不给我们吧？	bú shì yì fēn zhōng miàn zi dōu bù gěi wǒ men ba ？		说你不会给我面子的	shuō nǐ bú huì gěi wǒ miàn zi de		长官，不是一分钟面子都不给我们吧？	zhǎng guān ， bú shì yì fēn zhōng miàn zi dōu bù gěi wǒ men ba ？	
1596	全程	跑完全程 不然你就被当了	pǎo wán quán chéng   bù rán nǐ jiù bèi dāng le		与大家一起全程关注这次任务。	yǔ dà jiā yì qǐ quán chéng guān zhù zhè cì rèn wù 。		全程英文交流毫无压力	quán chéng yīng wén jiāo liú háo wú yā lì	
1597	他人	您觉得您无法与他人交流吗？	nín jué de nín wú fǎ yǔ tā rén jiāo liú ma ？	Do you feel like you cannot connect with other people?	我没事写点句子让他人学习。	wǒ méi shì xiě diǎn jù zi ràng tā rén xué xí 。	I've got nothing to do, so I'm writing some sentences for other people to learn.	在上课时不要与他人讲话。	zài shàng kè shí bú yào yǔ tā rén jiǎng huà 。	Do not talk to others during class!
1598	打完	打完电话就消失，我讨厌这样	dǎ wán diàn huà jiù xiāo shī ， wǒ tǎo yàn zhè yàng		你们是半年打完还是一年。	nǐ men shì bàn nián dǎ wán hái shì yī nián 。		哈哈刚刚打完篮球的他	hā hā gāng gāng dǎ wán lán qiú de tā	
1599	玩具	她买了一个玩具给她的孩子。	tā mǎi le yí gè wán jù gěi tā de hái zi 。	She bought a toy for her child.	她的玩具是被她妹妹弄坏的。	tā de wán jù shì bèi tā mèi mèi nòng huài de 。	Her toy was broken by her little sister.	这个玩具汽车是装电池的。	zhè ge wán jù qì chē shì zhuāng diàn chí de 。	This toy car runs on batteries.
1600	清明	不如过清明才来	bù rú guò qīng míng cái lái		因为清明回去了	yīn wèi qīng míng huí qù le		清明是这样的	qīng míng shì zhè yàng de	
