rank	word	lccc_count	opensub_count	magicdata_count	blend_score	sentence_1	pinyin_1	sentence_2	pinyin_2	sentence_3	pinyin_3
1	哈哈	924482	3192	10	29905.01	哈哈哈哈对	hā hā hā hā duì	哈哈想到了	hā hā xiǎng dào le	哈哈我也是	hā hā wǒ yě shì
2	呀	360147	71329	5515	16242.98	去哪儿呀	qù nǎ ér ya	你几点飞呀	nǐ jǐ diǎn fēi ya	请个假呀怪猫	qǐng gè jiǎ ya guài māo
3	啦	424286	56385	653	14846.59	你发现啦	nǐ fā xiàn la	结婚啦？	jié hūn la ？	你们干嘛啦	nǐ men gàn ma la
4	嘛	269517	39354	7761	14433.53	好嘛好麻	hǎo ma hǎo má	确定嘛？	què dìng ma ？	你们干嘛啦	nǐ men gàn ma la
5	哦	264838	92388	3250	11898.25	你也加油哦	nǐ yě jiā yóu ó	哦了，呵呵。	ó le ， hē hē 。	哼，不行哦？	hēng ， bù xíng ó ？
6	么	261478	37390	38	8936.54	你回家了么	nǐ huí jiā le me	你要养着么	nǐ yào yǎng zhe me	茄子好吃么	jiā zi hǎo chī me
7	啥	202085	12245	2108	8102.25	我装啥了	wǒ zhuāng shá le	打算换啥？	dǎ suàn huàn shá ？	去找啥宝啥猫	qù zhǎo shá bǎo shá māo
8	是不是	123276	36832	762	4954.69	宝宝你是不是傻	bǎo bǎo nǐ shì bù shì shǎ	是不是有点突兀啊	shì bù shì yǒu diǎn tū wù a	你是不是减肥失败了	nǐ shì bù shì jiǎn féi shī bài le
9	是的	86892	114518	398	4501.68	嗯，是的	ń ， shì de	恩，是的	ēn ， shì de	是的是的	shì de shì de
10	呃	10070	19056	5162	4046.88	呃好吧。	è hǎo ba 。	呃彼此彼此	è bǐ cǐ bǐ cǐ	次呃厕死我所	cì è cè sǐ wǒ suǒ
11	哈	116958	6142	208	3994.37	拼一哈么	pīn yī hā me	姐也要快哈	jiě yě yào kuài hā	哈哈哈。真逗了	hā hā hā 。 zhēn dòu le
12	人家	59854	7225	2161	3481.78	等着人家哟！	děng zhe rén jiā yō ！	人家一直都这样	rén jiā yī zhí dōu zhè yàng	人家都没结婚还小	rén jiā dōu méi jié hūn hái xiǎo
13	哎	65675	4362	1403	3122.48	哎。。。	āi 。 。 。	鱼糕，哎	yú gāo ， āi	哎各有各的好	āi gè yǒu gè de hǎo
14	反正	43929	8639	2319	3091.70	反正就有	fǎn zhèng jiù yǒu	反正是要考试	fǎn zhèng shì yào kǎo shì	反正又不是真的	fǎn zhèng yòu bù shì zhēn de
15	咋	76895	1618	334	2729.12	你咋用的	nǐ zǎ yòng de	咋了呀你	zǎ le ya nǐ	我没咋呀	wǒ méi zǎ ya
16	求	72908	16262	28	2576.24	欲求不满	yù qiú bù mǎn	求个原图	qiú gè yuán tú	集体去求	jí tǐ qù qiú
17	哥	73113	10984	93	2560.98	学友哥啊	xué yǒu gē a	哥好大一堆啊	gē hǎo dà yī duī a	龙哥怕变圆吗	lóng gē pà biàn yuán ma
18	嗯嗯	73800	303	226	2539.88	嗯嗯嗯?	ń ń ń ?	嗯嗯嗯！	ń ń ń ！	嗯嗯！！	ń ń ！ ！
19	咯	70455	2785	31	2331.14	羡慕我咯	xiàn mù wǒ gē	你们太甜咯	nǐ men tài tián gē	换个屏幕咯	huàn gè píng mù gē
20	还好	52446	23771	319	2205.33	那还好啦	nà hái hǎo la	还好人没事	hái hǎo rén méi shì	你们最近还好吧	nǐ men zuì jìn hái hǎo ba
21	超	62884	4551	143	2184.22	纹身超酷	wén shēn chāo kù	脸还超小	liǎn hái chāo xiǎo	超喜欢她	chāo xǐ huān tā
22	亲	60971	4743	65	2072.17	晓得！亲	xiǎo dé ！ qīn	没有了亲	méi yǒu le qīn	亲，在几楼	qīn ， zài jǐ lóu
23	呵呵	62048	2349	1	2033.94	哦呵呵呵	ó hē hē hē	东宝贝呵呵	dōng bǎo bèi hē hē	呵呵呵。。	hē hē hē 。 。
24	期待	59912	4205	41	2015.07	期待期待	qī dài qī dài	期待阿！	qī dài ā ！	你在期待吗	nǐ zài qī dài ma
25	黑	52529	7108	192	1914.70	变黑壮熊	biàn hēi zhuàng xióng	知道你黑	zhī dào nǐ hēi	黑你个幕	hēi nǐ gè mù
26	姐	54948	2371	103	1873.75	三姐吃瓜	sān jiě chī guā	召唤娴娴姐	zhào huàn xián xián jiě	姐也要快哈	jiě yě yào kuài hā
27	嘿嘿	56437	959	3	1836.75	嘿嘿行呗	hēi hēi xíng bei	嘿嘿嘿嘿嘿	hēi hēi hēi hēi hēi	嘿嘿嘿害羞	hēi hēi hēi hài xiū
28	搞	33549	26816	504	1757.81	怎么搞的？	zěn me gǎo de ？	最近怎搞的汗	zuì jìn zěn gǎo de hàn	这么文艺搞么	zhè me wén yì gǎo me
29	赞	52685	1628	17	1733.35	先赞为敬	xiān zàn wèi jìng	已点回赞	yǐ diǎn huí zàn	要不要赞	yào bù yào zàn
30	阿	51483	3302	0	1703.91	一起阿!	yī qǐ ā !	上海热阿	shàng hǎi rè ā	神回复阿	shén huí fù ā
31	几天	48195	6295	99	1701.82	就用几天	jiù yòng jǐ tiān	好晚军训几天	hǎo wǎn jūn xùn jǐ tiān	小长假是几天	xiǎo zhǎng jiǎ shì jǐ tiān
32	噢	35781	38077	79	1683.32	小心点噢	xiǎo xīn diǎn ō	包不包睡噢	bāo bù bāo shuì ō	技术不错噢	jì shù bù cuò ō
33	诶	29438	2075	1036	1675.91	诶？我去看看	éi ？ wǒ qù kàn kàn	我自己都不造诶	wǒ zì jǐ dōu bù zào éi	大疆出了新飞机诶！	dà jiāng chū le xīn fēi jī éi ！
34	超级	46401	4378	179	1674.00	超级好看！	chāo jí hǎo kàn ！	看完超级压抑	kàn wán chāo jí yā yì	超级超级甜的！	chāo jí chāo jí tián de ！
35	哟	48704	2569	17	1616.50	不用谢哟	bù yòng xiè yō	28回的哟	2 8 huí de yō	加油加油哟	jiā yóu jiā yóu yō
36	减肥	42252	707	343	1604.96	你减肥么？	nǐ jiǎn féi me ？	为什么要减肥	wèi shén me yào jiǎn féi	我需要减肥吗	wǒ xū yào jiǎn féi ma
37	妈	20648	28744	795	1561.58	妈呀，这么好	mā ya ， zhè me hǎo	我妈都不管我哎	wǒ mā dōu bù guǎn wǒ āi	哈哈，当妈肯定咯	hā hā ， dāng mā kěn dìng gē
38	居然	44097	7108	44	1542.47	你居然还在	nǐ jū rán hái zài	你居然好这口	nǐ jū rán hǎo zhè kǒu	你居然有腿毛	nǐ jū rán yǒu tuǐ máo
39	呗	43321	1173	181	1535.95	嘿嘿行呗	hēi hēi xíng bei	看情况呗	kàn qíng kuàng bei	加个好友呗	jiā gè hǎo yǒu bei
40	恭喜	43860	6358	7	1500.50	恭喜大大	gōng xǐ dà dà	恭喜恭喜	gōng xǐ gōng xǐ	亲，恭喜你	qīn ， gōng xǐ nǐ
41	为啥	40401	1524	204	1461.53	为啥？？	wèi shá ？ ？	为啥。。。	wèi shá 。 。 。	为啥节食？	wèi shá jié shí ？
42	嘻嘻	45173	60	0	1459.72	嘻嘻老杜	xī xī lǎo dù	爱你嘻嘻	ài nǐ xī xī	嘻嘻。啵啵	xī xī 。 bō bō
43	咱	32278	3618	546	1456.11	咱俩好互补	zán liǎ hǎo hù bǔ	咱俩一样好吧	zán liǎ yī yàng hǎo ba	咱俩差不多得了	zán liǎ chà bù duō dé le
44	唉	35400	2681	407	1451.45	唉…我都系	āi … wǒ dōu xì	唉，估计是	āi ， gū jì shì	唉！新年快乐	āi ！ xīn nián kuài lè
45	丑	40406	1991	113	1406.09	你长得真丑	nǐ zhǎng dé zhēn chǒu	太丑了啊。	tài chǒu le a 。	黑老丑熊。	hēi lǎo chǒu xióng 。
46	宝宝	41225	4279	10	1391.52	晚安宝宝	wǎn ān bǎo bǎo	超美宝宝宝	chāo měi bǎo bǎo bǎo	馋死宝宝了	chán sǐ bǎo bǎo le
47	亲爱的	26198	34240	25	1289.56	早，亲爱的	zǎo ， qīn ài de	亲爱的注意安全	qīn ài de zhù yì ān quán	亲爱的，晚安！	qīn ài de ， wǎn ān ！
48	杀	9585	60401	312	1272.63	头像杀马特	tóu xiàng shā mǎ tè	我要杀你两刀	wǒ yào shā nǐ liǎng dāo	杀了我谁付钱	shā le wǒ shuí fù qián
49	哎呀	21432	3408	745	1237.52	哎呀哎呀	āi ya āi ya	哎呀好害羞	āi ya hǎo hài xiū	别纠结啦哎呀	bié jiū jié la āi ya
50	恩	36111	5406	4	1236.34	恩过来人	ēn guò lái rén	恩，是的	ēn ， shì de	恩。好的！	ēn 。 hǎo de ！
51	啊啊	37313	348	14	1218.90	啊啊啊？	a a a ？	讨厌啊啊	tǎo yàn a a	啊啊啊啊啊！	a a a a a ！
52	没错	19734	39697	84	1188.59	没错没错	méi cuò méi cuò	嗯嗯，没错	ń ń ， méi cuò	没错！！！	méi cuò ！ ！ ！
53	白	31294	5186	132	1164.42	变白！！	biàn bái ！ ！	就是白布	jiù shì bái bù	洗牙不变白	xǐ yá bù biàn bái
54	蛮	25635	2601	432	1151.94	蛮可爱的	mán kě ài de	小同学蛮？	xiǎo tóng xué mán ？	蛮大的屏幕	mán dà de píng mù
55	哒	35526	92	0	1148.55	嗯嗯好哒	ń ń hǎo dá	嘿嘿哒！	hēi hēi dá ！	好哒谢谢	hǎo dá xiè xiè
56	毕竟	23246	2915	529	1144.17	毕竟双子座	bì jìng shuāng zi zuò	毕竟是冬天啊	bì jìng shì dōng tiān a	毕竟没体验过	bì jìng méi tǐ yàn guò
57	什么的	13330	5386	939	1131.43	叫个小偷什么的吧	jiào gè xiǎo tōu shén me de ba	外星人什么的吗？	wài xīng rén shén me de ma ？	裤子什么的都是浮云	kù zi shén me de dōu shì fú yún
58	剪	32800	2104	52	1120.67	头发剪了	tóu fā jiǎn le	头发剪了啊？	tóu fā jiǎn le a ？	我不停的想剪	wǒ bù tíng de xiǎng jiǎn
59	干嘛	22772	26617	72	1115.67	小妞，在干嘛？	xiǎo niū ， zài gàn ma ？	干嘛翻我老围脖	gàn ma fān wǒ lǎo wéi bó	呵呵！在干嘛呢？	hē hē ！ zài gàn ma ne ？
60	宿舍	26289	1212	372	1115.26	宿舍都门禁了	sù shě dōu mén jìn le	我都在宿舍了	wǒ dōu zài sù shě le	放你宿舍试试	fàng nǐ sù shě shì shì
61	额	32800	1597	8	1084.65	额。。。	é 。 。 。	==。。额	= = 。 。 é	额，萌么？	é ， méng me ？
62	喔	26691	17204	7	1081.10	秀幸福喔	xiù xìng fú ō	去哪里喔？	qù nǎ lǐ ō ？	都好喔!!	dōu hǎo ō ! !
63	骂	27379	2714	220	1066.58	大鱼该骂	dà yú gāi mà	就是想骂你	jiù shì xiǎng mà nǐ	我明天等着被骂	wǒ míng tiān děng zhe bèi mà
64	根本	17588	22508	314	1060.39	根本没有来	gēn běn méi yǒu lái	根本没回来啊	gēn běn méi huí lái a	唉可不是么根本不会啊	āi kě bù shì me gēn běn bù huì a
65	不然	27264	9361	85	1054.55	不然我去站街哦	bù rán wǒ qù zhàn jiē ó	多吃点不然会心疼的	duō chī diǎn bù rán huì xīn téng de	给宝宝唱歌不然咋睡	gěi bǎo bǎo chàng gē bù rán zǎ shuì
66	分手	27377	3999	156	1039.33	分手了？	fēn shǒu le ？	分手大师	fēn shǒu dà shī	被分手？	bèi fēn shǒu ？
67	头像	31486	119	17	1029.88	你的头像	nǐ de tóu xiàng	你换头像了	nǐ huàn tóu xiàng le	头像增可爱	tóu xiàng zēng kě ài
68	妹子	30780	459	28	1018.74	目测妹子	mù cè mèi zi	这个妹子是谁	zhè gè mèi zi shì shuí	妹子今儿穿的啥	mèi zi jīn ér chuān de shá
69	能不能	25638	10574	84	1016.47	你能不能上天啊	nǐ néng bù néng shàng tiān a	能不能换个活页的？	néng bù néng huàn gè huó yè de ？	你能不能发定时醒我？	nǐ néng bù néng fā dìng shí xǐng wǒ ？
70	以	12121	25330	458	1016.18	当然阔以	dāng rán kuò yǐ	阔以阔以	kuò yǐ kuò yǐ	以我为主。	yǐ wǒ wèi zhǔ 。
71	祝福	30002	2127	12	1003.59	祝福楠楠！	zhù fú nán nán ！	此时此刻、祝福你	cǐ shí cǐ kè 、 zhù fú nǐ	祝福你俩早早分手	zhù fú nǐ liǎ zǎo zǎo fēn shǒu
72	木有	31050	58	0	1003.56	木有爱心	mù yǒu ài xīn	木有小老婆	mù yǒu xiǎo lǎo pó	亲穿起木有啊	qīn chuān qǐ mù yǒu a
73	可怜	25647	9360	84	1001.64	可怜的我	kě lián de wǒ	好可怜呀	hǎo kě lián ya	可怜的娃儿	kě lián de wá ér
74	熬夜	16769	275	664	993.21	你竟然熬夜	nǐ jìng rán áo yè	竟然不熬夜	jìng rán bù áo yè	这不叫熬夜	zhè bù jiào áo yè
75	嗨	17390	32549	34	990.09	一样嗨啊	yī yàng hāi a	挺嗨的哦	tǐng hāi de ó	起来嗨！	qǐ lái hāi ！
76	好玩	24167	5733	201	987.63	不好玩..	bù hǎo wán . .	厦门好玩么	shà mén hǎo wán me	那么好玩啊	nà me hǎo wán a
77	如何	17462	29902	73	985.77	如何到位么	rú hé dào wèi me	如何去虾线	rú hé qù xiā xiàn	这头像如何	zhè tóu xiàng rú hé
78	如此	20289	24546	28	979.97	原来如此	yuán lái rú cǐ	如此狠心	rú cǐ hěn xīn	希望如此	xī wàng rú cǐ
79	喂	16320	33942	43	978.96	你真的好喂	nǐ zhēn de hǎo wèi	本来就不该喂	běn lái jiù bù gāi wèi	你两个在一起喂	nǐ liǎng gè zài yī qǐ wèi
80	爸	14683	19064	377	966.19	我爸报的	wǒ bà bào de	你爸是人妖？	nǐ bà shì rén yāo ？	<爸我回来了>?	< bà wǒ huí lái le > ?
81	宝贝	20531	22108	19	951.34	八个宝贝	bā gè bǎo bèi	懂事的宝贝	dǒng shì de bǎo bèi	有爱的宝贝	yǒu ài de bǎo bèi
82	明明	26397	2849	78	940.70	明明不是	míng míng bù shì	明明就一样	míng míng jiù yī yàng	明明是成语	míng míng shì chéng yǔ
83	推荐	25504	1494	143	938.85	推荐自己	tuī jiàn zì jǐ	推荐零度可乐	tuī jiàn líng dù kě lè	推荐谁让你心痴	tuī jiàn shuí ràng nǐ xīn chī
84	追	20253	7583	279	936.91	一起追星追起来。	yī qǐ zhuī xīng zhuī qǐ lái 。	要不要我来追你？	yào bù yào wǒ lái zhuī nǐ ？	我现在又追一部百合动漫	wǒ xiàn zài yòu zhuī yī bù bǎi hé dòng màn
85	呐	23932	3562	158	923.97	完了！人呐！	wán le ！ rén nà ！	来你呐臭嗨啊	lái nǐ nà chòu hāi a	爱我呐爱我呐	ài wǒ nà ài wǒ nà
86	简直	23797	9461	51	920.87	简直不能再想	jiǎn zhí bù néng zài xiǎng	简直说到心坎里	jiǎn zhí shuō dào xīn kǎn lǐ	哈哈简直了，请举例	hā hā jiǎn zhí le ， qǐng jǔ lì
87	早安	26866	3845	0	915.61	小窝早安	xiǎo wō zǎo ān	早安小鱼	zǎo ān xiǎo yú	早安深深	zǎo ān shēn shēn
88	有钱	22485	5289	180	913.60	有钱银！	yǒu qián yín ！	任性加有钱	rèn xìng jiā yǒu qián	我比他有钱	wǒ bǐ tā yǒu qián
89	算了	22229	10518	92	911.07	算了我不看了	suàn le wǒ bù kàn le	算了，太累了	suàn le ， tài lèi le	人丑还是算了吧	rén chǒu hái shì suàn le ba
90	撒	26722	1674	30	904.16	就撒就撒	jiù sā jiù sā	朋友开的撒	péng yǒu kāi de sā	给我我一个撒	gěi wǒ wǒ yī gè sā
91	心疼	27308	201	26	902.03	心疼你哦	xīn téng nǐ ó	心疼自己	xīn téng zì jǐ	哎心疼心疼	āi xīn téng xīn téng
92	知	16839	19304	137	876.82	知我者老大也	zhī wǒ zhě lǎo dà yě	是啊不知怎么回事	shì a bù zhī zěn me huí shì	尴尬了，我一概不知	gān gà le ， wǒ yī gài bù zhī
93	眼	21533	7801	117	871.62	你眼瞎啊	nǐ yǎn xiā a	你是我的眼	nǐ shì wǒ de yǎn	睁眼？眼呢？	zhēng yǎn ？ yǎn ne ？
94	想想	18293	10850	206	865.03	只能想想	zhǐ néng xiǎng xiǎng	想想就好了	xiǎng xiǎng jiù hǎo le	还是想想想	hái shì xiǎng xiǎng xiǎng
95	绝对	18248	14702	134	862.97	绝对没有	jué duì méi yǒu	绝对无愧于	jué duì wú kuì yú	可以绝对可以	kě yǐ jué duì kě yǐ
96	夸	25886	552	27	861.16	人家夸我	rén jiā kuā wǒ	夸我吗！	kuā wǒ ma ！	当我夸你了	dāng wǒ kuā nǐ le
97	老婆	19467	12161	119	860.56	七万多老婆	qī wàn duō lǎo pó	老婆我放假了	lǎo pó wǒ fàng jiǎ le	你不是有老婆么	nǐ bù shì yǒu lǎo pó me
98	抢	21607	6038	119	853.40	垃圾也要抢？	lā jī yě yào qiǎng ？	我喜欢，抢过来	wǒ xǐ huān ， qiǎng guò lái	我抢到了正常版	wǒ qiǎng dào le zhèng cháng bǎn
99	会不会	22238	5394	99	852.25	今晚你会不会来	jīn wǎn nǐ huì bù huì lái	浅色会不会突兀	qiǎn sè huì bù huì tū wù	会不会变爆米花？	huì bù huì biàn bào mǐ huā ？
100	确定	16790	22398	40	848.30	我不确定	wǒ bù què dìng	确定嘛？	què dìng ma ？	你确定你不行	nǐ què dìng nǐ bù xíng
101	傻	22191	6914	66	847.40	你不傻么	nǐ bù shǎ me	因为你傻	yīn wèi nǐ shǎ	你是不是傻	nǐ shì bù shì shǎ
102	仙女	25567	487	12	839.92	变成仙女	biàn chéng xiān nǚ	我是仙女	wǒ shì xiān nǚ	偶遇小仙女	ǒu yù xiǎo xiān nǚ
103	嘿	5211	53604	5	839.46	嘿你在啊	hēi nǐ zài a	嘿嘿嘿！	hēi hēi hēi ！	嘿真的吗	hēi zhēn de ma
104	女神	25071	1446	15	837.87	你太女神	nǐ tài nǚ shén	全民女神	quán mín nǚ shén	熊女神！	xióng nǚ shén ！
105	那时候	8270	3771	774	836.51	那时候才下班	nà shí hòu cái xià bān	人家那时候在上海	rén jiā nà shí hòu zài shàng hǎi	快点到那时候吧！	kuài diǎn dào nà shí hòu ba ！
106	对象	22014	2228	140	833.25	先找对象	xiān zhǎo duì xiàng	晒对象了	shài duì xiàng le	求爆对象照片	qiú bào duì xiàng zhào piàn
107	老板	19017	11602	109	832.31	好的老板	hǎo de lǎo bǎn	石老板…！	shí lǎo bǎn … ！	顾老板最美丽	gù lǎo bǎn zuì měi lì
108	骗	19814	9868	91	824.30	骗你干嘛	piàn nǐ gàn ma	才没骗回复	cái méi piàn huí fù	我什么时候骗你了	wǒ shén me shí hòu piàn nǐ le
109	比如说	953	1782	1134	818.41	比如说？	bǐ rú shuō ？	比如说。。	bǐ rú shuō 。 。	比如说呢？	bǐ rú shuō ne ？
110	成都	24647	42	32	818.16	我在成都	wǒ zài chéng dōu	来成都三	lái chéng dōu sān	不在成都了	bù zài chéng dōu le
111	可怕	18871	9750	111	805.87	可怕可怕	kě pà kě pà	太可怕了	tài kě pà le	可怕的男人	kě pà de nán rén
112	抱抱	24602	736	1	804.43	抱抱抱晗	bào bào bào hán	抱抱抱！	bào bào bào ！	来抱抱我	lái bào bào wǒ
113	要不	20706	3668	127	800.17	要不明晚	yào bù míng wǎn	要不别走了	yào bù bié zǒu le	要不你一起来	yào bù nǐ yī qǐ lái
114	哼	23167	2184	36	799.74	哼不喊我	hēng bù hǎn wǒ	就是有哼	jiù shì yǒu hēng	哼，不理你们	hēng ， bù lǐ nǐ men
115	火锅	21489	273	146	795.99	刚刚吃了火锅	gāng gāng chī le huǒ guō	来重庆吃火锅	lái zhòng qìng chī huǒ guō	冬天该吃火锅了	dōng tiān gāi chī huǒ guō le
116	鬼	18416	10636	76	778.59	鬼怕你了	guǐ pà nǐ le	恩爱什么鬼	ēn ài shén me guǐ	装鬼的前奏	zhuāng guǐ de qián zòu
117	长大	18862	6594	127	777.07	长大好多	zhǎng dà hǎo duō	真的长大了	zhēn de zhǎng dà le	因为我长大了呗	yīn wèi wǒ zhǎng dà le bei
118	明星	8763	3964	658	776.54	明星吗？	míng xīng ma ？	我又不是明星	wǒ yòu bù shì míng xīng	明星大侦探吗？	míng xīng dà zhēn tàn ma ？
119	乖	21804	4404	12	767.18	乖是假象	guāi shì jiǎ xiàng	妹妹好乖	mèi mèi hǎo guāi	学妹好乖	xué mèi hǎo guāi
120	老公	20708	4333	64	766.00	他有老公	tā yǒu lǎo gōng	也是我老公	yě shì wǒ lǎo gōng	我老公最美	wǒ lǎo gōng zuì měi
121	晒	22117	1049	57	765.87	晒对象了	shài duì xiàng le	晒成2了	shài chéng 2 le	一起晒太阳	yī qǐ shài tài yáng
122	猪	20663	4579	43	753.43	你是猪！	nǐ shì zhū ！	又不是猪	yòu bù shì zhū	褪猪吗？	tuì zhū ma ？
123	抓	14740	15063	129	750.79	哇！抓你！	wa ！ zhuā nǐ ！	我帮你抓蚊子了	wǒ bāng nǐ zhuā wén zi le	抓到了一串鸡翅	zhuā dào le yī chuàn jī chì
124	耍	21048	4024	24	746.13	包你吃和耍	bāo nǐ chī hé shuǎ	回来好生耍	huí lái hǎo shēng shuǎ	那好久去耍	nà hǎo jiǔ qù shuǎ
125	等等	7314	33726	131	744.80	等等等邓	děng děng děng dèng	-.-等等	- . - děng děng	哦，等等等	ó ， děng děng děng
126	表白	21012	378	53	719.12	表白我哥	biǎo bái wǒ gē	表白了呀!	biǎo bái le ya !	你表白了吗？	nǐ biǎo bái le ma ？
127	翻	19485	2655	82	717.74	谢谢翻牌	xiè xiè fān pái	五年都不翻牌	wǔ nián dōu bù fān pái	你几时会翻？	nǐ jǐ shí huì fān ？
128	到时候	18042	2830	143	714.49	到时候咨询你	dào shí hòu zī xún nǐ	到时候联系你	dào shí hòu lián xì nǐ	你到时候可不能怂	nǐ dào shí hòu kě bù néng sǒng
129	真心	20891	1991	16	710.33	我是真心的	wǒ shì zhēn xīn de	嗯，真心好听	ń ， zhēn xīn hǎo tīng	真心不要脸呀	zhēn xīn bù yào liǎn ya
130	耶	17639	10286	17	709.31	秀恩爱耶	xiù ēn ài yé	你也快乐耶	nǐ yě kuài lè yé	不是，那是耶	bù shì ， nà shì yé
131	大哥	18582	6340	29	698.71	叫我大哥	jiào wǒ dà gē	憋客气大哥	biē kè qì dà gē	地址啊郑大哥	dì zhǐ a zhèng dà gē
132	道理	18142	3617	95	695.12	好有道理	hǎo yǒu dào lǐ	好有道理啊	hǎo yǒu dào lǐ a	也有道理哦！	yě yǒu dào lǐ ó ！
133	呆	15926	11815	46	692.61	你们呆几天	nǐ men dāi jǐ tiān	你呆过的地方	nǐ dāi guò de dì fāng	不回就呆西安么	bù huí jiù dāi xī ān me
134	话说	20735	1408	6	691.28	话说你工作怎么样了	huà shuō nǐ gōng zuò zěn me yàng le	话说澡该洗完了吧！	huà shuō zǎo gāi xǐ wán le ba ！	话说你和谁一起去的？	huà shuō nǐ hé shuí yī qǐ qù de ？
135	疯	13138	18169	52	685.77	胖轩疯了	pàng xuān fēng le	你定是疯了	nǐ dìng shì fēng le	熬药我疯！	áo yào wǒ fēng ！
136	直播	18339	1087	109	679.42	坐等直播	zuò děng zhí bō	求现场直播	qiú xiàn chǎng zhí bō	下次来一直播	xià cì lái yī zhí bō
137	又是	14616	7355	161	672.36	又是拍人	yòu shì pāi rén	你这又是哪里	nǐ zhè yòu shì nǎ lǐ	我今天又是夜班	wǒ jīn tiān yòu shì yè bān
138	理	18160	3791	56	671.55	哈哈不用理他	hā hā bù yòng lǐ tā	哼，不理你们	hēng ， bù lǐ nǐ men	才不会理我！	cái bù huì lǐ wǒ ！
139	表情	19309	2716	20	670.97	啵啵的表情	bō bō de biǎo qíng	生无可恋的表情	shēng wú kě liàn de biǎo qíng	看表情明明自愿	kàn biǎo qíng míng míng zì yuàn
140	单身	19403	1964	24	667.34	母胎单身嘛	mǔ tāi dān shēn ma	单身的我不懂	dān shēn de wǒ bù dǒng	不是啊，我单身	bù shì a ， wǒ dān shēn
141	未来	13328	9652	164	661.40	有预见未来的功能	yǒu yù jiàn wèi lái de gōng néng	未来是大猫，哈哈	wèi lái shì dà māo ， hā hā	太兴奋了规划了未来	tài xīng fèn le guī huà le wèi lái
142	么么哒	20382	8	2	659.74	么么哒楚楚	me me dá chǔ chǔ	啾啾么么哒	jiū jiū me me dá	日常么么哒	rì cháng me me dá
143	晓得	18490	2746	41	659.06	不晓得嘛	bù xiǎo dé ma	晓得！亲	xiǎo dé ！ qīn	好吧，晓得了	hǎo ba ， xiǎo dé le
144	重庆	19423	133	39	655.30	在重庆生活	zài zhòng qìng shēng huó	来重庆吃火锅	lái zhòng qìng chī huǒ guō	来重庆找我耍	lái zhòng qìng zhǎo wǒ shuǎ
145	浪	19789	551	7	650.73	你一浪一浪	nǐ yī làng yī làng	去哪儿浪啊	qù nǎ ér làng a	跟谁去浪了	gēn shuí qù làng le
146	身上	10254	15546	176	643.64	装备在身上嘛	zhuāng bèi zài shēn shàng ma	是都发我身上了。	shì dōu fā wǒ shēn shàng le 。	从你身上可以看得出	cóng nǐ shēn shàng kě yǐ kàn dé chū
147	肥	18552	1292	34	638.23	我惊食肥你	wǒ jīng shí féi nǐ	本来就肥了	běn lái jiù féi le	越来越肥咋办	yuè lái yuè féi zǎ bàn
148	吖	19538	84	0	632.08	对我好点吖	duì wǒ hǎo diǎn yā	生活不错吖	shēng huó bù cuò yā	你们回去了吖	nǐ men huí qù le yā
149	惨	15545	4242	114	631.86	可是累惨了	kě shì lèi cǎn le	真的是太惨了	zhēn de shì tài cǎn le	这么惨！哈哈！	zhè me cǎn ！ hā hā ！
150	咬	16630	5435	39	631.14	咬出来？	yǎo chū lái ？	你被咬了吗？	nǐ bèi yǎo le ma ？	握手里咬人吗？	wò shǒu lǐ yǎo rén ma ？
151	如	14202	8730	88	626.84	66如我	6 6 rú wǒ	如你所愿	rú nǐ suǒ yuàn	如图所示	rú tú suǒ shì
152	萌	19241	163	5	626.84	他很萌啊	tā hěn méng a	好萌啊！	hǎo méng a ！	太萌了。。	tài méng le 。 。
153	软件	9011	587	482	623.69	求翻墙软件	qiú fān qiáng ruǎn jiàn	想问什么软件	xiǎng wèn shén me ruǎn jiàn	P图软件叫什么	P tú ruǎn jiàn jiào shén me
154	来着	12019	2921	294	623.02	我说啥来着	wǒ shuō shá lái zhe	这啥歌来着	zhè shá gē lái zhe	下一句啥来着	xià yī jù shá lái zhe
155	嫉妒	17848	2407	14	615.88	太瘦嫉妒	tài shòu jí dù	嫉妒的人类	jí dù de rén lèi	才不嫉妒。	cái bù jí dù 。
156	精神	10055	8755	263	611.34	晚上就精神了	wǎn shàng jiù jīng shén le	上学时候好精神	shàng xué shí hòu hǎo jīng shén	你精神完整过？	nǐ jīng shén wán zhěng guò ？
157	失眠	18538	386	9	609.62	为啥失眠	wèi shá shī mián	失眠了。	shī mián le 。	失眠哈哈	shī mián hā hā
158	果然	17255	3324	14	608.15	果然系妇女！	guǒ rán xì fù nǚ ！	果然冻死鬼附身	guǒ rán dòng sǐ guǐ fù shēn	果然是不一样的	guǒ rán shì bù yī yàng de
159	嘞	12492	391	282	598.68	大的嘞！	dà de lei ！	好嘞没问题	hǎo lei méi wèn tí	好嘞，等你	hǎo lei ， děng nǐ
160	偷	12126	11168	100	598.27	想偷师么	xiǎng tōu shī me	偷东西不说了？	tōu dōng xī bù shuō le ？	偷苞米去了吧？	tōu bāo mǐ qù le ba ？
161	配	14932	2737	117	595.34	太配啦！	tài pèi la ！	配男朋友	pèi nán péng yǒu	嘁。。你配么	qī 。 。 nǐ pèi me
162	完了	11333	5772	229	592.50	军训完了？	jūn xùn wán le ？	有完没完了	yǒu wán méi wán le	完了！人呐！	wán le ！ rén nà ！
163	属于	7540	8210	351	582.72	殊荣属于你	shū róng shǔ yú nǐ	你这属于诈尸	nǐ zhè shǔ yú zhà shī	。。。属于他的管辖范围	。 。 。 shǔ yú tā de guǎn xiá fàn wéi
164	发型	16910	1351	29	582.56	换发型了啊	huàn fā xíng le a	换发型哦？	huàn fā xíng ó ？	那你的发型？	nà nǐ de fā xíng ？
165	学姐	16521	491	56	577.50	学姐好美	xué jiě hǎo měi	是的学姐	shì de xué jiě	谢谢学姐	xiè xiè xué jiě
166	就算	8883	11861	208	575.06	哈哈，就算	hā hā ， jiù suàn	哈哈这就算浪了	hā hā zhè jiù suàn làng le	那时候就算起床了	nà shí hòu jiù suàn qǐ chuáng le
167	个人	9966	5539	272	574.48	个人意见	gè rén yì jiàn	个人魅力	gè rén mèi lì	个人推荐小美	gè rén tuī jiàn xiǎo měi
168	又要	15182	2715	69	570.74	我又要来咯	wǒ yòu yào lái gē	我又要食！	wǒ yòu yào shí ！	亲，我又要玩	qīn ， wǒ yòu yào wán
169	坑	15320	999	91	568.67	那太坑啦	nà tài kēng la	面试遭坑？	miàn shì zāo kēng ？	可以的坑里等你	kě yǐ de kēng lǐ děng nǐ
170	尴尬	14512	2196	105	566.93	好尴尬啊	hǎo gān gà a	哦哦，尴尬	ó ó ， gān gà	大写的尴尬	dà xiě de gān gà
171	事儿	10545	4941	243	566.15	干正事儿	gàn zhèng shì ér	找事儿呢	zhǎo shì ér ne	你那事儿咋定的	nǐ nà shì ér zǎ dìng de
172	于	5752	16597	257	566.01	铭记于心	míng jì yú xīn	撩我于无形	liāo wǒ yú wú xíng	行走于江湖	xíng zǒu yú jiāng hú
173	救	5643	23838	127	564.95	弟弟救我	dì dì jiù wǒ	怎么救啊	zěn me jiù a	我来救你啊	wǒ lái jiù nǐ a
174	完美	12501	9086	70	564.19	素颜也完美	sù yán yě wán měi	完美的假动作	wán měi de jiǎ dòng zuò	不完美才可爱嘛	bù wán měi cái kě ài ma
175	倒是	13501	3879	118	564.02	哈哈倒是	hā hā dào shì	约你倒是来啊	yuē nǐ dào shì lái a	倒是像二二风格	dào shì xiàng èr èr fēng gé
176	脑子	14109	4290	79	562.45	脑子有病呗	nǎo zi yǒu bìng bei	你根本就没脑子	nǐ gēn běn jiù méi nǎo zi	带上脑子再说话	dài shàng nǎo zi zài shuō huà
177	替	10346	15234	55	561.06	替我多吃点	tì wǒ duō chī diǎn	很替你悲伤。	hěn tì nǐ bēi shāng 。	我在替你们考虑	wǒ zài tì nǐ men kǎo lǜ
178	吓	13687	6406	55	558.98	吓我一跳	xià wǒ yī tiào	被你吓跑	bèi nǐ xià pǎo	吓得就是你	xià dé jiù shì nǐ
179	恨	13929	7768	15	556.77	狗狗恨你	gǒu gǒu hèn nǐ	你是真恨吧	nǐ shì zhēn hèn ba	羡慕嫉妒恨	xiàn mù jí dù hèn
180	哦哦	16138	214	48	556.28	哦哦好滴	ó ó hǎo dī	哦哦哦哦！	ó ó ó ó ！	哦哦哦很稳	ó ó ó hěn wěn
181	愿	14400	6417	16	555.83	如你所愿	rú nǐ suǒ yuàn	愿你如愿	yuàn nǐ rú yuàn	愿早不愿晚	yuàn zǎo bù yuàn wǎn
182	敬业	17044	82	6	555.55	有敬业吗	yǒu jìng yè ma	我这么敬业	wǒ zhè me jìng yè	敬业没有了	jìng yè méi yǒu le
183	身材	15086	1626	71	555.42	身材真好	shēn cái zhēn hǎo	还得看身材	hái dé kàn shēn cái	身材辣么好！	shēn cái là me hǎo ！
184	明显	13787	5331	56	549.50	太明显了	tài míng xiǎn le	很明显啦	hěn míng xiǎn la	很明显嘛	hěn míng xiǎn ma
185	切	15089	2927	38	549.45	你切减肥唆	nǐ qiè jiǎn féi suō	药药，切克闹	yào yào ， qiè kè nào	切。。。舍不得	qiè 。 。 。 shě bù dé
186	堆	12737	5779	96	548.17	哥好大一堆啊	gē hǎo dà yī duī a	我提一大堆药啊	wǒ tí yī dà duī yào a	乱七八糟的一大堆	luàn qī bā zāo de yī dà duī
187	唯一	7267	19757	97	546.31	232唯一的直女	2 3 2 wéi yī de zhí nǚ	变化是唯一的解释	biàn huà shì wéi yī de jiě shì	寻找那个唯一！！	xún zhǎo nà gè wéi yī ！ ！
188	曾经	8647	13508	146	546.10	曾经的赌局	céng jīng de dǔ jú	感恩曾经有你	gǎn ēn céng jīng yǒu nǐ	是“曾经”。	shì “ céng jīng ” 。
189	伤害	7990	13377	177	544.18	互相伤害	hù xiāng shāng hài	一万点伤害	yī wàn diǎn shāng hài	互相伤害？	hù xiāng shāng hài ？
190	现实	10494	5325	204	542.96	现实恩恩	xiàn shí ēn ēn	太现实了你	tài xiàn shí le nǐ	现实压力好大	xiàn shí yā lì hǎo dà
191	恋爱	13953	2338	93	542.55	恋爱挺好	liàn ài tǐng hǎo	一直在恋爱	yī zhí zài liàn ài	我们恋爱吧	wǒ men liàn ài ba
192	千玺	15257	0	66	537.31	易烊千玺	yì yáng qiān xǐ	千玺大学霸	qiān xǐ dà xué bà	千玺，午安	qiān xǐ ， wǔ ān
193	酷	12901	6678	53	535.64	怼的真酷	duì de zhēn kù	纹身超酷	wén shēn chāo kù	要是不酷呢	yào shì bù kù ne
194	控制	9108	12241	131	535.08	我会控制。	wǒ huì kòng zhì 。	控制不住我的手	kòng zhì bù zhù wǒ de shǒu	那就控制一下吧	nà jiù kòng zhì yī xià ba
195	上帝	2418	36324	4	533.31	上帝保佑	shàng dì bǎo yòu	是上帝安排滴	shì shàng dì ān pái dī	我们的上帝真好	wǒ men de shàng dì zhēn hǎo
196	欺负	13456	2221	105	533.14	别欺负蛋蛋	bié qī fù dàn dàn	你欺负我。。。	nǐ qī fù wǒ 。 。 。	你被谁欺负了？	nǐ bèi shuí qī fù le ？
197	安慰	14935	1854	40	532.46	P安慰你	P ān wèi nǐ	我在找安慰	wǒ zài zhǎo ān wèi	谁来安慰我	shuí lái ān wèi wǒ
198	所以说	2632	530	653	532.37	所以说粒“妮”！二声	suǒ yǐ shuō lì “ nī ” ！ èr shēng	所以说编曲不是老林？	suǒ yǐ shuō biān qū bù shì lǎo lín ？	所以说，你那不是大学	suǒ yǐ shuō ， nǐ nà bù shì dà xué
199	枪	2123	28650	158	532.13	枪哥也在	qiāng gē yě zài	我们又躺枪咯	wǒ men yòu tǎng qiāng gē	警察不带枪么	jǐng chá bù dài qiāng me
200	啥的	5308	178	523	526.67	我还穿的外套啥的	wǒ hái chuān de wài tào shá de	这个包果然是去那啥的	zhè gè bāo guǒ rán shì qù nà shá de	体验卡铭文碎片钻石啥的没看清楚	tǐ yàn kǎ míng wén suì piàn zuān shí shá de méi kàn qīng chǔ
201	珍惜	15342	999	27	526.18	要珍惜你的肉	yào zhēn xī nǐ de ròu	懂得珍惜才配拥有	dǒng dé zhēn xī cái pèi yōng yǒu	恩。切行且珍惜。。。	ēn 。 qiè xíng qiě zhēn xī 。 。 。
202	闲	15012	859	45	525.93	对呀，闲的呗	duì ya ， xián de bei	并没有，很闲	bìng méi yǒu ， hěn xián	今天怎么这么闲	jīn tiān zěn me zhè me xián
203	保持	9439	13031	83	523.22	保持愉悦心情	bǎo chí yú yuè xīn qíng	我要保持身材	wǒ yào bǎo chí shēn cái	不错不错继续保持	bù cuò bù cuò jì xù bǎo chí
204	貌似	15712	845	5	521.36	国内貌似没有	guó nèi mào shì méi yǒu	重邮貌似13号	zhòng yóu mào shì 1 3 hào	想，但貌似不可能啊	xiǎng ， dàn mào shì bù kě néng a
205	搞笑	11163	1806	203	520.06	别搞笑。	bié gǎo xiào 。	太搞笑了	tài gǎo xiào le	舍友太搞笑了	shě yǒu tài gǎo xiào le
206	青春	13646	1251	87	515.04	青春！哎	qīng chūn ！ āi	青春无敌啦！	qīng chūn wú dí la ！	青春是什么！	qīng chūn shì shén me ！
207	家伙	2537	34507	2	513.17	没良心的家伙	méi liáng xīn de jiā huǒ	喜兴厌旧的家伙	xǐ xīng yàn jiù de jiā huǒ	这家伙，可哪跑啊	zhè jiā huǒ ， kě nǎ pǎo a
208	系	11786	3287	134	512.05	系幸福。	xì xìng fú 。	系抹茶啊	xì mǒ chá a	吓的就系你	xià de jiù xì nǐ
209	痛苦	11264	9767	37	510.45	我今天更痛苦了	wǒ jīn tiān gèng tòng kǔ le	是痛苦不堪的心	shì tòng kǔ bù kān de xīn	热热的，好痛苦	rè rè de ， hǎo tòng kǔ
210	寝室	12030	174	175	508.83	刚到寝室	gāng dào qǐn shì	寝室有人否	qǐn shì yǒu rén fǒu	我到寝室了	wǒ dào qǐn shì le
211	武汉	15389	45	15	507.71	撩我武汉	liāo wǒ wǔ hàn	回武汉了吗	huí wǔ hàn le ma	你咋回武汉了	nǐ zǎ huí wǔ hàn le
212	实话	11040	5646	119	507.22	实话实话	shí huà shí huà	我说实话	wǒ shuō shí huà	，实话啦	， shí huà la
213	西安	14711	50	46	506.80	西安热么？	xī ān rè me ？	不回就呆西安么	bù huí jiù dāi xī ān me	我还要去西安！	wǒ hái yào qù xī ān ！
214	算是	7702	5885	272	505.66	嗯，算是吧	ń ， suàn shì ba	行算是钓到我了	xíng suàn shì diào dào wǒ le	跟我们的比算是的	gēn wǒ men de bǐ suàn shì de
215	吐	13463	3893	33	505.59	吃了想吐	chī le xiǎng tǔ	对吃吐了	duì chī tǔ le	差点吐了	chà diǎn tǔ le
216	贴	13527	1979	64	504.74	双眼皮是贴的？	shuāng yǎn pí shì tiē de ？	老婆贴个暖宝宝	lǎo pó tiē gè nuǎn bǎo bǎo	我们寝室没地方贴	wǒ men qǐn shì méi dì fāng tiē
217	状态	10412	4366	164	501.37	要提前调整状态	yào tí qián diào zhěng zhuàng tài	这么悲惨的状态	zhè me bēi cǎn de zhuàng tài	这不是还没进去状态	zhè bù shì hái méi jìn qù zhuàng tài
218	自由	9661	12031	54	498.35	自由注定	zì yóu zhù dìng	一点也自由	yī diǎn yě zì yóu	自由真好！	zì yóu zhēn hǎo ！
219	享受	11462	6403	71	497.89	享受到不行	xiǎng shòu dào bù xíng	哥还在享受假期	gē hái zài xiǎng shòu jiǎ qī	喝了，享受不了。	hē le ， xiǎng shòu bù le 。
220	之类	3372	3945	500	495.54	或者打包蛋糕之类的	huò zhě dǎ bāo dàn gāo zhī lèi de	去三饭弄点馒头之类的	qù sān fàn nòng diǎn mán tóu zhī lèi de	有没啥宝宝玩具之类的推荐	yǒu méi shá bǎo bǎo wán jù zhī lèi de tuī jiàn
221	女孩子	9189	3301	232	494.50	女孩子嘛	nǚ hái zi ma	你是女孩子嘛	nǐ shì nǚ hái zi ma	都是女孩子啊	dōu shì nǚ hái zi a
222	一会	12156	6409	30	492.70	一会给你	yī huì gěi nǐ	一会去金钱豹	yī huì qù jīn qián bào	我一会到厦门	wǒ yī huì dào shà mén
223	瞎	13985	2128	21	492.37	你眼瞎啊	nǐ yǎn xiā a	你瞎了吧	nǐ xiā le ba	你瞎啊。	nǐ xiā a 。
224	人类	4558	15861	218	491.95	嫉妒的人类	jí dù de rén lèi	愚蠢的人类	yú chǔn de rén lèi	你非人类啊你	nǐ fēi rén lèi a nǐ
225	少女	14045	2108	15	490.00	少女你好	shǎo nǚ nǐ hǎo	少女女神！	shǎo nǚ nǚ shén ！	少女的酥胸	shǎo nǚ de sū xiōng
226	英雄	4313	6842	391	488.45	英雄的黎明！	yīng xióng de lí míng ！	英雄迟暮波儿	yīng xióng chí mù bō ér	英雄来嘛撑死你啊	yīng xióng lái ma chēng sǐ nǐ a
227	煮	11966	2388	105	487.09	煮饺子吗?	zhǔ jiǎo zi ma ?	我是煮着吃的哈哈	wǒ shì zhǔ zhe chī de hā hā	煮过才吃啊...	zhǔ guò cái chī a . . .
228	特	12229	1338	111	486.56	你也特讨厌	nǐ yě tè tǎo yàn	你更特讨厌	nǐ gèng tè tǎo yàn	开心撒特了	kāi xīn sā tè le
229	胸	14061	1623	13	483.13	喜欢这胸	xǐ huān zhè xiōng	胸也平了	xiōng yě píng le	你的胸呢？	nǐ de xiōng ne ？
230	帅哥	13734	1811	25	483.01	我要看帅哥	wǒ yào kàn shuài gē	昆工都帅哥	kūn gōng dōu shuài gē	你这个大帅哥	nǐ zhè gè dà shuài gē
231	节奏	13028	1135	68	480.81	走起的节奏	zǒu qǐ de jié zòu	跳舞的节奏	tiào wǔ de jié zòu	好疯狂的节奏	hǎo fēng kuáng de jié zòu
232	男神	14687	14	9	480.60	太男神了	tài nán shén le	男神来了	nán shén lái le	男神粗线	nán shén cū xiàn
233	俺	14388	894	2	477.18	俺家对门	ǎn jiā duì mén	俺悲催啊	ǎn bēi cuī a	俺哩义乌银	ǎn lī yì wū yín
234	深圳	14401	123	15	476.77	深圳等你	shēn zhèn děng nǐ	深圳28度	shēn zhèn 2 8 dù	去深圳不告诉我	qù shēn zhèn bù gào sù wǒ
235	报	10916	2643	133	475.26	我爸报的	wǒ bà bào de	先报三围再说	xiān bào sān wéi zài shuō	我是学校报的	wǒ shì xué xiào bào de
236	款	10403	1017	182	471.51	他穿很款	tā chuān hěn kuǎn	朋友有款	péng yǒu yǒu kuǎn	买情侣款嘻嘻	mǎi qíng lǚ kuǎn xī xī
237	一点点	9531	4088	167	471.48	才比你高一点点	cái bǐ nǐ gāo yī diǎn diǎn	有没有喝一点点	yǒu méi yǒu hē yī diǎn diǎn	木有，位置大一点点	mù yǒu ， wèi zhì dà yī diǎn diǎn
238	什么样	7822	6436	205	471.18	什么样的妹子	shén me yàng de mèi zi	活成什么样啊	huó chéng shén me yàng a	是么？长什么样？	shì me ？ zhǎng shén me yàng ？
239	晕	13064	1528	42	469.32	晕…哪像	yūn … nǎ xiàng	晕是真的	yūn shì zhēn de	我已经晕了	wǒ yǐ jīng yūn le
240	年纪	11317	3621	86	468.67	年纪大了	nián jì dà le	年纪轻轻不睡觉	nián jì qīng qīng bù shuì jué	年纪轻轻有啥病	nián jì qīng qīng yǒu shá bìng
241	伤	8959	7462	127	468.04	伤老子心	shāng lǎo zi xīn	不伤手的！	bù shāng shǒu de ！	柔弱中带伤	róu ruò zhōng dài shāng
242	穷	13197	1308	33	464.80	装穷。。	zhuāng qióng 。 。	年轻时穷怕了	nián qīng shí qióng pà le	穷，别无他法	qióng ， bié wú tā fǎ
243	疯狂	9142	10132	63	464.01	在疯狂的准备	zài fēng kuáng de zhǔn bèi	好疯狂的节奏	hǎo fēng kuáng de jié zòu	出门疯狂采购啦	chū mén fēng kuáng cǎi gòu la
244	问问	12234	4109	25	463.19	我问问。	wǒ wèn wèn 。	问问会死啊	wèn wèn huì sǐ a	弄个群问问！	nòng gè qún wèn wèn ！
245	鹿晗	12231	0	97	460.50	鹿晗高吗	lù hán gāo ma	我爱鹿晗爱的深沉	wǒ ài lù hán ài de shēn chén	我们学校还有叫鹿晗	wǒ men xué xiào hái yǒu jiào lù hán
246	清	10291	3927	113	457.57	那么黑看不清	nà me hēi kàn bù qīng	干嘛都说清肺灵	gàn ma dōu shuō qīng fèi líng	我傻傻分不清啦	wǒ shǎ shǎ fēn bù qīng la
247	意义	7452	8465	165	457.51	删博有何意义	shān bó yǒu hé yì yì	有什么意义吗？	yǒu shén me yì yì ma ？	真正意义上的钟鸣鼎食	zhēn zhèng yì yì shàng de zhōng míng dǐng shí
248	恐怖	8950	5046	155	456.55	有点恐怖	yǒu diǎn kǒng bù	听说恐怖呢	tīng shuō kǒng bù ne	没有那么恐怖	méi yǒu nà me kǒng bù
249	博主	13453	5	32	456.16	博主是转的	bó zhǔ shì zhuǎn de	过期广告博主	guò qī guǎng gào bó zhǔ	可以把博主卖了	kě yǐ bǎ bó zhǔ mài le
250	为何	8424	14280	9	456.05	为何不能开车	wèi hé bù néng kāi chē	为何如此狠心	wèi hé rú cǐ hěn xīn	为何怕饮酒?	wèi hé pà yǐn jiǔ ?
251	现场	10866	7064	25	455.82	求现场直播	qiú xiàn chǎng zhí bō	现场实体小班	xiàn chǎng shí tǐ xiǎo bān	现场发挥太差了	xiàn chǎng fā huī tài chà le
252	这样子	4650	3087	395	455.26	不要这样子啦	bù yào zhè yàng zi la	我就是这样子	wǒ jiù shì zhè yàng zi	这样子我很害羞	zhè yàng zi wǒ hěn hài xiū
253	易烊千玺	11117	0	142	454.90	期待易烊千玺	qī dài yì yáng qiān xǐ	不是有易烊千玺	bù shì yǒu yì yáng qiān xǐ	我喜欢易烊千玺	wǒ xǐ huān yì yáng qiān xǐ
254	纠结	13587	376	16	454.31	别纠结啦哎呀	bié jiū jié la āi ya	没有呢还在纠结	méi yǒu ne hái zài jiū jié	好了！不纠结了！裁了！	hǎo le ！ bù jiū jié le ！ cái le ！
255	代表	7207	9480	152	453.47	LX是代表什么	L X shì dài biǎo shén me	不代表不爱别人	bù dài biǎo bù ài bié rén	不造不代表不作	bù zào bù dài biǎo bù zuò
256	低调	13400	767	15	452.47	低调低调	dī diào dī diào	只是要低调	zhǐ shì yào dī diào	哈哈。低调	hā hā 。 dī diào
257	闹	11012	4115	67	452.15	闹离婚呀	nào lí hūn ya	哟切克闹吗	yō qiè kè nào ma	谁跟你闹了	shuí gēn nǐ nào le
258	必要	7045	8405	177	451.72	还没这个必要	hái méi zhè gè bì yào	是的在必要时刻	shì de zài bì yào shí kè	没必要找月亮代表	méi bì yào zhǎo yuè liàng dài biǎo
259	杭州	13504	61	21	451.08	在杭州呀	zài háng zhōu ya	来杭州辣	lái háng zhōu là	出差在杭州	chū chà zài háng zhōu
260	逗	12317	1911	43	450.64	姐又来逗我	jiě yòu lái dòu wǒ	你逗我呢兄弟	nǐ dòu wǒ ne xiōng dì	你这是在逗我嘛	nǐ zhè shì zài dòu wǒ ma
261	补	12028	1126	71	450.43	啊哈哈那下次补	a hā hā nà xià cì bǔ	我给你补一个图	wǒ gěi nǐ bǔ yī gè tú	乖乖补回来过年？	guāi guāi bǔ huí lái guò nián ？
262	神	8523	11325	49	449.43	神回复阿	shén huí fù ā	神回复？！	shén huí fù ？ ！	你见过神吗？	nǐ jiàn guò shén ma ？
263	差点	10989	5775	31	447.79	差点吃掉	chà diǎn chī diào	差点掉价	chà diǎn diào jià	差点断了	chà diǎn duàn le
264	的确	8554	9314	82	447.65	的确惹不起	de què rě bù qǐ	你的确有问题	nǐ de què yǒu wèn tí	帅哥的确挺多的	shuài gē de què tǐng duō de
265	摸	11247	3621	55	445.48	好想摸它	hǎo xiǎng mō tā	摸头听话	mō tóu tīng huà	摸头摸头	mō tóu mō tóu
266	考完	13285	50	23	445.22	考完了不	kǎo wán le bù	等你考完试啊	děng nǐ kǎo wán shì a	考完了，打脸了	kǎo wán le ， dǎ liǎn le
267	群	10827	4019	60	440.25	啥群⊙⊙！	shá qún ⊙ ⊙ ！	我也想加群	wǒ yě xiǎng jiā qún	我发群里去	wǒ fā qún lǐ qù
268	醉	12185	2585	21	439.92	也是醉了	yě shì zuì le	醉了醉了	zuì le zuì le	今朝有酒今朝醉。	jīn cháo yǒu jiǔ jīn cháo zuì 。
269	位置	8312	8589	95	439.58	我是位置不够	wǒ shì wèi zhì bù gòu	票什么位置？	piào shén me wèi zhì ？	准备换换位置。	zhǔn bèi huàn huàn wèi zhì 。
270	惹	11474	4925	11	439.36	的确惹不起	de què rě bù qǐ	惹不起惹不起	rě bù qǐ rě bù qǐ	我告诉你们惹！	wǒ gào sù nǐ men rě ！
271	土豪	13462	28	5	438.51	土豪土豪	tǔ háo tǔ háo	傲娇的土豪	ào jiāo de tǔ háo	不想要土豪了	bù xiǎng yào tǔ háo le
272	秀	12551	972	30	437.72	秀幸福喔	xiù xìng fú ō	秀熊猫装	xiù xióng māo zhuāng	你是真的秀	nǐ shì zhēn de xiù
273	好运	10564	7418	5	436.98	祝你好运	zhù nǐ hǎo yùn	祝好运！	zhù hǎo yùn ！	祝您好运	zhù nín hǎo yùn
274	服	12040	1418	44	436.23	不得不服	bù dé bù fú	你要哪个服？	nǐ yào nǎ gè fú ？	哈哈哈就服你	hā hā hā jiù fú nǐ
275	想象	8422	6827	116	435.36	想象不出来	xiǎng xiàng bù chū lái	超乎你所想象	chāo hū nǐ suǒ xiǎng xiàng	画面太美我不敢想象	huà miàn tài měi wǒ bù gǎn xiǎng xiàng
276	惊喜	11400	4589	13	434.14	太惊喜了	tài jīng xǐ le	惊喜了吧	jīng xǐ le ba	惊喜+惊吓	jīng xǐ + jīng xià
277	拥有	8021	9922	75	433.29	你值得拥有	nǐ zhí dé yōng yǒu	当拥有时就要珍惜	dāng yōng yǒu shí jiù yào zhēn xī	懂得珍惜才配拥有	dǒng dé zhēn xī cái pèi yōng yǒu
278	事实	9036	10332	18	432.70	我只说事实	wǒ zhǐ shuō shì shí	论证事实而已	lùn zhèng shì shí ér yǐ	事实证明还真是	shì shí zhèng míng hái zhēn shì
279	易烊	12847	0	24	431.13	易烊千玺	yì yáng qiān xǐ	易烊千玺！	yì yáng qiān xǐ ！	易烊千玺？	yì yáng qiān xǐ ？
280	颜值	11520	4	86	430.17	颜值巅峰	yán zhí diān fēng	颜值正义	yán zhí zhèng yì	主要颜值高	zhǔ yào yán zhí gāo
281	嫌弃	12773	252	21	429.85	我也嫌弃她！	wǒ yě xián qì tā ！	我们不嫌弃你	wǒ men bù xián qì nǐ	我嫌弃我自己	wǒ xián qì wǒ zì jǐ
282	刚好	9646	2630	124	428.00	刚好又回学校了	gāng hǎo yòu huí xué xiào le	刚好我生日那天	gāng hǎo wǒ shēng rì nà tiān	名字刚好差不多呗	míng zì gāng hǎo chà bù duō bei
283	妳	5450	20150	0	427.05	妳好爱哭	nǐ hǎo ài kū	妳30号啊	nǐ 3 0 hào a	妳怎么了?	nǐ zěn me le ?
284	眼神	11774	2312	25	425.95	好眼神！	hǎo yǎn shén ！	眼神也不行	yǎn shén yě bù xíng	你爱我的眼神	nǐ ài wǒ de yǎn shén
285	刘海	12945	86	9	425.24	刘海乖些	liú hǎi guāi xiē	刘海还不错	liú hǎi hái bù cuò	那就有刘海了	nà jiù yǒu liú hǎi le
286	理由	9126	8516	36	425.14	别找理由	bié zhǎo lǐ yóu	好奇葩的理由	hǎo qí pā de lǐ yóu	这个理由我也喜欢	zhè gè lǐ yóu wǒ yě xǐ huān
287	一辈子	10157	4690	55	423.60	你会呆一辈子去	nǐ huì dāi yī bèi zi qù	注定单身一辈子	zhù dìng dān shēn yī bèi zi	我看是一辈子，唉	wǒ kàn shì yī bèi zi ， āi
288	皮	11220	1699	59	423.37	你是真的皮	nǐ shì zhēn de pí	皮又下了？	pí yòu xià le ？	人要脸树要皮	rén yào liǎn shù yào pí
289	没用	9631	6551	43	421.69	你真没用	nǐ zhēn méi yòng	因为我没用啊	yīn wèi wǒ méi yòng a	瘦没用啊好丑	shòu méi yòng a hǎo chǒu
290	男孩	6847	11429	85	420.89	我是男孩	wǒ shì nán hái	K男孩别哭	K nán hái bié kū	我要生男孩。	wǒ yào shēng nán hái 。
291	智商	12225	499	27	419.28	你智商有多少	nǐ zhì shāng yǒu duō shǎo	智商是硬伤！	zhì shāng shì yìng shāng ！	智商？我有过吗	zhì shāng ？ wǒ yǒu guò ma
292	嫁	10741	3724	34	416.25	不嫁别做梦了	bù jià bié zuò mèng le	我也嫁不出去	wǒ yě jià bù chū qù	我嫁到这里了	wǒ jià dào zhè lǐ le
293	包括	2321	5470	403	415.12	包括孩子吗	bāo kuò hái zi ma	帅就包括整体啦	shuài jiù bāo kuò zhěng tǐ la	所有人都包括呀	suǒ yǒu rén dōu bāo kuò ya
294	系统	5862	10249	145	414.88	你升系统没	nǐ shēng xì tǒng méi	你系统错乱吗	nǐ xì tǒng cuò luàn ma	华为系统也有	huá wèi xì tǒng yě yǒu
295	反应	8405	6165	97	413.74	你老公有啥反应	nǐ lǎo gōng yǒu shá fǎn yīng	我第一反应是芥末	wǒ dì yī fǎn yīng shì jiè mò	强迫症反应之一吗？	qiáng pò zhèng fǎn yīng zhī yī ma ？
296	某	7163	7962	122	412.88	天津某郊县	tiān jīn mǒu jiāo xiàn	某宝有卖了？	mǒu bǎo yǒu mài le ？	某宝有好多哈	mǒu bǎo yǒu hǎo duō hā
297	处理	5116	14844	92	412.26	给钱就卖挥泪处理	gěi qián jiù mài huī lèi chù lǐ	不想处理破室友关系	bù xiǎng chù lǐ pò shì yǒu guān xì	数据还没处理你敢信	shù jù hái méi chù lǐ nǐ gǎn xìn
298	更新	11498	572	50	412.23	赶紧更新文	gǎn jǐn gèng xīn wén	更新自黑九连	gèng xīn zì hēi jiǔ lián	直接进去更新	zhí jiē jìn qù gèng xīn
299	真实	6711	7282	155	412.09	好真实的你。	hǎo zhēn shí de nǐ 。	我就爱你的真实	wǒ jiù ài nǐ de zhēn shí	发现了真实的自我	fā xiàn le zhēn shí de zì wǒ
300	圈	10830	2343	49	412.04	去玩了一圈	qù wán le yī quān	圈他圈他。	quān tā quān tā 。	去信阳浪了一圈	qù xìn yáng làng le yī quān
301	南京	12150	554	18	411.47	早不来南京	zǎo bù lái nán jīng	绵阳人在南京	mián yáng rén zài nán jīng	对南京莫名好感	duì nán jīng mò míng hǎo gǎn
302	炸	8767	4131	111	409.54	45度炸	4 5 dù zhà	炸天咋了	zhà tiān zǎ le	怎么炸了不虚	zěn me zhà le bù xū
303	短发	12622	120	0	409.15	短发哇？	duǎn fā wa ？	没钱剪短发	méi qián jiǎn duǎn fā	短发好萌啊	duǎn fā hǎo méng a
304	想念	10809	4059	13	408.44	不想念了	bù xiǎng niàn le	十分想念	shí fēn xiǎng niàn	想念成都	xiǎng niàn chéng dōu
305	好友	11771	1049	18	405.39	加个好友呗	jiā gè hǎo yǒu bei	好友晚安！	hǎo yǒu wǎn ān ！	好友节日快乐	hǎo yǒu jié rì kuài lè
306	承认	8760	7587	41	405.12	你承认了	nǐ chéng rèn le	还不承认	hái bù chéng rèn	别不承认啊	bié bù chéng rèn a
307	拜托	3320	23412	4	401.59	拜托也不行	bài tuō yě bù xíng	拜托拜托了	bài tuō bài tuō le	拜托人认真的吃	bài tuō rén rèn zhēn de chī
308	演唱会	11488	864	29	401.37	郑州演唱会	zhèng zhōu yǎn chàng huì	看演唱会么你	kàn yǎn chàng huì me nǐ	来不来看演唱会？	lái bù lái kàn yǎn chàng huì ？
309	恩恩	12398	53	0	401.09	现实恩恩	xiàn shí ēn ēn	恩恩恩会的	ēn ēn ēn huì de	恩恩恩好的	ēn ēn ēn hǎo de
310	娃	12297	230	1	400.70	给娃喂奶	gěi wá wèi nǎi	你家娃好乖	nǐ jiā wá hǎo guāi	哪里来的娃	nǎ lǐ lái de wá
311	呜呜	12320	122	1	400.10	嗯嗯呜呜	ń ń wū wū	就是啊呜呜	jiù shì a wū wū	为啥呜呜呜呜	wèi shá wū wū wū wū
312	炒	8640	1893	144	399.83	吃了炒粉	chī le chǎo fěn	中午炒土豆	zhōng wǔ chǎo tǔ dòu	这是炒年糕	zhè shì chǎo nián gāo
313	回头	10255	4236	23	399.51	回头看看	huí tóu kàn kàn	回头私聊	huí tóu sī liáo	回头试试	huí tóu shì shì
314	胖子	11092	1810	27	399.02	一口成胖子啊	yī kǒu chéng pàng zi a	做胖子不好瘦	zuò pàng zi bù hǎo shòu	胖子，早点睡	pàng zi ， zǎo diǎn shuì
315	棒棒	12257	89	3	399.00	你很棒棒哦	nǐ hěn bàng bàng ó	我鱼，棒棒	wǒ yú ， bàng bàng	是棒棒哒七	shì bàng bàng dá qī
316	或者是	646	651	547	398.19	嗯，是或者是小仙女	ń ， shì huò zhě shì xiǎo xiān nǚ	或者是，希望你过得更好	huò zhě shì ， xī wàng nǐ guò dé gèng hǎo	咋不看马3或者是饥饿游戏？	zǎ bù kàn mǎ 3 huò zhě shì jī è yóu xì ？
317	那会儿	1644	321	505	397.96	嗯差不多就那会儿	ń chà bù duō jiù nà huì ér	我那会儿都睡醒了！	wǒ nà huì ér dōu shuì xǐng le ！	你们那会儿还在加班？？	nǐ men nà huì ér hái zài jiā bān ？ ？
318	爱国	11002	412	53	396.24	我有爱国	wǒ yǒu ài guó	谁有爱国	shuí yǒu ài guó	爱国换友善	ài guó huàn yǒu shàn
319	默默	11802	362	15	395.81	默默怎么了	mò mò zěn me le	默默地求图包	mò mò dì qiú tú bāo	默默地求安利	mò mò dì qiú ān lì
320	没法	8560	6262	61	395.65	没法下手	méi fǎ xià shǒu	这温度没法待了	zhè wēn dù méi fǎ dài le	我没法给外卖小哥开门	wǒ méi fǎ gěi wài mài xiǎo gē kāi mén
321	随时	9361	5958	27	394.79	随时汇报	suí shí huì bào	你随时来哎	nǐ suí shí lái āi	可以随时去？	kě yǐ suí shí qù ？
322	寂寞	11294	2229	2	393.89	你也寂寞啦	nǐ yě jì mò la	你又寂寞了	nǐ yòu jì mò le	寂寞才说爱	jì mò cái shuō ài
323	风格	9179	2169	104	393.68	走谐星风格吧	zǒu xié xīng fēng gé ba	倒是像二二风格	dào shì xiàng èr èr fēng gé	欣赏风格有代沟	xīn shǎng fēng gé yǒu dài gōu
324	文艺	11931	97	9	392.63	文艺小哥	wén yì xiǎo gē	文艺青年	wén yì qīng nián	文艺却伤感	wén yì què shāng gǎn
325	并不是	5416	7396	186	392.61	并不是模型	bìng bù shì mó xíng	并不是很好看	bìng bù shì hěn hǎo kàn	并不是我写的	bìng bù shì wǒ xiě de
326	平安	11223	1708	10	390.50	一路平安	yī lù píng ān	平安平安	píng ān píng ān	碎碎平安	suì suì píng ān
327	靠	0	13810	323	390.06	向左靠齐.	xiàng zuǒ kào qí .	只好靠星星了	zhǐ hǎo kào xīng xīng le	她的床靠着窗户	tā de chuáng kào zhe chuāng hù
328	他妈的	0	30213	20	389.89	他妈的！	tā mā de ！	真他妈的	zhēn tā mā de	他妈的，杜利?	tā mā de ， dù lì ?
329	温柔	10731	2483	18	389.67	哦？温柔	ó ？ wēn róu	温柔又美丽	wēn róu yòu měi lì	请对我温柔点	qǐng duì wǒ wēn róu diǎn
330	演技	9113	444	133	389.63	演技感人	yǎn jì gǎn rén	你有演技吗	nǐ yǒu yǎn jì ma	66演技好帅	6 6 yǎn jì hǎo shuài
331	行动	4473	17088	47	389.07	没见行动	méi jiàn xíng dòng	行动起来	xíng dòng qǐ lái	行动表现。	xíng dòng biǎo xiàn 。
332	拼	9622	1930	80	388.81	拼一哈么	pīn yī hā me	咱们两拼么	zán men liǎng pīn me	妈妈太拼了	mā mā tài pīn le
333	大叔	10730	2371	18	388.24	我是大叔	wǒ shì dà shū	真的暖大叔	zhēn de nuǎn dà shū	你不爱大叔差评	nǐ bù ài dà shū chà píng
334	偶	11774	196	8	388.11	偶就是求	ǒu jiù shì qiú	偶怎么不记得	ǒu zěn me bù jì dé	偶表示压力山大	ǒu biǎo shì yā lì shān dà
335	厦门	11776	9	11	387.87	回厦门了	huí shà mén le	你在厦门？	nǐ zài shà mén ？	厦门好玩么	shà mén hǎo wán me
336	小姐	0	30809	4	386.51	小姐，嗯...	xiǎo jiě ， ń . . .	- 问弗伦奇小姐。	-   wèn fú lún qí xiǎo jiě 。	你就娶佐川先生的小姐嘛	nǐ jiù qǔ zuǒ chuān xiān shēng de xiǎo jiě ma
337	戏	9241	2887	77	386.40	戏多了老铁	xì duō le lǎo tiě	戏精赶紧走	xì jīng gǎn jǐn zǒu	你在拍什么戏？	nǐ zài pāi shén me xì ？
338	素质	9872	172	95	385.11	个人素质问题	gè rén sù zhì wèn tí	江苏人素质差	jiāng sū rén sù zhì chà	米粉大多没素质	mǐ fěn dà duō méi sù zhì
339	未	8392	7523	28	383.66	时辰未到	shí chén wèi dào	未，M头有	wèi ， M tóu yǒu	仲未收工？？	zhòng wèi shōu gōng ？ ？
340	着呢	10423	2400	24	382.74	厉害着呢	lì hài zhe ne	我贵着呢	wǒ guì zhe ne	早着呢。	zǎo zhe ne 。
341	谈恋爱	9753	663	88	382.66	很想谈恋爱	hěn xiǎng tán liàn ài	不准谈恋爱！	bù zhǔn tán liàn ài ！	我们谈恋爱吧	wǒ men tán liàn ài ba
342	偷偷	10141	1685	50	382.27	偷偷买。	tōu tōu mǎi 。	偷偷给我	tōu tōu gěi wǒ	你先偷偷告诉我	nǐ xiān tōu tōu gào sù wǒ
343	哎哟	10833	1229	24	381.39	哎哟我去	āi yō wǒ qù	哎哟！！	āi yō ！ ！	哎哟不错哦	āi yō bù cuò ó
344	主	5457	6194	189	380.98	你做个主吧	nǐ zuò gè zhǔ ba	爱睡觉的主	ài shuì jué de zhǔ	是因为男主吗	shì yīn wèi nán zhǔ ma
345	幸运	8121	8150	23	379.34	哇这么幸运	wa zhè me xìng yùn	嗯嗯，很幸运	ń ń ， hěn xìng yùn	越努力越幸运	yuè nǔ lì yuè xìng yùn
346	淡定	11473	357	6	379.05	淡定淡定	dàn dìng dàn dìng	激动淡定	jī dòng dàn dìng	呆子。淡定	dāi zi 。 dàn dìng
347	难得	10972	1395	10	378.50	难得周末	nán dé zhōu mò	难得闲一下	nán dé xián yī xià	难得夸她一回	nán dé kuā tā yī huí
348	贼	9202	2175	79	377.62	贼是谁？	zéi shì shuí ？	感觉贼浪费	gǎn jué zéi làng fèi	哎呀，贼喊抓贼啊	āi ya ， zéi hǎn zhuā zéi a
349	认	9886	2579	35	375.05	认不得路	rèn bù dé lù	认床！！	rèn chuáng ！ ！	本命年认了	běn mìng nián rèn le
350	一路	9922	2135	41	374.73	一路平安	yī lù píng ān	一路相伴	yī lù xiāng bàn	一路平安！	yī lù píng ān ！
351	心态	9940	332	73	374.45	只是心态好而已	zhǐ shì xīn tài hǎo ér yǐ	是的、放平心态	shì de 、 fàng píng xīn tài	你一天心态真心好	nǐ yī tiān xīn tài zhēn xīn hǎo
352	眉毛	11113	417	15	374.24	就画了眉毛	jiù huà le méi máo	我喜欢眉毛	wǒ xǐ huān méi máo	眉毛真是味	méi máo zhēn shì wèi
353	毛病	10297	2349	18	373.98	没毛病啊	méi máo bìng a	没毛病！	méi máo bìng ！	对，没毛病	duì ， méi máo bìng
354	冲	7129	6419	94	373.66	明天再冲吗	míng tiān zài chōng ma	我冲完立刻打	wǒ chōng wán lì kè dǎ	真想冲过去看	zhēn xiǎng chōng guò qù kàn
355	多谢	8780	7223	0	373.55	多谢告知	duō xiè gào zhī	多谢支持	duō xiè zhī chí	多谢老细	duō xiè lǎo xì
356	时代	4613	4313	252	372.81	现在是云时代。	xiàn zài shì yún shí dài 。	也是我的学生时代	yě shì wǒ de xué shēng shí dài	学生时代放假真好	xué shēng shí dài fàng jiǎ zhēn hǎo
357	善良	10045	1857	36	371.86	你太善良了	nǐ tài shàn liáng le	善良的瘦宜	shàn liáng de shòu yí	几乎没有善良	jǐ hū méi yǒu shàn liáng
358	泡	9413	2289	58	371.68	又泡妹子	yòu pào mèi zi	一个泡而已	yī gè pào ér yǐ	醋泡牛板筋	cù pào niú bǎn jīn
359	啥子	11302	89	7	370.86	哼啥子？	hēng shá zi ？	啥子情况	shá zi qíng kuàng	啥子叫意境	shá zi jiào yì jìng
360	烧	7775	6286	60	369.92	烧给你吗	shāo gěi nǐ ma	我想吃烧鹅	wǒ xiǎng chī shāo é	你怎么又烧了	nǐ zěn me yòu shāo le
361	同乐	11434	36	0	369.74	同乐同乐	tóng lè tóng lè	周末同乐	zhōu mò tóng lè	同乐同乐哟	tóng lè tóng lè yō
362	狗粮	11035	67	17	368.71	嗯，狗粮	ń ， gǒu liáng	狗粮撒的好	gǒu liáng sā de hǎo	撒狗粮了弟弟	sā gǒu liáng le dì dì
363	孤独	9580	3606	20	367.83	孤独终老	gū dú zhōng lǎo	百年孤独	bǎi nián gū dú	深夜的孤独	shēn yè de gū dú
364	和谐	10718	681	18	366.80	和谐换吗	hé xié huàn ma	求和谐福	qiú hé xié fú	和谐不好吗	hé xié bù hǎo ma
365	室友	9407	1334	68	366.34	不是我室友	bù shì wǒ shì yǒu	不晓得室友拍的	bù xiǎo dé shì yǒu pāi de	我们不只是室友	wǒ men bù zhǐ shì shì yǒu
366	化妆	9144	1091	85	366.29	化妆不算嘛	huà zhuāng bù suàn ma	开始化妆了	kāi shǐ huà zhuāng le	是不是没化妆	shì bù shì méi huà zhuāng
367	运气	9005	4063	35	365.08	看运气喽	kàn yùn qì lóu	蹭蹭运气	cèng cèng yùn qì	一直没运气	yī zhí méi yùn qì
368	表达	7832	2780	112	363.18	想表达什么宝	xiǎng biǎo dá shén me bǎo	你想表达个甚？	nǐ xiǎng biǎo dá gè shèn ？	你想表达什么？	nǐ xiǎng biǎo dá shén me ？
369	美美	11093	142	3	362.07	美美的你	měi měi de nǐ	美美美！	měi měi měi ！	美美美美哟	měi měi měi měi yō
370	狗狗	10245	1464	19	361.95	狗狗恨你	gǒu gǒu hèn nǐ	还有狗狗	hái yǒu gǒu gǒu	狗狗！！！	gǒu gǒu ！ ！ ！
371	几年	7507	3444	111	360.29	没几年了	méi jǐ nián le	几年之前买的	jǐ nián zhī qián mǎi de	才比我大几年	cái bǐ wǒ dà jǐ nián
372	心理	6077	3111	185	359.90	何止心理	hé zhǐ xīn lǐ	心理作用	xīn lǐ zuò yòng	心理培训吗	xīn lǐ péi xùn ma
373	话题	6875	2333	161	359.78	你找个话题吧	nǐ zhǎo gè huà tí ba	我话题多着呢	wǒ huà tí duō zhe ne	哟大叔能耐了都有话题了	yō dà shū néng nài le dōu yǒu huà tí le
374	韩国	7455	1332	151	359.29	我去韩国买	wǒ qù hán guó mǎi	韩国整容去啊	hán guó zhěng róng qù a	韩国有元旦不	hán guó yǒu yuán dàn bù
375	挑	8832	3062	51	357.82	对的随便挑	duì de suí biàn tiāo	哥哥在挑眉？	gē gē zài tiāo méi ？	死啦沉的你还挑	sǐ la chén de nǐ hái tiāo
376	摔	8280	2294	90	356.75	从哪摔的	cóng nǎ shuāi de	娃摔啦...	wá shuāi la . . .	怕我摔了你？	pà wǒ shuāi le nǐ ？
377	学长	10315	462	26	356.45	别装了学长	bié zhuāng le xué zhǎng	学长我错啦	xué zhǎng wǒ cuò la	学长说笑了	xué zhǎng shuō xiào le
378	网红	9247	0	84	355.35	网红你好	wǎng hóng nǐ hǎo	网红咋的	wǎng hóng zǎ de	网红师哥	wǎng hóng shī gē
379	呦	10619	453	9	354.69	呦。生快	yōu 。 shēng kuài	等你呦！	děng nǐ yōu ！	晚安呦啊玉	wǎn ān yōu a yù
380	万一	7252	3406	115	354.28	万一找到了呢	wàn yī zhǎo dào le ne	万一我不是人呢	wàn yī wǒ bù shì rén ne	万一我也找不到	wàn yī wǒ yě zhǎo bù dào
381	熬	8403	933	104	353.22	熬过去就冬天了	áo guò qù jiù dōng tiān le	壁纸很得意熬啊！	bì zhǐ hěn dé yì áo a ！	大一熬过去就好啦	dà yī áo guò qù jiù hǎo la
382	满足	8469	3709	49	352.81	快快的满足	kuài kuài de mǎn zú	嘤嘤嘤超满足	yīng yīng yīng chāo mǎn zú	满足愿望了吗	mǎn zú yuàn wàng le ma
383	组织	6433	6762	90	352.76	改组织了	gǎi zǔ zhī le	组织要干啥	zǔ zhī yào gàn shá	组织需要你	zǔ zhī xū yào nǐ
384	撩	10569	165	13	352.18	我要撩了	wǒ yào liāo le	撩我武汉	liāo wǒ wǔ hàn	来撩我啊	lái liāo wǒ a
385	喽	9597	1265	39	352.04	看运气喽	kàn yùn qì lóu	那加油喽	nà jiā yóu lóu	那当然喽	nà dāng rán lóu
386	混	8456	3574	50	351.38	取关过混	qǔ guān guò hùn	我也混油	wǒ yě hùn yóu	混了餐饭么？	hùn le cān fàn me ？
387	友善	10467	1065	0	351.33	我多友善	wǒ duō yǒu shàn	爱国换友善	ài guó huàn yǒu shàn	多馀友善只是	duō yú yǒu shàn zhǐ shì
388	吵	7083	6326	64	350.77	不想跟你吵	bù xiǎng gēn nǐ chǎo	被蚊子吵醒	bèi wén zi chǎo xǐng	这还吵起来	zhè hái chǎo qǐ lái
389	有一些	1147	3393	402	350.66	有一些要钱	yǒu yī xiē yào qián	总会有一些糟心事	zǒng huì yǒu yī xiē zāo xīn shì	应该有一些好点的乡镇涩	yīng gāi yǒu yī xiē hǎo diǎn de xiāng zhèn sè
390	虐	10546	108	12	350.06	请随意虐	qǐng suí yì nüè	你这是求虐	nǐ zhè shì qiú nüè	请不要虐狗	qǐng bù yào nüè gǒu
391	气质	9232	392	69	349.63	气质犹在！	qì zhì yóu zài ！	气质怎么变了	qì zhì zěn me biàn le	说明你有气质	shuō míng nǐ yǒu qì zhì
392	偶像	7342	996	148	349.43	偶像你好	ǒu xiàng nǐ hǎo	你偶像是？	nǐ ǒu xiàng shì ？	当偶像看吗	dāng ǒu xiàng kàn ma
393	该死	0	27981	1	349.26	该死的本！	gāi sǐ de běn ！	该死的警察	gāi sǐ de jǐng chá	该死的健身师	gāi sǐ de jiàn shēn shī
394	删	10218	233	24	349.12	干嘛删了啊	gàn ma shān le a	都删了，算了	dōu shān le ， suàn le	我把好友删完了	wǒ bǎ hǎo yǒu shān wán le
395	老大	8008	6074	19	347.13	你就是老大	nǐ jiù shì lǎo dà	我是老大！	wǒ shì lǎo dà ！	知我者老大也	zhī wǒ zhě lǎo dà yě
396	闭嘴	4098	17183	0	346.42	你闭嘴辣	nǐ bì zuǐ là	那就闭嘴	nà jiù bì zuǐ	闭嘴吧你	bì zuǐ ba nǐ
397	何	7765	6806	15	345.70	有何共通	yǒu hé gòng tōng	白有何用	bái yǒu hé yòng	何事要赏！	hé shì yào shǎng ！
398	好奇	8810	2721	38	344.09	好奇是啥	hǎo qí shì shá	好奇拍照的人是谁。	hǎo qí pāi zhào de rén shì shuí 。	我刚还好奇你是哪个	wǒ gāng hái hǎo qí nǐ shì nǎ gè
399	力量	4479	10192	106	343.18	星力量？	xīng lì liàng ？	鼓励的力量无限	gǔ lì de lì liàng wú xiàn	嗯这才是偶像的力量	ń zhè cái shì ǒu xiàng de lì liàng
400	尽量	6156	3778	143	342.41	以后尽量嘛	yǐ hòu jǐn liàng ma	恩，我尽量	ēn ， wǒ jǐn liàng	尽量吧。。。	jǐn liàng ba 。 。 。
401	老子	9635	2125	7	342.38	伤老子心	shāng lǎo zi xīn	呸老子不	pēi lǎo zi bù	老子讨厌你	lǎo zi tǎo yàn nǐ
402	太太	3346	16185	48	342.10	老x太太	lǎo x tài tài	刘太太了不起	liú tài tài le bù qǐ	太太太太太大了	tài tài tài tài tài dà le
403	必	8902	2092	41	341.25	三日必瘦	sān rì bì shòu	久赌必输	jiǔ dǔ bì shū	逢考必过	féng kǎo bì guò
404	长官	77	27004	1	339.57	长官是谁	zhǎng guān shì shuí	台长官太大	tái zhǎng guān tài dà	是!长官!	shì ! zhǎng guān !
405	富强	10450	33	2	339.27	想要富强	xiǎng yào fù qiáng	我有富强	wǒ yǒu fù qiáng	可以换富强嘛	kě yǐ huàn fù qiáng ma
406	房	7929	4428	40	338.25	换房了？	huàn fáng le ？	同事要买房	tóng shì yào mǎi fáng	有房的土豪！	yǒu fáng de tǔ háo ！
407	温暖	9165	2192	22	338.16	温暖美好	wēn nuǎn měi hǎo	莫名温暖	mò míng wēn nuǎn	温暖的情怀	wēn nuǎn de qíng huái
408	秘密	5101	12400	28	338.13	秘密啊！	mì mì a ！	什么秘密?	shén me mì mì ?	你有秘密么？	nǐ yǒu mì mì me ？
409	爱上	7717	5711	26	337.94	有没有爱上我	yǒu méi yǒu ài shàng wǒ	祝你爱上他！	zhù nǐ ài shàng tā ！	你有没有爱上我	nǐ yǒu méi yǒu ài shàng wǒ
410	搜	7986	1703	85	336.52	咋搜不到	zǎ sōu bù dào	直接度娘搜	zhí jiē dù niáng sōu	好啊搜我夏攻子	hǎo a sōu wǒ xià gōng zi
411	碰	4644	11257	68	336.13	我也碰别人	wǒ yě pèng bié rén	专找第一的碰	zhuān zhǎo dì yī de pèng	被辆奥迪碰了下	bèi liàng ào dí pèng le xià
412	非	6847	5801	63	335.93	非食用类	fēi shí yòng lèi	你非人类啊你	nǐ fēi rén lèi a nǐ	非2片尾曲嘛	fēi 2 piàn wěi qū ma
413	爸妈	7392	1501	115	335.07	我爸妈说输液才能好的快	wǒ bà mā shuō shū yè cái néng hǎo de kuài	服了真是，小春她爸妈真逗	fú le zhēn shì ， xiǎo chūn tā bà mā zhēn dòu	你们爸妈都是怎么打亲情牌的？	nǐ men bà mā dōu shì zěn me dǎ qīn qíng pái de ？
414	等待	7007	8178	10	334.94	我会等待的	wǒ huì děng dài de	等待下辈子	děng dài xià bèi zi	不刻意去等待	bù kè yì qù děng dài
415	梦到	9789	1012	8	334.17	梦到我？	mèng dào wǒ ？	梦到我就好	mèng dào wǒ jiù hǎo	梦到不开心的	mèng dào bù kāi xīn de
416	噗	10222	228	1	333.66	羡慕个噗	xiàn mù gè pū	噗原来如此	pū yuán lái rú cǐ	噗笑出了声	pū xiào chū le shēng
417	朋友圈	9099	14	57	332.52	翻翻朋友圈	fān fān péng yǒu quān	朋友圈很多啊	péng yǒu quān hěn duō a	嘻嘻幸好没发朋友圈	xī xī xìng hǎo méi fā péng yǒu quān
418	咧	9806	1095	3	332.38	应该快摘咧	yīng gāi kuài zhāi liě	你还是潇洒咧	nǐ hái shì xiāo sǎ liě	去哪里工作咧	qù nǎ lǐ gōng zuò liě
419	论文	9759	1105	5	332.33	来帮我写论文吧	lái bāng wǒ xiě lùn wén ba	谁去看你论文啦	shuí qù kàn nǐ lùn wén la	论文好像不爱你喔	lùn wén hǎo xiàng bù ài nǐ ō
420	设计	5563	5374	125	330.99	设计纹身贴不	shè jì wén shēn tiē bù	帮冰冰设计一个发型啦	bāng bīng bīng shè jì yī gè fā xíng la	设计这个得了很多钱吧	shè jì zhè gè dé le hěn duō qián ba
421	尝试	6518	5494	77	330.93	可以尝试一下雨衣	kě yǐ cháng shì yī xià yǔ yī	真的吗？第一次尝试	zhēn de ma ？ dì yī cì cháng shì	等毕业了就去尝试一哈	děng bì yè le jiù qù cháng shì yī hā
422	锅	9211	623	38	330.90	清风又背锅	qīng fēng yòu bèi guō	还有锅能吃	hái yǒu guō néng chī	帅锅下午好！	shuài guō xià wǔ hǎo ！
423	强大	6433	3706	114	330.89	必须强大	bì xū qiáng dà	强大你个头	qiáng dà nǐ gè tóu	好强大的画面感	hǎo qiáng dà de huà miàn gǎn
424	命	6344	7934	40	330.73	你看命排第一	nǐ kàn mìng pái dì yī	我这忙碌的命	wǒ zhè máng lù de mìng	我命由我不由天	wǒ mìng yóu wǒ bù yóu tiān
425	半夜	9485	1061	16	330.36	半夜醒了	bàn yè xǐng le	半夜催泪！	bàn yè cuī lèi ！	半夜爬你窗户	bàn yè pá nǐ chuāng hù
426	吃货	9798	24	19	329.57	两个大吃货..	liǎng gè dà chī huò . .	吃货呀真是吃货	chī huò ya zhēn shì chī huò	吃货都能干像我	chī huò dōu néng gàn xiàng wǒ
427	据说	8556	1769	46	329.42	据说没有吧	jù shuō méi yǒu ba	据说还有半个月	jù shuō hái yǒu bàn gè yuè	据说m同学已结新欢	jù shuō m tóng xué yǐ jié xīn huān
428	波	9196	1188	26	329.36	反弹一波	fǎn dàn yī bō	心疼一波	xīn téng yī bō	波是谁啊	bō shì shuí a
429	考研	9046	3	55	329.32	考研复习的	kǎo yán fù xí de	考研缓冲缓冲	kǎo yán huǎn chōng huǎn chōng	是在准备考研吗	shì zài zhǔn bèi kǎo yán ma
430	不得	9177	1685	17	328.86	应该不得	yīng gāi bù dé	近看不得	jìn kàn bù dé	便宜贪不得	biàn yí tān bù dé
431	类	6235	1984	152	328.69	非食用类	fēi shí yòng lèi	好类。走起	hǎo lèi 。 zǒu qǐ	哈哈，怎么没用类	hā hā ， zěn me méi yòng lèi
432	实习	7585	594	113	328.65	实习去啊	shí xí qù a	你开始实习没	nǐ kāi shǐ shí xí méi	嗯啊，来实习	ń a ， lái shí xí
433	角度	8151	2299	53	327.67	角度得对啊	jiǎo dù dé duì a	我角度找的好	wǒ jiǎo dù zhǎo de hǎo	角度问题而已	jiǎo dù wèn tí ér yǐ
434	大部分	4564	3013	211	327.36	失败做到了大部分差一个	shī bài zuò dào le dà bù fēn chà yī gè	好吃的里大部分都是辣的	hǎo chī de lǐ dà bù fēn dōu shì là de	法国咋镇冷大部分还不说英语	fǎ guó zǎ zhèn lěng dà bù fēn hái bù shuō yīng yǔ
435	臭	6869	6146	42	326.77	唉朱门酒肉臭	āi zhū mén jiǔ ròu chòu	心疼臭猫五秒	xīn téng chòu māo wǔ miǎo	来你呐臭嗨啊	lái nǐ nà chòu hāi a
436	娶	7679	4050	41	326.14	想娶你呀	xiǎng qǔ nǐ ya	不娶下一个	bù qǔ xià yī gè	娶你要钱不	qǔ nǐ yào qián bù
437	帅气	9436	577	21	326.12	帅气的旅行	shuài qì de lǚ xíng	帅气的迪玛希	shuài qì de dí mǎ xī	今天帅气满分啊	jīn tiān shuài qì mǎn fēn a
438	爆	8738	1350	39	325.36	是啊帅爆	shì a shuài bào	好吃爆了！	hǎo chī bào le ！	开心到爆啊	kāi xīn dào bào a
439	哇塞	9483	231	24	325.35	哇塞加油哟	wa sāi jiā yóu yō	哇塞受不了	wa sāi shòu bù le	哇塞！不要！	wa sāi ！ bù yào ！
440	大佬	9559	397	16	324.48	大佬大佬	dà lǎo dà lǎo	大佬谦虚	dà lǎo qiān xū	社会大佬	shè huì dà lǎo
441	碰到	6817	3854	83	324.21	专门碰到骗纸	zhuān mén pèng dào piàn zhǐ	哈哈碰到了没	hā hā pèng dào le méi	工作经常碰到	gōng zuò jīng cháng pèng dào
442	过分	7703	2416	63	321.41	太过分了	tài guò fēn le	过分了哦	guò fēn le ó	过分去脚皮	guò fēn qù jiǎo pí
443	烫	7528	1450	88	320.60	用开水烫	yòng kāi shuǐ tàng	我把手烫了	wǒ bǎ shǒu tàng le	烫头发了？	tàng tóu fā le ？
444	躲	5618	7814	61	319.97	看来在躲你啊	kàn lái zài duǒ nǐ a	快躲进我的怀里	kuài duǒ jìn wǒ de huái lǐ	躲进星星的心里	duǒ jìn xīng xīng de xīn lǐ
445	麻将	9645	338	6	319.77	打麻将啊	dǎ má jiāng a	周末约麻将	zhōu mò yuē má jiāng	回来打麻将	huí lái dǎ má jiāng
446	勒	9440	735	8	319.45	还好是赢勒	hái hǎo shì yíng lēi	姐，吃水果勒	jiě ， chī shuǐ guǒ lēi	我正在吃勒。	wǒ zhèng zài chī lēi 。
447	忍	8636	1842	26	319.42	忍着饿睡着了	rěn zhe è shuì zhe le	我快忍不了了	wǒ kuài rěn bù le le	忍一忍风平浪静	rěn yī rěn fēng píng làng jìng
448	也好	6482	2493	117	319.38	也好喔!!	yě hǎo ō ! !	你也好啊。	nǐ yě hǎo a 。	你也好小嫩妞	nǐ yě hǎo xiǎo nèn niū
449	要么	5901	4012	115	318.19	香吻要么	xiāng wěn yào me	武汉，要么	wǔ hàn ， yào me	要么瘦要么死	yào me shòu yào me sǐ
450	具体	7351	1725	87	317.63	具体怎么放大呀?	jù tǐ zěn me fàng dà ya ?	具体时间，去哪里	jù tǐ shí jiān ， qù nǎ lǐ	讲新华西路有但是没给具体	jiǎng xīn huá xī lù yǒu dàn shì méi gěi jù tǐ
451	怀念	9088	1486	8	317.43	很是怀念	hěn shì huái niàn	我好怀念太原	wǒ hǎo huái niàn tài yuán	我好怀念烟台	wǒ hǎo huái niàn yān tái
452	捡	6998	2701	85	317.04	捡不到。。	jiǎn bù dào 。 。	赶紧捡起来	gǎn jǐn jiǎn qǐ lái	捡起来吧。。。。	jiǎn qǐ lái ba 。 。 。 。
453	圣诞	8098	4213	1	314.71	圣诞快乐	shèng dàn kuài lè	圣诞快乐！	shèng dàn kuài lè ！	圣诞没活动	shèng dàn méi huó dòng
454	训练	3144	6676	192	314.31	去哪里训练	qù nǎ lǐ xùn liàn	过来过来，进行训练	guò lái guò lái ， jìn xíng xùn liàn	请问狗吃饭要不要训练？	qǐng wèn gǒu chī fàn yào bù yào xùn liàn ？
455	成熟	7410	2141	71	313.92	你成熟了	nǐ chéng shú le	身体很成熟	shēn tǐ hěn chéng shú	想法好成熟.	xiǎng fǎ hǎo chéng shú .
456	吃药	9004	1195	11	313.12	吃药了吗	chī yào le ma	吃药没有	chī yào méi yǒu	该吃药了	gāi chī yào le
457	军训	5446	40	202	312.74	要军训啊	yào jūn xùn a	军训完了？	jūn xùn wán le ？	你不军训？？	nǐ bù jūn xùn ？ ？
458	哎呦	8388	466	53	312.49	哎呦甜哦	āi yōu tián ó	你叫哎呦吗？	nǐ jiào āi yōu ma ？	哎呦约了约了	āi yōu yuē le yuē le
459	博	9204	342	16	312.33	网红更博了	wǎng hóng gèng bó le	休息也不更博	xiū xī yě bù gèng bó	终于等到你更博	zhōng yú děng dào nǐ gèng bó
460	依然	7692	2845	42	312.22	依然美丽	yī rán měi lì	哈哈依然来气	hā hā yī rán lái qì	依然还是单身。	yī rán hái shì dān shēn 。
461	安	8413	2190	19	311.83	睡了，安	shuì le ， ān	嗯你也是安	ń nǐ yě shì ān	安，小护士	ān ， xiǎo hù shì
462	有一天	4862	7685	87	311.49	总有一天	zǒng yǒu yī tiān	总有一天要退的	zǒng yǒu yī tiān yào tuì de	总有一天能打着的	zǒng yǒu yī tiān néng dǎ zhe de
463	时光	7791	3737	19	311.01	你好旧时光里的广告	nǐ hǎo jiù shí guāng lǐ de guǎng gào	哈哈温柔的时光，醉	hā hā wēn róu de shí guāng ， zuì	好单纯的时光。。。	hǎo dān chún de shí guāng 。 。 。
464	智慧	1914	2055	331	310.84	我智慧吗	wǒ zhì huì ma	好吧是智慧	hǎo ba shì zhì huì	睡瞌睡长智慧	shuì kē shuì zhǎng zhì huì
465	腰	8404	824	43	310.72	一条腰封	yī tiáo yāo fēng	长发及腰	zhǎng fā jí yāo	你的腰好高	nǐ de yāo hǎo gāo
466	体验	6982	1617	96	310.44	当体验啦	dāng tǐ yàn la	实际体验过吗	shí jì tǐ yàn guò ma	找工作体验过	zhǎo gōng zuò tǐ yàn guò
467	似的	6839	3865	61	310.21	似得似的	shì dé shì de	像小雏菊似的	xiàng xiǎo chú jú shì de	跟凉粉似的。	gēn liáng fěn shì de 。
468	撑	7423	3299	43	309.87	去哪里撑？说	qù nǎ lǐ chēng ？ shuō	吃吃吃撑你!	chī chī chī chēng nǐ !	喝太多撑不住	hē tài duō chēng bù zhù
469	怕是	9433	115	5	309.47	师傅怕是大乔	shī fù pà shì dà qiáo	怕是吃中暑了	pà shì chī zhōng shǔ le	怕是驾驭不住	pà shì jià yù bù zhù
470	本人	8127	1943	32	308.29	想见本人吗	xiǎng jiàn běn rén ma	是本人没错了	shì běn rén méi cuò le	是不是就是本人	shì bù shì jiù shì běn rén
471	早日	9351	336	3	308.23	早日康复	zǎo rì kāng fù	早日脱单	zǎo rì tuō dān	早日停雨吧	zǎo rì tíng yǔ ba
472	百度	8455	45	51	308.06	加百度云	jiā bǎi dù yún	百度知道	bǎi dù zhī dào	万能的百度	wàn néng de bǎi dù
473	团	8115	1400	42	307.88	你脱不掉团了。	nǐ tuō bù diào tuán le 。	我这显示成团喽	wǒ zhè xiǎn shì chéng tuán lóu	福神啥时候团啊	fú shén shá shí hòu tuán a
474	剩下	5275	7123	72	307.70	因为就剩下傻样啦	yīn wèi jiù shèng xià shǎ yàng la	哈哈哈，剩下西瓜皮	hā hā hā ， shèng xià xī guā pí	剩下的全是不开心的？	shèng xià de quán shì bù kāi xīn de ？
475	搭	5893	4049	99	307.59	哪里不搭	nǎ lǐ bù dā	不搭我一起么	bù dā wǒ yī qǐ me	哪过想搭你讲，呸	nǎ guò xiǎng dā nǐ jiǎng ， pēi
476	实现	6618	3572	73	307.52	实现家？	shí xiàn jiā ？	三台可实现	sān tái kě shí xiàn	祝你早日实现	zhù nǐ zǎo rì shí xiàn
477	勇气	7602	3880	20	307.36	俄无勇气	é wú yǒng qì	没有那勇气	méi yǒu nà yǒng qì	天哪，有勇气	tiān nǎ ， yǒu yǒng qì
478	资源	6804	1119	109	307.27	求资源！	qiú zī yuán ！	哪里有资源啊	nǎ lǐ yǒu zī yuán a	所以有资源吗	suǒ yǐ yǒu zī yuán ma
479	盖	6895	3044	69	307.19	衣服盖着了	yī fú gài zhe le	我睡觉都盖两层	wǒ shuì jué dōu gài liǎng céng	我们盖棉被谈谈心	wǒ men gài mián bèi tán tán xīn
480	屁	8406	2063	14	306.64	你懂个屁。	nǐ dǒng gè pì 。	屁，你骗我	pì ， nǐ piàn wǒ	你有个屁肌肉	nǐ yǒu gè pì jī ròu
481	网络	5138	2221	167	306.34	网络延迟了而已	wǎng luò yán chí le ér yǐ	网络情缘一线牵	wǎng luò qíng yuán yī xiàn qiān	品六网络已恢复。	pǐn liù wǎng luò yǐ huī fù 。
482	舍不得	8871	507	20	306.33	舍不得我吗？	shě bù dé wǒ ma ？	切。。。舍不得	qiè 。 。 。 shě bù dé	我猜你也舍不得	wǒ cāi nǐ yě shě bù dé
483	口红	8413	435	42	305.49	你用口红？	nǐ yòng kǒu hóng ？	口红不错！	kǒu hóng bù cuò ！	口红要吗？	kǒu hóng yào ma ？
484	语文	4310	73	245	305.48	语文好？	yǔ wén hǎo ？	我语文老师	wǒ yǔ wén lǎo shī	语文小天后	yǔ wén xiǎo tiān hòu
485	小可爱	9240	449	2	305.37	哈咯小可爱	hā gē xiǎo kě ài	谢谢小可爱	xiè xiè xiǎo kě ài	418小可爱	4 1 8 xiǎo kě ài
486	口味	8152	1139	41	305.15	口味重不	kǒu wèi zhòng bù	你口味真重	nǐ kǒu wèi zhēn zhòng	要什么口味的	yào shén me kǒu wèi de
487	伙计	437	23247	2	305.07	你伙计？	nǐ huǒ jì ？	全熟的伙计	quán shú de huǒ jì	招伙计不？	zhāo huǒ jì bù ？
488	撞	4832	4644	135	305.04	p3撞了	p 3 zhuàng le	倒车撞了？	dào chē zhuàng le ？	我怕被撞飞	wǒ pà bèi zhuàng fēi
489	兼职	0	434	443	304.42	他做兼职	tā zuò jiān zhí	兼职酒吧女	jiān zhí jiǔ ba nǚ	想兼职挣钱？	xiǎng jiān zhí zhēng qián ？
490	著	1	24310	2	304.23	我跟沙利坐著谈了很久	wǒ gēn shā lì zuò zhù tán le hěn jiǔ	四个农民正抽著烟在打牌	sì gè nóng mín zhèng chōu zhù yān zài dǎ pái	手里还拿著枪 多英勇啊	shǒu lǐ hái ná zhù qiāng   duō yīng yǒng a
491	欠	6631	6643	10	303.67	欠了什么	qiàn le shén me	欠了很多	qiàn le hěn duō	先欠着啊。。	xiān qiàn zhe a 。 。
492	相当	6107	5156	62	303.32	相当好看	xiāng dāng hǎo kàn	嗯相当不错	ń xiāng dāng bù cuò	相当对得起	xiāng dāng duì dé qǐ
493	不行了	6700	2137	89	303.09	估计不行了	gū jì bù xíng le	国足不行了	guó zú bù xíng le	哈哈哈不行了	hā hā hā bù xíng le
494	时尚	4010	926	239	302.37	发型挺时尚	fā xíng tǐng shí shàng	我引领时尚	wǒ yǐn lǐng shí shàng	职业时尚人	zhí yè shí shàng rén
495	国内	6903	928	99	301.33	国内貌似没有	guó nèi mào shì méi yǒu	国内假的太多哎	guó nèi jiǎ de tài duō āi	国内新闻说木有	guó nèi xīn wén shuō mù yǒu
496	里边	1004	735	384	300.78	有电影里边好看？	yǒu diàn yǐng lǐ biān hǎo kàn ？	湖里边有夏雨荷吗？	hú lǐ biān yǒu xià yǔ hé ma ？	别闹，论文还在里边呢	bié nào ， lùn wén hái zài lǐ biān ne
497	导致	2107	3189	285	300.15	小蝴蝶导致不停重启	xiǎo hú dié dǎo zhì bù tíng zhòng qǐ	是自卑导致自恋吗？	shì zì bēi dǎo zhì zì liàn ma ？	那不是生病导致的吗	nà bù shì shēng bìng dǎo zhì de ma
498	长发	9130	404	0	299.91	留回长发	liú huí zhǎng fā	算？长发？	suàn ？ zhǎng fā ？	长发更好看	zhǎng fā gèng hǎo kàn
499	打卡	9102	77	7	299.66	主持打卡	zhǔ chí dǎ kǎ	广东打卡	guǎng dōng dǎ kǎ	挣钱打卡	zhēng qián dǎ kǎ
500	当初	6335	2361	96	298.82	厉害，当初过去得几天	lì hài ， dāng chū guò qù dé jǐ tiān	想当初我也是老司机啊	xiǎng dāng chū wǒ yě shì lǎo sī jī a	哈哈一样，我当初不会玩根本	hā hā yī yàng ， wǒ dāng chū bù huì wán gēn běn
501	佩服	7995	811	45	298.70	佩服。。	pèi fú 。 。	佩服佩服	pèi fú pèi fú	在下佩服	zài xià pèi fú
502	神马	9145	221	0	298.11	上报神马	shàng bào shén mǎ	有神马用	yǒu shén mǎ yòng	神马口语	shén mǎ kǒu yǔ
503	以及	2292	8563	173	297.47	以及猥琐	yǐ jí wěi suǒ	以及研究僧	yǐ jí yán jiū sēng	全部以及黑丝	quán bù yǐ jí hēi sī
504	最多	6126	2098	108	296.89	这衣服亮相最多	zhè yī fú liàng xiāng zuì duō	照片里最多88！！	zhào piàn lǐ zuì duō 8 8 ！ ！	啊不应该早上冰最多嘛	a bù yīng gāi zǎo shàng bīng zuì duō ma
505	人物	2709	4173	233	296.75	电视剧的人物	diàn shì jù de rén wù	不只是人物照哈	bù zhǐ shì rén wù zhào hā	咦有海贼人物？！	yí yǒu hǎi zéi rén wù ？ ！
506	语音	2206	587	323	296.58	唱，语音轰炸他	chàng ， yǔ yīn hōng zhà tā	别发语音吧我在听歌	bié fā yǔ yīn ba wǒ zài tīng gē	所以你为啥不发语音呢	suǒ yǐ nǐ wèi shá bù fā yǔ yīn ne
507	摸摸	8937	570	1	296.42	摸摸小黑	mō mō xiǎo hēi	摸摸摸头	mō mō mō tóu	哎，摸摸摸	āi ， mō mō mō
508	思想	3984	2882	194	295.52	嗯,思想	ń , sī xiǎng	思想混乱	sī xiǎng hùn luàn	思想斗争！	sī xiǎng dòu zhēng ！
509	噶	9049	152	2	295.50	还不回来噶	hái bù huí lái gá	好哒，谢谢噶	hǎo dá ， xiè xiè gá	我补课不是噶	wǒ bǔ kè bù shì gá
510	介意	5215	9677	9	295.06	我不介意的	wǒ bù jiè yì de	我霖距5会介意	wǒ lín jù 5 huì jiè yì	不介意你叫一次哦	bù jiè yì nǐ jiào yī cì ó
511	下载	6630	1041	100	294.60	下载了啊	xià zài le a	被下载整的	bèi xià zài zhěng de	网易云能下载么	wǎng yì yún néng xià zài me
512	男友	7359	2764	33	294.39	我前男友	wǒ qián nán yǒu	前男友好多	qián nán yǒu hǎo duō	谈了假男友	tán le jiǎ nán yǒu
513	捏	8712	638	6	293.37	好想捏雪球哦	hǎo xiǎng niē xuě qiú ó	去超市捏方便面	qù chāo shì niē fāng biàn miàn	上啦，在开会捏。	shàng la ， zài kāi huì niē 。
514	欣赏	6861	3105	49	293.35	不会欣赏	bù huì xīn shǎng	不懂欣赏	bù dǒng xīn shǎng	感谢欣赏	gǎn xiè xīn shǎng
515	意外	5505	6837	44	292.67	只是意外	zhǐ shì yì wài	她是出意外	tā shì chū yì wài	对啊！很意外	duì a ！ hěn yì wài
516	起码	6103	1908	106	292.43	起码认错了	qǐ mǎ rèn cuò le	起码10小时	qǐ mǎ 1 0 xiǎo shí	起码还做过同学啦	qǐ mǎ hái zuò guò tóng xué la
517	艾特	8999	45	1	291.88	求艾特一下	qiú ài tè yī xià	记得艾特我	jì dé ài tè wǒ	你为啥不艾特我	nǐ wèi shá bù ài tè wǒ
518	传	5205	3213	124	291.83	谁传的啊	shuí chuán de a	传超快顺产	chuán chāo kuài shùn chǎn	来人，传太医	lái rén ， chuán tài yī
519	染	8157	930	24	291.24	之前染的呀	zhī qián rǎn de ya	染了6小时	rǎn le 6 xiǎo shí	染头发了？！	rǎn tóu fā le ？ ！
520	毁	5414	6573	51	291.17	你要毁我	nǐ yào huǐ wǒ	毁人不倦	huǐ rén bù juàn	早起毁一天	zǎo qǐ huǐ yī tiān
521	夫人	1685	18233	13	290.34	夫人真厉害	fū rén zhēn lì hài	我猜是夫人	wǒ cāi shì fū rén	谢谢许夫人	xiè xiè xǔ fū rén
522	神奇	6674	3227	51	290.18	十分神奇	shí fēn shén qí	哇好神奇	wa hǎo shén qí	这么神奇	zhè me shén qí
523	长沙	7851	65	53	290.15	在长沙吗	zài zhǎng shā ma	你在长沙？	nǐ zài zhǎng shā ？	回长沙了？	huí zhǎng shā le ？
524	扎	8012	795	31	289.60	喜欢扎头发	xǐ huān zhā tóu fā	哈哈哈么么扎	hā hā hā me me zhā	是扎的辫子！	shì zhā de biàn zi ！
525	空间	5443	3857	97	289.32	在空间中	zài kōng jiān zhōng	给点你瞎想空间呗	gěi diǎn nǐ xiā xiǎng kōng jiān bei	你猜,遐想空间很大的	nǐ cāi , xiá xiǎng kōng jiān hěn dà de
526	藏	4977	8098	41	289.30	卫生纸藏好	wèi shēng zhǐ cáng hǎo	头发少藏着点	tóu fā shǎo cáng zhe diǎn	藏不住的幸福	cáng bù zhù de xìng fú
527	荣耀	4851	1640	166	289.15	王者荣耀吗	wáng zhě róng yào ma	王者荣耀超好玩	wáng zhě róng yào chāo hǎo wán	你会打王者荣耀吗	nǐ huì dǎ wáng zhě róng yào ma
528	圆	7976	1068	27	289.13	眼睛真圆	yǎn jīng zhēn yuán	你也是圆的	nǐ yě shì yuán de	更大更圆了	gèng dà gèng yuán le
529	公主	5246	7371	41	288.93	我家公主	wǒ jiā gōng zhǔ	公主叫刚刚	gōng zhǔ jiào gāng gāng	钢琴小公主	gāng qín xiǎo gōng zhǔ
530	显	7840	336	46	288.45	略显乖张	lüè xiǎn guāi zhāng	镜子显瘦吧	jìng zi xiǎn shòu ba	土豪不显年轻	tǔ háo bù xiǎn nián qīng
531	抓住	3418	12145	39	288.02	小号，抓住	xiǎo hào ， zhuā zhù	抓住？啥？	zhuā zhù ？ shá ？	抓住一只思萌！	zhuā zhù yī zhǐ sī méng ！
532	心中	6495	3220	56	287.69	在我心中很喝得	zài wǒ xīn zhōng hěn hē dé	我在你心中是最美	wǒ zài nǐ xīn zhōng shì zuì měi	天仙的妆容是我心中痛	tiān xiān de zhuāng róng shì wǒ xīn zhōng tòng
533	就让	4154	4947	136	287.59	就让你嘚瑟一次	jiù ràng nǐ dē sè yī cì	看着就让人心动！	kàn zhe jiù ràng rén xīn dòng ！	回沅江就让你胖起来	huí yuán jiāng jiù ràng nǐ pàng qǐ lái
534	记录	4790	7468	59	287.56	敏敏你在记录什么	mǐn mǐn nǐ zài jì lù shén me	如何完整清晰简洁的记录	rú hé wán zhěng qīng xī jiǎn jié de jì lù	还有和我的聊天记录！！	hái yǒu hé wǒ de liáo tiān jì lù ！ ！
535	不可	5167	5837	71	287.52	不可描述的事	bù kě miáo shù de shì	不可说不可说	bù kě shuō bù kě shuō	天机不可泄露	tiān jī bù kě xiè lù
536	小米	5751	355	143	286.69	你用的小米	nǐ yòng de xiǎo mǐ	吃你家小米啦	chī nǐ jiā xiǎo mǐ la	去小米官网看看	qù xiǎo mǐ guān wǎng kàn kàn
537	不止	6663	2575	58	286.43	不止今天	bù zhǐ jīn tiān	不止雾霾	bù zhǐ wù mái	我又不止跑步	wǒ yòu bù zhǐ pǎo bù
538	潇洒	8635	376	4	286.27	在哪潇洒	zài nǎ xiāo sǎ	潇洒什么啊	xiāo sǎ shén me a	你还是潇洒咧	nǐ hái shì xiāo sǎ liě
539	屏幕	7013	769	74	286.03	溢满屏幕	yì mǎn píng mù	换个屏幕咯	huàn gè píng mù gē	蛮大的屏幕	mán dà de píng mù
540	肿么	8847	23	0	286.02	你肿么了	nǐ zhǒng me le	肿么了？	zhǒng me le ？	肿么怎么美	zhǒng me zěn me měi
541	作	5430	7004	34	285.58	传世奇作	chuán shì qí zuò	作怼鸳鸯鬼	zuò duì yuān yāng guǐ	……不作回应	… … bù zuò huí yīng
542	实力	5546	1038	138	285.20	实力托举	shí lì tuō jǔ	什么实力？	shén me shí lì ？	实力坑饭？	shí lì kēng fàn ？
543	咦	7928	1939	7	284.94	咦你在哪啊	yí nǐ zài nǎ a	咦你坐哪呢	yí nǐ zuò nǎ ne	咦，上照片	yí ， shàng zhào piàn
544	捞	7790	601	38	284.73	谢谢捞我	xiè xiè lāo wǒ	出来吃海底捞	chū lái chī hǎi dǐ lāo	我成日捞酱食	wǒ chéng rì lāo jiàng shí
545	周六	7852	1194	24	284.67	周六还是？	zhōu liù hái shì ？	我周六过去	wǒ zhōu liù guò qù	下周只能周六	xià zhōu zhǐ néng zhōu liù
546	投	5474	2747	109	284.59	怎么投啊	zěn me tóu a	还不投釜去	hái bù tóu fǔ qù	我投千玺弟弟	wǒ tóu qiān xǐ dì dì
547	思考	6152	3639	60	284.53	思考出什么了吗	sī kǎo chū shén me le ma	让我思考一下！	ràng wǒ sī kǎo yī xià ！	你可以思考人生啊	nǐ kě yǐ sī kǎo rén shēng a
548	莫	8317	1105	3	284.41	下午开始莫慌	xià wǔ kāi shǐ mò huāng	快的，莫着急	kuài de ， mò zhe jí	明天莫搞忘了	míng tiān mò gǎo wàng le
549	冻	8387	653	7	283.74	洛川太冻了唉	luò chuān tài dòng le āi	睡冻了嗓子痛	shuì dòng le sǎng zi tòng	你真成，别冻着吧	nǐ zhēn chéng ， bié dòng zhe ba
550	撸	7954	85	38	283.60	我要撸了	wǒ yào lū le	撸串王？	lū chuàn wáng ？	撸啊撸？	lū a lū ？
551	脸上	6887	2676	41	283.44	坐你脸上	zuò nǐ liǎn shàng	脸上有痘印	liǎn shàng yǒu dòu yìn	只长脸上么?	zhǐ zhǎng liǎn shàng me ?
552	黄	7160	2366	33	283.00	哪里黄了	nǎ lǐ huáng le	是黄的！	shì huáng de ！	说黄段子啊	shuō huáng duàn zi a
553	脖子	6971	3330	24	282.83	脖子好评	bó zi hǎo píng	刚到脖子吧	gāng dào bó zi ba	脑袋大脖子粗	nǎo dài dà bó zi cū
554	自我	5791	4228	63	282.23	自我拉扯	zì wǒ lā chě	它放飞了自我	tā fàng fēi le zì wǒ	这叫挑战自我喔	zhè jiào tiāo zhàn zì wǒ ō
555	吼	7904	1022	20	281.51	来吼一个	lái hǒu yī gè	就是吼猴看	jiù shì hǒu hóu kàn	元宵节快乐吼	yuán xiāo jié kuài lè hǒu
556	坚强	7245	2747	19	281.04	坚强一点	jiān qiáng yī diǎn	坚强的书包	jiān qiáng de shū bāo	坚强的男人	jiān qiáng de nán rén
557	挤	7151	2174	34	280.99	会很挤吗？	huì hěn jǐ ma ？	我觉得不挤	wǒ jué dé bù jǐ	挤一下又没事	jǐ yī xià yòu méi shì
558	拖	6512	3543	39	280.78	拖出去打	tuō chū qù dǎ	拖着走咯	tuō zhe zǒu gē	不是人字拖？	bù shì rén zì tuō ？
559	伟大	3620	9670	64	280.58	伟大个求	wěi dà gè qiú	母爱真伟大	mǔ ài zhēn wěi dà	那我比你伟大	nà wǒ bǐ nǐ wěi dà
560	角色	4215	4364	133	280.27	为了角色留的	wèi le jiǎo sè liú de	你是什么角色啊	nǐ shì shén me jiǎo sè a	可爱而迷人的反派角色	kě ài ér mí rén de fǎn pài jiǎo sè
561	混蛋	0	22442	1	280.25	你混蛋！	nǐ hùn dàn ！	那帮混蛋	nà bāng hùn dàn	你们混蛋！	nǐ men hùn dàn ！
562	消失	4425	9534	27	279.91	消失吧你	xiāo shī ba nǐ	技能消失中	jì néng xiāo shī zhōng	你消失了啊？	nǐ xiāo shī le a ？
563	偶遇	8578	107	2	279.73	偶遇好欢乐	ǒu yù hǎo huān lè	偶遇小仙女	ǒu yù xiǎo xiān nǚ	期待偶遇呀	qī dài ǒu yù ya
564	拔	7596	1940	15	279.62	你来帮我拔	nǐ lái bāng wǒ bá	是拔好吗！！	shì bá hǎo ma ！ ！	我还得再拔两颗	wǒ hái dé zài bá liǎng kē
565	坐等	8586	108	1	279.33	坐等回家	zuò děng huí jiā	坐等直播	zuò děng zhí bō	坐等。。。	zuò děng 。 。 。
566	几次	6879	2118	45	278.93	蹭过几次	cèng guò jǐ cì	多玩几次！！	duō wán jǐ cì ！ ！	你多洗几次试试	nǐ duō xǐ jǐ cì shì shì
567	除非	3794	8544	74	278.92	除非下雨。。。	chú fēi xià yǔ 。 。 。	除非我惠发博了	chú fēi wǒ huì fā bó le	一顿饭的事情么，除非你把吃了	yī dùn fàn de shì qíng me ， chú fēi nǐ bǎ chī le
568	胃	7150	1453	43	278.05	胃疼不吃	wèi téng bù chī	你胃不疼啊	nǐ wèi bù téng a	你90斤的胃	nǐ 9 0 jīn de wèi
569	蛋	7151	3316	8	277.67	幸福个蛋	xìng fú gè dàn	水蛋是啥	shuǐ dàn shì shá	芙蓉蛋么	fú róng dàn me
570	主动	6682	1442	65	277.65	主动出击！	zhǔ dòng chū jī ！	等你主动了	děng nǐ zhǔ dòng le	主动要求揪耳朵	zhǔ dòng yào qiú jiū ěr duǒ
571	狠	7126	1482	43	277.64	你心好狠	nǐ xīn hǎo hěn	够狠。。。	gòu hěn 。 。 。	你咋这么狠啊！	nǐ zǎ zhè me hěn a ！
572	改天	7942	1146	10	277.53	咱们改天约么	zán men gǎi tiān yuē me	改天休息了吧	gǎi tiān xiū xī le ba	摸摸大，改天唱	mō mō dà ， gǎi tiān chàng
573	一块	5274	3750	87	275.78	一块吃的。	yī kuài chī de 。	一块就好了	yī kuài jiù hǎo le	以后一块去	yǐ hòu yī kuài qù
574	经典	5424	1399	123	275.63	以前吃过经典	yǐ qián chī guò jīng diǎn	经典台词么？	jīng diǎn tái cí me ？	经典～你懂的	jīng diǎn ～ nǐ dǒng de
575	抖音	2438	0	290	274.49	我爱看抖音	wǒ ài kàn dǒu yīn	学我刷抖音啊	xué wǒ shuā dǒu yīn a	抖音更没意思	dǒu yīn gèng méi yì sī
576	兔子	7455	2045	12	274.35	我家兔子	wǒ jiā tù zi	兔子太棒了	tù zi tài bàng le	兔子餐厅见	tù zi cān tīng jiàn
577	华为	3682	1	229	273.50	华为。。。	huá wèi 。 。 。	华为锻炼人	huá wèi duàn liàn rén	华为是赢家吗	huá wèi shì yíng jiā ma
578	接触	2339	3633	226	273.35	近距离接触	jìn jù lí jiē chù	你不用接触了	nǐ bù yòng jiē chù le	从头学吧。没接触过	cóng tóu xué ba 。 méi jiē chù guò
579	妹纸	8437	32	0	272.89	人家是妹纸	rén jiā shì mèi zhǐ	贤惠的妹纸啊	xián huì de mèi zhǐ a	2，妹纸私我地址	2 ， mèi zhǐ sī wǒ dì zhǐ
580	任性	8195	546	2	272.83	就是任性	jiù shì rèn xìng	怪我任性	guài wǒ rèn xìng	任性加有钱	rèn xìng jiā yǒu qián
581	蚊子	8124	507	5	272.08	被蚊子吵醒	bèi wén zi chǎo xǐng	我写蚊子了啊	wǒ xiě wén zi le a	用蚊子养身？	yòng wén zi yǎng shēn ？
582	其	3283	7584	106	272.06	人如其名	rén rú qí míng	人如其奶	rén rú qí nǎi	占势其人	zhàn shì qí rén
583	楼下	7181	2609	11	271.86	我在你楼下	wǒ zài nǐ lóu xià	楼下重口味	lóu xià zhòng kǒu wèi	亲，请看楼下	qīn ， qǐng kàn lóu xià
584	妹	7124	1179	40	271.77	你是奔驰妹	nǐ shì bēn chí mèi	八块腹肌妹	bā kuài fù jī mèi	快去教来妹	kuài qù jiào lái mèi
585	跪	7432	1048	27	271.32	给头发跪了	gěi tóu fā guì le	跪搓衣板去	guì cuō yī bǎn qù	哥给你跪了。	gē gěi nǐ guì le 。
586	没得	7411	647	35	271.04	艳遇没得	yàn yù méi dé	买毛线没得钱	mǎi máo xiàn méi dé qián	就是没得意思	jiù shì méi dé yì sī
587	单纯	6157	1105	86	270.67	比较单纯啦	bǐ jiào dān chún la	你也是够单纯的	nǐ yě shì gòu dān chún de	你单纯，都不用	nǐ dān chún ， dōu bù yòng
588	多多	6154	1004	88	270.66	多多关照	duō duō guān zhào	多多多！	duō duō duō ！	多多休息哦	duō duō xiū xī ó
589	一群	5518	4054	62	270.57	一群歪瓜裂枣	yī qún wāi guā liè zǎo	我只有一群直男癌	wǒ zhǐ yǒu yī qún zhí nán ái	一群猴子等着你去开发	yī qún hóu zi děng zhe nǐ qù kāi fā
590	前几天	7358	764	34	270.11	前几天还切了自己一刀	qián jǐ tiān hái qiè le zì jǐ yī dāo	我已经在跳了。前几天买的	wǒ yǐ jīng zài tiào le 。 qián jǐ tiān mǎi de	是前几天的了，我娘子要看	shì qián jǐ tiān de le ， wǒ niáng zi yào kàn
591	睡醒	8078	233	9	269.88	俺睡醒了	ǎn shuì xǐng le	睡醒啦？	shuì xǐng la ？	才睡醒。。	cái shuì xǐng 。 。
592	造	6483	2666	40	269.60	我造啊！！	wǒ zào a ！ ！	不造不代表不作	bù zào bù dài biǎo bù zuò	我自己都不造诶	wǒ zì jǐ dōu bù zào éi
593	凭	5754	3897	52	269.49	凭本事凭努力	píng běn shì píng nǔ lì	凭啥男的不能抢	píng shá nán de bù néng qiǎng	凭记忆不完全版	píng jì yì bù wán quán bǎn
594	国庆	7745	94	26	268.86	国庆快乐	guó qìng kuài lè	国庆的呀	guó qìng de ya	国庆要浪	guó qìng yào làng
595	第二天	4960	1832	127	268.74	不是，第二天认识你	bù shì ， dì èr tiān rèn shí nǐ	分手第二天想你到哭	fēn shǒu dì èr tiān xiǎng nǐ dào kū	刻毛这都第二天了才回我	kè máo zhè dōu dì èr tiān le cái huí wǒ
596	处	4261	6983	65	268.49	处得我喔	chù dé wǒ ō	那处对象不	nà chù duì xiàng bù	不挑说处就处	bù tiāo shuō chù jiù chù
597	毒	7093	1857	23	267.75	什么毒？	shén me dú ？	哈哈哈啥毒	hā hā hā shá dú	怕毒唯举报	pà dú wéi jǔ bào
598	被子	7438	353	34	267.58	不叠被子	bù dié bèi zi	我们晒被子了	wǒ men shài bèi zi le	被子还是太轻了	bèi zi hái shì tài qīng le
599	成长	5929	2122	73	267.20	成长的养分	chéng zhǎng de yǎng fēn	这就是成长	zhè jiù shì chéng zhǎng	也是一种成长。	yě shì yī zhǒng chéng zhǎng 。
600	咋样	7671	363	22	267.13	你咋样？	nǐ zǎ yàng ？	学校咋样	xué xiào zǎ yàng	质量咋样	zhì liàng zǎ yàng
601	愿望	6830	2976	14	267.12	只是愿望	zhǐ shì yuàn wàng	满足愿望了吗	mǎn zú yuàn wàng le ma	祝你愿望成真	zhù nǐ yuàn wàng chéng zhēn
602	叔	7592	1475	5	266.95	一叔是谁	yī shū shì shuí	叔好可爱	shū hǎo kě ài	我成年了叔	wǒ chéng nián le shū
603	爆炸	5104	6134	38	266.91	好听爆炸	hǎo tīng bào zhà	美到爆炸	měi dào bào zhà	头像爆炸了喂	tóu xiàng bào zhà le wèi
604	啧啧	8214	81	0	266.30	啧啧啧哄我	zé zé zé hǒng wǒ	对啊啧啧啧	duì a zé zé zé	则啧啧啧啧啧	zé zé zé zé zé zé
605	单	5862	2108	75	266.21	没单没单	méi dān méi dān	是蛮单蠢的	shì mán dān chǔn de	难道是小单	nán dào shì xiǎo dān
606	真爱	7324	1361	18	265.65	我是真爱	wǒ shì zhēn ài	不是真爱。	bù shì zhēn ài 。	你是真爱！	nǐ shì zhēn ài ！
607	涂	7030	1333	32	265.26	涂一个看看	tú yī gè kàn kàn	你涂了真好看	nǐ tú le zhēn hǎo kàn	人美涂啥都好看	rén měi tú shá dōu hǎo kàn
608	深深	7462	1337	11	265.09	早安深深	zǎo ān shēn shēn	深深下午好	shēn shēn xià wǔ hǎo	勇敢的深深啊	yǒng gǎn de shēn shēn a
609	满满	7504	437	25	264.68	冰箱满满满啊	bīng xiāng mǎn mǎn mǎn a	基情满满！！	jī qíng mǎn mǎn ！ ！	福气满满满满	fú qì mǎn mǎn mǎn mǎn
610	行为	2164	7318	153	264.33	我哪些行为看的像坏人了	wǒ nǎ xiē xíng wèi kàn de xiàng huài rén le	你是说我的行为么..哈哈	nǐ shì shuō wǒ de xíng wèi me . . hā hā	可以说是观球不文明行为了吧	kě yǐ shuō shì guān qiú bù wén míng xíng wèi le ba
611	全世界	5683	4029	45	264.11	有脸就有全世界	yǒu liǎn jiù yǒu quán shì jiè	从你的全世界路过	cóng nǐ de quán shì jiè lù guò	全世界请我吃鸡翅	quán shì jiè qǐng wǒ chī jī chì
612	失恋	7578	314	22	263.51	习惯失恋	xí guàn shī liàn	失恋了？	shī liàn le ？	我失恋了	wǒ shī liàn le
613	挖	5905	3815	37	263.22	缺油水挖	quē yóu shuǐ wā	别挖坑就行	bié wā kēng jiù xíng	你挖煤我炼钢	nǐ wā méi wǒ liàn gāng
614	烧烤	7351	433	30	263.06	我要吃烧烤	wǒ yào chī shāo kǎo	烧烤我都爱	shāo kǎo wǒ dōu ài	想和您一起吃烧烤	xiǎng hé nín yī qǐ chī shāo kǎo
615	招	6013	3298	41	262.97	风大招树	fēng dà zhāo shù	招伙计不？	zhāo huǒ jì bù ？	你招保安吗？	nǐ zhāo bǎo ān ma ？
616	砸	6236	2719	41	262.95	哈哈蠢儿砸	hā hā chǔn ér zá	我要用砸你	wǒ yào yòng zá nǐ	狗布梨抱砸	gǒu bù lí bào zá
617	吓人	6841	1731	29	262.09	可吓人么	kě xià rén me	深夜吓人	shēn yè xià rén	狠吓人吧。	hěn xià rén ba 。
618	乖乖	6947	2942	1	261.70	努力哦乖乖	nǔ lì ó guāi guāi	小孩乖乖嘛	xiǎo hái guāi guāi ma	我要乖乖乖	wǒ yào guāi guāi guāi
619	形象	5684	1663	85	261.67	扒字更形象	bā zì gèng xíng xiàng	云南形象大使	yún nán xíng xiàng dà shǐ	请你维护我的形象	qǐng nǐ wéi hù wǒ de xíng xiàng
620	硬	5977	2513	55	261.47	人不够硬啊	rén bù gòu yìng a	果然是翅膀硬了	guǒ rán shì chì bǎng yìng le	感觉身体都硬了。	gǎn jué shēn tǐ dōu yìng le 。
621	婚礼	5233	7024	7	261.24	集体婚礼	jí tǐ hūn lǐ	又去婚礼？	yòu qù hūn lǐ ？	婚礼的祝福	hūn lǐ de zhù fú
622	结局	5519	2478	77	261.09	我结局真惨啊	wǒ jié jú zhēn cǎn a	结局有点鸡血	jié jú yǒu diǎn jī xuè	不喜欢这个结局	bù xǐ huān zhè gè jié jú
623	若	3887	10537	6	260.86	是若兮?	shì ruò xī ?	若问非所答	ruò wèn fēi suǒ dá	遇强则若！	yù qiáng zé ruò ！
624	醒来	5743	4904	21	260.75	醒来，哈哈	xǐng lái ， hā hā	醒来后不辣了	xǐng lái hòu bù là le	醒来又伤了两人	xǐng lái yòu shāng le liǎng rén
625	真相	4979	7097	17	260.70	哥哥真相了	gē gē zhēn xiāng le	无图无真相	wú tú wú zhēn xiāng	有图有真相	yǒu tú yǒu zhēn xiāng
626	自从	4780	5029	64	260.23	自从你离职了，都不好耍了	zì cóng nǐ lí zhí le ， dōu bù hǎo shuǎ le	你自从去了民谣圈你就不稳定	nǐ zì cóng qù le mín yáo quān nǐ jiù bù wěn dìng	你自从离开学校就失踪了一样	nǐ zì cóng lí kāi xué xiào jiù shī zōng le yī yàng
627	彼此	5916	4629	15	258.86	彼此彼此	bǐ cǐ bǐ cǐ	彼此彼此啦	bǐ cǐ bǐ cǐ la	彼此！彼此	bǐ cǐ ！ bǐ cǐ
628	汉子	7639	277	12	258.27	汉子，纯汉子	hàn zi ， chún hàn zi	哈哈汉子求简介	hā hā hàn zi qiú jiǎn jiè	我是汉子保护你	wǒ shì hàn zi bǎo hù nǐ
629	镜头	6291	2504	35	258.00	在镜头里	zài jìng tóu lǐ	哇看镜头了	wa kàn jìng tóu le	塞不进镜头	sāi bù jìn jìng tóu
630	化	6581	1100	47	257.98	结构化涩	jié gòu huà sè	下完就化了	xià wán jiù huà le	杭州还没化	háng zhōu hái méi huà
631	调	5713	2417	64	257.83	调公司档案	diào gōng sī dàng àn	老师要调花眼。	lǎo shī yào diào huā yǎn 。	最近脑子总是调错台	zuì jìn nǎo zi zǒng shì diào cuò tái
632	进步	5041	1585	110	256.81	加油哟一起进步	jiā yóu yō yī qǐ jìn bù	多探讨，共同进步	duō tàn tǎo ， gòng tóng jìn bù	感觉你进步神速！	gǎn jué nǐ jìn bù shén sù ！
633	有木有	7929	26	0	256.41	有木有我	yǒu mù yǒu wǒ	有木有放盐	yǒu mù yǒu fàng yán	有木有0000的	yǒu mù yǒu 0 0 0 0 de
634	扣	5678	1584	78	255.77	雷佳音最扣	léi jiā yīn zuì kòu	我差点就扣了	wǒ chà diǎn jiù kòu le	那就这样不扣	nà jiù zhè yàng bù kòu
635	紧	6033	3528	24	255.00	紧的。。	jǐn de 。 。	仲挨紧世界	zhòng āi jǐn shì jiè	我想抱紧你	wǒ xiǎng bào jǐn nǐ
636	举报	7228	423	24	254.92	必遭举报	bì zāo jǔ bào	直接举报	zhí jiē jǔ bào	再举报一次	zài jǔ bào yī cì
637	技能	4275	600	162	254.89	二技能好评	èr jì néng hǎo píng	技能消失中	jì néng xiāo shī zhōng	没这技能。	méi zhè jì néng 。
638	脑袋	4917	5597	39	254.86	我脑袋还疼	wǒ nǎo dài hái téng	脑袋大脖子粗	nǎo dài dà bó zi cū	我脑袋是你碰的	wǒ nǎo dài shì nǐ pèng de
639	事故	937	2802	281	254.84	也可能是事故	yě kě néng shì shì gù	可能算事故吧	kě néng suàn shì gù ba	京都下午发生重大交通事故	jīng dōu xià wǔ fā shēng zhòng dà jiāo tōng shì gù
640	在意	5750	3303	41	254.53	何必那么在意	hé bì nà me zài yì	我什么都不在意	wǒ shén me dōu bù zài yì	那你不在意我了	nà nǐ bù zài yì wǒ le
641	随	5743	4562	18	254.47	心随你动	xīn suí nǐ dòng	随你个便	suí nǐ gè biàn	两边的随你挑	liǎng biān de suí nǐ tiāo
642	小伙伴	7423	169	18	254.00	小伙伴超可爱	xiǎo huǒ bàn chāo kě ài	小伙伴你还好吗	xiǎo huǒ bàn nǐ hái hǎo ma	小伙伴你过得好吗	xiǎo huǒ bàn nǐ guò dé hǎo ma
643	眼光	6816	1014	31	253.70	眼光满分！	yǎn guāng mǎn fēn ！	你眼光很好！	nǐ yǎn guāng hěn hǎo ！	咱俩眼光一样	zán liǎ yǎn guāng yī yàng
644	蹭	7341	243	20	253.62	能蹭点不	néng cèng diǎn bù	蹭得累啊	cèng dé lèi a	蹭过几次	cèng guò jǐ cì
645	嫌	6797	1233	27	253.11	儿不嫌家贫	ér bù xián jiā pín	看热闹不嫌事大	kàn rè nào bù xián shì dà	还不想要、嫌累	hái bù xiǎng yào 、 xián lèi
646	自动	6110	2187	42	252.93	嘻嘻，自动窗。	xī xī ， zì dòng chuāng 。	自动回复。。。	zì dòng huí fù 。 。 。	我自动打包跟你走	wǒ zì dòng dǎ bāo gēn nǐ zǒu
647	忍不住	6960	1048	22	252.70	忍不住老是吃	rěn bù zhù lǎo shì chī	忍不住吃了一口	rěn bù zhù chī le yī kǒu	忍不住唱了出来	rěn bù zhù chàng le chū lái
648	可不是	4760	6856	20	252.65	可不是了	kě bù shì le	可不是嘛	kě bù shì ma	那可不是	nà kě bù shì
649	称	3601	9192	32	252.41	我刚称过	wǒ gāng chēng guò	你称就知道了	nǐ chēng jiù zhī dào le	刚称的，90多	gāng chēng de ， 9 0 duō
650	歌词	6616	996	39	252.41	有这歌词么	yǒu zhè gē cí me	歌词啊大明	gē cí a dà míng	额,歌词么	é , gē cí me
651	福	7330	1159	1	251.85	不知福！	bù zhī fú ！	托您的福	tuō nín de fú	摸福有福	mō fú yǒu fú
652	社长	7134	1380	6	251.65	求社长翻牌	qiú shè zhǎng fān pái	睡了吗社长	shuì le ma shè zhǎng	社长大头依旧	shè zhǎng dà tóu yī jiù
653	断	5917	3249	29	251.15	哼哼咬断	hēng hēng yǎo duàn	差点断了	chà diǎn duàn le	早断早轻松	zǎo duàn zǎo qīng sōng
654	记忆	4664	5433	48	250.72	凭记忆不完全版	píng jì yì bù wán quán bǎn	老了记忆衰退了	lǎo le jì yì shuāi tuì le	独家记忆可以好好收藏	dú jiā jì yì kě yǐ hǎo hǎo shōu cáng
655	诗	5443	2515	64	250.33	回复是小诗	huí fù shì xiǎo shī	诗美人更美	shī měi rén gèng měi	你看出诗了么	nǐ kàn chū shī le me
656	露	7041	1217	11	249.99	霓娜露腿了	ní nà lù tuǐ le	我不是没露吗	wǒ bù shì méi lù ma	露太少差评。	lù tài shǎo chà píng 。
657	样	6287	2408	25	249.93	你这个狗样	nǐ zhè gè gǒu yàng	原味生咪样	yuán wèi shēng mī yàng	咋了换啥样	zǎ le huàn shá yàng
658	单身狗	7691	2	1	249.10	单身狗？	dān shēn gǒu ？	你是单身狗	nǐ shì dān shēn gǒu	来单身狗抱紧	lái dān shēn gǒu bào jǐn
659	无所谓	5352	3614	46	248.93	无所谓呀	wú suǒ wèi ya	……无所谓了	… … wú suǒ wèi le	那就无所谓了	nà jiù wú suǒ wèi le
660	瞬间	6543	1427	29	248.67	我瞬间无语	wǒ shùn jiān wú yǔ	瞬间爱上了二哥	shùn jiān ài shàng le èr gē	温暖感瞬间崩塌...	wēn nuǎn gǎn shùn jiān bēng tā . . .
661	流量	6505	137	54	248.25	在家呆着还要流量？	zài jiā dāi zhe hái yào liú liàng ？	快点刷爆奕宏的流量	kuài diǎn shuā bào yì hóng de liú liàng	木有网用的手机流量	mù yǒu wǎng yòng de shǒu jī liú liàng
662	灵魂	4559	7284	15	248.11	我要灵魂	wǒ yào líng hún	灵魂画手	líng hún huà shǒu	哈哈简直扎灵魂	hā hā jiǎn zhí zhā líng hún
663	榴莲	7072	31	28	247.69	榴莲的！	liú lián de ！	以为雪糕榴莲	yǐ wèi xuě gāo liú lián	我最爱的榴莲	wǒ zuì ài de liú lián
664	战争	784	13558	79	247.55	战争不害人？	zhàn zhēng bù hài rén ？	那是战争吗？	nà shì zhàn zhēng ma ？	你想挑起战争吗	nǐ xiǎng tiāo qǐ zhàn zhēng ma
665	师兄	7089	508	18	247.44	师兄你好	shī xiōng nǐ hǎo	好的二师兄	hǎo de èr shī xiōng	师兄加油咯	shī xiōng jiā yóu gē
666	女友	5166	2935	65	247.29	前女友？	qián nǚ yǒu ？	前女友你好	qián nǚ yǒu nǐ hǎo	前女友你瘦了	qián nǚ yǒu nǐ shòu le
667	吵架	5098	2188	82	247.26	又吵架？	yòu chǎo jià ？	我是吵架	wǒ shì chǎo jià	不吵架了？	bù chǎo jià le ？
668	微信	0	17	365	246.58	Q Q。微信。	Q   Q 。 wēi xìn 。	但是微信的全面性比较高	dàn shì wēi xìn de quán miàn xìng bǐ jiào gāo	因为大家用的都是微信对吧	yīn wèi dà jiā yòng de dōu shì wēi xìn duì ba
669	高三	5662	151	90	245.50	高三学生吗	gāo sān xué shēng ma	娃是高三了吧？	wá shì gāo sān le ba ？	高三姐姐加油！	gāo sān jiě jiě jiā yóu ！
670	玩玩	5966	1466	51	245.37	喝喝喝玩玩玩	hē hē hē wán wán wán	下次多来玩玩玩	xià cì duō lái wán wán wán	快回吉林玩玩玩	kuài huí jí lín wán wán wán
671	媳妇	7228	396	10	245.13	媳妇别闹	xí fù bié nào	媳妇美了	xí fù měi le	嘿，好媳妇。	hēi ， hǎo xí fù 。
672	领	6121	1739	38	245.01	去哪领啊	qù nǎ lǐng a	领不来啊	lǐng bù lái a	领个搓衣板去吧	lǐng gè cuō yī bǎn qù ba
673	同款	7418	14	7	244.48	想要同款	xiǎng yào tóng kuǎn	跟你同款呗	gēn nǐ tóng kuǎn bei	我有同款睡衣	wǒ yǒu tóng kuǎn shuì yī
674	爹	6077	2928	17	244.22	我是你爹	wǒ shì nǐ diē	都是你爹	dōu shì nǐ diē	吆爹的姑凉	yāo diē de gū liáng
675	师姐	7313	151	9	244.15	师姐别伤心	shī jiě bié shāng xīn	师姐又美惹！	shī jiě yòu měi rě ！	师姐就养自己	shī jiě jiù yǎng zì jǐ
676	人品	7168	196	15	244.08	人品问题	rén pǐn wèn tí	我人品好	wǒ rén pǐn hǎo	我缺人品	wǒ quē rén pǐn
677	恢复	5018	5197	25	243.69	恢复不久	huī fù bù jiǔ	找软件恢复下	zhǎo ruǎn jiàn huī fù xià	品六网络已恢复。	pǐn liù wǎng luò yǐ huī fù 。
678	碎	6442	1497	25	243.58	发完就碎啦	fā wán jiù suì la	把镜子啪碎	bǎ jìng zi pā suì	碎不着！！	suì bù zhe ！ ！
679	皇帝	405	2345	298	243.44	皇帝的新衣	huáng dì de xīn yī	天高皇帝远的	tiān gāo huáng dì yuǎn de	皇帝的新装。	huáng dì de xīn zhuāng 。
680	相亲	6978	299	21	243.27	回家相亲	huí jiā xiāng qīn	我不能相亲	wǒ bù néng xiāng qīn	给你相亲？	gěi nǐ xiāng qīn ？
681	不要脸	7259	428	4	242.48	不要脸！	bù yào liǎn ！	凑不要脸	còu bù yào liǎn	真不要脸	zhēn bù yào liǎn
682	功能	3834	1275	152	242.31	电视有录制功能	diàn shì yǒu lù zhì gōng néng	你看他软件的功能	nǐ kàn tā ruǎn jiàn de gōng néng	有预见未来的功能	yǒu yù jiàn wèi lái de gōng néng
683	绝望	6200	2169	22	242.12	很绝望了	hěn jué wàng le	你经历过绝望吗	nǐ jīng lì guò jué wàng ma	那确实有点绝望	nà què shí yǒu diǎn jué wàng
684	攻击	3031	9174	43	241.21	哎呦脸脸攻击	āi yōu liǎn liǎn gōng jī	大家攻击她！	dà jiā gōng jī tā ！	你好像没有攻击人哦	nǐ hǎo xiàng méi yǒu gōng jī rén ó
685	假装	5500	4343	14	241.19	假装生病	jiǎ zhuāng shēng bìng	假装在北京	jiǎ zhuāng zài běi jīng	假装是大佬	jiǎ zhuāng shì dà lǎo
686	不许	5079	5914	4	240.41	不许赖皮	bù xǔ lài pí	不许乱说话	bù xǔ luàn shuō huà	不许打兔兔	bù xǔ dǎ tù tù
687	充满	4392	6173	32	240.35	充满希望的日出	chōng mǎn xī wàng de rì chū	TT生活充满磨难	T T shēng huó chōng mǎn mó nán	那充满爱意的撕咬	nà chōng mǎn ài yì de sī yǎo
688	学霸	7270	9	8	240.32	你是学霸	nǐ shì xué bà	学霸你好	xué bà nǐ hǎo	找学霸啊	zhǎo xué bà a
689	过去了	5724	2218	41	240.18	早过去了	zǎo guò qù le	过去了释然了	guò qù le shì rán le	今天就过去了呀	jīn tiān jiù guò qù le ya
690	情绪	5367	2975	44	240.10	情绪没到位	qíng xù méi dào wèi	最近情绪不定	zuì jìn qíng xù bù dìng	也是会有小情绪呢	yě shì huì yǒu xiǎo qíng xù ne
691	似乎	3627	9296	10	239.70	似乎不经常吃米	shì hū bù jīng cháng chī mǐ	你似乎话里有话	nǐ shì hū huà lǐ yǒu huà	似乎所有的喵都自带萌点	shì hū suǒ yǒu de miāo dōu zì dài méng diǎn
692	辈子	6083	2537	16	238.87	这辈子...	zhè bèi zi . . .	这辈子注定守活寡	zhè bèi zi zhù dìng shǒu huó guǎ	人这辈子早晚都得死	rén zhè bèi zi zǎo wǎn dōu dé sǐ
693	只不过	3883	4986	76	238.82	只不过不学地理和英语了	zhǐ bù guò bù xué dì lǐ hé yīng yǔ le	其实挺多的只不过没照进去	qí shí tǐng duō de zhǐ bù guò méi zhào jìn qù	只不过穿职业装的很少很少哦	zhǐ bù guò chuān zhí yè zhuāng de hěn shǎo hěn shǎo ó
694	偏	5111	984	91	238.75	我准备不去了乡镇偏了	wǒ zhǔn bèi bù qù le xiāng zhèn piān le	是啊你们学校真够偏！	shì a nǐ men xué xiào zhēn gòu piān ！	偏挑我去上班才来...	piān tiāo wǒ qù shàng bān cái lái . . .
695	派	2225	11660	32	238.72	我派湘粤去	wǒ pài xiāng yuè qù	你派一下试试	nǐ pài yī xià shì shì	公司派过来培训	gōng sī pài guò lái péi xùn
696	第二	4053	3629	92	238.21	第二春。	dì èr chūn 。	第一第二是谁！	dì yī dì èr shì shuí ！	第二要本科毕业	dì èr yào běn kē bì yè
697	签名	6227	2689	5	237.99	要签名。	yào qiān míng 。	要我签名吗!	yào wǒ qiān míng ma !	可以给签名么？	kě yǐ gěi qiān míng me ？
698	天下	5165	1631	75	237.76	可察天下	kě chá tiān xià	昭告天下	zhāo gào tiān xià	权御天下	quán yù tiān xià
699	虾	5837	862	57	237.73	如何去虾线	rú hé qù xiā xiàn	星星像皮皮虾么	xīng xīng xiàng pí pí xiā me	你真是皮皮虾的皮	nǐ zhēn shì pí pí xiā de pí
700	保重	6245	2872	0	237.48	兄弟保重	xiōng dì bǎo zhòng	保重啊胖叔	bǎo zhòng a pàng shū	节哀，保重	jié āi ， bǎo zhòng
701	报告	2803	11183	11	237.27	月底去报告	yuè dǐ qù bào gào	那就打报告。	nà jiù dǎ bào gào 。	小心我打报告去	xiǎo xīn wǒ dǎ bào gào qù
702	飘	6440	774	29	237.21	蛋蛋的飘过	dàn dàn de piāo guò	人也飘过去吧	rén yě piāo guò qù ba	啊难道我看飘了	a nán dào wǒ kàn piāo le
703	隔	5597	2022	46	237.01	隔太远了	gé tài yuǎn le	人心隔肚皮。	rén xīn gé dù pí 。	隔一天做一次。	gé yī tiān zuò yī cì 。
704	啦啦	7236	209	0	236.31	啦啦啦。	la la la 。	三克油啦啦	sān kè yóu la la	不结啦啦啦	bù jié la la la
705	付出	4083	4094	79	236.20	付出不一定有回报	fù chū bù yī dìng yǒu huí bào	付出了太大的代价	fù chū le tài dà de dài jià	所以付出的努力得多大	suǒ yǐ fù chū de nǔ lì dé duō dà
706	嘴巴	6024	2170	21	235.77	嘴巴好看	zuǐ bā hǎo kàn	大嘴巴！	dà zuǐ bā ！	不能闭着嘴巴打吗	bù néng bì zhe zuǐ bā dǎ ma
707	集	6092	905	41	235.71	下集演吗？	xià jí yǎn ma ？	比上一集少多了	bǐ shàng yī jí shǎo duō le	集了多少颗钻了？	jí le duō shǎo kē zuān le ？
708	签	4902	4407	33	235.50	为啥不签啊	wèi shá bù qiān a	我来求个签	wǒ lái qiú gè qiān	签不了。。	qiān bù le 。 。
709	念	4474	4806	46	235.42	倒着念也行	dào zhe niàn yě xíng	蛋虎去哪念啦	dàn hǔ qù nǎ niàn la	老子给你念咒语	lǎo zi gěi nǐ niàn zhòu yǔ
710	合作	3231	7094	63	235.25	期待和卿宝的合作	qī dài hé qīng bǎo de hé zuò	下次空了，多合作啊	xià cì kōng le ， duō hé zuò a	大合作去哪拿的这么快？	dà hé zuò qù nǎ ná de zhè me kuài ？
711	整天	5088	3737	36	235.18	你整天好闲啊	nǐ zhěng tiān hǎo xián a	整天净想点啥	zhěng tiān jìng xiǎng diǎn shá	整天都坐在火上	zhěng tiān dōu zuò zài huǒ shàng
712	听听	5263	4401	15	234.93	说来听听	shuō lái tīng tīng	你唱我听听	nǐ chàng wǒ tīng tīng	安河桥你听听	ān hé qiáo nǐ tīng tīng
713	云南	6085	95	55	234.84	快来云南	kuài lái yún nán	改去云南了	gǎi qù yún nán le	云南形象大使	yún nán xíng xiàng dà shǐ
714	中秋	7227	30	1	234.46	中秋快乐	zhōng qiū kuài lè	中秋去的吗	zhōng qiū qù de ma	中秋快乐！	zhōng qiū kuài lè ！
715	女主	3156	13	196	234.39	女主好丑啊	nǚ zhǔ hǎo chǒu a	女主是谁啊	nǚ zhǔ shì shuí a	女主真漂亮	nǚ zhǔ zhēn piāo liàng
716	闺蜜	5681	120	73	234.25	我有闺蜜	wǒ yǒu guī mì	找你的闺蜜一起去	zhǎo nǐ de guī mì yī qǐ qù	祝你闺蜜生日快乐	zhù nǐ guī mì shēng rì kuài lè
717	显得	5292	1333	69	234.10	显得严谨。。	xiǎn dé yán jǐn 。 。	短发显得更小	duǎn fā xiǎn dé gèng xiǎo	这样显得尊重	zhè yàng xiǎn dé zūn zhòng
718	体会	5941	1092	42	233.83	深刻体会	shēn kè tǐ huì	自己体会	zì jǐ tǐ huì	慢慢体会吧	màn màn tǐ huì ba
719	青岛	6804	87	19	233.66	回青岛了？	huí qīng dǎo le ？	我就在青岛	wǒ jiù zài qīng dǎo	青岛没有么？	qīng dǎo méi yǒu me ？
720	害	3757	5643	62	233.49	不害别个	bù hài bié gè	害不害臊	hài bù hài sāo	害我一紧张	hài wǒ yī jǐn zhāng
721	冠军	2911	4179	129	233.15	臭美冠军	chòu měi guān jūn	冠军是你的	guān jūn shì nǐ de	鲁能是冠军！	lǔ néng shì guān jūn ！
722	缘分	7045	232	4	233.13	缘分缘分	yuán fēn yuán fēn	缘分啊兄弟	yuán fēn a xiōng dì	缘分天注定	yuán fēn tiān zhù dìng
723	吐槽	6196	95	47	233.02	无力吐槽	wú lì tǔ cáo	神奇吐槽君	shén qí tǔ cáo jūn	开启怨妇吐槽模式	kāi qǐ yuàn fù tǔ cáo mó shì
724	憋	6710	544	14	232.94	啥也憋说了	shá yě biē shuō le	憋客气大哥	biē kè qì dà gē	求！憋！说！	qiú ！ biē ！ shuō ！
725	周五	6480	1245	12	232.90	周五晚上	zhōu wǔ wǎn shàng	周五还有吧	zhōu wǔ hái yǒu ba	周五去看看吧	zhōu wǔ qù kàn kàn ba
726	有种	5745	2407	25	232.41	有种做梦的感觉	yǒu zhǒng zuò mèng de gǎn jué	有种杀了我呗。	yǒu zhǒng shā le wǒ bei 。	王侯将相宁有种乎	wáng hóu jiāng xiāng níng yǒu zhǒng hū
727	咋办	6781	167	16	231.89	学不来咋办	xué bù lái zǎ bàn	没赶上车咋办	méi gǎn shàng chē zǎ bàn	越来越肥咋办	yuè lái yuè féi zǎ bàn
728	王者	3854	53	158	231.78	王者荣耀吗	wáng zhě róng yào ma	王者荣耀超好玩	wáng zhě róng yào chāo hǎo wán	你会打王者荣耀吗	nǐ huì dǎ wáng zhě róng yào ma
729	显示	4765	4492	32	231.46	我这显示成团喽	wǒ zhè xiǎn shì chéng tuán lóu	呵呵，有显示的！	hē hē ， yǒu xiǎn shì de ！	你关机了啊！咋显示！	nǐ guān jī le a ！ zǎ xiǎn shì ！
730	五一	7100	8	3	231.44	五一快乐！	wǔ yī kuài lè ！	五一去天津啊	wǔ yī qù tiān jīn a	五一去肯定贵	wǔ yī qù kěn dìng guì
731	嫩	6814	526	7	231.35	哪里都嫩	nǎ lǐ dōu nèn	壮汉嫩好	zhuàng hàn nèn hǎo	小手很嫩	xiǎo shǒu hěn nèn
732	天使	5120	4929	6	230.82	天使早安	tiān shǐ zǎo ān	西西小天使	xī xī xiǎo tiān shǐ	你貌似还是天使	nǐ mào shì hái shì tiān shǐ
733	事件	1690	7911	115	230.76	牌坊事件	pái fāng shì jiàn	发生买票事件？	fā shēng mǎi piào shì jiàn ？	这是小概率事件	zhè shì xiǎo gài lǜ shì jiàn
734	接下来	3392	6789	54	230.58	接下来计划去哪玩？	jiē xià lái jì huà qù nǎ wán ？	那接下来准备干嘛啊	nà jiē xià lái zhǔn bèi gàn ma a	接下来一周如何打算？	jiē xià lái yī zhōu rú hé dǎ suàn ？
735	曾	2166	11917	18	230.57	暮暮曾候	mù mù céng hòu	我服了曾不帅	wǒ fú le céng bù shuài	相逢何必曾相识	xiāng féng hé bì céng xiāng shí
736	主人	4501	6292	10	230.51	不会，主人来	bù huì ， zhǔ rén lái	会哄主人开心啊	huì hǒng zhǔ rén kāi xīn a	萌呆气质像主人	méng dāi qì zhì xiàng zhǔ rén
737	么么	7131	11	0	230.45	回个么么	huí gè me me	谢谢么么	xiè xiè me me	么么么好的	me me me hǎo de
738	纯	6008	1195	31	229.86	懂事的纯	dǒng shì de chún	要纯天然的	yào chún tiān rán de	原来是你哦纯	yuán lái shì nǐ ó chún
739	模式	4541	1582	94	229.82	付费模式哦	fù fèi mó shì ó	开启作业模式	kāi qǐ zuò yè mó shì	网恋模式开启	wǎng liàn mó shì kāi qǐ
740	时刻	4407	5394	30	229.78	时刻准备着	shí kè zhǔn bèi zhe	要时刻管束	yào shí kè guǎn shù	时刻不忘专业	shí kè bù wàng zhuān yè
741	良心	6095	1393	23	229.73	昧着良心说	mèi zhe liáng xīn shuō	啧啧没良心！	zé zé méi liáng xīn ！	没良心的家伙	méi liáng xīn de jiā huǒ
742	娃娃	6221	1276	19	229.64	玻璃娃娃	bō lí wá wá	可怜的娃娃	kě lián de wá wá	娃娃大学霸	wá wá dà xué bà
743	半年	6157	1171	24	229.64	都快半年了	dōu kuài bàn nián le	不是半年的嘛	bù shì bàn nián de ma	必须的，半年搞定	bì xū de ， bàn nián gǎo dìng
744	悲伤	4945	2957	49	229.62	悲伤那么大	bēi shāng nà me dà	很替你悲伤。	hěn tì nǐ bēi shāng 。	悲伤的歌不好	bēi shāng de gē bù hǎo
745	看好	5730	1731	34	229.58	不看好吗	bù kàn hǎo ma	我看好你	wǒ kàn hǎo nǐ	哈哈看好你	hā hā kàn hǎo nǐ
746	骂人	6391	337	28	229.51	骂人都不对。	mà rén dōu bù duì 。	当然是你骂人的话	dāng rán shì nǐ mà rén de huà	贼喜欢看周巡骂人	zéi xǐ huān kàn zhōu xún mà rén
747	小小	3763	3170	101	229.20	一只小小马	yī zhǐ xiǎo xiǎo mǎ	小小小梦想	xiǎo xiǎo xiǎo mèng xiǎng	这里抓到小小	zhè lǐ zhuā dào xiǎo xiǎo
748	同感	6956	362	0	229.17	同感。。	tóng gǎn 。 。	同感！！	tóng gǎn ！ ！	握手同感	wò shǒu tóng gǎn
749	情人节	6790	622	3	229.07	情人节快乐	qíng rén jié kuài lè	咋又情人节了	zǎ yòu qíng rén jié le	情人节哭什么	qíng rén jié kū shén me
750	无敌	6496	718	15	228.87	光影无敌	guāng yǐng wú dí	超级无敌帅	chāo jí wú dí shuài	刀郎宇宙无敌	dāo láng yǔ zhòu wú dí
751	令人	2220	9738	53	228.79	令人嫉妒的男人	lìng rén jí dù de nán rén	他家真是令人上瘾	tā jiā zhēn shì lìng rén shàng yǐn	头毛旺盛令人羡慕	tóu máo wàng shèng lìng rén xiàn mù
752	直	5423	2292	37	228.68	舌头放直	shé tóu fàng zhí	摸头加直眼	mō tóu jiā zhí yǎn	变直男了。恭喜	biàn zhí nán le 。 gōng xǐ
753	魅力	5426	2175	39	228.67	个人魅力	gè rén mèi lì	魅力上海	mèi lì shàng hǎi	这人魅力大	zhè rén mèi lì dà
754	产品	3285	1745	149	228.41	什么产品啊	shén me chǎn pǐn a	他是产品经理	tā shì chǎn pǐn jīng lǐ	没有，我是三无产品	méi yǒu ， wǒ shì sān wú chǎn pǐn
755	委屈	6641	330	14	228.05	我委屈我不说	wǒ wěi qū wǒ bù shuō	抱下。委屈了	bào xià 。 wěi qū le	宝宝，受委屈了	bǎo bǎo ， shòu wěi qū le
756	短袖	6810	35	11	227.81	短袖横飞	duǎn xiù héng fēi	只有毛衣和短袖	zhǐ yǒu máo yī hé duǎn xiù	我们这穿短袖了	wǒ men zhè chuān duǎn xiù le
757	大一	4618	136	114	227.79	大一新生？	dà yī xīn shēng ？	你才刚大一啊	nǐ cái gāng dà yī a	大..大一？	dà . . dà yī ？
758	综艺	2564	35	214	227.69	综艺吗！	zōng yì ma ！	我在看综艺	wǒ zài kàn zōng yì	综艺节目？	zōng yì jié mù ？
759	安逸	6799	209	8	227.59	好嘛安逸	hǎo ma ān yì	你安逸卅！	nǐ ān yì sà ！	出差安逸哇	chū chà ān yì wa
760	大师	4970	2875	46	227.38	分手大师	fēn shǒu dà shī	那个大师	nà gè dà shī	万能的大师	wàn néng de dà shī
761	广东	6345	160	30	227.17	广东打卡	guǎng dōng dǎ kǎ	广东暴雨	guǎng dōng bào yǔ	去广东开店？	qù guǎng dōng kāi diàn ？
762	指甲	6370	1077	11	226.58	指甲好看	zhǐ jiǎ hǎo kàn	这指甲好看	zhè zhǐ jiǎ hǎo kàn	指甲没发现啊	zhǐ jiǎ méi fā xiàn a
763	怎	3718	7321	22	226.14	你怎了？	nǐ zěn le ？	此话怎讲	cǐ huà zěn jiǎng	怎知偶情深	zěn zhī ǒu qíng shēn
764	叫做	2245	4893	137	225.94	不是有首歌叫做短发	bù shì yǒu shǒu gē jiào zuò duǎn fā	有一种东西叫做眉笔	yǒu yī zhǒng dōng xī jiào zuò méi bǐ	大嘴叫做使劲吃...	dà zuǐ jiào zuò shǐ jìn chī . . .
765	本身	3477	1898	133	225.72	本身豆嘿矮个嘛他	běn shēn dòu hēi ǎi gè ma tā	我本身就敢有文化嘎啦	wǒ běn shēn jiù gǎn yǒu wén huà gā la	你不是本身就穿的一件嘛	nǐ bù shì běn shēn jiù chuān de yī jiàn ma
766	总会	5255	2158	43	225.63	总会找到的	zǒng huì zhǎo dào de	最终总会遇到	zuì zhōng zǒng huì yù dào	夏天总会有牺牲	xià tiān zǒng huì yǒu xī shēng
767	支	3008	6106	77	225.19	不来支啤酒？	bù lái zhī pí jiǔ ？	你也来一支？	nǐ yě lái yī zhī ？	头像那支笔不错	tóu xiàng nà zhī bǐ bù cuò
768	日本	0	5763	227	225.01	日本必亡	rì běn bì wáng	在中国、在日本	zài zhōng guó 、 zài rì běn	你应该会为祖国日本	nǐ yīng gāi huì wèi zǔ guó rì běn
769	泰国	6147	1032	20	224.89	你去泰国啦？	nǐ qù tài guó la ？	泰国菜好吃嘛	tài guó cài hǎo chī ma	与一驰泰国之行	yǔ yī chí tài guó zhī xíng
770	反	4224	2820	79	224.88	反了反了	fǎn le fǎn le	是你理解反了	shì nǐ lǐ jiě fǎn le	都说梦是反的	dōu shuō mèng shì fǎn de
771	卷	5810	1760	22	224.42	卷棒卷的	juǎn bàng juǎn de	什么卷好舒服	shén me juǎn hǎo shū fú	哈哈我自己卷的	hā hā wǒ zì jǐ juǎn de
772	本事	5895	1802	17	224.32	长本事了	zhǎng běn shì le	凭本事凭努力	píng běn shì píng nǔ lì	有本事你来啊	yǒu běn shì nǐ lái a
773	老铁	6882	1	3	224.31	戏多了老铁	xì duō le lǎo tiě	没毛病老铁	méi máo bìng lǎo tiě	老铁我来了	lǎo tiě wǒ lái le
774	争取	5689	2156	20	224.10	争取十二月	zhēng qǔ shí èr yuè	争取明年发	zhēng qǔ míng nián fā	争取武汉见	zhēng qǔ wǔ hàn jiàn
775	网	5226	961	64	223.96	我网伪强队	wǒ wǎng wěi qiáng duì	哈哈网三约吗	hā hā wǎng sān yuē ma	在家里泡网嘛	zài jiā lǐ pào wǎng ma
776	易	5974	1541	17	223.62	青春易逝	qīng chūn yì shì	韶华易逝	sháo huá yì shì	易燃易爆炸	yì rán yì bào zhà
777	猴子	4971	2343	50	223.49	你是猴子	nǐ shì hóu zi	大胆猴子	dà dǎn hóu zi	我是猴子	wǒ shì hóu zi
778	那时	3096	8110	33	223.30	恩那时已经睡了	ēn nà shí yǐ jīng shuì le	现在想想那时真好	xiàn zài xiǎng xiǎng nà shí zhēn hǎo	那时迷得不要不要的	nà shí mí dé bù yào bù yào de
779	坏人	4891	3111	38	222.37	坏人是什么	huài rén shì shén me	我不是坏人	wǒ bù shì huài rén	你们都是坏人	nǐ men dōu shì huài rén
780	类型	3522	1823	127	222.19	问你类型	wèn nǐ lèi xíng	未生什么类型的	wèi shēng shén me lèi xíng de	要什么类型的？	yào shén me lèi xíng de ？
781	辣么	6878	0	0	222.14	你辣么瘦	nǐ là me shòu	……辣么快	… … là me kuài	辣么远～哎	là me yuǎn ～ āi
782	依旧	6072	889	22	222.04	依旧帅气！	yī jiù shuài qì ！	眼神依旧犀利	yǎn shén yī jiù xī lì	社长大头依旧	shè zhǎng dà tóu yī jiù
783	面膜	6340	77	24	221.93	什么面膜？	shén me miàn mó ？	敷个面膜吧	fū gè miàn mó ba	这面膜萌爆了姐	zhè miàn mó méng bào le jiě
784	羽绒服	6757	13	5	221.77	羽绒服上了吗	yǔ róng fú shàng le ma	凯狮是羽绒服么？	kǎi shī shì yǔ róng fú me ？	嗯买羽绒服可来了	ń mǎi yǔ róng fú kě lái le
785	充	4204	238	123	221.77	多少钱充	duō shǎo qián chōng	不用充好了	bù yòng chōng hǎo le	不用给他充吧	bù yòng gěi tā chōng ba
786	天津	6595	240	8	221.39	天津怎么了	tiān jīn zěn me le	天津某郊县	tiān jīn mǒu jiāo xiàn	五一去天津啊	wǔ yī qù tiān jīn a
787	感慨	6640	63	9	221.32	感慨毛线	gǎn kǎi máo xiàn	感慨而已	gǎn kǎi ér yǐ	感慨一下下么	gǎn kǎi yī xià xià me
788	保暖	6661	224	5	221.30	没错我最保暖	méi cuò wǒ zuì bǎo nuǎn	注意保暖哦小宇	zhù yì bǎo nuǎn ó xiǎo yǔ	那你注意保暖啊	nà nǐ zhù yì bǎo nuǎn a
789	吻	3848	6478	24	221.18	吻不吻！	wěn bù wěn ！	我要雪吻	wǒ yào xuě wěn	香吻要么	xiāng wěn yào me
790	造成	1247	5140	173	221.08	对无辜的人造成伤害	duì wú gū de rén zào chéng shāng hài	我失眠都是你造成的	wǒ shī mián dōu shì nǐ zào chéng de	我给你造成了阴影么	wǒ gěi nǐ zào chéng le yīn yǐng me
791	英国	3177	7016	46	221.06	来英国了	lái yīng guó le	英国吗！	yīng guó ma ！	九月到英国	jiǔ yuè dào yīng guó
792	大神	6728	79	3	220.31	哪位大神	nǎ wèi dà shén	大神大神	dà shén dà shén	120大神	1 2 0 dà shén
793	热水	6074	567	25	220.11	我在喝热水了	wǒ zài hē rè shuǐ le	9点才有热水嘛	9 diǎn cái yǒu rè shuǐ ma	热水包治百病！	rè shuǐ bāo zhì bǎi bìng ！
794	下巴	6290	962	7	219.86	下巴肿么了	xià bā zhǒng me le	双下巴哈哈	shuāng xià bā hā hā	下巴是有多锥	xià bā shì yǒu duō zhuī
795	周一	6293	1114	4	219.83	今天才周一	jīn tiān cái zhōu yī	我没打算周一去	wǒ méi dǎ suàn zhōu yī qù	你周一不上班？？	nǐ zhōu yī bù shàng bān ？ ？
796	机器人	4465	3135	54	219.71	就是机器人	jiù shì jī qì rén	我，机器人	wǒ ， jī qì rén	机器人秒回	jī qì rén miǎo huí
797	尽	4260	5658	17	219.55	友尽5分钟	yǒu jǐn 5 fēn zhōng	友尽了啊！	yǒu jǐn le a ！	友尽古德白	yǒu jǐn gǔ dé bái
798	逃	3066	8045	30	219.50	逃出生天	táo chū shēng tiān	31号课想逃	3 1 hào kè xiǎng táo	屁我逃出来啦！	pì wǒ táo chū lái la ！
799	嗯呢	6741	6	2	219.14	哈哈哈嗯呢	hā hā hā ń ne	嗯呢么么哒	ń ne me me dá	嗯呢累死了	ń ne lèi sǐ le
800	给力	6640	141	4	218.91	很给力！	hěn gěi lì ！	给力呀！	gěi lì ya ！	哈哈哈给力不	hā hā hā gěi lì bù
801	好意思	6453	283	10	218.69	怎么好意思	zěn me hǎo yì sī	呸呸呸好意思说	pēi pēi pēi hǎo yì sī shuō	你还好意思说出来	nǐ hái hǎo yì sī shuō chū lái
802	追求	4559	2319	63	218.66	没点追求	méi diǎn zhuī qiú	追求在哪里	zhuī qiú zài nǎ lǐ	追求！！！！	zhuī qiú ！ ！ ！ ！
803	凶	5661	1231	30	218.42	不要凶我	bù yào xiōng wǒ	哪里凶了	nǎ lǐ xiōng le	你弹的凶点	nǐ dàn de xiōng diǎn
804	乐	5817	1313	19	217.06	重点是为乐把	zhòng diǎn shì wèi lè bǎ	下个雪就乐疯了？出息	xià gè xuě jiù lè fēng le ？ chū xī	嘿嘿，给我们乐一哈。	hēi hēi ， gěi wǒ men lè yī hā 。
805	小冰	6705	35	0	216.99	我爱小冰	wǒ ài xiǎo bīng	小冰我帅吗	xiǎo bīng wǒ shuài ma	小冰。在干啥	xiǎo bīng 。 zài gàn shá
806	被窝	6482	103	9	216.71	还在被窝里	hái zài bèi wō lǐ	刚醒还在被窝里	gāng xǐng hái zài bèi wō lǐ	男朋友的被窝里	nán péng yǒu de bèi wō lǐ
807	昂	6392	48	13	215.82	昂好好好	áng hǎo hǎo hǎo	真真是昂	zhēn zhēn shì áng	昂~~嘻嘻	áng ~ ~ xī xī
808	痘痘	6237	64	20	215.74	为了痘痘	wèi le dòu dòu	抢眼了痘痘	qiǎng yǎn le dòu dòu	长了痘痘了	zhǎng le dòu dòu le
809	暖气	6152	284	20	215.73	明天停暖气	míng tiān tíng nuǎn qì	河南有暖气的呀	hé nán yǒu nuǎn qì de ya	有，暖气坏的时候	yǒu ， nuǎn qì huài de shí hòu
810	采集	130	397	306	215.69	8号采集哦	8 hào cǎi jí ó	明天要去采集	míng tiān yào qù cǎi jí	我还采集民风呢	wǒ hái cǎi jí mín fēng ne
811	剧情	5219	356	63	215.52	剧情真的很无聊啊	jù qíng zhēn de hěn wú liáo a	我只想说月更忘剧情	wǒ zhǐ xiǎng shuō yuè gèng wàng jù qíng	永远猜不到剧情发展	yǒng yuǎn cāi bù dào jù qíng fā zhǎn
812	过敏	6118	1059	7	215.51	不准过敏！	bù zhǔn guò mǐn ！	可怜的过敏姐	kě lián de guò mǐn jiě	我也过敏！！！	wǒ yě guò mǐn ！ ！ ！
813	拉黑	6538	1	5	214.55	我要拉黑你	wǒ yào lā hēi nǐ	想遭拉黑是不	xiǎng zāo lā hēi shì bù	哇你要被我拉黑了	wa nǐ yào bèi wǒ lā hēi le
814	稳	5807	1132	19	214.48	稳的稳的	wěn de wěn de	要稳起哦	yào wěn qǐ ó	s6老哥稳	s 6 lǎo gē wěn
815	德国	2962	7995	28	214.16	德国就怕意大利	dé guó jiù pà yì dà lì	德国还是阿根廷	dé guó hái shì ā gēn tíng	比德国好很多啦	bǐ dé guó hǎo hěn duō la
816	项目	3006	2395	129	214.00	去要项目	qù yào xiàng mù	项目在哪	xiàng mù zài nǎ	现在水上项目都在搞	xiàn zài shuǐ shàng xiàng mù dōu zài gǎo
817	证据	1894	10068	40	213.60	保留证据	bǎo liú zhèng jù	你又无证据	nǐ yòu wú zhèng jù	证据在手机上	zhèng jù zài shǒu jī shàng
818	传说	4990	3060	21	213.46	传说中的精分	chuán shuō zhōng de jīng fēn	传说中的一见钟情	chuán shuō zhōng de yī jiàn zhōng qíng	朋友全是传说箱子	péng yǒu quán shì chuán shuō xiāng zi
819	上车	3888	5965	20	213.38	上车上车	shàng chē shàng chē	我刚上车	wǒ gāng shàng chē	上车了～！	shàng chē le ～ ！
820	塞	5228	2426	21	213.25	在宿舍塞	zài sù shě sāi	瓜聪明塞	guā cōng míng sāi	塞不进镜头	sāi bù jìn jìng tóu
821	秋裤	6351	1	12	213.23	秋裤真丑	qiū kù zhēn chǒu	记得穿秋裤	jì dé chuān qiū kù	明天穿上秋裤	míng tiān chuān shàng qiū kù
822	某人	5356	2954	5	213.16	少女心的某人	shǎo nǚ xīn de mǒu rén	某人不淡定了	mǒu rén bù dàn dìng le	搞不好是乔某人	gǎo bù hǎo shì qiáo mǒu rén
823	情	4856	1632	53	212.94	下情蛊么	xià qíng gǔ me	情深深雨蒙蒙	qíng shēn shēn yǔ méng méng	情未了，情难了	qíng wèi le ， qíng nán le
824	玺	6339	166	9	212.88	不社会玺	bù shè huì xǐ	千面千玺	qiān miàn qiān xǐ	得到玺包	dé dào xǐ bāo
825	足够	3005	6820	45	212.39	足够了!	zú gòu le !	足够什么？	zú gòu shén me ？	4个小时足够了	4 gè xiǎo shí zú gòu le
826	通宵	5091	382	64	212.38	居然不通宵	jū rán bù tōng xiāo	我建议通宵	wǒ jiàn yì tōng xiāo	通宵麻将？	tōng xiāo má jiāng ？
827	无语	6141	149	18	212.35	对你无语	duì nǐ wú yǔ	我无语了	wǒ wú yǔ le	无语凝噎	wú yǔ níng yē
828	夸张	5288	1601	32	212.33	夸张多了	kuā zhāng duō le	有那么夸张嘛	yǒu nà me kuā zhāng ma	盆，太夸张了	pén ， tài kuā zhāng le
829	一开始	2660	1072	167	211.99	因为我从一开始就输了	yīn wèi wǒ cóng yī kāi shǐ jiù shū le	下面黑腐了可能一开始就不健康了	xià miàn hēi fǔ le kě néng yī kāi shǐ jiù bù jiàn kāng le	水龙头那个就不知道一开始开小一点么	shuǐ lóng tóu nà gè jiù bù zhī dào yī kāi shǐ kāi xiǎo yī diǎn me
830	骗子	4636	3963	19	211.93	你是骗子	nǐ shì piàn zi	团！骗子	tuán ！ piàn zi	骗子骗子	piàn zi piàn zi
831	琌	0	17006	0	211.86	и琌睲フ!	и líng xǐng フ  !	и琌屡芖蔼い.	и líng lǚ zhì ǎi い .	痷琌び礚.	ān líng び kē   .
832	诱惑	5584	1213	24	211.66	不诱惑我	bù yòu huò wǒ	你在诱惑我	nǐ zài yòu huò wǒ	大妈诱惑大叔	dà mā yòu huò dà shū
833	程度	3513	2616	97	211.52	想问老到什么程度	xiǎng wèn lǎo dào shén me chéng dù	看实现到啥程度了	kàn shí xiàn dào shá chéng dù le	那要看是什么程度	nà yào kàn shì shén me chéng dù
834	深夜	6174	579	7	211.34	深夜吓人	shēn yè xià rén	深夜报社	shēn yè bào shè	深夜放毒	shēn yè fàng dú
835	喜	4501	1164	76	211.17	喜不喜欢	xǐ bù xǐ huān	喜大普奔	xǐ dà pǔ bēn	歪好喜翻小卷毛	wāi hǎo xǐ fān xiǎo juǎn máo
836	几号	6262	442	5	211.13	几号开学	jǐ hào kāi xué	几号放的	jǐ hào fàng de	你几号回来	nǐ jǐ hào huí lái
837	导演	3298	4005	81	211.08	导演你好	dǎo yǎn nǐ hǎo	我要当导演	wǒ yào dāng dǎo yǎn	是谁导演这场戏	shì shuí dǎo yǎn zhè chǎng xì
838	利用	1250	7011	123	210.74	你可以利用偶嘛	nǐ kě yǐ lì yòng ǒu ma	充分利用剩馀的手	chōng fēn lì yòng shèng yú de shǒu	背！想好好利用假期	bèi ！ xiǎng hǎo hǎo lì yòng jiǎ qī
839	因	2123	7064	80	210.57	因阴阳返贫	yīn yīn yáng fǎn pín	姐，她是因爱成恨。	jiě ， tā shì yīn ài chéng hèn 。	我因是为你感到难过	wǒ yīn shì wèi nǐ gǎn dào nán guò
840	牛肉	4630	1158	69	210.54	牛肉不会啊	niú ròu bù huì a	加点牛肚牛肉	jiā diǎn niú dù niú ròu	来两份牛肉！	lái liǎng fèn niú ròu ！
841	几时	5929	1509	0	210.29	你几时来	nǐ jǐ shí lái	你想几时	nǐ xiǎng jǐ shí	几时去啊？	jǐ shí qù a ？
842	正能量	5969	27	25	209.99	正能量很足啊	zhèng néng liàng hěn zú a	今天正能量爆棚	jīn tiān zhèng néng liàng bào péng	异地恋的正能量	yì dì liàn de zhèng néng liàng
843	拆	5413	1673	21	209.84	人艰不拆	rén jiān bù chāi	人限不拆	rén xiàn bù chāi	看我拆你牌	kàn wǒ chāi nǐ pái
844	舍得	6099	285	13	209.31	你舍得吗	nǐ shě dé ma	你舍得？	nǐ shě dé ？	不舍得你呢	bù shě dé nǐ ne
845	微笑	5242	2656	10	209.14	和善的微笑	hé shàn de wēi xiào	给谁微笑？	gěi shuí wēi xiào ？	大马微笑了。	dà mǎ wēi xiào le 。
846	奇葩	5862	96	27	208.75	你是奇葩	nǐ shì qí pā	去奇葩说吧	qù qí pā shuō ba	你简直大奇葩	nǐ jiǎn zhí dà qí pā
847	大晚上	6259	42	9	208.75	大晚上的	dà wǎn shàng de	大晚上笑出声	dà wǎn shàng xiào chū shēng	大晚上去哪里找	dà wǎn shàng qù nǎ lǐ zhǎo
848	无奈	5818	275	25	208.21	无奈了。	wú nài le 。	我也很无奈哈哈	wǒ yě hěn wú nài hā hā	相当无奈黑得荒！	xiāng dāng wú nài hēi dé huāng ！
849	睡眠	4999	1130	48	207.93	去吧～有助于睡眠。	qù ba ～ yǒu zhù yú shuì mián 。	3个小时不踏实的睡眠	3 gè xiǎo shí bù tà shí de shuì mián	你的睡眠质量急需提升	nǐ de shuì mián zhì liàng jí xū tí shēng
850	天啊	2194	10719	4	207.10	天啊一模一样	tiān a yī mó yī yàng	天啊，错过了	tiān a ， cuò guò le	啊啊啊啊啊天啊	a a a a a tiān a
851	打包	5885	1054	5	206.58	打包吾该	dǎ bāo wú gāi	打包带走	dǎ bāo dài zǒu	干嘛不打包	gàn ma bù dǎ bāo
852	果断	6265	144	3	206.16	果断不看	guǒ duàn bù kàn	果断放弃	guǒ duàn fàng qì	果断回家啊	guǒ duàn huí jiā a
853	谈谈	1060	13035	14	206.07	好好谈谈	hǎo hǎo tán tán	可以谈谈理想	kě yǐ tán tán lǐ xiǎng	我要和你谈谈	wǒ yào hé nǐ tán tán
854	岁月	5925	728	8	205.83	岁月鸿沟	suì yuè hóng gōu	岁月不绕人	suì yuè bù rào rén	岁月不饶人	suì yuè bù ráo rén
855	机智	6179	232	5	205.83	机智如你	jī zhì rú nǐ	真机智。	zhēn jī zhì 。	哈哈，机智	hā hā ， jī zhì
856	深刻	2733	1624	144	205.70	印象深刻	yìn xiàng shēn kè	深刻体会	shēn kè tǐ huì	高中比较印象深刻	gāo zhōng bǐ jiào yìn xiàng shēn kè
857	可好	4991	697	53	205.65	最近可好？	zuì jìn kě hǎo ？	你最近可好？	nǐ zuì jìn kě hǎo ？	比一比可好！	bǐ yī bǐ kě hǎo ！
858	石头	2920	4380	84	205.57	石头我才看见	shí tóu wǒ cái kàn jiàn	磕石头磕多了	kē shí tóu kē duō le	这石头里有宝	zhè shí tóu lǐ yǒu bǎo
859	卖萌	6311	17	2	205.39	卖萌可耻	mài méng kě chǐ	卖萌失败	mài méng shī bài	你会卖萌吗	nǐ huì mài méng ma
860	上天	5705	1259	8	205.34	准备上天	zhǔn bèi shàng tiān	上天了已经	shàng tiān le yǐ jīng	你要上天吗	nǐ yào shàng tiān ma
861	挣钱	3921	623	105	205.27	挣钱养你	zhēng qián yǎng nǐ	挣钱打卡	zhēng qián dǎ kǎ	以后挣钱养你	yǐ hòu zhēng qián yǎng nǐ
862	之类的	1049	156	251	205.24	哦不能改签之类的吗？	ó bù néng gǎi qiān zhī lèi de ma ？	对了你加啥子学生会之类的吗	duì le nǐ jiā shá zi xué shēng huì zhī lèi de ma	一起打游戏啊之类的，不用尬聊	yī qǐ dǎ yóu xì a zhī lèi de ， bù yòng gà liáo
863	要不然	4020	1823	78	205.20	你得给点啥，要不然	nǐ dé gěi diǎn shá ， yào bù rán	什么都不吃要不然喝酒吖	shén me dōu bù chī yào bù rán hē jiǔ yā	要不然怎么会带她去家里	yào bù rán zěn me huì dài tā qù jiā lǐ
864	揍	5083	3064	4	205.04	我要揍你	wǒ yào zòu nǐ	还会揍鸟	hái huì zòu niǎo	那我就要揍你	nà wǒ jiù yào zòu nǐ
865	到时	5465	1990	5	204.67	到时一起去吧	dào shí yī qǐ qù ba	快了到时约饭	kuài le dào shí yuē fàn	到时收看、加油	dào shí shōu kàn 、 jiā yóu
866	反驳	6066	410	5	204.40	无可反驳	wú kě fǎn bó	无法反驳	wú fǎ fǎn bó	不接受反驳	bù jiē shòu fǎn bó
867	第一天	5152	1723	24	204.06	想你第一天	xiǎng nǐ dì yī tiān	第一天就迟到	dì yī tiān jiù chí dào	第一天军训下雨	dì yī tiān jūn xùn xià yǔ
868	大姐	5769	1140	5	203.90	谢谢大姐	xiè xiè dà jiě	大姐你真很	dà jiě nǐ zhēn hěn	起床了大姐。	qǐ chuáng le dà jiě 。
869	大半夜	6232	155	1	203.88	大半夜的	dà bàn yè de	大半夜好饿	dà bàn yè hǎo è	大半夜不睡觉	dà bàn yè bù shuì jué
870	暴露	5303	1619	18	203.59	暴露身高	bào lù shēn gāo	暴露麻了	bào lù má le	你暴露了吗	nǐ bào lù le ma
871	用心	5395	884	27	203.48	用心喜欢了	yòng xīn xǐ huān le	用心感受！	yòng xīn gǎn shòu ！	太用心跳舞了	tài yòng xīn tiào wǔ le
872	溜	5327	1545	18	203.45	溜了溜了	liū le liū le	溜太早了	liū tài zǎo le	可以溜着玩	kě yǐ liū zhe wán
873	土豆	5138	998	37	203.35	松，土豆	sōng ， tǔ dòu	中午炒土豆	zhōng wǔ chǎo tǔ dòu	土豆解乡愁	tǔ dòu jiě xiāng chóu
874	从没	2300	10276	1	202.98	从没忘记	cóng méi wàng jì	从没听过好吧	cóng méi tīng guò hǎo ba	我从没用过乐视	wǒ cóng méi yòng guò lè shì
875	不停	3444	4156	59	202.83	不停的刷新	bù tíng de shuā xīn	我不停的想剪	wǒ bù tíng de xiǎng jiǎn	要来回不停地游	yào lái huí bù tíng dì yóu
876	可乐	5145	1165	32	202.28	又见可乐	yòu jiàn kě lè	可乐互顶吗	kě lè hù dǐng ma	开罐可乐喝	kāi guàn kě lè hē
877	龙	4040	2720	56	202.17	我龙哥吗	wǒ lóng gē ma	龙存在么	lóng cún zài me	你又不属龙	nǐ yòu bù shǔ lóng
878	元旦	5920	54	15	202.00	元旦假期后	yuán dàn jiǎ qī hòu	嗯嗯，元旦来	ń ń ， yuán dàn lái	韩国有元旦不	hán guó yǒu yuán dàn bù
879	套路	5699	83	25	201.97	哎呦，套路	āi yōu ， tào lù	套路有点深	tào lù yǒu diǎn shēn	套路了！！！	tào lù le ！ ！ ！
880	抓紧	5229	2431	4	201.87	你两抓紧啊	nǐ liǎng zhuā jǐn a	你俩抓紧奥	nǐ liǎ zhuā jǐn ào	你走开抓紧	nǐ zǒu kāi zhuā jǐn
881	挣	3265	1400	117	201.87	挣了一把钱了	zhēng le yī bǎ qián le	不做了，没钱挣	bù zuò le ， méi qián zhēng	你毕业肯定挣大钱	nǐ bì yè kěn dìng zhēng dà qián
882	系列	5085	791	41	201.76	枣红系列！	zǎo hóng xì liè ！	暴露年龄系列	bào lù nián líng xì liè	有生之年系列	yǒu shēng zhī nián xì liè
883	肌肉	4376	1595	60	201.70	发肌肉干嘛	fā jī ròu gàn ma	你有个屁肌肉	nǐ yǒu gè pì jī ròu	小受不需要肌肉	xiǎo shòu bù xū yào jī ròu
884	呼吸	2788	6784	40	201.56	想你到无法呼吸	xiǎng nǐ dào wú fǎ hū xī	想念是会呼吸的痛	xiǎng niàn shì huì hū xī de tòng	痛到要无法呼吸了!	tòng dào yào wú fǎ hū xī le !
885	眼泪	5355	1482	15	201.54	眼泪刷刷我刚躺下	yǎn lèi shuā shuā wǒ gāng tǎng xià	刷机刷的我眼泪直流	shuā jī shuā de wǒ yǎn lèi zhí liú	我的眼泪太不值钱了	wǒ de yǎn lèi tài bù zhí qián le
886	培训	4876	437	57	201.40	去哪培训？	qù nǎ péi xùn ？	心理培训吗	xīn lǐ péi xùn ma	不不不，培训啊	bù bù bù ， péi xùn a
887	妞	5625	1330	4	200.94	妞你要哪个	niū nǐ yào nǎ gè	怎么了妞？	zěn me le niū ？	俺家妞好看吧	ǎn jiā niū hǎo kàn ba
888	木	5756	711	9	200.84	书读完木?	shū dú wán mù ?	木见过哈哈	mù jiàn guò hā hā	感觉木问题啦	gǎn jué mù wèn tí la
889	摄影师	5648	1142	6	200.69	想看摄影师	xiǎng kàn shè yǐng shī	摄影师是谁	shè yǐng shī shì shuí	老公就是摄影师	lǎo gōng jiù shì shè yǐng shī
890	动力	4920	1511	34	200.68	寻找一个动力	xún zhǎo yī gè dòng lì	可能更有动力吧	kě néng gèng yǒu dòng lì ba	有鸭梨才有动力	yǒu yā lí cái yǒu dòng lì
891	小子	1126	12855	6	200.56	小子，找打!	xiǎo zi ， zhǎo dǎ !	晚安狂野小子	wǎn ān kuáng yě xiǎo zi	生个小子咋整	shēng gè xiǎo zi zǎ zhěng
892	包包	5676	609	14	200.36	我要包包	wǒ yào bāo bāo	你的新包包啊	nǐ de xīn bāo bāo a	喜欢你的包包	xǐ huān nǐ de bāo bāo
893	踩	4695	2362	28	199.96	他不踩我	tā bù cǎi wǒ	你在踩我嘛	nǐ zài cǎi wǒ ma	踩你一脚泥。	cǎi nǐ yī jiǎo ní 。
894	吃吃	5297	249	38	199.83	哈哈吃吃吃	hā hā chī chī chī	我吃吃吃吃	wǒ chī chī chī chī	吃吃吃买买买	chī chī chī mǎi mǎi mǎi
895	蠢	4043	4622	17	199.63	它有点蠢	tā yǒu diǎn chǔn	……是我蠢	… … shì wǒ chǔn	是蛮单蠢的	shì mán dān chǔn de
896	王子	4004	4343	24	199.62	狼王子吗	láng wáng zi ma	你是小王子	nǐ shì xiǎo wáng zi	屁桃小王子	pì táo xiǎo wáng zi
897	杨幂	3770	0	115	199.38	表白杨幂	biǎo bái yáng mì	杨幂在车上啊	yáng mì zài chē shàng a	呵呵我喜欢杨幂	hē hē wǒ xǐ huān yáng mì
898	手术	3304	5203	41	199.20	要做手术	yào zuò shǒu shù	近视手术呀	jìn shì shǒu shù ya	小手术没影响	xiǎo shǒu shù méi yǐng xiǎng
899	播	4875	724	48	198.87	这啥时候播？	zhè shá shí hòu bō ？	用手播？累不累？	yòng shǒu bō ？ lèi bù lèi ？	知道什么时候播？	zhī dào shén me shí hòu bō ？
900	且	5154	1626	18	198.87	且听风吟	qiě tīng fēng yín	且歌且酒	qiě gē qiě jiǔ	头疼且糟心	tóu téng qiě zāo xīn
901	辣椒	4925	647	47	198.85	辣椒够多	là jiāo gòu duō	辣椒不稀饭	là jiāo bù xī fàn	因为你辣椒吃多了	yīn wèi nǐ là jiāo chī duō le
902	升级	4957	715	44	198.71	升级好吗	shēng jí hǎo ma	你咋升级了	nǐ zǎ shēng jí le	升级了呀~师傅	shēng jí le ya ~ shī fù
903	欢乐	4725	1392	42	198.30	偶遇好欢乐	ǒu yù hǎo huān lè	我们的欢乐	wǒ men de huān lè	友友欢乐多！	yǒu yǒu huān lè duō ！
904	山东	5853	76	12	198.08	山东尺寸	shān dōng chǐ cùn	山东怎样	shān dōng zěn yàng	山东潍坊	shān dōng wéi fāng
905	情侣	4782	718	51	197.82	情侣手链啊	qíng lǚ shǒu liàn a	买情侣款嘻嘻	mǎi qíng lǚ kuǎn xī xī	小情侣吵架？	xiǎo qíng lǚ chǎo jià ？
906	双眼皮	6108	24	0	197.57	双眼皮很美	shuāng yǎn pí hěn měi	你有双眼皮了	nǐ yǒu shuāng yǎn pí le	双眼皮是贴的？	shuāng yǎn pí shì tiē de ？
907	报道	4129	3024	39	197.35	24报道	2 4 bào dào	对啊1号报道	duì a 1 hào bào dào	我8号报道！	wǒ 8 hào bào dào ！
908	骗人	4958	2106	16	197.17	蜀黍骗人	shǔ shǔ piàn rén	都是骗人的	dōu shì piàn rén de	真丑，不骗人	zhēn chǒu ， bù piàn rén
909	粥	5005	464	44	197.13	大米红豆薏米粥	dà mǐ hóng dòu yì mǐ zhōu	我最爱吃白粥了	wǒ zuì ài chī bái zhōu le	爱心粥，羡慕啊	ài xīn zhōu ， xiàn mù a
910	过生日	5350	356	29	196.80	过生日中	guò shēng rì zhōng	过生日？	guò shēng rì ？	谁过生日了?	shuí guò shēng rì le ?
911	移动	3190	4772	50	196.23	你是移动的吗	nǐ shì yí dòng de ma	你要进移动啊？	nǐ yào jìn yí dòng a ？	移动4G就是快	yí dòng 4 G jiù shì kuài
912	搞定	3145	7082	9	195.88	男神几乎搞定了	nán shén jǐ hū gǎo dìng le	工作的事搞定了？	gōng zuò de shì gǎo dìng le ？	已经搞定了谢谢啦	yǐ jīng gǎo dìng le xiè xiè la
913	吃到	5090	245	42	195.80	最后吃到了吗	zuì hòu chī dào le ma	月饼都没吃到	yuè bǐng dōu méi chī dào	吃到了，超好吃	chī dào le ， chāo hǎo chī
914	周日	5302	1202	14	195.67	周日快乐！思思	zhōu rì kuài lè ！ sī sī	周日是谁的演出呀	zhōu rì shì shuí de yǎn chū ya	周日欣欣还在哟！	zhōu rì xīn xīn hái zài yō ！
915	奶	5132	884	28	195.66	借奶消愁	jiè nǎi xiāo chóu	求一个奶四	qiú yī gè nǎi sì	人美奶大嘴甜。	rén měi nǎi dà zuǐ tián 。
916	治	4762	1897	27	195.66	不治根啊	bù zhì gēn a	治腰的？	zhì yāo de ？	你治得好么	nǐ zhì dé hǎo me
917	爷	5478	953	10	195.55	倩爷，为什么	qiàn yé ， wèi shén me	去吧受惊的爷	qù ba shòu jīng de yé	弹指你就当爷	dàn zhǐ nǐ jiù dāng yé
918	及	3404	5294	29	195.47	长发及腰	zhǎng fā jí yāo	待你长发及腰	dài nǐ zhǎng fā jí yāo	继续长发及腰	jì xù zhǎng fā jí yāo
919	拯救	3800	5025	15	195.46	拯救世界	zhěng jiù shì jiè	我拯救你啊	wǒ zhěng jiù nǐ a	求女神拯救	qiú nǚ shén zhěng jiù
920	便	2205	8712	23	195.27	随你个便	suí nǐ gè biàn	我便一直爱	wǒ biàn yī zhí ài	机票这么便	jī piào zhè me biàn
921	饼	4848	1534	29	195.26	这饼好吃	zhè bǐng hǎo chī	里脊饼？	lǐ jí bǐng ？	默默吃饼	mò mò chī bǐng
922	嗯哼	5258	965	19	194.67	嗯哼！那是	ń hēng ！ nà shì	嗯哼，嫩庞	ń hēng ， nèn páng	嗯哼第三张发过	ń hēng dì sān zhāng fā guò
923	窝	5426	848	13	194.59	好可怕窝	hǎo kě pà wō	咱俩是一窝人	zán liǎ shì yī wō rén	窝做了什么嘛！	wō zuò le shén me ma ！
924	麻麻	5967	35	2	194.51	豺狼麻麻	chái láng má má	夜麻麻散步	yè má má sàn bù	麻麻可以穿	má má kě yǐ chuān
925	玩耍	5475	551	16	194.49	顺便玩耍	shùn biàn wán shuǎ	还能不能玩耍了	hái néng bù néng wán shuǎ le	去外面玩耍一番？	qù wài miàn wán shuǎ yī fān ？
926	肿	5591	411	13	194.47	您肿木了呢	nín zhǒng mù le ne	里面发炎肿了	lǐ miàn fā yán zhǒng le	你怎么肿了?!	nǐ zěn me zhǒng le ? !
927	前任	5093	708	31	194.24	压根没有前任	yā gēn méi yǒu qián rèn	想前任了啊！	xiǎng qián rèn le a ！	把他变成前任	bǎ tā biàn chéng qián rèn
928	幼儿园	3773	435	99	194.10	我幼儿园培训班	wǒ yòu ér yuán péi xùn bān	哥幼儿园学了芭蕾	gē yòu ér yuán xué le bā lěi	不接，死幼儿园吧你	bù jiē ， sǐ yòu ér yuán ba nǐ
929	两个月	4667	1735	32	193.95	我们要求办两个月	wǒ men yào qiú bàn liǎng gè yuè	这两个月移动疯了	zhè liǎng gè yuè yí dòng fēng le	我都单了快两个月了	wǒ dōu dān le kuài liǎng gè yuè le
930	武器	625	11382	47	193.70	必备武器	bì bèi wǔ qì	生化武器！	shēng huà wǔ qì ！	问下武器？？	wèn xià wǔ qì ？ ？
931	黑暗	2790	6454	34	193.46	嗯，黑暗餐馆	ń ， hēi àn cān guǎn	好黑暗的天空	hǎo hēi àn de tiān kōng	大姐你咋黑暗了	dà jiě nǐ zǎ hēi àn le
932	怪不得	5401	698	15	193.26	怪不得。	guài bù dé 。	怪不得啦！	guài bù dé la ！	怪不得款式那么特别呀	guài bù dé kuǎn shì nà me tè bié ya
933	扯	4080	3072	34	192.99	又扯犊子	yòu chě dú zi	扯平了那	chě píng le nà	扯的着么	chě de zhe me
934	假如	1056	3244	175	192.64	假如爱有天意	jiǎ rú ài yǒu tiān yì	都说假如嘛。。	dōu shuō jiǎ rú ma 。 。	假如生活欺骗了你	jiǎ rú shēng huó qī piàn le nǐ
935	聊聊	4380	2211	35	192.63	要不你俩聊聊	yào bù nǐ liǎ liáo liáo	来来来~聊聊聊	lái lái lái ~ liáo liáo liáo	来来来，聊聊聊	lái lái lái ， liáo liáo liáo
936	凑	5412	665	14	192.53	凑不要脸	còu bù yào liǎn	凑够一千条哈哈哈	còu gòu yī qiān tiáo hā hā hā	谢谢风云，凑几句	xiè xiè fēng yún ， còu jǐ jù
937	康复	5491	1108	2	192.50	早日康复	zǎo rì kāng fù	早日康复哦	zǎo rì kāng fù ó	他也干康复了	tā yě gàn kāng fù le
938	肉肉	5672	204	10	192.48	肉肉肉啊	ròu ròu ròu a	要肉肉肉	yào ròu ròu ròu	嘤肉肉肉吗	yīng ròu ròu ròu ma
939	高级	4345	2061	39	192.33	高级高级	gāo jí gāo jí	教授英语好高级	jiào shòu yīng yǔ hǎo gāo jí	人类都是高级动物	rén lèi dōu shì gāo jí dòng wù
940	老鼠	3714	4075	32	192.32	她就一老鼠	tā jiù yī lǎo shǔ	老鼠翻车了	lǎo shǔ fān chē le	请你吃老鼠	qǐng nǐ chī lǎo shǔ
941	折腾	5639	547	5	192.32	主要没精力折腾	zhǔ yào méi jīng lì zhé téng	不是满酒店瞎折腾	bù shì mǎn jiǔ diàn xiā zhé téng	没有颜值不敢折腾	méi yǒu yán zhí bù gǎn zhé téng
942	弟	4624	793	49	192.30	你弟真棒	nǐ dì zhēn bàng	养个弟都中了	yǎng gè dì dōu zhōng le	我弟在看电视	wǒ dì zài kàn diàn shì
943	占	3852	1870	66	192.25	你占我便宜吧	nǐ zhàn wǒ biàn yí ba	不是占我便宜么	bù shì zhàn wǒ biàn yí me	就喜欢占点便宜。。	jiù xǐ huān zhàn diǎn biàn yí 。 。
944	模特	4757	1419	31	192.24	你来模特	nǐ lái mó tè	多高模特	duō gāo mó tè	平面模特	píng miàn mó tè
945	难怪	4960	1630	17	191.98	哇哦难怪！	wa ó nán guài ！	难怪要减肥	nán guài yào jiǎn féi	哦，难怪呢！	ó ， nán guài ne ！
946	男票	5942	0	0	191.91	有男票真好	yǒu nán piào zhēn hǎo	你男票肯定想你	nǐ nán piào kěn dìng xiǎng nǐ	你要种个男票啊	nǐ yào zhǒng gè nán piào a
947	扎心	5879	0	3	191.90	你好扎心	nǐ hǎo zhā xīn	扎心了哦	zhā xīn le ó	扎心了老铁	zhā xīn le lǎo tiě
948	老爸	2856	7944	1	191.88	老爸知道	lǎo bà zhī dào	老爸你好帅！	lǎo bà nǐ hǎo shuài ！	老爸真辛苦心疼	lǎo bà zhēn xīn kǔ xīn téng
949	没事儿	4333	1240	54	191.84	没事儿没事	méi shì ér méi shì	人没事儿就行	rén méi shì ér jiù xíng	没事儿我可以的	méi shì ér wǒ kě yǐ de
950	金	3646	4152	33	191.76	沉默是金	chén mò shì jīn	劲松金掌勺	jìn sōng jīn zhǎng sháo	金奶奶老了	jīn nǎi nǎi lǎo le
951	有病	5157	1569	8	191.50	你有病吧	nǐ yǒu bìng ba	有病有病	yǒu bìng yǒu bìng	脑子有病呗	nǎo zi yǒu bìng bei
952	泪	5525	500	10	191.42	你累泪啊？	nǐ lèi lèi a ？	掉下泪来。	diào xià lèi lái 。	说多都是泪	shuō duō dōu shì lèi
953	老实	3894	4673	11	191.41	我这么老实	wǒ zhè me lǎo shí	老实上班吧	lǎo shí shàng bān ba	老实敬业啊	lǎo shí jìng yè a
954	在乎	3616	4456	28	191.20	在乎久啦会崩溃	zài hū jiǔ la huì bēng kuì	在乎自己多一点	zài hū zì jǐ duō yī diǎn	说明有人在乎你	shuō míng yǒu rén zài hū nǐ
955	慌	4915	1124	26	190.29	我比你慌	wǒ bǐ nǐ huāng	那还挤的慌	nà hái jǐ de huāng	下午开始莫慌	xià wǔ kāi shǐ mò huāng
956	痘	5451	44	20	190.10	长痘了？	zhǎng dòu le ？	吃辣长痘吗	chī là zhǎng dòu ma	我用了闷痘	wǒ yòng le mèn dòu
957	挑战	3386	3338	58	190.09	你是在挑战我？	nǐ shì zài tiāo zhàn wǒ ？	哥要挑战一点的	gē yào tiāo zhàn yī diǎn de	这叫挑战自我喔	zhè jiào tiāo zhàn zì wǒ ō
958	软	4466	1063	48	189.88	腿软了。	tuǐ ruǎn le 。	软了得浇水	ruǎn le dé jiāo shuǐ	那也吃软桃	nà yě chī ruǎn táo
959	其它	2143	5836	71	189.84	对其它呢	duì qí tā ne	我要吃其它东西	wǒ yào chī qí tā dōng xī	系啊，大把其它靓仔	xì a ， dà bǎ qí tā jìng zǎi
960	抹	5357	995	6	189.46	已经抹了	yǐ jīng mǒ le	抹茶吗？	mǒ chá ma ？	系抹茶啊	xì mǒ chá a
961	杰克	60	14722	6	189.39	再见杰克	zài jiàn jié kè	冬天还有杰克啊	dōng tiān hái yǒu jié kè a	去杰克了啊，美啊	qù jié kè le a ， měi a
962	天空	4310	3258	14	189.24	天空像油画	tiān kōng xiàng yóu huà	天空是碧玺色	tiān kōng shì bì xǐ sè	好黑暗的天空	hǎo hēi àn de tiān kōng
963	蹲	4410	1424	43	189.20	家里蹲啊	jiā lǐ dūn a	是我蹲着呢	shì wǒ dūn zhe ne	没有白蹲！	méi yǒu bái dūn ！
964	甩	4555	2182	22	189.15	没我甩的好	méi wǒ shuǎi de hǎo	你也被甩了？	nǐ yě bèi shuǎi le ？	甩一身脂肪给你	shuǎi yī shēn zhī fáng gěi nǐ
965	趴	3834	1554	68	189.09	趴着睡、脸朝下	pā zhe shuì 、 liǎn cháo xià	做电视台会累趴的亲	zuò diàn shì tái huì lèi pā de qīn	就发一句一句可以趴	jiù fā yī jù yī jù kě yǐ pā
966	说是	2803	1276	122	188.77	说是这么说	shuō shì zhè me shuō	说是谁这锅我不背	shuō shì shuí zhè guō wǒ bù bèi	说是网剧，还有两个月	shuō shì wǎng jù ， hái yǒu liǎng gè yuè
967	吓死	5179	1180	10	188.72	卸妆吓死	xiè zhuāng xià sǐ	吓死我了	xià sǐ wǒ le	吓死宝宝了	xià sǐ bǎo bǎo le
968	录	4140	1754	49	188.64	没录个快手？	méi lù gè kuài shǒu ？	你咋知道5号录	nǐ zǎ zhī dào 5 hào lù	高一什么同学录	gāo yī shén me tóng xué lù
969	妆	4693	422	47	188.55	化了妆？	huà le zhuāng ？	亚洲卧蚕妆..	yà zhōu wò cán zhuāng . .	今天化的妆呢！	jīn tiān huà de zhuāng ne ！
970	正是	1983	7484	46	188.33	早安正是	zǎo ān zhèng shì	正是在下	zhèng shì zài xià	饭正是拽到爆	fàn zhèng shì zhuāi dào bào
971	毫无	3423	5424	15	188.25	毫无存在感	háo wú cún zài gǎn	毫无PS痕迹	háo wú P S hén jì	全程英文交流毫无压力	quán chéng yīng wén jiāo liú háo wú yā lì
972	行业	1593	1009	184	188.22	进来新行业	jìn lái xīn xíng yè	IT行业。。	I T xíng yè 。 。	公司是电信行业	gōng sī shì diàn xìn xíng yè
973	崩溃	4688	1862	20	188.11	对会崩溃	duì huì bēng kuì	崩溃边缘	bēng kuì biān yuán	快崩溃了	kuài bēng kuì le
974	抛弃	4230	3260	16	188.03	你抛弃我	nǐ pāo qì wǒ	我总被抛弃	wǒ zǒng bèi pāo qì	你会抛弃他的	nǐ huì pāo qì tā de
975	酒吧	3052	5735	26	187.57	你的酒吧吗	nǐ de jiǔ ba ma	天天酒吧啊	tiān tiān jiǔ ba a	酒吧只去九七	jiǔ ba zhǐ qù jiǔ qī
976	治疗	2892	5769	32	186.87	坚持治疗！	jiān chí zhì liáo ！	放弃治疗！	fàng qì zhì liáo ！	放弃治疗了！	fàng qì zhì liáo le ！
977	班主任	1610	204	196	186.84	当班主任了？	dāng bān zhǔ rèn le ？	别人家的班主任	bié rén jiā de bān zhǔ rèn	历史班主任的路过	lì shǐ bān zhǔ rèn de lù guò
978	农业	138	382	263	186.74	农业重金属	nóng yè zhòng jīn shǔ	是啊农业路啊	shì a nóng yè lù a	牛去搞农业了？	niú qù gǎo nóng yè le ？
979	实验	2364	3437	100	186.67	做完实验来呀	zuò wán shí yàn lái ya	做实验让人发狂	zuò shí yàn ràng rén fā kuáng	上次做实验触电了	shàng cì zuò shí yàn chù diàn le
980	陪伴	4691	1015	33	186.43	互相陪伴	hù xiāng péi bàn	感谢陪伴	gǎn xiè péi bàn	陪伴是最长情的告白	péi bàn shì zuì zhǎng qíng de gào bái
981	沈阳	5602	22	6	185.25	我家在沈阳	wǒ jiā zài shěn yáng	沈阳可以！	shěn yáng kě yǐ ！	回沈阳了吗？	huí shěn yáng le ma ？
982	美颜	5270	8	22	185.16	美颜相机	měi yán xiāng jī	强大的美颜	qiáng dà de měi yán	知道美颜了	zhī dào měi yán le
983	评价	3580	1018	84	185.01	这评价是褒是贬	zhè píng jià shì bāo shì biǎn	龅牙真丑二狗不评价	bāo yá zhēn chǒu èr gǒu bù píng jià	为什么这么评价你自己	wèi shén me zhè me píng jià nǐ zì jǐ
984	大连	5654	26	3	184.96	大连大连	dà lián dà lián	在大连没有	zài dà lián méi yǒu	大连在东北	dà lián zài dōng běi
985	一下子	3595	1189	80	184.92	一下子想不起来	yī xià zi xiǎng bù qǐ lái	一下子轻了不少吧	yī xià zi qīng le bù shǎo ba	空气一下子好了？	kōng qì yī xià zi hǎo le ？
986	生物	1787	4303	109	184.89	生物挺好	shēng wù tǐng hǎo	了弟生物。。。	le dì shēng wù 。 。 。	我的生物考了两次	wǒ de shēng wù kǎo le liǎng cì
987	在于	2195	2254	127	184.70	生命在于折腾	shēng mìng zài yú zhé téng	生命在于运动	shēng mìng zài yú yùn dòng	人生在于折腾！哈哈！	rén shēng zài yú zhé téng ！ hā hā ！
988	公平	2736	5300	44	184.09	这不公平	zhè bù gōng píng	只是觉得不公平	zhǐ shì jué dé bù gōng píng	世界好不公平心碎	shì jiè hǎo bù gōng píng xīn suì
989	毛毛	5586	288	0	184.00	毛毛大的	máo máo dà de	一点小毛毛	yī diǎn xiǎo máo máo	咋滴心毛毛！	zǎ dī xīn máo máo ！
990	学妹	5549	56	6	183.97	学妹好乖	xué mèi hǎo guāi	等学妹啊	děng xué mèi a	学妹长的乖	xué mèi zhǎng de guāi
991	挡	3889	2733	36	183.95	挡不住美	dǎng bù zhù měi	挡不住气势	dǎng bù zhù qì shì	挡不住的帅	dǎng bù zhù de shuài
992	几个月	3868	2835	35	183.87	也就几个月	yě jiù jǐ gè yuè	你几个月啦？	nǐ jǐ gè yuè la ？	宝宝几个月？	bǎo bǎo jǐ gè yuè ？
993	新疆	4956	55	34	183.70	新疆吗？	xīn jiāng ma ？	快回新疆去	kuài huí xīn jiāng qù	你要去新疆?	nǐ yào qù xīn jiāng ?
994	散	4937	1293	12	183.66	你散塞子	nǐ sàn sāi zi	那就散了吧	nà jiù sàn le ba	老子阴魂不散	lǎo zi yīn hún bù sàn
995	夸奖	5327	736	3	183.24	我夸奖你	wǒ kuā jiǎng nǐ	谢谢夸奖	xiè xiè kuā jiǎng	多谢夸奖哈哈	duō xiè kuā jiǎng hā hā
996	瓜	5218	415	14	183.15	三姐吃瓜	sān jiě chī guā	瓜是谁？	guā shì shuí ？	瓜聪明塞	guā cōng míng sāi
997	彻底	3989	3592	14	183.03	彻底弯了	chè dǐ wān le	彻底服了	chè dǐ fú le	一周彻底干净	yī zhōu chè dǐ gàn jìng
998	升	2771	1969	102	182.87	升了继续	shēng le jì xù	你升系统没	nǐ shēng xì tǒng méi	还没升吗？	hái méi shēng ma ？
999	象	2359	8333	4	182.70	不象你了	bù xiàng nǐ le	象在动物园	xiàng zài dòng wù yuán	我是看你说象	wǒ shì kàn nǐ shuō xiàng
1000	所谓	2812	3853	65	182.69	是的啊所谓的围观就是这样	shì de a suǒ wèi de wéi guān jiù shì zhè yàng	正所谓，情到深处不知所云	zhèng suǒ wèi ， qíng dào shēn chù bù zhī suǒ yún	相当，所谓差距已经出来了	xiāng dāng ， suǒ wèi chà jù yǐ jīng chū lái le
1001	瞧	2329	8461	3	182.65	瞧你得瑟的	qiáo nǐ dé sè de	等我克整瞧	děng wǒ kè zhěng qiáo	切…瞧你这态度	qiè … qiáo nǐ zhè tài dù
1002	定位	4658	1055	28	182.48	看我定位	kàn wǒ dìng wèi	定位叼叼的	dìng wèi diāo diāo de	你对可爱定位有点高	nǐ duì kě ài dìng wèi yǒu diǎn gāo
1003	版	4716	789	30	182.39	哪首中文版	nǎ shǒu zhōng wén bǎn	男版的已有	nán bǎn de yǐ yǒu	凭记忆不完全版	píng jì yì bù wán quán bǎn
1004	废话	3742	4664	5	182.34	废话！？	fèi huà ！ ？	少废话你快嫁人	shǎo fèi huà nǐ kuài jià rén	废话这我也知道	fèi huà zhè wǒ yě zhī dào
1005	打架	3284	3175	54	182.07	打架吗！	dǎ jià ma ！	打架高手	dǎ jià gāo shǒu	打架开心吗	dǎ jià kāi xīn ma
1006	小号	5053	261	23	181.98	小号已回	xiǎo hào yǐ huí	那是小号	nà shì xiǎo hào	小号是啥？	xiǎo hào shì shá ？
1007	寻找	2167	7254	32	181.96	寻找纸巾	xún zhǎo zhǐ jīn	正在寻找	zhèng zài xún zhǎo	寻找存在感	xún zhǎo cún zài gǎn
1008	糟糕	1385	10796	4	181.93	机场附近糟糕	jī chǎng fù jìn zāo gāo	有那么糟糕吗？	yǒu nà me zāo gāo ma ？	嗯，看相有点糟糕	ń ， kàn xiāng yǒu diǎn zāo gāo
1009	天哪	3059	6279	7	181.75	噢天哪好期待	ō tiān nǎ hǎo qī dài	天哪，有勇气	tiān nǎ ， yǒu yǒng qì	天哪！无法想象	tiān nǎ ！ wú fǎ xiǎng xiàng
1010	海鲜	4633	348	41	181.64	蒸汽海鲜	zhēng qì hǎi xiān	海鲜总动员	hǎi xiān zǒng dòng yuán	海鲜刚出锅。	hǎi xiān gāng chū guō 。
1011	河南	4855	28	36	181.45	你才是河南人	nǐ cái shì hé nán rén	同98同河南	tóng 9 8 tóng hé nán	河南山东四川	hé nán shān dōng sì chuān
1012	亲亲	5371	582	1	181.40	亲亲冰糖	qīn qīn bīng táng	亲亲圆儿	qīn qīn yuán ér	亲亲抱抱	qīn qīn bào bào
1013	气死	5070	545	16	181.34	要气死了	yào qì sǐ le	我可气死了	wǒ kě qì sǐ le	好嘞气死坏坏	hǎo lei qì sǐ huài huài
1014	丫	5401	545	0	181.23	你丫～力大吗	nǐ yā ～ lì dà ma	我也爱你丫！	wǒ yě ài nǐ yā ！	丫，回你回学校？	yā ， huí nǐ huí xué xiào ？
1015	和平	1929	4227	98	181.11	为了和平	wèi le hé píng	和平的很哦	hé píng de hěn ó	怎么和平？	zěn me hé píng ？
1016	玩意	3629	4634	9	181.01	什么玩意	shén me wán yì	啥玩意？	shá wán yì ？	金纺是啥玩意	jīn fǎng shì shá wán yì
1017	砍	3066	3356	59	180.66	你砍我？	nǐ kǎn wǒ ？	给朕把他砍了	gěi zhèn bǎ tā kǎn le	不敢做我妈砍了我	bù gǎn zuò wǒ mā kǎn le wǒ
1018	玻璃	3699	2670	41	180.41	玻璃娃娃	bō lí wá wá	玻璃心啊	bō lí xīn a	玻璃心怎么了	bō lí xīn zěn me le
1019	随意	4576	1194	26	180.22	请随意虐	qǐng suí yì nüè	随意感受下	suí yì gǎn shòu xià	是的哈！随意	shì de hā ！ suí yì
1020	离婚	2784	4483	51	180.19	闹离婚呀	nào lí hūn ya	离婚的渣颖	lí hūn de zhā yǐng	我离婚！！！	wǒ lí hūn ！ ！ ！
1021	死亡	0	11970	46	180.17	他将要走向死亡	tā jiāng yào zǒu xiàng sǐ wáng	在纽约坠落，死亡两人	zài niǔ yuē zhuì luò ， sǐ wáng liǎng rén	怕受伤更甚过于怕死亡	pà shòu shāng gèng shèn guò yú pà sǐ wáng
1022	愁	5285	353	7	179.81	大头大头下雨不愁	dà tóu dà tóu xià yǔ bù chóu	天天上课愁不愁啊	tiān tiān shàng kè chóu bù chóu a	小红在手，充电不愁	xiǎo hóng zài shǒu ， chōng diàn bù chóu
1023	满分	5004	201	23	179.65	表情满分	biǎo qíng mǎn fēn	双眼皮满分	shuāng yǎn pí mǎn fēn	眼光满分！	yǎn guāng mǎn fēn ！
1024	一路顺风	5359	517	0	179.52	一路顺风	yī lù shùn fēng	一路顺风哦	yī lù shùn fēng ó	一路顺风啊	yī lù shùn fēng a
1025	哥们	3502	4841	9	179.49	祝福哥们	zhù fú gē men	棒棒滴哥们	bàng bàng dī gē men	等着，好哥们	děng zhe ， hǎo gē men
1026	霸气	5326	44	10	179.31	挖好霸气	wā hǎo bà qì	那么霸气	nà me bà qì	云总霸气！	yún zǒng bà qì ！
1027	食	4866	1235	10	179.29	可以食水果	kě yǐ shí shuǐ guǒ	我又要食！	wǒ yòu yào shí ！	民以食为天么	mín yǐ shí wèi tiān me
1028	从不	3421	5250	4	178.59	从不怠慢	cóng bù dài màn	从不撩妹	cóng bù liāo mèi	从不信邪!	cóng bù xìn xié !
1029	一个星期	4062	1789	37	178.45	就一个星期	jiù yī gè xīng qī	一个星期干嘛	yī gè xīng qī gàn ma	病了一个星期啦	bìng le yī gè xīng qī la
1030	滤镜	5417	4	5	178.38	想知道滤镜	xiǎng zhī dào lǜ jìng	滤镜的关系！	lǜ jìng de guān xì ！	ps滤镜里面的	p s lǜ jìng lǐ miàn de
1031	饿死	4682	1358	15	178.26	快饿死了	kuài è sǐ le	饿死我了	è sǐ wǒ le	我要饿死了	wǒ yào è sǐ le
1032	郑州	5412	2	5	178.19	大郑州啊	dà zhèng zhōu a	郑州演唱会	zhèng zhōu yǎn chàng huì	几号回郑州？	jǐ hào huí zhèng zhōu ？
1033	芒果	5285	220	7	178.16	你吃芒果吗？	nǐ chī máng guǒ ma ？	芒果可以吃了	máng guǒ kě yǐ chī le	一杯有芒果的东西	yī bēi yǒu máng guǒ de dōng xī
1034	夹	4348	1445	29	178.01	心疼夹稳点	xīn téng jiā wěn diǎn	杭州哪里的好夹	háng zhōu nǎ lǐ de hǎo jiā	赞我教你怎么夹	zàn wǒ jiào nǐ zěn me jiā
1035	谦虚	5187	564	5	177.93	别谦虚！	bié qiān xū ！	大佬谦虚	dà lǎo qiān xū	谦虚的是	qiān xū de shì
1036	舍友	4364	19	54	177.63	舍友太搞笑了	shě yǒu tài gǎo xiào le	跟新姐舍友同款	gēn xīn jiě shě yǒu tóng kuǎn	我的舍友说好好看	wǒ de shě yǒu shuō hǎo hǎo kàn
1037	看出	3885	1362	52	177.54	你看出诗了么	nǐ kàn chū shī le me	你怎么看出乖的	nǐ zěn me kàn chū guāi de	宝宝看出了什么	bǎo bǎo kàn chū le shén me
1038	开枪	238	13031	11	177.45	友军别开枪	yǒu jūn bié kāi qiāng	开枪打你哦	kāi qiāng dǎ nǐ ó	我来开枪了	wǒ lái kāi qiāng le
1039	出名	1900	1461	145	177.44	那你现在出名了	nà nǐ xiàn zài chū míng le	哈哈我帮你出名要不	hā hā wǒ bāng nǐ chū míng yào bù	翻出来货架你可出名了	fān chū lái huò jià nǐ kě chū míng le
1040	啃	5124	466	9	177.37	刚啃完玉米	gāng kěn wán yù mǐ	啃了怎么办？	kěn le zěn me bàn ？	我想啃点老的	wǒ xiǎng kěn diǎn lǎo de
1041	打call	5482	0	0	177.06	为你打call！	wèi nǐ dǎ c a l l ！	打call前排支持	dǎ c a l l qián pái zhī chí	宇宙打call太好看了	yǔ zhòu dǎ c a l l tài hǎo kàn le
1042	脱单	5396	1	4	176.99	早日脱单	zǎo rì tuō dān	脱单了啊	tuō dān le a	脱单脱单	tuō dān tuō dān
1043	形容	4064	1666	37	176.99	不足以形容对吧	bù zú yǐ xíng róng duì ba	不能用燥动形容了	bù néng yòng zào dòng xíng róng le	有多痛啊，形容下	yǒu duō tòng a ， xíng róng xià
1044	背后	3120	3235	53	176.84	下去在你背后	xià qù zài nǐ bèi hòu	看你背后！谢谢	kàn nǐ bèi hòu ！ xiè xiè	心脏跑到背后去了	xīn zàng pǎo dào bèi hòu qù le
1045	眼里	4455	963	31	176.81	在我对象眼里	zài wǒ duì xiàng yǎn lǐ	我眼里还有你	wǒ yǎn lǐ hái yǒu nǐ	你在我眼里最美	nǐ zài wǒ yǎn lǐ zuì měi
1046	再不	4751	1545	6	176.74	再不来我吃光了	zài bù lái wǒ chī guāng le	再不装嫩就老了	zài bù zhuāng nèn jiù lǎo le	你再不来过期了啊	nǐ zài bù lái guò qī le a
1047	反而	3537	1547	64	176.71	没得吃，反而掉	méi dé chī ， fǎn ér diào	没有瘦，反而漂亮了	méi yǒu shòu ， fǎn ér piāo liàng le	是啊！现在反而退步了。	shì a ！ xiàn zài fǎn ér tuì bù le 。
1048	色	4694	749	23	176.46	几号色呀	jǐ hào sè ya	想要色好运	xiǎng yào sè hǎo yùn	天空是碧玺色	tiān kōng shì bì xǐ sè
1049	机器	2308	5306	53	176.42	你真的是机器吗	nǐ zhēn de shì jī qì ma	有没有练臀的机器	yǒu méi yǒu liàn tún de jī qì	那个机器是什么鬼	nà gè jī qì shì shén me guǐ
1050	辣条	3976	0	71	176.34	想吃辣条	xiǎng chī là tiáo	我要辣条	wǒ yào là tiáo	辣条不走	là tiáo bù zǒu
1051	淘宝	0	11	261	176.31	淘宝上二十块买的	táo bǎo shàng èr shí kuài mǎi de	上淘宝 能卖不少钱	shàng táo bǎo   néng mài bù shǎo qián	"礼拜三是""漫画书淘宝""日"	"lǐ bài sān shì "" màn huà shū táo bǎo "" rì"
1052	阻止	1388	10064	9	176.28	我能阻止么	wǒ néng zǔ zhǐ me	是懒阻止了我	shì lǎn zǔ zhǐ le wǒ	笑吧,不阻止你	xiào ba , bù zǔ zhǐ nǐ
1053	粉色	4451	442	40	176.26	粉色加蓝色	fěn sè jiā lán sè	粉色蝴蝶结	fěn sè hú dié jié	买了粉色滴！	mǎi le fěn sè dī ！
1054	渣	4422	245	45	176.25	渣都没了	zhā dōu méi le	哈哈哈渣止	hā hā hā zhā zhǐ	拍照技术渣	pāi zhào jì shù zhā
1055	有毒	4743	794	19	175.90	有毒吧你	yǒu dú ba nǐ	……你有毒	… … nǐ yǒu dú	你们有毒吗	nǐ men yǒu dú ma
1056	泡面	4224	76	57	175.85	泡面给你吃	pào miàn gěi nǐ chī	才吃完一桶泡面	cái chī wán yī tǒng pào miàn	睡了，吃了泡面	shuì le ， chī le pào miàn
1057	打击	3803	2510	32	175.70	别再打击她了	bié zài dǎ jī tā le	我收到了打击	wǒ shōu dào le dǎ jī	哇咔，这么打击	wa kā ， zhè me dǎ jī
1058	资格	3882	2701	24	175.23	你没资格说长肉	nǐ méi zī gé shuō zhǎng ròu	没你这么有资格	méi nǐ zhè me yǒu zī gé	二级建造师资格考试	èr jí jiàn zào shī zī gé kǎo shì
1059	绝	3323	4529	17	175.22	心寒意绝	xīn hán yì jué	关键字：绝减	guān jiàn zì ： jué jiǎn	睡…嫂子，绝了	shuì … sǎo zi ， jué le
1060	战	2906	3042	64	174.95	准备再战	zhǔn bèi zài zhàn	为正义而战	wèi zhèng yì ér zhàn	来战啊男人	lái zhàn a nán rén
1061	事业	2797	3210	66	174.87	干事业，敬佩	gàn shì yè ， jìng pèi	感情还是事业	gǎn qíng hái shì shì yè	打工不叫事业	dǎ gōng bù jiào shì yè
1062	隔壁	4134	1910	26	174.86	邮电的隔壁	yóu diàn de gé bì	你隔壁的隔壁	nǐ gé bì de gé bì	哈哈我在隔壁哦	hā hā wǒ zài gé bì ó
1063	啊哈哈哈	5400	23	0	174.69	啊哈哈哈	a hā hā hā	在啊哈哈哈	zài a hā hā hā	好皮啊哈哈哈	hǎo pí a hā hā hā
1064	姿势	4272	1417	28	174.53	涨姿势了	zhǎng zī shì le	姿势要正确	zī shì yào zhèng què	…你看他姿势	… nǐ kàn tā zī shì
1065	尝尝	4447	1927	10	174.38	我也想尝尝	wǒ yě xiǎng cháng cháng	给我一个尝尝	gěi wǒ yī gè cháng cháng	我要去一次尝尝	wǒ yào qù yī cì cháng cháng
1066	雾霾	4807	3	28	174.19	不止雾霾	bù zhǐ wù mái	不是雾霾？	bù shì wù mái ？	早啊。雾霾	zǎo a 。 wù mái
1067	悄悄	4781	921	12	173.99	咱们悄悄滴	zán men qiāo qiāo dī	悄悄告诉我	qiāo qiāo gào sù wǒ	嘘原图悄悄看	xū yuán tú qiāo qiāo kàn
1068	报警	3131	4220	30	173.94	我要报警	wǒ yào bào jǐng	老子报警	lǎo zi bào jǐng	有没有报警	yǒu méi yǒu bào jǐng
1069	您好	4293	2667	3	173.90	姐，您好！	jiě ， nín hǎo ！	您好，顺丰水表	nín hǎo ， shùn fēng shuǐ biǎo	您好，早安！好友	nín hǎo ， zǎo ān ！ hǎo yǒu
1070	哈尔滨	4905	47	22	173.85	哈尔滨的秋天	hā ěr bīn de qiū tiān	来哈尔滨安排	lái hā ěr bīn ān pái	哈尔滨今天真凉快	hā ěr bīn jīn tiān zhēn liáng kuài
1071	放过	3938	3091	12	173.79	放过我吧	fàng guò wǒ ba	放过我肥	fàng guò wǒ féi	放过他不好吧	fàng guò tā bù hǎo ba
1072	营养	3712	633	68	173.67	营养不错么	yíng yǎng bù cuò me	高蛋白！营养	gāo dàn bái ！ yíng yǎng	但是你很有营养	dàn shì nǐ hěn yǒu yíng yǎng
1073	梗	5170	125	7	173.26	这个梗垮掉	zhè gè gěng kuǎ diào	这个梗我知道	zhè gè gěng wǒ zhī dào	修空调是什么梗	xiū kōng diào shì shén me gěng
1074	全国	3118	2233	66	173.07	请做全国卷一	qǐng zuò quán guó juǎn yī	你好，全国大赛	nǐ hǎo ， quán guó dà sài	百合是全国随便种	bǎi hé shì quán guó suí biàn zhǒng
1075	牙齿	4340	2188	8	172.83	牙齿不好看	yá chǐ bù hǎo kàn	你牙齿好看吗	nǐ yá chǐ hǎo kàn ma	现在牙齿怎么样了？	xiàn zài yá chǐ zěn me yàng le ？
1076	队友	2776	605	112	172.79	心疼那个队友	xīn téng nà gè duì yǒu	我这周最佳队友是你	wǒ zhè zhōu zuì jiā duì yǒu shì nǐ	星爵啊唉真的猪队友	xīng jué a āi zhēn de zhū duì yǒu
1077	郁闷	5009	500	7	172.73	好郁闷呢	hǎo yù mèn ne	哎，真心郁闷	āi ， zhēn xīn yù mèn	唉，郁闷啊！	āi ， yù mèn a ！
1078	何时	3625	4126	6	172.53	何时回国	hé shí huí guó	何时归？	hé shí guī ？	何时再见面	hé shí zài jiàn miàn
1079	归	3618	3168	24	172.52	何时归？	hé shí guī ？	你可以试试柴归汤	nǐ kě yǐ shì shì chái guī tāng	债我来还吧酒归我	zhài wǒ lái hái ba jiǔ guī wǒ
1080	拥抱	4324	2091	10	172.45	拥抱肩膀	yōng bào jiān bǎng	咱俩拥抱下吧	zán liǎ yōng bào xià ba	我找不到拥抱了	wǒ zhǎo bù dào yōng bào le
1081	明信片	5134	516	0	172.24	我就是明信片版	wǒ jiù shì míng xìn piàn bǎn	说好的明信片呢	shuō hǎo de míng xìn piàn ne	我的明信片版还没到	wǒ de míng xìn piàn bǎn hái méi dào
1082	一代	3092	879	91	172.24	一代宗师	yī dài zōng shī	一代二代三代？	yī dài èr dài sān dài ？	一代人的回忆啊	yī dài rén de huí yì a
1083	智能	1194	378	191	172.19	什么是智能	shén me shì zhì néng	你有智能吗	nǐ yǒu zhì néng ma	体智能教师？	tǐ zhì néng jiào shī ？
1084	清醒	3965	2832	13	172.11	你很清醒	nǐ hěn qīng xǐng	我很清醒	wǒ hěn qīng xǐng	也有清醒的！	yě yǒu qīng xǐng de ！
1085	还给	2500	5758	29	172.05	原话还给你	yuán huà hái gěi nǐ	还给你！！！！	hái gěi nǐ ！ ！ ！ ！	还给咱鹿哥涨热度	hái gěi zán lù gē zhǎng rè dù
1086	网吧	2552	27	132	171.86	另一个网吧	lìng yī gè wǎng ba	你为啥去网吧	nǐ wèi shá qù wǎng ba	去网吧刷的吧	qù wǎng ba shuā de ba
1087	同志	3178	4573	18	171.76	同志们辛苦了	tóng zhì men xīn kǔ le	同志继续努力	tóng zhì jì xù nǔ lì	握手，同志！	wò shǒu ， tóng zhì ！
1088	口水	5010	797	0	171.74	口水歌王	kǒu shuǐ gē wáng	口水结冰	kǒu shuǐ jié bīng	口水流出来了啊	kǒu shuǐ liú chū lái le a
1089	奋斗	4201	860	37	171.37	好好奋斗	hǎo hǎo fèn dòu	那就继续奋斗	nà jiù jì xù fèn dòu	至于这么奋斗么	zhì yú zhè me fèn dòu me
1090	令	963	8767	46	171.37	真令我心痛	zhēn lìng wǒ xīn tòng	你智商令我担忧	nǐ zhì shāng lìng wǒ dān yōu	唉真令我佩服咯	āi zhēn lìng wǒ pèi fú gē
1091	趁	4060	2903	6	171.34	居然趁我吃饭更博	jū rán chèn wǒ chī fàn gèng bó	趁一切还来得及。	chèn yī qiè hái lái dé jí 。	趁现在多画几张图	chèn xiàn zài duō huà jǐ zhāng tú
1092	遭	4523	1641	7	171.25	必遭举报	bì zāo jǔ bào	小心要遭决	xiǎo xīn yào zāo jué	面试遭坑？	miàn shì zāo kēng ？
1093	冒	4035	2360	17	171.20	我来冒个泡！	wǒ lái mào gè pào ！	是，就冒个泡	shì ， jiù mào gè pào	晚饭冒恰饱！？	wǎn fàn mào qià bǎo ！ ？
1094	眼熟	5049	363	5	170.97	求个眼熟	qiú gè yǎn shú	眼熟我吗	yǎn shú wǒ ma	觉得你好眼熟	jué dé nǐ hǎo yǎn shú
1095	动手	3030	4457	26	170.94	不用我动手	bù yòng wǒ dòng shǒu	哈哈哈自己动手	hā hā hā zì jǐ dòng shǒu	劳烦你亲自动手了	láo fán nǐ qīn zì dòng shǒu le
1096	稳定	2834	2685	68	170.88	小米5s最新稳定版？	xiǎo mǐ 5 s zuì xīn wěn dìng bǎn ？	你自从去了民谣圈你就不稳定	nǐ zì cóng qù le mín yáo quān nǐ jiù bù wěn dìng	就是一切保持稳定就好了是吧	jiù shì yī qiè bǎo chí wěn dìng jiù hǎo le shì ba
1097	非要	3942	1326	40	170.84	你说你，非要听	nǐ shuō nǐ ， fēi yào tīng	是你们非要谈公平	shì nǐ men fēi yào tán gōng píng	非要绝味鸭脖么？	fēi yào jué wèi yā bó me ？
1098	看懂	4996	107	12	170.79	没看懂。	méi kàn dǒng 。	我没看懂呀	wǒ méi kàn dǒng ya	没看懂。。。	méi kàn dǒng 。 。 。
1099	腻	4724	264	22	170.71	不明觉腻	bù míng jué nì	听多了就腻了	tīng duō le jiù nì le	看来是肉吃腻了	kàn lái shì ròu chī nì le
1100	将军	654	9675	43	170.68	去找仟驷将军吖	qù zhǎo qiān sì jiāng jūn yā	坐等范将军断腿	zuò děng fàn jiāng jūn duàn tuǐ	仟驷将军，是个啥	qiān sì jiāng jūn ， shì gè shá
1101	观察	3194	3141	42	170.64	注意观察	zhù yì guān chá	再多观察观察	zài duō guān chá guān chá	没有仔细观察	méi yǒu zǎi xì guān chá
1102	冻死	4822	539	12	170.55	冻死我了	dòng sǐ wǒ le	冻死他们。	dòng sǐ tā men 。	快被冻死了	kuài bèi dòng sǐ le
1103	下车	3003	4536	25	170.37	下车伊始	xià chē yī shǐ	是该下车了	shì gāi xià chē le	额，那下车呢	é ， nà xià chē ne
1104	背景	3799	1495	43	170.35	求背景图	qiú bèi jǐng tú	还能背景虚化	hái néng bèi jǐng xū huà	这个妹背景水彩	zhè gè mèi bèi jǐng shuǐ cǎi
1105	呵	4771	971	6	170.24	呵。呵。	hē 。 hē 。	呵，男人	hē ， nán rén	你也快来呵	nǐ yě kuài lái hē
1106	鄙视	5034	384	4	170.07	被鄙视了..	bèi bǐ shì le . .	鄙视你没道理	bǐ shì nǐ méi dào lǐ	鄙视小米2！	bǐ shì xiǎo mǐ 2 ！
1107	搭配	3604	395	72	169.92	得搭配好才行啊	dé dā pèi hǎo cái xíng a	搭配破洞牛仔裤	dā pèi pò dòng niú zǎi kù	鱼和考拉不搭配啊	yú hé kǎo lā bù dā pèi a
1108	身份	2304	6033	30	169.82	拜托失学少女身份	bài tuō shī xué shǎo nǚ shēn fèn	是时候暴露身份了	shì shí hòu bào lù shēn fèn le	不和你抢会长的身份	bù hé nǐ qiǎng huì zhǎng de shēn fèn
1109	天生	3886	2093	27	169.81	天生巨基！	tiān shēng jù jī ！	天生萌渣渣	tiān shēng méng zhā zhā	霸气是天生的	bà qì shì tiān shēng de
1110	相当于	943	456	198	169.78	相当于出游嘛	xiāng dāng yú chū yóu ma	相当于同学聚会.	xiāng dāng yú tóng xué jù huì .	相当于没在一起一样	xiāng dāng yú méi zài yī qǐ yī yàng
1111	抄	3877	972	48	169.73	抄都抄错？	chāo dōu chāo cuò ？	干嘛抄我名言？	gàn ma chāo wǒ míng yán ？	好我明天就抄下来	hǎo wǒ míng tiān jiù chāo xià lái
1112	一夜	4301	1821	12	169.70	一夜没睡	yī yè méi shuì	一夜八十次	yī yè bā shí cì	一夜没睡啊	yī yè méi shuì a
1113	宇宙	2472	4278	54	169.58	1个宇宙	1 gè yǔ zhòu	宇宙的起源	yǔ zhòu de qǐ yuán	刀郎宇宙无敌	dāo láng yǔ zhòu wú dí
1114	嗯啊	4866	13	18	169.47	嗯啊女神	ń a nǚ shén	嗯啊。咋了	ń a 。 zǎ le	嗯啊坑爹吧	ń a kēng diē ba
1115	吓到	4179	2096	12	169.18	你吓到我了	nǐ xià dào wǒ le	吓到你不管	xià dào nǐ bù guǎn	你是给吓到了	nǐ shì gěi xià dào le
1116	留言	3728	3138	14	168.95	好久没见你留言啊！	hǎo jiǔ méi jiàn nǐ liú yán a ！	40分钟7000多留言	4 0 fēn zhōng 7 0 0 0 duō liú yán	怕不怕淹盖其他妹纸的留言	pà bù pà yān gài qí tā mèi zhǐ de liú yán
1117	造型	4739	505	14	168.80	你这造型	nǐ zhè zào xíng	小太阳花造型	xiǎo tài yáng huā zào xíng	喵喵造型好酷！	miāo miāo zào xíng hǎo kù ！
1118	时期	1554	2199	135	168.71	颠峰时期	diān fēng shí qī	减肥好时期	jiǎn féi hǎo shí qī	几段尴尬时期我很尴尬	jǐ duàn gān gà shí qī wǒ hěn gān gà
1119	幸好	4304	1731	12	168.67	幸好不下了	xìng hǎo bù xià le	幸好放假了	xìng hǎo fàng jiǎ le	幸好我也有你	xìng hǎo wǒ yě yǒu nǐ
1120	调整	3928	1567	33	168.66	他随时调整的么	tā suí shí diào zhěng de me	要提前调整状态	yào tí qián diào zhěng zhuàng tài	对啊，慢慢调整心态。	duì a ， màn màn diào zhěng xīn tài 。
1121	悲剧	3906	1780	30	168.58	哎，悲剧	āi ， bēi jù	悲剧的娃	bēi jù de wá	看悲剧啊	kàn bēi jù a
1122	现	2461	1508	104	168.47	有现女友么。	yǒu xiàn nǚ yǒu me 。	现点现做好吃	xiàn diǎn xiàn zuò hǎo chī	半掩半开现媚笑	bàn yǎn bàn kāi xiàn mèi xiào
1123	苏州	4768	178	18	168.36	苏州哪里哦	sū zhōu nǎ lǐ ó	来苏州干嘛？	lái sū zhōu gàn ma ？	苏州有梵几？	sū zhōu yǒu fàn jǐ ？
1124	最佳	3629	2370	32	168.33	最佳损友	zuì jiā sǔn yǒu	最佳买菜车	zuì jiā mǎi cài chē	最佳代言人	zuì jiā dài yán rén
1125	抢到	4924	179	10	168.01	你抢到课了	nǐ qiǎng dào kè le	抢到票了吗	qiǎng dào piào le ma	你抢到好票了吗	nǐ qiǎng dào hǎo piào le ma
1126	情感	2109	1566	119	167.95	情感专家	qíng gǎn zhuān jiā	哈哈感情情感	hā hā gǎn qíng qíng gǎn	快乐的情感！	kuài lè de qíng gǎn ！
1127	辞职	4392	1986	2	167.94	岩岩辞职	yán yán cí zhí	你要辞职啊？	nǐ yào cí zhí a ？	我刚辞职回家	wǒ gāng cí zhí huí jiā
1128	化学	1216	1426	164	167.74	补化学？	bǔ huà xué ？	这是化学	zhè shì huà xué	你在搞化学	nǐ zài gǎo huà xué
1129	涨	4400	700	25	167.70	涨更不好	zhǎng gèng bù hǎo	然后体重嗷嗷涨	rán hòu tǐ zhòng áo áo zhǎng	教育学涨分就好了	jiào yù xué zhǎng fēn jiù hǎo le
1130	静静	4820	856	2	167.69	我想静静	wǒ xiǎng jìng jìng	静静是谁	jìng jìng shì shuí	总是想静静	zǒng shì xiǎng jìng jìng
1131	渣男	3390	1	86	167.55	希望渣男被绿	xī wàng zhā nán bèi lǜ	希望你嫁给渣男	xī wàng nǐ jià gěi zhā nán	渣男不是更该打吗	zhā nán bù shì gèng gāi dǎ ma
1132	薛之谦	4242	0	45	167.38	薛之谦脸真大	xuē zhī qiān liǎn zhēn dà	在薛之谦上面啊	zài xuē zhī qiān shàng miàn a	薛之谦-丑八怪	xuē zhī qiān - chǒu bā guài
1133	折磨	3537	3271	18	167.14	总之就系折磨	zǒng zhī jiù xì zhé mó	但是我内心折磨极了	dàn shì wǒ nèi xīn zhé mó jí le	我快被代码折磨死了	wǒ kuài bèi dài mǎ zhé mó sǐ le
1134	有钱人	4241	956	27	167.11	有钱人！	yǒu qián rén ！	有钱人！！	yǒu qián rén ！ ！	有钱人的世界	yǒu qián rén de shì jiè
1135	代购	5110	1	3	167.08	代购俩鲜肉	dài gòu liǎ xiān ròu	代购多少钱？	dài gòu duō shǎo qián ？	以后代购找我	yǐ hòu dài gòu zhǎo wǒ
1136	巨	4421	703	23	167.07	是吧昨晚巨冷	shì ba zuó wǎn jù lěng	那你也买呀巨好看	nà nǐ yě mǎi ya jù hǎo kàn	哪里不猥琐，巨猥琐	nǎ lǐ bù wěi suǒ ， jù wěi suǒ
1137	无限	3633	1098	53	166.79	基情无限呀	jī qíng wú xiàn ya	鼓励的力量无限	gǔ lì de lì liàng wú xiàn	想要给你无限个赞	xiǎng yào gěi nǐ wú xiàn gè zàn
1138	培养	2065	823	133	166.72	没关系。从小培养	méi guān xì 。 cóng xiǎo péi yǎng	是的，慢慢培养感情	shì de ， màn màn péi yǎng gǎn qíng	培养未来人才啊~哈哈哈	péi yǎng wèi lái rén cái a ~ hā hā hā
1139	夜宵	4923	122	9	166.60	记得夜宵	jì dé yè xiāo	来吃夜宵啊	lái chī yè xiāo a	你是每天夜宵	nǐ shì měi tiān yè xiāo
1140	迷	4326	1288	16	166.56	不迷不迷	bù mí bù mí	啥五迷？	shá wǔ mí ？	最近迷麻将	zuì jìn mí má jiāng
1141	讲话	2829	4182	34	166.42	您可以不讲话	nín kě yǐ bù jiǎng huà	我静静不讲话	wǒ jìng jìng bù jiǎng huà	晤想同你讲话	wù xiǎng tóng nǐ jiǎng huà
1142	鸡汤	4834	167	12	166.31	一碗鸡汤	yī wǎn jī tāng	心灵鸡汤	xīn líng jī tāng	都是毒鸡汤	dōu shì dú jī tāng
1143	饮食	2867	547	99	166.23	控制饮食	kòng zhì yǐn shí	饮食不规律	yǐn shí bù guī lǜ	天天饮食…！	tiān tiān yǐn shí … ！
1144	类似	2469	2550	81	166.18	已经类似异地了。	yǐ jīng lèi shì yì dì le 。	吃过一个类似的超好吃	chī guò yī gè lèi shì de chāo hǎo chī	那我们的组成有点类似	nà wǒ men de zǔ chéng yǒu diǎn lèi shì
1145	求求	2381	7051	2	166.09	求求你了	qiú qiú nǐ le	求求求私	qiú qiú qiú sī	想要求求求	xiǎng yào qiú qiú qiú
1146	阶段	2789	2024	75	165.92	我们阶段考！没作业	wǒ men jiē duàn kǎo ！ méi zuò yè	还没有，还在学习阶段	hái méi yǒu ， hái zài xué xí jiē duàn	你教的是什么阶段的英语呀	nǐ jiào de shì shén me jiē duàn de yīng yǔ ya
1147	主播	2057	165	144	165.69	主播真帅	zhǔ bō zhēn shuài	你是主播啊？	nǐ shì zhǔ bō a ？	女主播的城？？？？	nǚ zhǔ bō de chéng ？ ？ ？ ？
1148	总统	345	11044	25	165.60	女总统啊	nǚ zǒng tǒng a	总统套房送给你	zǒng tǒng tào fáng sòng gěi nǐ	总统身边的男人	zǒng tǒng shēn biān de nán rén
1149	嗯呐	4852	2	13	165.51	嗯呐～晚安	ń nà ～ wǎn ān	嗯呐就是醒了	ń nà jiù shì xǐng le	嗯呐！知道啦	ń nà ！ zhī dào la
1150	合照	4908	235	6	165.49	你合照了	nǐ hé zhào le	有合照吗	yǒu hé zhào ma	和谁好好合照	hé shuí hǎo hǎo hé zhào
1151	今日	4299	1645	9	165.41	今日去普陀	jīn rì qù pǔ tuó	今日定平时？	jīn rì dìng píng shí ？	今日放假啊？	jīn rì fàng jiǎ a ？
1152	版本	3630	1139	50	165.18	下的是最新版本的	xià de shì zuì xīn bǎn běn de	不错但是好多版本	bù cuò dàn shì hǎo duō bǎn běn	貂蝉这版本挺强的	diāo chán zhè bǎn běn tǐng qiáng de
1153	热爱	2654	1230	95	165.16	只要够热爱	zhǐ yào gòu rè ài	我热爱生活	wǒ rè ài shēng huó	热爱生活！	rè ài shēng huó ！
1154	某个	1923	5126	58	165.12	MS是某个谁？	M S shì mǒu gè shuí ？	某个讨厌的人！	mǒu gè tǎo yàn de rén ！	某个去厦门的人儿	mǒu gè qù shà mén de rén ér
1155	奔	4550	959	9	164.98	刚刚奔三了	gāng gāng bēn sān le	你奔三的人啊	nǐ bēn sān de rén a	奔三了奔三了	bēn sān le bēn sān le
1156	亏	3992	587	42	164.59	亏大了吧	kuī dà le ba	核桃不亏	hé táo bù kuī	亏你想的出来	kuī nǐ xiǎng de chū lái
1157	娱乐	2445	1400	101	164.58	哈哈娱乐	hā hā yú lè	有工开就无得娱乐	yǒu gōng kāi jiù wú dé yú lè	做人要有娱乐精神.	zuò rén yào yǒu yú lè jīng shén .
1158	牵	4296	1369	13	164.58	来…我牵你回家	lái … wǒ qiān nǐ huí jiā	网络情缘一线牵	wǎng luò qíng yuán yī xiàn qiān	乖～牵着姐姐的手	guāi ～ qiān zhe jiě jiě de shǒu
1159	当中	770	2491	161	164.57	还在找当中	hái zài zhǎo dāng zhōng	我正在努力当中	wǒ zhèng zài nǔ lì dāng zhōng	深陷找工作当中	shēn xiàn zhǎo gōng zuò dāng zhōng
1160	拿来	3677	2897	14	164.30	蛋糕拿来	dàn gāo ná lái	不吃就拿来	bù chī jiù ná lái	来…照片拿来	lái … zhào piàn ná lái
1161	盯	2779	4898	20	164.27	我妈盯着我看	wǒ mā dīng zhe wǒ kàn	……我一直盯着呢	… … wǒ yī zhí dīng zhe ne	下次要盯着手机看	xià cì yào dīng zhe shǒu jī kàn
1162	干活	3396	3187	22	164.23	不干活没饭吃	bù gàn huó méi fàn chī	地铁站的干活	dì tiě zhàn de gàn huó	棒子国的干活？	bàng zi guó de gàn huó ？
1163	关晓彤	4217	0	41	163.87	从来没有黑过关晓彤的举手。	cóng lái méi yǒu hēi guò guān xiǎo tóng de jǔ shǒu 。	有大神可以帮我把关晓彤P掉吗？	yǒu dà shén kě yǐ bāng wǒ bǎ guān xiǎo tóng P diào ma ？	以前我们也从没想过关晓彤这个选项啊	yǐ qián wǒ men yě cóng méi xiǎng guò guān xiǎo tóng zhè gè xuǎn xiàng a
1164	狼	3180	2847	38	163.82	灿烈小狼	càn liè xiǎo láng	狼心病狂	láng xīn bìng kuáng	狼来了。	láng lái le 。
1165	地区	1841	3597	88	163.67	成都地区。	chéng dōu dì qū 。	中部地区某校	zhōng bù dì qū mǒu xiào	亚洲部分地区	yà zhōu bù fēn dì qū
1166	画面	3817	1777	27	163.64	说画面美	shuō huà miàn měi	画面感强烈	huà miàn gǎn qiáng liè	二哥画面给的快	èr gē huà miàn gěi de kuài
1167	安利	5061	6	0	163.53	我吃安利	wǒ chī ān lì	求安利！	qiú ān lì ！	吃下这枚安利	chī xià zhè méi ān lì
1168	提升	1603	874	149	163.23	夜景提升很大。	yè jǐng tí shēng hěn dà 。	理解能力望提升	lǐ jiě néng lì wàng tí shēng	乌盟话也有提升哈	wū méng huà yě yǒu tí shēng hā
1169	毛线	5002	76	1	163.17	感慨毛线	gǎn kǎi máo xiàn	然后毛线	rán hòu máo xiàn	羡慕个毛线	xiàn mù gè máo xiàn
1170	特殊	2697	3764	43	163.02	你比较特殊	nǐ bǐ jiào tè shū	特殊情况阿	tè shū qíng kuàng ā	特殊颜文字	tè shū yán wén zì
1171	设置	3664	1201	44	163.00	就跟设置壁纸一样啊	jiù gēn shè zhì bì zhǐ yī yàng a	用电脑设置就可以啊。	yòng diàn nǎo shè zhì jiù kě yǐ a 。	设置-电池-电池健康	shè zhì - diàn chí - diàn chí jiàn kāng
1172	政府	0	10318	51	162.96	美国政府相信你.	měi guó zhèng fǔ xiāng xìn nǐ .	而不是庞大的政府	ér bù shì páng dà de zhèng fǔ	让他们跟政府保持一致	ràng tā men gēn zhèng fǔ bǎo chí yī zhì
1173	伤不起	5043	1	0	162.89	上早班伤不起	shàng zǎo bān shāng bù qǐ	那就是伤不起	nà jiù shì shāng bù qǐ	你们厉害伤不起	nǐ men lì hài shāng bù qǐ
1174	合影	4960	153	1	162.78	找你合影！	zhǎo nǐ hé yǐng ！	我也要去合影	wǒ yě yào qù hé yǐng	一起玩没合影吗？	yī qǐ wán méi hé yǐng ma ？
1175	找找	4131	1435	17	162.77	我得找找	wǒ dé zhǎo zhǎo	我找找啊	wǒ zhǎo zhǎo a	你找找有吗	nǐ zhǎo zhǎo yǒu ma
1176	了不起	3374	3871	8	162.60	会员了不起	huì yuán le bù qǐ	会玩了不起	huì wán le bù qǐ	带图了不起	dài tú le bù qǐ
1177	主角	2652	1286	90	162.42	谁是男主角？	shuí shì nán zhǔ jiǎo ？	主角并不是我呀	zhǔ jiǎo bìng bù shì wǒ ya	主角都不再差评	zhǔ jiǎo dōu bù zài chà píng
1178	冲动	3896	2014	17	162.40	唉，冲动了	āi ， chōng dòng le	静静好冲动	jìng jìng hǎo chōng dòng	不要冲动！！	bù yào chōng dòng ！ ！
1179	难吃	4456	436	19	162.17	可难吃了	kě nán chī le	太难吃了	tài nán chī le	结果很难吃	jié guǒ hěn nán chī
1180	锁	2748	4807	20	162.14	太冷了锁了	tài lěng le suǒ le	门要锁好啊	mén yào suǒ hǎo a	怎么锁空间了	zěn me suǒ kōng jiān le
1181	湖南	3760	49	59	161.87	湖南妹纸	hú nán mèi zhǐ	我在湖南下面	wǒ zài hú nán xià miàn	湖南在线直播	hú nán zài xiàn zhí bō
1182	哼哼	4876	185	3	161.81	哼哼咬断	hēng hēng yǎo duàn	哼哼哼哼好哒	hēng hēng hēng hēng hǎo dá	哼哼哼哼气人	hēng hēng hēng hēng qì rén
1183	友	4810	410	2	161.81	友中午好	yǒu zhōng wǔ hǎo	友早上好	yǒu zǎo shàng hǎo	妇女之友	fù nǚ zhī yǒu
1184	双十一	2836	0	104	161.79	双十一之前的	shuāng shí yī zhī qián de	一切都等双十一	yī qiè dōu děng shuāng shí yī	双十一你买了啥	shuāng shí yī nǐ mǎi le shá
1185	确认	2602	5642	11	161.75	确认过眼神	què rèn guò yǎn shén	确认了，文科生	què rèn le ， wén kē shēng	研究生现场确认你真能	yán jiū shēng xiàn chǎng què rèn nǐ zhēn néng
1186	宁愿	3368	2897	25	161.74	我宁愿踩车呢	wǒ níng yuàn cǎi chē ne	我宁愿一错再错	wǒ níng yuàn yī cuò zài cuò	我宁愿去吃肯德基	wǒ níng yuàn qù chī kěn dé jī
1187	熊猫	4476	457	17	161.73	秀熊猫装	xiù xióng māo zhuāng	熊猫津津！	xióng māo jīn jīn ！	熊猫宝宝晚安	xióng māo bǎo bǎo wǎn ān
1188	细节	2871	2875	49	161.62	细节打败爱情。	xì jié dǎ bài ài qíng 。	不要在意这些细节	bù yào zài yì zhè xiē xì jié	不要在意那些细节	bù yào zài yì nà xiē xì jié
1189	人才	2791	683	93	161.42	你是人才	nǐ shì rén cái	呵呵,人才	hē hē , rén cái	人才太阳来咯	rén cái tài yáng lái gē
1190	拜拜	3555	3182	10	161.21	呵呵拜拜	hē hē bài bài	噢。拜拜	ō 。 bài bài	说声拜拜	shuō shēng bài bài
1191	宣传	3437	1477	47	161.13	求多宣传！	qiú duō xuān chuán ！	她们帮你宣传了	tā men bāng nǐ xuān chuán le	我是来做宣传的	wǒ shì lái zuò xuān chuán de
1192	保险	1597	2617	114	161.13	抓紧去买保险	zhuā jǐn qù mǎi bǎo xiǎn	没得保险啊？	méi dé bǎo xiǎn a ？	组团卖保险吖	zǔ tuán mài bǎo xiǎn yā
1193	设备	1472	2558	121	161.08	随身穿戴设备	suí shēn chuān dài shè bèi	被实验设备压了	bèi shí yàn shè bèi yā le	请关闭所有电子设备	qǐng guān bì suǒ yǒu diàn zi shè bèi
1194	胜利	2646	4495	29	161.03	坚持胜利	jiān chí shèng lì	考完即胜利	kǎo wán jí shèng lì	恭喜你战斗胜利	gōng xǐ nǐ zhàn dòu shèng lì
1195	品牌	2706	593	98	160.93	求品牌。	qiú pǐn pái 。	求短裤品牌	qiú duǎn kù pǐn pái	裤子的品牌	kù zi de pǐn pái
1196	宵夜	4838	254	2	160.77	宵夜啊。。	xiāo yè a 。 。	我们吃宵夜去	wǒ men chī xiāo yè qù	起来吃宵夜了	qǐ lái chī xiāo yè le
1197	矫情	4914	49	2	160.67	什么花这么矫情	shén me huā zhè me jiǎo qíng	我就矫情一下？	wǒ jiù jiǎo qíng yī xià ？	我最近就挺矫情	wǒ zuì jìn jiù tǐng jiǎo qíng
1198	哇哇	4870	152	2	160.53	哇哇...	wa wa . . .	哇哇哇哇.	wa wa wa wa .	哇哇犀利啦	wa wa xī lì la
1199	见识	3768	1762	25	160.52	见识了怎么会晕	jiàn shí le zěn me huì yūn	嗯，这次长见识了	ń ， zhè cì zhǎng jiàn shí le	挺好的，见识了很多	tǐng hǎo de ， jiàn shí le hěn duō
1200	接近	1755	6642	31	160.35	接近云南	jiē jìn yún nán	我说接近比分噢	wǒ shuō jiē jìn bǐ fēn ō	那就试图接近她	nà jiù shì tú jiē jìn tā
1201	烂	1860	5474	47	159.99	中控烂。	zhōng kòng làn 。	哎考的太烂了	āi kǎo de tài làn le	技术太烂不敢打	jì shù tài làn bù gǎn dǎ
1202	留给	3583	2845	13	159.94	留给我妹妹	liú gěi wǒ mèi mèi	留给你买瓶水	liú gěi nǐ mǎi píng shuǐ	留给别人就好	liú gěi bié rén jiù hǎo
1203	周杰伦	4038	32	43	159.84	我想看周杰伦	wǒ xiǎng kàn zhōu jié lún	我喜欢周杰伦。	wǒ xǐ huān zhōu jié lún 。	周杰伦的没买到票	zhōu jié lún de méi mǎi dào piào
1204	人间	3975	1276	23	159.80	哈哈哈人间美味	hā hā hā rén jiān měi wèi	博士住两人间啊！	bó shì zhù liǎng rén jiān a ！	开心点人间不值得	kāi xīn diǎn rén jiān bù zhí dé
1205	孤单	4006	2113	6	159.76	你孤单啥	nǐ gū dān shá	好孤单嘛	hǎo gū dān ma	孤单寂寞冷呀	gū dān jì mò lěng ya
1206	循环	3519	771	54	159.71	单曲循环	dān qū xún huán	慢慢单曲循环吧	màn màn dān qū xún huán ba	我也在单曲循环	wǒ yě zài dān qū xún huán
1207	精致	4331	507	20	159.70	精致如猪	jīng zhì rú zhū	精致的猪本人了	jīng zhì de zhū běn rén le	精致的猪猪女孩	jīng zhì de zhū zhū nǚ hái
1208	到位	4080	376	34	159.41	夸得到位	kuā dé dào wèi	必须到位	bì xū dào wèi	说得到位	shuō dé dào wèi
1209	大姨妈	4895	105	0	159.40	我大姨妈来了	wǒ dà yí mā lái le	我是你大姨妈	wǒ shì nǐ dà yí mā	我来大姨妈了	wǒ lái dà yí mā le
1210	心酸	4585	38	16	159.36	莫名心酸	mò míng xīn suān	哼…太心酸	hēng … tài xīn suān	老阿姨的心酸	lǎo ā yí de xīn suān
1211	明	3569	1371	40	159.35	明后两天	míng hòu liǎng tiān	明后天会	míng hòu tiān huì	明还要跑呢	míng hái yào pǎo ne
1212	驾照	3909	1071	29	159.17	学驾照吗？	xué jià zhào ma ？	驾照理论题	jià zhào lǐ lùn tí	我也想拿驾照	wǒ yě xiǎng ná jià zhào
1213	女子	3564	2288	23	159.14	你好啊老女子	nǐ hǎo a lǎo nǚ zi	不打我是弱女子	bù dǎ wǒ shì ruò nǚ zi	哪里有白衣女子	nǎ lǐ yǒu bái yī nǚ zi
1214	何必	4282	1183	9	159.11	何必呢见个他	hé bì ne jiàn gè tā	何必那么在意	hé bì nà me zài yì	相逢何必曾相识	xiāng féng hé bì céng xiāng shí
1215	摄影	4160	1065	17	159.10	摄影美妆可以有	shè yǐng měi zhuāng kě yǐ yǒu	一直喜欢你的摄影	yī zhí xǐ huān nǐ de shè yǐng	还在摄影那工作么	hái zài shè yǐng nà gōng zuò me
1216	战斗	1494	7699	22	159.01	你战斗结束了	nǐ zhàn dòu jié shù le	一起战斗。。。	yī qǐ zhàn dòu 。 。 。	恭喜你战斗胜利	gōng xǐ nǐ zhàn dòu shèng lì
1217	但愿	4107	2112	0	158.96	我但愿吧	wǒ dàn yuàn ba	但愿。加油	dàn yuàn 。 jiā yóu	但愿可以。。	dàn yuàn kě yǐ 。 。
1218	休	4668	526	2	158.67	休多少天？	xiū duō shǎo tiān ？	休年假吗？	xiū nián jiǎ ma ？	人家就休一天	rén jiā jiù xiū yī tiān
1219	路线	3940	1598	17	158.63	我传统路线	wǒ chuán tǒng lù xiàn	艺术家路线	yì shù jiā lù xiàn	景点和路线喃	jǐng diǎn hé lù xiàn nán
1220	总之	2714	4605	20	158.52	哎，总之烦	āi ， zǒng zhī fán	总之很美哟	zǒng zhī hěn měi yō	总之我喜欢	zǒng zhī wǒ xǐ huān
1221	心灵	3428	2527	24	158.40	净化心灵	jìng huà xīn líng	心灵鸡汤	xīn líng jī tāng	您心灵更美	nín xīn líng gèng měi
1222	祈祷	2796	5194	5	158.38	祈祷平安平安	qí dǎo píng ān píng ān	我为你祈祷呢！	wǒ wèi nǐ qí dǎo ne ！	我会给你祈祷的	wǒ huì gěi nǐ qí dǎo de
1223	价值	1741	4404	70	158.34	我的价值高	wǒ de jià zhí gāo	他现在唯一的价值了	tā xiàn zài wéi yī de jià zhí le	但价格决定产品的价值	dàn jià gé jué dìng chǎn pǐn de jià zhí
1224	糟	796	10561	1	157.95	想糟场上见你	xiǎng zāo chǎng shàng jiàn nǐ	什么乱78糟的？	shén me luàn 7 8 zāo de ？	下雨了吗。。。糟了	xià yǔ le ma 。 。 。 zāo le
1225	妈的	0	12299	7	157.94	妈的，可比。	mā de ， kě bǐ 。	妈的 真是晦气	mā de   zhēn shì huì qì	妈的,我中枪了	mā de , wǒ zhōng qiāng le
1226	走走	4010	1457	15	157.79	出国走走	chū guó zǒu zǒu	走走走去吃	zǒu zǒu zǒu qù chī	好好好走走走	hǎo hǎo hǎo zǒu zǒu zǒu
1227	车祸	1315	1884	136	157.74	单车车祸？？	dān chē chē huò ？ ？	你朋友？车祸？	nǐ péng yǒu ？ chē huò ？	车祸我撞到了地球	chē huò wǒ zhuàng dào le dì qiú
1228	伤感	4441	482	12	157.54	妹妹真伤感	mèi mèi zhēn shāng gǎn	文艺却伤感	wén yì què shāng gǎn	不要如此伤感	bù yào rú cǐ shāng gǎn
1229	猥琐	4700	126	6	157.42	你最猥琐	nǐ zuì wěi suǒ	你头像好猥琐	nǐ tóu xiàng hǎo wěi suǒ	你还是很猥琐啊	nǐ hái shì hěn wěi suǒ a
1230	大妈	4293	585	17	157.42	大妈我告辞了	dà mā wǒ gào cí le	大妈豁达着呢	dà mā huō dá zhe ne	大妈是尊称！！	dà mā shì zūn chēng ！ ！
1231	祖国	2960	1112	71	157.38	祖国的花朵	zǔ guó de huā duǒ	祖国需要我	zǔ guó xū yào wǒ	我也爱祖国!	wǒ yě ài zǔ guó !
1232	连续	3609	1425	34	157.26	三天连续下雨	sān tiān lián xù xià yǔ	11.12起连续三篇	1 1 . 1 2 qǐ lián xù sān piān	输惨了，连续两天都输	shū cǎn le ， lián xù liǎng tiān dōu shū
1233	十一	4330	144	23	157.17	十一准备干嘛去	shí yī zhǔn bèi gàn ma qù	亲十一要去探班么	qīn shí yī yào qù tàn bān me	十一之前，过期不候	shí yī zhī qián ， guò qī bù hòu
1234	胃口	4058	990	20	156.90	掉我胃口	diào wǒ wèi kǒu	你胃口真大	nǐ wèi kǒu zhēn dà	胃口挺好呀	wèi kǒu tǐng hǎo ya
1235	限制	2705	1561	74	156.76	限制了想象	xiàn zhì le xiǎng xiàng	有时长限制吗？	yǒu shí zhǎng xiàn zhì ma ？	你们那有时间限制没	nǐ men nà yǒu shí jiān xiàn zhì méi
1236	老乡	4446	236	15	156.66	有老乡啊	yǒu lǎo xiāng a	老乡你好	lǎo xiāng nǐ hǎo	我是真爱老乡	wǒ shì zhēn ài lǎo xiāng
1237	宠物	3381	1460	43	156.41	去宠物医院	qù chǒng wù yī yuàn	贵重宠物啊	guì zhòng chǒng wù a	好萌的宠物猪	hǎo méng de chǒng wù zhū
1238	透	3444	2433	22	156.39	透板子！	tòu bǎn zi ！	白里透红什么鬼	bái lǐ tòu hóng shén me guǐ	透心凉，心飞扬	tòu xīn liáng ， xīn fēi yáng
1239	秀恩爱	4815	4	1	156.24	呸秀恩爱	pēi xiù ēn ài	秀恩爱！	xiù ēn ài ！	天天秀恩爱	tiān tiān xiù ēn ài
1240	长胖	4402	41	20	156.18	明明就长胖了	míng míng jiù zhǎng pàng le	居然都没有长胖	jū rán dōu méi yǒu zhǎng pàng	不吃月饼你会长胖的	bù chī yuè bǐng nǐ huì zhǎng pàng de
1241	则	2233	4031	50	156.09	能省则省	néng shěng zé shěng	则怎么说话	zé zěn me shuō huà	遇强则若！	yù qiáng zé ruò ！
1242	等于	3168	1928	44	156.04	一加一等于几	yī jiā yī děng yú jǐ	那不就等于零	nà bù jiù děng yú líng	它等于输出和奶	tā děng yú shū chū hé nǎi
1243	立马	3725	532	43	155.96	立马睡了	lì mǎ shuì le	马上回国立马就有了	mǎ shàng huí guó lì mǎ jiù yǒu le	我休假立马就打电话约	wǒ xiū jiǎ lì mǎ jiù dǎ diàn huà yuē
1244	滑	2936	1601	61	155.94	夜滑吧大概	yè huá ba dà gài	嗯！好香滑！	ń ！ hǎo xiāng huá ！	但我滑的确实很好	dàn wǒ huá de què shí hěn hǎo
1245	路人	4176	222	27	155.86	因为太路人	yīn wèi tài lù rén	路人~~哈哈	lù rén ~ ~ hā hā	路人不要怕少年	lù rén bù yào pà shǎo nián
1246	听话	3516	1878	28	155.85	摸头听话	mō tóu tīng huà	听话才好啊	tīng huà cái hǎo a	下次听话点呢	xià cì tīng huà diǎn ne
1247	古代	793	890	176	155.50	古代。。。	gǔ dài 。 。 。	你活在古代么	nǐ huó zài gǔ dài me	是古代背景吗	shì gǔ dài bèi jǐng ma
1248	罢了	3550	3220	1	155.45	随笔乱写罢了	suí bǐ luàn xiě bà le	教育方式不对罢了	jiào yù fāng shì bù duì bà le	要是能减肥也就罢了	yào shì néng jiǎn féi yě jiù bà le
1249	相处	2501	2737	60	155.37	难相处的蟹老板	nán xiāng chù de xiè lǎo bǎn	前线与爱豆的相处之道	qián xiàn yǔ ài dòu de xiāng chù zhī dào	我和霓娜会友好相处的	wǒ hé ní nà huì yǒu hǎo xiāng chù de
1250	发财	4418	906	2	155.33	老板发财	lǎo bǎn fā cái	你该发财了	nǐ gāi fā cái le	我只想发财	wǒ zhǐ xiǎng fā cái
1251	砖	4557	273	7	155.31	你搬撒砖	nǐ bān sā zhuān	你在搬砖啊	nǐ zài bān zhuān a	工地搬砖呢	gōng dì bān zhuān ne
1252	创造	1290	4868	78	154.96	快去创造奇迹	kuài qù chuàng zào qí jì	给你创造一个机会吧	gěi nǐ chuàng zào yī gè jī huì ba	缘分创造了那段因缘	yuán fēn chuàng zào le nà duàn yīn yuán
1253	传统	1699	2831	96	154.94	我传统路线	wǒ chuán tǒng lù xiàn	优良传统啊~好好传承	yōu liáng chuán tǒng a ~ hǎo hǎo chuán chéng	学校优良传统只能保持啊	xué xiào yōu liáng chuán tǒng zhǐ néng bǎo chí a
1254	猛	3653	1211	32	154.67	猛吸一口	měng xī yī kǒu	恩恩猛喝水	ēn ēn měng hē shuǐ	现在猛如牛	xiàn zài měng rú niú
1255	餐	3733	949	33	154.66	在吃大餐	zài chī dà cān	一餐半餐没事的	yī cān bàn cān méi shì de	小青我要吃大餐	xiǎo qīng wǒ yào chī dà cān
1256	岂不	4437	618	5	154.38	生活岂不是美滋滋	shēng huó qǐ bù shì měi zī zī	那你岂不是很棒棒	nà nǐ qǐ bù shì hěn bàng bàng	那岂不是更严重！	nà qǐ bù shì gèng yán zhòng ！
1257	不得了	4139	1210	8	154.15	那不得了	nà bù dé le	吃完嘎，不得了	chī wán gā ， bù dé le	有男朋友不得了	yǒu nán péng yǒu bù dé le
1258	不在乎	1975	6270	18	154.05	不在乎。	bù zài hū 。	我不在乎	wǒ bù zài hū	我不在乎什么？	wǒ bù zài hū shén me ？
1259	不服	4462	254	10	154.03	不服了咯	bù fú le gē	你不服哦	nǐ bù fú ó	哼，我不服	hēng ， wǒ bù fú
1260	命运	2054	5521	28	154.02	命运多桀	mìng yùn duō jié	交给命运吧	jiāo gěi mìng yùn ba	我的命运是	wǒ de mìng yùn shì
1261	后期	2980	1584	56	153.78	我是后期哥！	wǒ shì hòu qī gē ！	是后期做成的	shì hòu qī zuò chéng de	后期修图过么？	hòu qī xiū tú guò me ？
1262	美人	3748	1429	22	153.70	美人一枚	měi rén yī méi	美人来拉	měi rén lái lā	嗯，大美人	ń ， dà měi rén
1263	薄	3783	1652	16	153.56	脸皮薄嘛	liǎn pí báo ma	两床薄的撒	liǎng chuáng báo de sā	612更薄更淡	6 1 2 gèng báo gèng dàn
1264	从未	2089	6747	3	153.55	从未忘记	cóng wèi wàng jì	从未红过	cóng wèi hóng guò	从未注意过	cóng wèi zhù yì guò
1265	即将	2697	4132	22	153.43	你即将失去我	nǐ jí jiāng shī qù wǒ	你即将有三张了	nǐ jí jiāng yǒu sān zhāng le	你也即将有一张了	nǐ yě jí jiāng yǒu yī zhāng le
1266	孩纸	4743	5	0	153.25	可怜的孩纸	kě lián de hái zhǐ	幸福的孩纸	xìng fú de hái zhǐ	别哭孩纸哥哥抱抱	bié kū hái zhǐ gē gē bào bào
1267	命令	274	10987	11	153.15	命令不合理	mìng lìng bù hé lǐ	朕命令你笑	zhèn mìng lìng nǐ xiào	上头没有命令	shàng tóu méi yǒu mìng lìng
1268	毛不易	4636	0	5	153.11	消愁毛不易	xiāo chóu máo bù yì	毛不易你飘了	máo bù yì nǐ piāo le	毛不易你值得。	máo bù yì nǐ zhí dé 。
1269	能量	2523	3360	44	153.04	能量守恒	néng liàng shǒu héng	天天偷我能量	tiān tiān tōu wǒ néng liàng	起来偷绿色能量	qǐ lái tōu lǜ sè néng liàng
1270	狗子	4677	45	2	152.97	你变了狗子	nǐ biàn le gǒu zi	你变了二狗子	nǐ biàn le èr gǒu zi	天天和狗子睡	tiān tiān hé gǒu zi shuì
1271	撕	4006	845	19	152.74	该撕还是得撕	gāi sī hái shì dé sī	走开不想撕你	zǒu kāi bù xiǎng sī nǐ	熏疼我撕家宝宝	xūn téng wǒ sī jiā bǎo bǎo
1272	花花	4554	113	6	152.54	晚安花花	wǎn ān huā huā	花花来了	huā huā lái le	嘻嘻花花花	xī xī huā huā huā
1273	灰	3905	963	21	152.29	毛变灰了	máo biàn huī le	他要灰走了	tā yào huī zǒu le	灰机灰机买	huī jī huī jī mǎi
1274	半个月	4316	114	17	152.29	半个月吧！	bàn gè yuè ba ！	嘻嘻半个月	xī xī bàn gè yuè	据说还有半个月	jù shuō hái yǒu bàn gè yuè
1275	回归	3636	1113	31	152.22	回归自然	huí guī zì rán	欢迎回归	huān yíng huí guī	已经回归了额	yǐ jīng huí guī le é
1276	言	3601	1888	18	151.97	何出此言	hé chū cǐ yán	借你吉言	jiè nǐ jí yán	不听老人言	bù tīng lǎo rén yán
1277	台风	4405	453	6	151.96	我怕台风	wǒ pà tái fēng	云南也有台风么	yún nán yě yǒu tái fēng me	台风来哪儿了？	tái fēng lái nǎ ér le ？
1278	配合	3356	1754	32	151.84	不配合表演	bù pèi hé biǎo yǎn	配合一下下咯	pèi hé yī xià xià gē	小k好配合哦！	xiǎo k hǎo pèi hé ó ！
1279	到达	1728	5799	35	151.68	安全到达	ān quán dào dá	平安到达了	píng ān dào dá le	到达终点再吃	dào dá zhōng diǎn zài chī
1280	美味	3436	2237	19	151.67	美味可口	měi wèi kě kǒu	吃啥这么美味	chī shá zhè me měi wèi	这个就是美味	zhè gè jiù shì měi wèi
1281	素颜	4416	15	13	151.59	素颜出门	sù yán chū mén	素颜好看	sù yán hǎo kàn	素颜也完美	sù yán yě wán měi
1282	男女	3321	1119	45	151.57	非常男女	fēi cháng nán nǚ	我男女通吃	wǒ nán nǚ tōng chī	新潮流男女合租	xīn cháo liú nán nǚ hé zū
1283	荣幸	2722	5047	1	151.46	倍感荣幸	bèi gǎn róng xìng	荣幸啊。	róng xìng a 。	荣幸荣幸	róng xìng róng xìng
1284	福州	4632	9	2	151.06	你回福州？	nǐ huí fú zhōu ？	你在福州？	nǐ zài fú zhōu ？	去福州！！	qù fú zhōu ！ ！
1285	舔	3745	1485	17	150.93	多舔我饶	duō tiǎn wǒ ráo	抱舔主子	bào tiǎn zhǔ zi	舔井盖？	tiǎn jǐng gài ？
1286	粽子	4261	15	19	150.63	就像粽子	jiù xiàng zòng zi	去嘉兴有粽子	qù jiā xīng yǒu zòng zi	我喜欢吃咸粽子	wǒ xǐ huān chī xián zòng zi
1287	好不容易	3826	866	24	150.56	好不容易穿小裙裙	hǎo bù róng yì chuān xiǎo qún qún	真的好不容易，缘分	zhēn de hǎo bù róng yì ， yuán fēn	好不容易周末还不晚点睡	hǎo bù róng yì zhōu mò hái bù wǎn diǎn shuì
1288	宝	4181	701	10	150.52	恭喜我宝	gōng xǐ wǒ bǎo	去找啥宝啥猫	qù zhǎo shá bǎo shá māo	想表达什么宝	xiǎng biǎo dá shén me bǎo
1289	生快	4654	6	0	150.39	呦。生快	yōu 。 shēng kuài	弟弟生快	dì dì shēng kuài	一起生快啊	yī qǐ shēng kuài a
1290	特色	2947	475	73	150.37	哈哈天津特色	hā hā tiān jīn tè sè	能吃点特色吗	néng chī diǎn tè sè ma	那有啥特色？	nà yǒu shá tè sè ？
1291	猪肉	2425	567	96	150.18	猪肉虾米	zhū ròu xiā mǐ	猪肉他吃不了	zhū ròu tā chī bù le	猪肉烩菜哇就	zhū ròu huì cài wa jiù
1292	蛇	2627	2736	46	149.98	不怕蛇嘛	bù pà shé ma	贪吃蛇？	tān chī shé ？	不怎么怕蛇	bù zěn me pà shé
1293	恐惧	2484	5102	9	149.86	恐惧从何而来	kǒng jù cóng hé ér lái	失眠恐惧的开始	shī mián kǒng jù de kāi shǐ	我听见拉字恐惧	wǒ tīng jiàn lā zì kǒng jù
1294	机	3291	2141	25	149.84	带我人机	dài wǒ rén jī	上机了吧？	shàng jī le ba ？	只打过人机	zhǐ dǎ guò rén jī
1295	好吧	4064	1212	5	149.73	...好吧	. . . hǎo ba	好吧我炮了、都没有味道了	hǎo ba wǒ pào le 、 dōu méi yǒu wèi dào le	额...好吧。等你回来。	é . . . hǎo ba 。 děng nǐ huí lái 。
1296	水印	4606	23	1	149.72	求无水印	qiú wú shuǐ yìn	明明有水印	míng míng yǒu shuǐ yìn	什么是水印？	shén me shì shuǐ yìn ？
1297	保佑	3065	4009	1	149.61	上帝保佑	shàng dì bǎo yòu	菩萨保佑	pú sà bǎo yòu	保佑你哈哈	bǎo yòu nǐ hā hā
1298	平台	1669	556	131	149.25	短信平台啊	duǎn xìn píng tái a	三楼创客平台	sān lóu chuàng kè píng tái	哪个平台有？	nǎ gè píng tái yǒu ？
1299	可不可以	3801	1747	6	148.58	可不可以折现	kě bù kě yǐ zhé xiàn	你可不可以讲两句	nǐ kě bù kě yǐ jiǎng liǎng jù	可不可以不要这么气人。	kě bù kě yǐ bù yào zhè me qì rén 。
1300	昆明	4463	18	6	148.42	昆明等你	kūn míng děng nǐ	来昆明吗	lái kūn míng ma	不去昆明了	bù qù kūn míng le
1301	数据	2477	2773	50	148.30	毕业论文数据	bì yè lùn wén shù jù	我的西瓜数据动了	wǒ de xī guā shù jù dòng le	怎么可能…网上数据	zěn me kě néng … wǎng shàng shù jù
1302	仿佛	3780	1493	11	148.11	仿佛感觉到什么	fǎng fú gǎn jué dào shén me	仿佛被击中心灵	fǎng fú bèi jī zhōng xīn líng	仿佛看到了自己？	fǎng fú kàn dào le zì jǐ ？
1303	承受	3005	2525	29	148.08	来，我承受得住	lái ， wǒ chéng shòu dé zhù	只能默默承受吗。	zhǐ néng mò mò chéng shòu ma 。	我一人真承受不来	wǒ yī rén zhēn chéng shòu bù lái
1304	纹	4353	543	1	148.03	纹好上图	wén hǎo shàng tú	打算纹手臂	dǎ suàn wén shǒu bì	纹个外星人	wén gè wài xīng rén
1305	玉米	2849	1134	62	147.99	猪种玉米	zhū zhǒng yù mǐ	刚啃完玉米	gāng kěn wán yù mǐ	好想吃这玉米	hǎo xiǎng chī zhè yù mǐ
1306	喵	4364	390	3	147.83	喵，晚安	miāo ， wǎn ān	养个喵吧！	yǎng gè miāo ba ！	很萌的喵！	hěn méng de miāo ！
1307	单独	2493	3772	30	147.76	单独唱一首	dān dú chàng yī shǒu	求单独祝福！	qiú dān dú zhù fú ！	下次单独来找你们	xià cì dān dú lái zhǎo nǐ men
1308	拿去	2724	4144	12	147.70	你拿去约吗	nǐ ná qù yuē ma	哈哈拿去用	hā hā ná qù yòng	哈哈，拿去	hā hā ， ná qù
1309	橘子	3885	373	26	147.67	先买橘子。	xiān mǎi jú zi 。	这是橘子吧	zhè shì jú zi ba	长不出橘子呀	zhǎng bù chū jú zi ya
1310	斗	3615	1232	23	147.63	寒假回家斗	hán jiǎ huí jiā dòu	斗图很好玩么	dòu tú hěn hǎo wán me	你们斗图好厉害	nǐ men dòu tú hǎo lì hài
1311	正经	3945	849	14	147.44	正经业务嘛	zhèng jīng yè wù ma	正经工作？	zhèng jīng gōng zuò ？	都很正经啊	dōu hěn zhèng jīng a
1312	舞	2314	3343	46	147.43	在哪里舞	zài nǎ lǐ wǔ	开场舞！	kāi chǎng wǔ ！	舞跳得不错	wǔ tiào dé bù cuò
1313	怂	4435	56	5	147.31	不怂怼怼怼	bù sǒng duì duì duì	不我很怂的	bù wǒ hěn sǒng de	好呀，别怂	hǎo ya ， bié sǒng
1314	发誓	1020	9010	3	147.21	我发誓有！	wǒ fā shì yǒu ！	真的我发誓	zhēn de wǒ fā shì	向党发誓没有	xiàng dǎng fā shì méi yǒu
1315	一旦	1037	5973	58	147.05	你一旦看起来就有了！	nǐ yī dàn kàn qǐ lái jiù yǒu le ！	有些事一旦错过就不再	yǒu xiē shì yī dàn cuò guò jiù bù zài	一旦扎上瘾就停不下来！	yī dàn zhā shàng yǐn jiù tíng bù xià lái ！
1316	脑	2925	2208	37	146.95	这脑回路	zhè nǎo huí lù	诸葛脑吧你	zhū gé nǎo ba nǐ	你脑回路真的大	nǐ nǎo huí lù zhēn de dà
1317	某些	2329	3589	40	146.93	对付某些人才是	duì fù mǒu xiē rén cái shì	冬季回来发生某些事件	dōng jì huí lái fā shēng mǒu xiē shì jiàn	总是某些人不得上嘛。	zǒng shì mǒu xiē rén bù dé shàng ma 。
1318	朝	1976	4966	31	146.61	走咯听朝	zǒu gē tīng cháo	朝你的皮肤看齐	cháo nǐ de pí fū kàn qí	趴着睡、脸朝下	pā zhe shuì 、 liǎn cháo xià
1319	精	3622	414	36	146.44	戏精赶紧走	xì jīng gǎn jǐn zǒu	情......精	qíng . . . . . . jīng	我呸你才是戏精！	wǒ pēi nǐ cái shì xì jīng ！
1320	莫名	4387	162	4	146.41	莫名心酸	mò míng xīn suān	莫名温暖	mò míng wēn nuǎn	就是莫名宣你	jiù shì mò míng xuān nǐ
1321	选手	1311	3147	96	146.34	全能型选手	quán néng xíng xuǎn shǒu	你是话痨选手	nǐ shì huà láo xuǎn shǒu	我们选手牛！	wǒ men xuǎn shǒu niú ！
1322	敌人	693	8637	24	146.18	为了迷惑敌人	wèi le mí huò dí rén	你的敌人是谁	nǐ de dí rén shì shuí	原来你是敌人	yuán lái nǐ shì dí rén
1323	老天	1269	8335	2	146.17	是，老天不喜欢我！	shì ， lǎo tiān bù xǐ huān wǒ ！	老天都要你好好休息	lǎo tiān dōu yào nǐ hǎo hǎo xiū xī	不会的，老天是公平的	bù huì de ， lǎo tiān shì gōng píng de
1324	哇哦	3902	1556	1	146.08	哇哦厉害哦	wa ó lì hài ó	哇哦有呢？	wa ó yǒu ne ？	哇哦难怪！	wa ó nán guài ！
1325	猫咪	3978	1088	6	146.08	心疼猫咪	xīn téng māo mī	猫咪晚安	māo mī wǎn ān	喜欢猫咪。	xǐ huān māo mī 。
1326	还行	3218	294	57	146.07	你还行吧	nǐ hái xíng ba	还行吧!	hái xíng ba !	还行吧哈哈哈	hái xíng ba hā hā hā
1327	勉强	3892	1141	9	145.99	勉强一下	miǎn qiáng yī xià	勉强同意	miǎn qiáng tóng yì	勉强算吧	miǎn qiáng suàn ba
1328	杀死	2	10176	28	145.73	他们杀死了出纳员	tā men shā sǐ le chū nà yuán	豪立德杀死了他的兄弟。	háo lì dé shā sǐ le tā de xiōng dì 。	并不意味着我们真要杀死谁	bìng bù yì wèi zhe wǒ men zhēn yào shā sǐ shuí
1329	安心	3884	1183	8	145.58	嘿那我就安心啦	hēi nà wǒ jiù ān xīn la	回去安心养着卡卡	huí qù ān xīn yǎng zhe kǎ kǎ	请你安心写词录歌	qǐng nǐ ān xīn xiě cí lù gē
1330	劝	3383	1691	22	145.18	你在劝我放弃？	nǐ zài quàn wǒ fàng qì ？	劝施主放下屠刀	quàn shī zhǔ fàng xià tú dāo	劝人学医天打雷劈	quàn rén xué yī tiān dǎ léi pī
1331	第二次	2711	2078	47	145.17	昨天第二次去	zuó tiān dì èr cì qù	是的第二次！	shì de dì èr cì ！	我今年第二次高考	wǒ jīn nián dì èr cì gāo kǎo
1332	扶	2791	1866	47	145.11	站稳扶好	zhàn wěn fú hǎo	扶你起来嗨	fú nǐ qǐ lái hāi	扶我起来。	fú wǒ qǐ lái 。
1333	收获	3385	1077	33	145.02	有何收获啊	yǒu hé shōu huò a	为了秋的收获！	wèi le qiū de shōu huò ！	我也觉得意外的收获	wǒ yě jué dé yì wài de shōu huò
1334	基友	4468	57	0	145.02	好基友！	hǎo jī yǒu ！	全都是基友	quán dōu shì jī yǒu	基友是男是女	jī yǒu shì nán shì nǚ
1335	巨大	1108	4849	72	144.79	脸巨大！	liǎn jù dà ！	巨大的工程	jù dà de gōng chéng	巨大温差好难过	jù dà wēn chà hǎo nán guò
1336	权利	1453	5736	39	144.71	说话是我的权利，呵呵	shuō huà shì wǒ de quán lì ， hē hē	只有胜者才有说话的权利	zhǐ yǒu shèng zhě cái yǒu shuō huà de quán lì	老天剥夺了我上天的权利	lǎo tiān bō duó le wǒ shàng tiān de quán lì
1337	催	4006	740	9	144.68	可以催文吗？	kě yǐ cuī wén ma ？	长情催人老？	zhǎng qíng cuī rén lǎo ？	好的，回去给你催	hǎo de ， huí qù gěi nǐ cuī
1338	强烈	3147	2312	21	144.62	强烈要求	qiáng liè yào qiú	画面感强烈	huà miàn gǎn qiáng liè	我也强烈安利	wǒ yě qiáng liè ān lì
1339	热搜	3510	0	46	144.41	我会上热搜吗	wǒ huì shàng rè sōu ma	今天都上热搜了哈哈	jīn tiān dōu shàng rè sōu le hā hā	点热搜赢call值！	diǎn rè sōu yíng c a l l zhí ！
1340	装修	3992	807	8	144.39	装修材料	zhuāng xiū cái liào	你家装修了？	nǐ jiā zhuāng xiū le ？	装修好的还是毛胚房	zhuāng xiū hǎo de hái shì máo pēi fáng
1341	膝盖	3379	1417	26	144.34	膝盖不好	xī gài bù hǎo	我膝盖有伤	wǒ xī gài yǒu shāng	过膝盖了？	guò xī gài le ？
1342	怼	4045	14	20	144.32	你又找怼	nǐ yòu zhǎo duì	怼的真酷	duì de zhēn kù	不怂怼怼怼	bù sǒng duì duì duì
1343	歪	4016	738	8	144.30	有吗别想歪	yǒu ma bié xiǎng wāi	枣啦图歪了。	zǎo la tú wāi le 。	你看你有想歪了	nǐ kàn nǐ yǒu xiǎng wāi le
1344	快快	4141	413	8	144.29	快快的满足	kuài kuài de mǎn zú	多喝水快快好	duō hē shuǐ kuài kuài hǎo	希望快快度过	xī wàng kuài kuài dù guò
1345	截图	4419	16	2	144.27	截图为证！	jié tú wèi zhèng ！	截图我看看	jié tú wǒ kàn kàn	啊哈已截图。	a hā yǐ jié tú 。
1346	割	3241	1922	23	144.14	我割给你	wǒ gē gěi nǐ	分手割腕吗	fēn shǒu gē wàn ma	割眼睛啦？	gē yǎn jīng la ？
1347	口罩	4167	162	11	144.03	得带口罩	dé dài kǒu zhào	晒口罩呢	shài kǒu zhào ne	可以当口罩	kě yǐ dāng kǒu zhào
1348	婆婆	3900	1216	4	143.81	婆婆来鸟？	pó pó lái niǎo ？	你婆婆真贴心	nǐ pó pó zhēn tiē xīn	奥，我婆婆过生	ào ， wǒ pó pó guò shēng
1349	围观	4332	149	3	143.79	给围观费	gěi wéi guān fèi	进去围观下	jìn qù wéi guān xià	围观收钱的哦	wéi guān shōu qián de ó
1350	邪恶	2572	4430	8	143.66	你太邪恶了	nǐ tài xié è le	是你先邪恶了	shì nǐ xiān xié è le	你这个邪恶的男人	nǐ zhè gè xié è de nán rén
1351	汤圆	3995	34	21	143.63	刚刚吃完汤圆	gāng gāng chī wán tāng yuán	哈哈大叔吃汤圆	hā hā dà shū chī tāng yuán	我呢不得吃汤圆	wǒ ne bù dé chī tāng yuán
1352	避免	1369	2669	98	143.61	多晒少水避免中午日照	duō shài shǎo shuǐ bì miǎn zhōng wǔ rì zhào	那注意安全，避免雷电	nà zhù yì ān quán ， bì miǎn léi diàn	避免受冻我打算不出去了	bì miǎn shòu dòng wǒ dǎ suàn bù chū qù le
1353	戒	3807	1100	10	143.41	你都戒了	nǐ dōu jiè le	我也想戒	wǒ yě xiǎng jiè	不是戒了吗	bù shì jiè le ma
1354	滚	0	10209	24	143.38	- 滚！	-   gǔn ！	滚出去吧	gǔn chū qù ba	滚出去！	gǔn chū qù ！
1355	尸体	0	9318	40	143.08	我从没见过尸体	wǒ cóng méi jiàn guò shī tǐ	我的尸体会说明一切	wǒ de shī tǐ huì shuō míng yī qiè	- 但你藏起了尸体！	-   dàn nǐ cáng qǐ le shī tǐ ！
1356	君	3989	1136	0	142.99	与君共勉	yǔ jūn gòng miǎn	神奇吐槽君	shén qí tǔ cáo jūn	我千里把君寻	wǒ qiān lǐ bǎ jūn xún
1357	电子	1257	1483	124	142.77	数字电子技术	shù zì diàn zi jì shù	是电子的吧？	shì diàn zi de ba ？	电子3挺狠的呢	diàn zi 3 tǐng hěn de ne
1358	逻辑	3755	1289	8	142.74	正常逻辑	zhèng cháng luó jí	逻辑很棒	luó jí hěn bàng	你这神逻辑	nǐ zhè shén luó jí
1359	上火	4251	111	6	142.73	小心上火	xiǎo xīn shàng huǒ	有点上火	yǒu diǎn shàng huǒ	吃多了，上火	chī duō le ， shàng huǒ
1360	客户	2417	4323	16	142.72	客户啊！	kè hù a ！	看来是大客户	kàn lái shì dà kè hù	没客户，就休息	méi kè hù ， jiù xiū xī
1361	野	3278	898	38	142.71	三哥够野	sān gē gòu yě	我不是野男人	wǒ bù shì yě nán rén	记得喂距食野	jì dé wèi jù shí yě
1362	守	2486	3214	33	142.61	守着。。	shǒu zhe 。 。	守得住底线	shǒu dé zhù dǐ xiàn	哪有不守妇道？	nǎ yǒu bù shǒu fù dào ？
1363	攻略	4015	61	18	142.58	想要攻略	xiǎng yào gōng lüè	求攻略！	qiú gōng lüè ！	我做做攻略	wǒ zuò zuò gōng lüè
1364	曹操	0	498	202	142.55	说到曹操	shuō dào cáo cāo	-说到曹操	- shuō dào cáo cāo	说曹操曹操到	shuō cáo cāo cáo cāo dào
1365	洗洗	4223	327	3	142.49	我洗洗洗	wǒ xǐ xǐ xǐ	洗洗睡吧	xǐ xǐ shuì ba	快洗洗睡吧	kuài xǐ xǐ shuì ba
1366	串	3806	641	17	142.38	哟，好串啊	yō ， hǎo chuàn a	哪串丢了？	nǎ chuàn diū le ？	不吃串不幸福	bù chī chuàn bù xìng fú
1367	哩	4035	858	2	142.36	俺哩义乌银	ǎn lī yì wū yín	没有！爱哩	méi yǒu ！ ài lī	吃饺子哩没有	chī jiǎo zi lī méi yǒu
1368	遇	3721	637	21	142.29	怪人遇怪事	guài rén yù guài shì	遇强则若！	yù qiáng zé ruò ！	不要遇着我哦。	bù yào yù zhe wǒ ó 。
1369	现象	1264	1624	120	142.05	没有以上现象	méi yǒu yǐ shàng xiàn xiàng	那是假现象！！	nà shì jiǎ xiàn xiàng ！ ！	可能存在排异现象	kě néng cún zài pái yì xiàn xiàng
1370	奥	4157	283	6	141.84	多赚点奥	duō zhuàn diǎn ào	奥知道了	ào zhī dào le	就秀吧奥	jiù xiù ba ào
1371	参与	1988	3897	43	141.78	重在参与	zhòng zài cān yǔ	嗯…志在参与	ń … zhì zài cān yǔ	你定时间，我参与	nǐ dìng shí jiān ， wǒ cān yǔ
1372	装备	2072	2091	72	141.57	先买装备	xiān mǎi zhuāng bèi	有装备啊	yǒu zhuāng bèi a	装备在身上嘛	zhuāng bèi zài shēn shàng ma
1373	吃醋	3859	651	13	141.52	我吃醋了	wǒ chī cù le	日常吃醋	rì cháng chī cù	你嫂要吃醋	nǐ sǎo yào chī cù
1374	钻石	2381	2911	42	141.51	你个小钻石	nǐ gè xiǎo zuān shí	钻石很强？	zuān shí hěn qiáng ？	你是钻石心？	nǐ shì zuān shí xīn ？
1375	洋气	4315	9	3	141.50	你才洋气	nǐ cái yáng qì	没你洋气哈	méi nǐ yáng qì hā	城里人是洋气	chéng lǐ rén shì yáng qì
1376	文	3613	687	24	141.45	赶紧更新文	gǎn jǐn gèng xīn wén	可以催文吗？	kě yǐ cuī wén ma ？	没看过她的文	méi kàn guò tā de wén
1377	党	3442	1454	18	141.43	高三党？	gāo sān dǎng ？	抱住时差党	bào zhù shí chà dǎng	党老板威武！	dǎng lǎo bǎn wēi wǔ ！
1378	测试	1550	5057	42	141.41	因为不是测试	yīn wèi bù shì cè shì	日语水平测试	rì yǔ shuǐ píng cè shì	看看频闪的测试	kàn kàn pín shǎn de cè shì
1379	埋	2652	3163	24	141.26	下次叫埋你	xià cì jiào mái nǐ	埋到地下去	mái dào dì xià qù	你埋个我看看	nǐ mái gè wǒ kàn kàn
1380	不至于	3210	515	46	141.14	不至于吧	bù zhì yú ba	不至于啊	bù zhì yú a	不至于拉	bù zhì yú lā
1381	馋	4142	157	8	141.13	不馋么？	bù chán me ？	你馋不？	nǐ chán bù ？	馋我是不	chán wǒ shì bù
1382	真人	3501	733	28	141.10	周日见真人	zhōu rì jiàn zhēn rén	明天看真人	míng tiān kàn zhēn rén	真人超可爱	zhēn rén chāo kě ài
1383	嫂子	3860	717	11	141.03	找到嫂子了	zhǎo dào sǎo zi le	嫂子回娘家了	sǎo zi huí niáng jiā le	我哪个嫂子？	wǒ nǎ gè sǎo zi ？
1384	无关	2711	4154	2	140.66	与L无关	yǔ L wú guān	无关工作	wú guān gōng zuò	与你无关！	yǔ nǐ wú guān ！
1385	济南	4266	10	4	140.61	亲我在济南	qīn wǒ zài jì nán	济南…搞毛	jì nán … gǎo máo	你到济南了？	nǐ dào jì nán le ？
1386	打扮	2731	2198	37	140.56	会打扮怎么了	huì dǎ bàn zěn me le	好成熟的打扮	hǎo chéng shú de dǎ bàn	打扮好看点！	dǎ bàn hǎo kàn diǎn ！
1387	状况	1548	5427	34	140.55	怎么个状况	zěn me gè zhuàng kuàng	你什么状况？	nǐ shén me zhuàng kuàng ？	求问天气状况	qiú wèn tiān qì zhuàng kuàng
1388	嘤嘤	4347	9	0	140.51	嘤嘤嘤！	yīng yīng yīng ！	不知道嘤嘤	bù zhī dào yīng yīng	哼！嘤嘤嘤	hēng ！ yīng yīng yīng
1389	表情包	4172	1	8	140.16	拍表情包吗？	pāi biǎo qíng bāo ma ？	你偷老子表情包	nǐ tōu lǎo zi biǎo qíng bāo	每天来偷表情包	měi tiān lái tōu biǎo qíng bāo
1390	嗓子	3657	459	24	140.03	嗓子瘦了	sǎng zi shòu le	睡冻了嗓子痛	shuì dòng le sǎng zi tòng	嗓子已经废掉了	sǎng zi yǐ jīng fèi diào le
1391	大二	3109	87	57	139.97	你不才大二吗	nǐ bù cái dà èr ma	我我我是大二的	wǒ wǒ wǒ shì dà èr de	本98的才大二	běn 9 8 de cái dà èr
1392	尽力	2623	3708	13	139.68	我尽力了	wǒ jǐn lì le	我尽力找吧	wǒ jǐn lì zhǎo ba	到时候我尽力	dào shí hòu wǒ jǐn lì
1393	八卦	3750	513	18	139.66	我能八卦吗？	wǒ néng bā guà ma ？	哦~~么的八卦	ó ~ ~ me de bā guà	你又在哪里八卦？	nǐ yòu zài nǎ lǐ bā guà ？
1394	干吗	1693	6495	6	139.64	你在干吗	nǐ zài gàn ma	去干吗啊	qù gàn ma a	干吗不吗	gàn ma bù ma
1395	码	3942	660	6	139.59	一起码着看	yī qǐ mǎ zhe kàn	只有大小码	zhǐ yǒu dà xiǎo mǎ	S码已快穿不上	S mǎ yǐ kuài chuān bù shàng
1396	国王	458	8770	23	139.57	我是女儿国国王	wǒ shì nǚ ér guó guó wáng	是啊你去国王不？	shì a nǐ qù guó wáng bù ？	俩人地主：国王与皇后	liǎ rén dì zhǔ ： guó wáng yǔ huáng hòu
1397	赌	2271	4983	6	139.47	久赌必输	jiǔ dǔ bì shū	愿赌服输	yuàn dǔ fú shū	赌明天午饭吧	dǔ míng tiān wǔ fàn ba
1398	纽约	979	8492	3	139.44	走路去纽约	zǒu lù qù niǔ yuē	我下月回纽约	wǒ xià yuè huí niǔ yuē	纽约啊...	niǔ yuē a . . .
1399	闪	3275	1943	14	139.43	请你闪远点	qǐng nǐ shǎn yuǎn diǎn	闪的厉害？	shǎn de lì hài ？	。。腰闪了。	。 。 yāo shǎn le 。
1400	第一张	4182	186	3	139.41	喜欢第一张	xǐ huān dì yī zhāng	第一张水真绿！	dì yī zhāng shuǐ zhēn lǜ ！	第一张图是撸多了！	dì yī zhāng tú shì lū duō le ！
1401	舞蹈	1760	1804	89	139.39	我从小学舞蹈的	wǒ cóng xiǎo xué wǔ dǎo de	舞蹈不分年龄哟	wǔ dǎo bù fēn nián líng yō	昨天还上了舞蹈课	zuó tiān hái shàng le wǔ dǎo kè
1402	范围	1723	2969	69	139.21	这个不在考虑范围	zhè gè bù zài kǎo lǜ fàn wéi	竞赛地图范围是哪里啊	jìng sài dì tú fàn wéi shì nǎ lǐ a	。。。属于他的管辖范围	。 。 。 shǔ yú tā de guǎn xiá fàn wéi
1403	热门	3927	383	11	139.03	我要上热门	wǒ yào shàng rè mén	热门是貂妻？	rè mén shì diāo qī ？	上热门我也想知道	shàng rè mén wǒ yě xiǎng zhī dào
1404	小凯	4273	73	0	138.92	小凯是啥	xiǎo kǎi shì shá	要给小凯	yào gěi xiǎo kǎi	小凯哇⊙⊙！	xiǎo kǎi wa ⊙ ⊙ ！
1405	甜甜	3333	444	38	138.83	甜甜甜啦	tián tián tián la	甜甜甜！	tián tián tián ！	甜甜的糖	tián tián de táng
1406	或是	828	7737	23	138.65	或是项链。	huò shì xiàng liàn 。	睡一会，或是喝杯咖啡	shuì yī huì ， huò shì hē bēi kā fēi	:哄我开心，或是抱抱2偶吧	: hǒng wǒ kāi xīn ， huò shì bào bào 2 ǒu ba
1407	玫瑰	3261	2186	9	138.63	等爱的玫瑰	děng ài de méi guī	大爱玫瑰酸奶	dà ài méi guī suān nǎi	红玫瑰和白玫瑰呗	hóng méi guī hé bái méi guī bei
1408	有所	1372	2910	86	138.61	各有所爱	gè yǒu suǒ ài	嗯。各有所爱啦	ń 。 gè yǒu suǒ ài la	萝卜青菜各有所爱	luó bo qīng cài gè yǒu suǒ ài
1409	胖胖	3747	107	24	138.55	你俩胖胖胖	nǐ liǎ pàng pàng pàng	活该胖胖胖	huó gāi pàng pàng pàng	祝胖胖胖胖	zhù pàng pàng pàng pàng
1410	整容	3762	282	20	138.52	一张整容脸	yī zhāng zhěng róng liǎn	我整容啦。	wǒ zhěng róng la 。	整容的要吗	zhěng róng de yào ma
1411	自杀	0	6874	78	138.28	她要自杀	tā yào zì shā	他还想自杀	tā hái xiǎng zì shā	你也不可自杀	nǐ yě bù kě zì shā
1412	盆	3777	270	19	138.18	我端盆水来。	wǒ duān pén shuǐ lái 。	这个盆真大！	zhè gè pén zhēn dà ！	为什么不换盆花	wèi shén me bù huàn pén huā
1413	麻	3740	574	15	138.07	好嘛好麻	hǎo ma hǎo má	暴露麻了	bào lù má le	哦，好麻。	ó ， hǎo má 。
1414	立刻	1648	6206	11	137.96	立刻马上	lì kè mǎ shàng	我冲完立刻打	wǒ chōng wán lì kè dǎ	立刻回去怼法官！	lì kè huí qù duì fǎ guān ！
1415	大三	3515	62	35	137.92	开学大三	kāi xué dà sān	我大三啊	wǒ dà sān a	大三了谢谢	dà sān le xiè xiè
1416	调皮	3780	338	17	137.77	又调皮了	yòu diào pí le	太调皮啦	tài diào pí la	小调皮！	xiǎo diào pí ！
1417	摘	3601	1173	10	137.67	多摘点昂	duō zhāi diǎn áng	不能随便摘	bù néng suí biàn zhāi	应该快摘咧	yīng gāi kuài zhāi liě
1418	陌生人	2810	2893	16	137.60	你好陌生人	nǐ hǎo mò shēng rén	熟悉的陌生人	shú xī de mò shēng rén	那就是缺少个陌生人	nà jiù shì quē shǎo gè mò shēng rén
1419	约翰	4	11033	0	137.58	吃王者约翰	chī wáng zhě yuē hàn	今年没有棒约翰？	jīn nián méi yǒu bàng yuē hàn ？	你又去吃棒约翰啦	nǐ yòu qù chī bàng yuē hàn la
1420	扛	3244	516	39	137.53	大旗扛起来！	dà qí káng qǐ lái ！	我给你扛行李箱	wǒ gěi nǐ káng xíng lǐ xiāng	扛起水桶我就尥	káng qǐ shuǐ tǒng wǒ jiù liào
1421	背着	3583	771	18	137.48	背着我浪	bèi zhe wǒ làng	背着机关枪	bèi zhe jī guān qiāng	什么叫背着你	shén me jiào bèi zhe nǐ
1422	文明	2498	2009	47	137.43	文明点。	wén míng diǎn 。	文明马赛克	wén míng mǎ sài kè	请文明用语	qǐng wén míng yòng yǔ
1423	合肥	4206	2	2	137.22	合肥的吗	hé féi de ma	不回合肥了	bù huí hé féi le	安徽合肥呀	ān huī hé féi ya
1424	抓到	2100	4474	20	137.06	抓到一个	zhuā dào yī gè	抓到你了	zhuā dào nǐ le	在这抓到你	zài zhè zhuā dào nǐ
1425	事实上	527	8866	14	136.92	事实上我不坑	shì shí shàng wǒ bù kēng	事实上！无人问津	shì shí shàng ！ wú rén wèn jīn	事实上并没有...	shì shí shàng bìng méi yǒu . . .
1426	乐趣	2691	2005	37	136.86	有点乐趣好吗？	yǒu diǎn lè qù hǎo ma ？	那你就没乐趣了	nà nǐ jiù méi lè qù le	享受碰瓷的乐趣就好	xiǎng shòu pèng cí de lè qù jiù hǎo
1427	圣诞节	3040	2939	3	136.82	圣诞节快乐！	shèng dàn jié kuài lè ！	圣诞节放假了？	shèng dàn jié fàng jiǎ le ？	四哥圣诞节快乐！	sì gē shèng dàn jié kuài lè ！
1428	在线	3916	395	8	136.80	你不在线？	nǐ bù zài xiàn ？	灏明。在线	hào míng 。 zài xiàn	基本不在线看	jī běn bù zài xiàn kàn
1429	威胁	1098	6289	34	136.76	你威胁我	nǐ wēi xié wǒ	威胁可耻	wēi xié kě chǐ	绝对威胁	jué duì wēi xié
1430	明早	3561	1737	0	136.65	明早下班	míng zǎo xià bān	明早一早就走了	míng zǎo yī zǎo jiù zǒu le	在电脑，明早可好	zài diàn nǎo ， míng zǎo kě hǎo
1431	建	1809	2368	72	136.52	我建了群了	wǒ jiàn le qún le	你是建铁路吗	nǐ shì jiàn tiě lù ma	建得观那里面	jiàn dé guān nà lǐ miàn
1432	大众	2566	947	62	136.52	你好大众脸	nǐ hǎo dà zhòng liǎn	接着忽悠大众	jiē zhe hū yōu dà zhòng	是大众情人吗	shì dà zhòng qíng rén ma
1433	预约	3661	1187	5	136.40	转发预约	zhuǎn fā yù yuē	今年预约么	jīn nián yù yuē me	我去还要预约	wǒ qù hái yào yù yuē
1434	早晚	3705	958	7	136.32	早晚得猝死	zǎo wǎn dé cù sǐ	早晚是俺的	zǎo wǎn shì ǎn de	早晚判若两人	zǎo wǎn pàn ruò liǎng rén
1435	岛	2172	5032	5	136.21	人比岛美呢	rén bǐ dǎo měi ne	我就在岛啊	wǒ jiù zài dǎo a	快买下这座岛	kuài mǎi xià zhè zuò dǎo
1436	天堂	2341	4429	8	136.18	天堂...	tiān táng . . .	天堂的蒜蒜	tiān táng de suàn suàn	学校就是天堂	xué xiào jiù shì tiān táng
1437	发挥	2320	1771	58	136.14	全凭感觉发挥	quán píng gǎn jué fā huī	现场发挥太差了	xiàn chǎng fā huī tài chà le	临场发挥吧小姑娘	lín chǎng fā huī ba xiǎo gū niáng
1438	度	3169	1079	30	136.04	度蜜月！	dù mì yuè ！	度蜜月去啦	dù mì yuè qù la	晒黑几个度	shài hēi jǐ gè dù
1439	今儿	4111	257	0	135.98	今儿回啦	jīn ér huí la	今儿星期八	jīn ér xīng qī bā	今儿住理县了	jīn ér zhù lǐ xiàn le
1440	丸子	2992	170	55	135.88	你真美大丸子	nǐ zhēn měi dà wán zi	弱小丸子好看	ruò xiǎo wán zi hǎo kàn	要樱桃小丸子	yào yīng táo xiǎo wán zi
1441	说起	1051	1029	132	135.86	说起就伤心	shuō qǐ jiù shāng xīn	唉说起都是泪	āi shuō qǐ dōu shì lèi	啊？这从何说起	a ？ zhè cóng hé shuō qǐ
1442	救命	882	8023	11	135.86	救命羡慕	jiù mìng xiàn mù	猪包，救命	zhū bāo ， jiù mìng	空调救命！	kōng diào jiù mìng ！
1443	莫名其妙	3004	569	47	135.83	莫名其妙	mò míng qí miào	莫名其妙啊！！	mò míng qí miào a ！ ！	啊莫名其妙被骂了	a mò míng qí miào bèi mà le
1444	高端	3912	108	12	135.79	高端黑么	gāo duān hēi me	我很高端哒	wǒ hěn gāo duān dá	诶呀，高端啊	éi ya ， gāo duān a
1445	穿越	2475	1661	52	135.73	我穿越了	wǒ chuān yuè le	哥只穿越。	gē zhǐ chuān yuè 。	想不想穿越	xiǎng bù xiǎng chuān yuè
1446	夜班	3504	451	25	135.66	你值夜班？	nǐ zhí yè bān ？	明天我夜班	míng tiān wǒ yè bān	夜班夜景很美	yè bān yè jǐng hěn měi
1447	宅	3722	154	20	135.63	我平时比较宅	wǒ píng shí bǐ jiào zhái	技术宅了是吗	jì shù zhái le shì ma	肯定不是真的宅	kěn dìng bù shì zhēn de zhái
1448	乐意	2455	3587	17	135.45	乐意乐意	lè yì lè yì	乐意至极	lè yì zhì jí	乐意陪吃	lè yì péi chī
1449	客服	3854	41	15	135.11	告诉客服	gào sù kè fú	你得请客服	nǐ dé qǐng kè fú	体重告诉客服	tǐ zhòng gào sù kè fú
1450	迷人	3144	2694	0	135.10	迷人的脸	mí rén de liǎn	哈哈好迷人	hā hā hǎo mí rén	对你最迷人	duì nǐ zuì mí rén
1451	胡子	3123	1927	15	135.00	为喃P还有胡子?	wèi nán P hái yǒu hú zi ?	你先把胡子牛起来	nǐ xiān bǎ hú zi niú qǐ lái	我连胡子都长不出	wǒ lián hú zi dōu zhǎng bù chū
1452	鹿	3624	949	9	134.94	小鹿辛苦！	xiǎo lù xīn kǔ ！	期待我鹿了	qī dài wǒ lù le	表白丽颖，鹿	biǎo bái lì yǐng ， lù
1453	没空	3688	1162	2	134.94	打麻将没空	dǎ má jiāng méi kōng	不不没空哈哈	bù bù méi kōng hā hā	不好意思没空	bù hǎo yì sī méi kōng
1454	忍住	3974	255	5	134.90	对不起我没忍住	duì bù qǐ wǒ méi rěn zhù	哈哈哈，太好看没忍住	hā hā hā ， tài hǎo kàn méi rěn zhù	。。。。忍住了没开黄腔	。 。 。 。 rěn zhù le méi kāi huáng qiāng
1455	老兄	238	10207	0	134.84	谢谢老兄	xiè xiè lǎo xiōng	不客气老兄	bù kè qì lǎo xiōng	博主啊老兄	bó zhǔ a lǎo xiōng
1456	同情	3216	2102	7	134.78	同情博主	tóng qíng bó zhǔ	我同情你	wǒ tóng qíng nǐ	深表同情	shēn biǎo tóng qíng
1457	前两天	3482	160	30	134.70	前两天好像见你了	qián liǎng tiān hǎo xiàng jiàn nǐ le	前两天43度差不多	qián liǎng tiān 4 3 dù chà bù duō	前两天玩儿太嗨了吧	qián liǎng tiān wán ér tài hāi le ba
1458	规则	984	4085	77	134.64	你看看规则	nǐ kàn kàn guī zé	搞清规则在说话	gǎo qīng guī zé zài shuō huà	机器人三规则没看懂	jī qì rén sān guī zé méi kàn dǒng
1459	军人	2261	2011	54	134.53	向军人致敬	xiàng jūn rén zhì jìng	诗人军人风范！	shī rén jūn rén fēng fàn ！	你的军人梦又燃了吧？	nǐ de jūn rén mèng yòu rán le ba ？
1460	龙虾	3804	611	6	134.52	冰镇龙虾是神马	bīng zhèn lóng xiā shì shén mǎ	可是我不吃小龙虾	kě shì wǒ bù chī xiǎo lóng xiā	漏了小龙虾！！！	lòu le xiǎo lóng xiā ！ ！ ！
1461	字幕	1267	7507	0	134.44	有字幕吗？	yǒu zì mù ma ？	手机没有字幕	shǒu jī méi yǒu zì mù	粤语版有字幕吗	yuè yǔ bǎn yǒu zì mù ma
1462	静	3377	1709	6	134.41	心静不了啦	xīn jìng bù le la	心静能安静想	xīn jìng néng ān jìng xiǎng	静不下来啊。	jìng bù xià lái a 。
1463	暗恋	3934	319	5	134.41	你暗恋人家吧	nǐ àn liàn rén jiā ba	希望女神暗恋我	xī wàng nǚ shén àn liàn wǒ	我一直暗恋你!	wǒ yī zhí àn liàn nǐ !
1464	无数	3078	1888	17	134.41	无数次了	wú shù cì le	阅人无数！	yuè rén wú shù ！	引无数狂蜂浪蝶	yǐn wú shù kuáng fēng làng dié
1465	戒指	2515	3987	5	134.27	戒指抢镜	jiè zhǐ qiǎng jìng	拿戒指了！？	ná jiè zhǐ le ！ ？	冲话费送戒指？	chōng huà fèi sòng jiè zhǐ ？
1466	吼吼	4133	62	0	134.26	呦吼吼吼吼	yōu hǒu hǒu hǒu hǒu	哦吼吼吼吼	ó hǒu hǒu hǒu hǒu	噢吼吼吼吼	ō hǒu hǒu hǒu hǒu
1467	杀人	0	8606	40	134.21	我没有杀人。	wǒ méi yǒu shā rén 。	沙利会杀人吗	shā lì huì shā rén ma	-她看到他杀人	- tā kàn dào tā shā rén
1468	嘲笑	3097	1817	17	134.14	你嘲笑我	nǐ cháo xiào wǒ	你嘲笑人家	nǐ cháo xiào rén jiā	别嘲笑我啊	bié cháo xiào wǒ a
1469	巴黎	1688	5845	10	134.08	巴黎世家	bā lí shì jiā	巴黎凉吗	bā lí liáng ma	滤镜模拟巴黎	lǜ jìng mó nǐ bā lí
1470	不过是	2403	3933	11	134.03	不过是顺着歌词而已	bù guò shì shùn zhe gē cí ér yǐ	找到了哦不过是单间	zhǎo dào le ó bù guò shì dān jiān	不是，不过是我帮的他	bù shì ， bù guò shì wǒ bāng de tā
1471	铁	2708	1727	37	133.95	都好看的铁	dōu hǎo kàn de tiě	抱铁了，老拳	bào tiě le ， lǎo quán	老心，扎铁了	lǎo xīn ， zhā tiě le
1472	初恋	3633	513	15	133.85	我还没有初恋呀	wǒ hái méi yǒu chū liàn ya	傻傻的谈了场初恋	shǎ shǎ de tán le chǎng chū liàn	初恋得遇到对的人	chū liàn dé yù dào duì de rén
1473	学历	1306	149	133	133.81	学历不够	xué lì bù gòu	你学历真高	nǐ xué lì zhēn gāo	他没有买学历	tā méi yǒu mǎi xué lì
1474	忧伤	4003	362	0	133.80	哎太忧伤	āi tài yōu shāng	很忧伤了	hěn yōu shāng le	次奥好忧伤	cì ào hǎo yōu shāng
1475	看错	3769	639	6	133.74	你看错了	nǐ kàn cuò le	我看错了	wǒ kàn cuò le	是我看错了吗	shì wǒ kàn cuò le ma
1476	他妈	0	6989	69	133.64	真他妈混蛋	zhēn tā mā hùn dàn	真他妈见鬼	zhēn tā mā jiàn guǐ	这他妈是什么	zhè tā mā shì shén me
1477	沟通	2475	1385	54	133.64	无法沟通	wú fǎ gōu tōng	沟通解决	gōu tōng jiě jué	沟通障碍	gōu tōng zhàng ài
1478	分析	2327	2578	39	133.60	我分析一下	wǒ fēn xī yī xià	我也想帮着分析	wǒ yě xiǎng bāng zhe fēn xī	讲你的分析来听听	jiǎng nǐ de fēn xī lái tīng tīng
1479	追星	3493	35	30	133.50	我追星嘛	wǒ zhuī xīng ma	又去追星了	yòu qù zhuī xīng le	两千出门追星	liǎng qiān chū mén zhuī xīng
1480	对待	2439	3361	19	133.47	住盆子的都是特别对待的	zhù pén zi de dōu shì tè bié duì dài de	师傅对待大家都一样好！	shī fù duì dài dà jiā dōu yī yàng hǎo ！	你就这么对待你的迷妹吗？！	nǐ jiù zhè me duì dài nǐ de mí mèi ma ？ ！
1481	拉肚子	3882	149	9	133.31	你怕拉肚子吗	nǐ pà lā dù zi ma	回来拉肚子吧	huí lái lā dù zi ba	要是拉肚子呢？	yào shì lā dù zi ne ？
1482	投票	2858	2417	16	133.22	亲亲要我投票么	qīn qīn yào wǒ tóu piào me	醒醒，投票了么	xǐng xǐng ， tóu piào le me	我要投票和顶人气	wǒ yào tóu piào hé dǐng rén qì
1483	屁股	0	9283	26	133.19	光着屁股	guāng zhe pì gǔ	-你的屁股	- nǐ de pì gǔ	我要打烂他的屁股	wǒ yào dǎ làn tā de pì gǔ
1484	攒	3714	184	16	133.04	赶紧攒点钱	gǎn jǐn zǎn diǎn qián	攒够钱就去等我等我	zǎn gòu qián jiù qù děng wǒ děng wǒ	额。。那赶紧攒着吧	é 。 。 nà gǎn jǐn zǎn zhe ba
1485	会计	2205	570	81	132.99	会计的！	huì jì de ！	辅修会计	fǔ xiū huì jì	会计专业考研重要吗	huì jì zhuān yè kǎo yán zhòng yào ma
1486	冰淇淋	3360	1418	10	132.93	想吃冰淇淋	xiǎng chī bīng qí lín	芒果冰淇淋红	máng guǒ bīng qí lín hóng	冰淇淋也不错。	bīng qí lín yě bù cuò 。
1487	桃花	3998	87	4	132.91	有桃花！	yǒu táo huā ！	桃花来啦？	táo huā lái la ？	好美的桃花哦	hǎo měi de táo huā ó
1488	宝贝儿	3364	1891	1	132.88	早啊宝贝儿	zǎo a bǎo bèi ér	谢谢宝贝儿	xiè xiè bǎo bèi ér	宝贝儿少吃点	bǎo bèi ér shǎo chī diǎn
1489	懂事	3578	469	17	132.88	懂事的纯	dǒng shì de chún	年轻不懂事	nián qīng bù dǒng shì	懂事的孩纸	dǒng shì de hái zhǐ
1490	哄	3330	784	23	132.84	不要哄我	bù yào hǒng wǒ	哄孩子玩	hǒng hái zi wán	来哄我啊	lái hǒng wǒ a
1491	顺	3610	654	12	132.84	粤语比较顺	yuè yǔ bǐ jiào shùn	顺到来南昌吧	shùn dào lái nán chāng ba	从9.2开始就没顺过	cóng 9 . 2 kāi shǐ jiù méi shùn guò
1492	七夕	4087	62	0	132.77	七夕快乐	qī xī kuài lè	七夕礼物	qī xī lǐ wù	七夕快乐睡觉	qī xī kuài lè shuì jué
1493	地震	3147	1522	18	132.75	地震了你知道么	dì zhèn le nǐ zhī dào me	地震了！！？？	dì zhèn le ！ ！ ？ ？	我听说家里又地震咧？	wǒ tīng shuō jiā lǐ yòu dì zhèn liě ？
1494	般	2151	4375	13	132.75	扎心般的感人	zhā xīn bān de gǎn rén	天使般的上半脸是关键	tiān shǐ bān de shàng bàn liǎn shì guān jiàn	网络又神奇般可以用了	wǎng luò yòu shén qí bān kě yǐ yòng le
1495	心脏	2123	4484	12	132.53	心脏突突的	xīn zàng tū tū de	我心脏不好	wǒ xīn zàng bù hǎo	你才心脏不适呢	nǐ cái xīn zàng bù shì ne
1496	喃	4091	30	0	132.50	那机票喃	nà jī piào nán	那现在喃	nà xiàn zài nán	你还会耍喃？	nǐ hái huì shuǎ nán ？
1497	流浪	3127	832	31	132.28	流浪包还有么	liú làng bāo hái yǒu me	我们一起去流浪	wǒ men yī qǐ qù liú làng	武汉的街头流浪	wǔ hàn de jiē tóu liú làng
1498	腹肌	3622	89	21	132.27	八块腹肌妹	bā kuài fù jī mèi	我8块腹肌	wǒ 8 kuài fù jī	八块腹肌哈哈	bā kuài fù jī hā hā
1499	抄袭	3321	217	33	132.24	又抄袭？	yòu chāo xí ？	三生抄袭了?	sān shēng chāo xí le ?	我是抄袭呢哈哈哈	wǒ shì chāo xí ne hā hā hā
1500	真是的	2573	3337	11	132.10	别客气，真是的	bié kè qì ， zhēn shì de	你信还问啊真是的	nǐ xìn hái wèn a zhēn shì de	怎么会呢，真是的	zěn me huì ne ， zhēn shì de
1501	五月天	4056	25	1	131.99	五月天嘛	wǔ yuè tiān ma	五月天的新歌	wǔ yuè tiān de xīn gē	明天五月天你去不	míng tiān wǔ yuè tiān nǐ qù bù
1502	意识	1075	1788	111	131.92	这意识不到位呢	zhè yì shí bù dào wèi ne	完全没有服务意识	wán quán méi yǒu fú wù yì shí	要有清醒的意识！	yào yǒu qīng xǐng de yì shí ！
1503	咋的	3463	89	28	131.85	不能咋的	bù néng zǎ de	你咋的了	nǐ zǎ de le	你咋的啦	nǐ zǎ de la
1504	山西	2263	53	86	131.80	山西运城	shān xī yùn chéng	总在山西	zǒng zài shān xī	山西退押金	shān xī tuì yā jīn
1505	防晒	3860	25	10	131.73	做好防晒	zuò hǎo fáng shài	好好防晒	hǎo hǎo fáng shài	注意防晒	zhù yì fáng shài
1506	军队	251	6966	54	131.34	呼叫军队	hū jiào jūn duì	军队不得经商	jūn duì bù dé jīng shāng	为啥有军队体检	wèi shá yǒu jūn duì tǐ jiǎn
1507	心痛	3619	504	12	131.26	真令我心痛	zhēn lìng wǒ xīn tòng	你骂我好心痛	nǐ mà wǒ hǎo xīn tòng	懂了，心痛了	dǒng le ， xīn tòng le
1508	带给	2190	1824	56	131.25	你带给我	nǐ dài gěi wǒ	下次带给你！	xià cì dài gěi nǐ ！	下次带给我吃	xià cì dài gěi wǒ chī
1509	地狱	1200	7045	7	131.25	坠入地狱	zhuì rù dì yù	可惜没有地狱	kě xī méi yǒu dì yù	还是地狱狂蛇	hái shì dì yù kuáng shé
1510	废	3353	701	21	131.20	是真废了	shì zhēn fèi le	那就废了	nà jiù fèi le	那就废了他	nà jiù fèi le tā
1511	合	2822	1860	25	131.19	把嘴合住	bǎ zuǐ hé zhù	合双手感谢	hé shuāng shǒu gǎn xiè	…山无棱天地合	… shān wú léng tiān dì hé
1512	充实	3313	312	30	131.14	充实呀！	chōng shí ya ！	充实啊哈哈	chōng shí a hā hā	生活太充实	shēng huó tài chōng shí
1513	开开心心	3888	168	5	131.04	要开开心心。	yào kāi kāi xīn xīn 。	好啊！开开心心的	hǎo a ！ kāi kāi xīn xīn de	祝你生活开开心心啊	zhù nǐ shēng huó kāi kāi xīn xīn a
1514	欺骗	2401	2774	28	131.00	你欺骗我	nǐ qī piàn wǒ	又欺骗我	yòu qī piàn wǒ	哼，欺骗我	hēng ， qī piàn wǒ
1515	球员	797	1556	127	130.85	也不怕把球员熏着	yě bù pà bǎ qiú yuán xūn zhe	等我成了职业球员	děng wǒ chéng le zhí yè qiú yuán	一场告别两个好球员哎	yī chǎng gào bié liǎng gè hǎo qiú yuán āi
1516	溜达	3893	138	5	130.83	溜达一圈	liū dá yī quān	跑那儿溜达去了	pǎo nà ér liū dá qù le	你没去街上溜达吗	nǐ méi qù jiē shàng liū dá ma
1517	电池	2906	1496	27	130.72	电池不行	diàn chí bù xíng	电池多少	diàn chí duō shǎo	电池不顶用啊？	diàn chí bù dǐng yòng a ？
1518	上厕所	3225	1089	19	130.55	上厕所啊	shàng cè suǒ a	上厕所干嘛？	shàng cè suǒ gàn ma ？	你是起来上厕所？	nǐ shì qǐ lái shàng cè suǒ ？
1519	队伍	1635	2392	71	130.53	感冒队伍中	gǎn mào duì wǔ zhōng	找到队伍了	zhǎo dào duì wǔ le	回深圳的队伍	huí shēn zhèn de duì wǔ
1520	小白	3263	270	32	130.35	早啊小白	zǎo a xiǎo bái	要叫小白	yào jiào xiǎo bái	小白素食记录	xiǎo bái sù shí jì lù
1521	黄金	2454	2363	32	130.30	带你重带黄金	dài nǐ zhòng dài huáng jīn	黄金1厉不厉害	huáng jīn 1 lì bù lì hài	黄金可买了吗？	huáng jīn kě mǎi le ma ？
1522	亲自	2150	4169	13	130.15	然后都会亲自接	rán hòu dōu huì qīn zì jiē	劳烦你亲自动手了	láo fán nǐ qīn zì dòng shǒu le	我亲自上好不好！	wǒ qīn zì shàng hǎo bù hǎo ！
1523	食欲	3726	238	10	130.06	是食欲喔！	shì shí yù ō ！	面对面更有食欲	miàn duì miàn gèng yǒu shí yù	食欲好有钱的感觉	shí yù hǎo yǒu qián de gǎn jué
1524	单车	3089	425	37	130.04	单车都行	dān chē dōu xíng	骑单车去吗	qí dān chē qù ma	单车车祸？？	dān chē chē huò ？ ？
1525	丽江	3795	1	11	130.01	去丽江了	qù lì jiāng le	你去丽江啦	nǐ qù lì jiāng la	就去丽江？	jiù qù lì jiāng ？
1526	纹身	3482	1237	3	129.90	想要纹身	xiǎng yào wén shēn	纹身超酷	wén shēn chāo kù	仙鹤纹身吗	xiān hè wén shēn ma
1527	小哥	3500	86	23	129.64	文艺小哥	wén yì xiǎo gē	希望小哥如愿	xī wàng xiǎo gē rú yuàn	心疼快递小哥	xīn téng kuài dì xiǎo gē
1528	生存	1487	4154	44	129.48	因为生存	yīn wèi shēng cún	生存……不断的奔波	shēng cún … … bù duàn de bēn bō	生存下去开拓未来吗	shēng cún xià qù kāi tuò wèi lái ma
1529	嘘	2685	3372	1	129.40	嘘不要说	xū bù yào shuō	嘘说爱我	xū shuō ài wǒ	嘘～别笑	xū ～ bié xiào
1530	残忍	2844	1712	24	129.38	太残忍了	tài cán rěn le	真相残忍	zhēn xiāng cán rěn	太残忍了。	tài cán rěn le 。
1531	赞同	3130	807	27	129.37	举手赞同	jǔ shǒu zàn tóng	绝对赞同	jué duì zàn tóng	一万个赞同	yī wàn gè zàn tóng
1532	奇迹	2095	3920	19	129.32	快去创造奇迹	kuài qù chuàng zào qí jì	奇迹一定会出现	qí jì yī dìng huì chū xiàn	能下雪就是奇迹	néng xià xuě jiù shì qí jì
1533	恋	3621	505	9	129.32	我没恋咋失	wǒ méi liàn zǎ shī	感觉恋…恋爱了	gǎn jué liàn … liàn ài le	生无可恋的表情	shēng wú kě liàn de biǎo qíng
1534	平	2954	978	32	129.19	多钱一平	duō qián yī píng	扯平了那	chě píng le nà	等你平旌	děng nǐ píng jīng
1535	发抖	3613	837	3	129.14	瑟瑟发抖	sè sè fā dǒu	瑟瑟发抖呀	sè sè fā dǒu ya	早安瑟瑟发抖	zǎo ān sè sè fā dǒu
1536	噩梦	3156	1848	6	129.00	怕做噩梦	pà zuò è mèng	做噩梦了？	zuò è mèng le ？	我也做了噩梦	wǒ yě zuò le è mèng
1537	炖	3150	610	29	128.91	快炖了喝汤	kuài dùn le hē tāng	铁锅炖大鹅	tiě guō dùn dà é	噢噢噢噢炖起来	ō ō ō ō dùn qǐ lái
1538	雷	1780	4373	25	128.84	芳华如雷	fāng huá rú léi	雷老师好	léi lǎo shī hǎo	下周打四天的雷	xià zhōu dǎ sì tiān de léi
1539	齐	3285	1175	12	128.84	不比齐跌	bù bǐ qí diē	你齐了吗？	nǐ qí le ma ？	小齐粑粑？	xiǎo qí bā bā ？
1540	注定	3186	1702	7	128.83	自由注定	zì yóu zhù dìng	缘分天注定	yuán fēn tiān zhù dìng	我注定低智商	wǒ zhù dìng dī zhì shāng
1541	度过	2399	2599	28	128.76	希望快快度过	xī wàng kuài kuài dù guò	春节旅游度过啦？	chūn jié lǚ yóu dù guò la ？	陪你度过漫长岁月	péi nǐ dù guò màn zhǎng suì yuè
1542	弱	2745	1103	39	128.72	弱混即半声	ruò hùn jí bàn shēng	财多身子弱	cái duō shēn zi ruò	哼！你太弱了	hēng ！ nǐ tài ruò le
1543	幻想	2415	2966	20	128.45	再捞捞幻想	zài lāo lāo huàn xiǎng	幻想中的吧	huàn xiǎng zhōng de ba	哈哈哈自己的幻想	hā hā hā zì jǐ de huàn xiǎng
1544	方	2890	1409	26	128.44	脸变方了	liǎn biàn fāng le	这是啥方	zhè shì shá fāng	我也挺方的	wǒ yě tǐng fāng de
1545	充电	2635	597	53	128.32	充电中呢	chōng diàn zhōng ne	充电旅行	chōng diàn lǚ xíng	让充电了呗	ràng chōng diàn le bei
1546	大四	3475	42	23	128.28	大四狗你好	dà sì gǒu nǐ hǎo	是啊大四了	shì a dà sì le	你都大四了吗	nǐ dōu dà sì le ma
1547	型	2570	1986	30	128.00	型动更新	xíng dòng gèng xīn	我喜欢型	wǒ xǐ huān xíng	件衫好型啊	jiàn shān hǎo xíng a
1548	体现	1611	346	106	127.89	怎么体现	zěn me tǐ xiàn	如何体现军？	rú hé tǐ xiàn jūn ？	必须体现出偶遇	bì xū tǐ xiàn chū ǒu yù
1549	平衡	2497	1514	42	127.86	非常不平衡	fēi cháng bù píng héng	哈哈，平衡了	hā hā ， píng héng le	心理平衡多了吧	xīn lǐ píng héng duō le ba
1550	握	2844	1643	23	127.85	握也没用	wò yě méi yòng	哈哈握个手	hā hā wò gè shǒu	愉快的握爪	yú kuài de wò zhǎo
1551	香港	0	4355	109	127.83	祝福香港	zhù fú xiāng gǎng	香港来的	xiāng gǎng lái de	祝香港更美好	zhù xiāng gǎng gèng měi hǎo
1552	教官	886	323	141	127.81	教官亮了	jiào guān liàng le	你是教官？	nǐ shì jiào guān ？	教官辛苦了	jiào guān xīn kǔ le
1553	拜	2704	2869	7	127.80	嗯，拜！	ń ， bài ！	以后说，拜	yǐ hòu shuō ， bài	公公受我一拜	gōng gōng shòu wǒ yī bài
1554	尾巴	3380	1264	4	127.61	看我尾巴	kàn wǒ wěi bā	红尾巴啊	hóng wěi bā a	尾巴不见了	wěi bā bù jiàn le
1555	枚	3346	1400	3	127.53	人妖一枚	rén yāo yī méi	好人一枚	hǎo rén yī méi	美人一枚	měi rén yī méi
1556	迷茫	3349	306	23	127.50	我很迷茫	wǒ hěn mí máng	怎么迷茫了	zěn me mí máng le	迷茫的铁甲	mí máng de tiě jiǎ
1557	应	1810	3851	31	127.36	不懂问必应	bù dǒng wèn bì yīng	应为在进化中	yīng wèi zài jìn huà zhōng	应你要求换一下	yīng nǐ yào qiú huàn yī xià
1558	意大利	2150	4039	11	127.18	意大利赢了	yì dà lì yíng le	吃意大利菜的？	chī yì dà lì cài de ？	德国就怕意大利	dé guó jiù pà yì dà lì
1559	最爱	3536	921	2	127.03	是最爱！	shì zuì ài ！	你是我的最爱	nǐ shì wǒ de zuì ài	最爱，没有之一	zuì ài ， méi yǒu zhī yī
1560	难以	2321	3198	18	126.95	难以想象	nán yǐ xiǎng xiàng	学校的爱难以承受	xué xiào de ài nán yǐ chéng shòu	激动地难以入睡。	jī dòng dì nán yǐ rù shuì 。
1561	有缘	3804	265	1	126.84	有缘再见	yǒu yuán zài jiàn	有缘有缘	yǒu yuán yǒu yuán	有缘再见吧	yǒu yuán zài jiàn ba
1562	统一	2011	682	79	126.77	是的，统一降温	shì de ， tǒng yī jiàng wēn	南北在这一点是统一的	nán běi zài zhè yī diǎn shì tǒng yī de	我们现在统一管早餐啦	wǒ men xiàn zài tǒng yī guǎn zǎo cān la
1563	天亮	3428	997	5	126.51	天亮了没	tiān liàng le méi	睁眼到天亮	zhēng yǎn dào tiān liàng	决战到天亮！	jué zhàn dào tiān liàng ！
1564	摇	2676	1320	35	126.50	你也摇呢？	nǐ yě yáo ne ？	摇就完事了	yáo jiù wán shì le	给你摇一段	gěi nǐ yáo yī duàn
1565	买买	3512	15	19	126.44	买买买呗	mǎi mǎi mǎi bei	好，买买买	hǎo ， mǎi mǎi mǎi	我想买买买	wǒ xiǎng mǎi mǎi mǎi
1566	观点	2193	2187	42	126.42	赞同三楼的观点	zàn tóng sān lóu de guān diǎn	我是在帮你纠正观点	wǒ shì zài bāng nǐ jiū zhèng guān diǎn	可我也没说我的观点呀	kě wǒ yě méi shuō wǒ de guān diǎn ya
1567	家族	1638	4702	22	126.33	家族遗传	jiā zú yí chuán	戏精家族	xì jīng jiā zú	葬爱家族	zàng ài jiā zú
1568	期间	2112	2497	40	126.32	开会期间不准换	kāi huì qī jiān bù zhǔn huàn	那练车期间就不要穿裙裙了	nà liàn chē qī jiān jiù bù yào chuān qún qún le	你介意我说你补课期间肥了么	nǐ jiè yì wǒ shuō nǐ bǔ kè qī jiān féi le me
1569	公开	2472	2698	19	126.28	是时候公开了	shì shí hòu gōng kāi le	不准他公开！！	bù zhǔn tā gōng kāi ！ ！	被公开有女票了	bèi gōng kāi yǒu nǚ piào le
1570	黑人	1833	4130	23	126.18	黑人抗冻	hēi rén kàng dòng	黑人问号脸	hēi rén wèn hào liǎn	我一直喜欢黑人	wǒ yī zhí xǐ huān hēi rén
1571	快手	1649	70	106	125.68	不玩快手	bù wán kuài shǒu	来！快手！	lái ！ kuài shǒu ！	没录个快手？	méi lù gè kuài shǒu ？
1572	失踪	1790	5173	5	125.63	失踪人口	shī zōng rén kǒu	你失踪了？	nǐ shī zōng le ？	失踪失踪人口了	shī zōng shī zōng rén kǒu le
1573	情人	2835	2408	6	125.61	啵啵情人	bō bō qíng rén	你梦中情人呢	nǐ mèng zhōng qíng rén ne	我又没有情人	wǒ yòu méi yǒu qíng rén
1574	春	3476	471	11	125.56	温暖如春	wēn nuǎn rú chūn	第二春。	dì èr chūn 。	今年春来晚	jīn nián chūn lái wǎn
1575	牺牲	1365	4633	35	125.43	上一任牺牲了	shàng yī rèn xī shēng le	夏天总会有牺牲	xià tiān zǒng huì yǒu xī shēng	高三就是需要牺牲，后悔了哎	gāo sān jiù shì xū yào xī shēng ， hòu huǐ le āi
1576	淡	3326	347	20	125.24	二狗是魂淡	èr gǒu shì hún dàn	味道淡一点	wèi dào dàn yī diǎn	唉，淡了淡了	āi ， dàn le dàn le
1577	倒霉	2807	2070	13	125.22	各种倒霉	gè zhǒng dào méi	倒霉孩子啊	dào méi hái zi a	我都倒霉爆了	wǒ dōu dào méi bào le
1578	合理	1908	2117	55	125.12	我觉得我很合理	wǒ jué dé wǒ hěn hé lǐ	亦不合理，无解。	yì bù hé lǐ ， wú jiě 。	合理饮食良好体态	hé lǐ yǐn shí liáng hǎo tǐ tài
1579	神秘	2102	3614	18	125.06	神秘人格	shén mì rén gé	神秘的很	shén mì de hěn	你算哪门子神秘	nǐ suàn nǎ mén zi shén mì
1580	心动	3485	298	13	125.04	是的啊好心动	shì de a hǎo xīn dòng	说的我好心动	shuō de wǒ hǎo xīn dòng	心动步入快行动	xīn dòng bù rù kuài xíng dòng
1581	十斤	3428	10	21	125.02	胖了十斤	pàng le shí jīn	长十斤了？	zhǎng shí jīn le ？	十斤。等着。	shí jīn 。 děng zhe 。
1582	矮油	3856	22	0	124.81	矮油不错哦	ǎi yóu bù cuò ó	矮油什么事嘛	ǎi yóu shén me shì ma	矮油是泰迪不？	ǎi yóu shì tài dí bù ？
1583	麻辣	2644	73	57	124.78	麻辣新语	má là xīn yǔ	好想吃麻辣香锅啊	hǎo xiǎng chī má là xiāng guō a	我想着麻辣小龙虾	wǒ xiǎng zhe má là xiǎo lóng xiā
1584	螃蟹	3407	579	11	124.68	是小螃蟹	shì xiǎo páng xiè	螃蟹还好的	páng xiè hái hǎo de	那就蒸螃蟹吧	nà jiù zhēng páng xiè ba
1585	呸	3224	397	23	124.60	呸秀恩爱	pēi xiù ēn ài	呸老子不	pēi lǎo zi bù	呸。。下课	pēi 。 。 xià kè
1586	傲娇	3844	26	0	124.48	小傲娇样	xiǎo ào jiāo yàng	傲娇的土豪	ào jiāo de tǔ háo	傲娇的鹭姨	ào jiāo de lù yí
1587	女王	2418	3287	8	124.44	宵夜女王	xiāo yè nǚ wáng	沙沙女王	shā shā nǚ wáng	简女王？	jiǎn nǚ wáng ？
1588	出轨	2712	346	48	124.30	出轨也是	chū guǐ yě shì	那就需要出轨	nà jiù xū yào chū guǐ	哈哈哈哈我尽量不出轨	hā hā hā hā wǒ jǐn liàng bù chū guǐ
1589	可恶	1444	5798	8	124.27	混卖…可恶	hùn mài … kě è	这可恶的离愁	zhè kě è de lí chóu	为毛说人家可恶	wèi máo shuō rén jiā kě è
1590	年代	1937	879	75	124.13	是武则天年代吧	shì wǔ zé tiān nián dài ba	年代不一样，小伙子	nián dài bù yī yàng ， xiǎo huǒ zi	这是哪个年代的姑凉	zhè shì nǎ gè nián dài de gū liáng
1591	精力	2328	1540	44	124.07	那吧精力保留	nà ba jīng lì bǎo liú	主要没精力折腾	zhǔ yào méi jīng lì zhé téng	新生们精力旺盛呀	xīn shēng men jīng lì wàng shèng ya
1592	恶心	0	5950	74	124.07	人真恶心	rén zhēn è xīn	听着真恶心。	tīng zhe zhēn è xīn 。	那首歌真恶心	nà shǒu gē zhēn è xīn
1593	欧洲	1628	3296	45	124.02	欧洲去不去	ōu zhōu qù bù qù	你在欧洲了?	nǐ zài ōu zhōu le ?	你来欧洲开会？	nǐ lái ōu zhōu kāi huì ？
1594	保存	2735	1671	22	124.00	怎么保存	zěn me bǎo cún	要好好保存	yào hǎo hǎo bǎo cún	我已经保存了	wǒ yǐ jīng bǎo cún le
1595	面子	2823	1219	26	123.91	好没面子	hǎo méi miàn zi	面子面子	miàn zi miàn zi	给我点面子	gěi wǒ diǎn miàn zi
1596	全程	3155	297	27	123.82	全程腿粗	quán chéng tuǐ cū	全程姨母笑	quán chéng yí mǔ xiào	全程只看见了腿	quán chéng zhǐ kàn jiàn le tuǐ
1597	他人	1685	2807	51	123.81	善待他人吧	shàn dài tā rén ba	无需他人陪伴	wú xū tā rén péi bàn	因为他人如头像	yīn wèi tā rén rú tóu xiàng
1598	打完	2489	498	55	123.72	昨晚刚去打完球	zuó wǎn gāng qù dǎ wán qiú	你打完字就疼完了	nǐ dǎ wán zì jiù téng wán le	你打完暑假工了吗	nǐ dǎ wán shǔ jiǎ gōng le ma
1599	玩具	2250	3007	20	123.63	一个玩具大厦	yī gè wán jù dà shà	曾经喜欢的玩具	céng jīng xǐ huān de wán jù	挺贵的尤其是玩具	tǐng guì de yóu qí shì wán jù
1600	清明	3712	28	5	123.61	清明干嘛	qīng míng gàn ma	清明扫墓啊	qīng míng sǎo mù a	清明去合肥？	qīng míng qù hé féi ？
1601	动漫	2150	65	79	123.57	动漫侧耳倾听	dòng màn cè ěr qīng tīng	你也喜欢动漫呢	nǐ yě xǐ huān dòng màn ne	你看过动漫吗？	nǐ kàn guò dòng màn ma ？
1602	噻	3425	5	19	123.51	出来耍噻	chū lái shuǎ sāi	你咬我噻！	nǐ yǎo wǒ sāi ！	肯定满意噻	kěn dìng mǎn yì sāi
1603	差评	3379	10	21	123.43	对了头像差评	duì le tóu xiàng chà píng	错别字差评！	cuò bié zì chà píng ！	露太少差评。	lù tài shǎo chà píng 。
1604	老哥	3592	590	0	123.36	s6老哥稳	s 6 lǎo gē wěn	老哥一起瘦吧	lǎo gē yī qǐ shòu ba	老哥也喜欢嘛	lǎo gē yě xǐ huān ma
1605	蛋蛋	3484	815	1	123.35	切，蛋蛋蛋	qiè ， dàn dàn dàn	别欺负蛋蛋	bié qī fù dàn dàn	蛋蛋的回个	dàn dàn de huí gè
1606	局	2183	1851	44	123.26	局是你多	jú shì nǐ duō	明天窜个局	míng tiān cuàn gè jú	我在你爸局里	wǒ zài nǐ bà jú lǐ
1607	重复	1980	3997	14	123.19	我不喜欢重复	wǒ bù xǐ huān zhòng fù	我重复看了n便	wǒ zhòng fù kàn le n biàn	那咱俩没要重复了	nà zán liǎ méi yào zhòng fù le
1608	段子	3224	105	26	122.98	段子而已啦	duàn zi ér yǐ la	说黄段子啊	shuō huáng duàn zi a	额这是段子	é zhè shì duàn zi
1609	看成	3659	373	0	122.82	我看成四个字了	wǒ kàn chéng sì gè zì le	差点看成南京大学	chà diǎn kàn chéng nán jīng dà xué	看成，会生脚气的	kàn chéng ， huì shēng jiǎo qì de
1610	消费	2454	348	58	122.74	强迫消费啊	qiáng pò xiāo fèi a	酒吧消费咋样	jiǔ ba xiāo fèi zǎ yàng	感谢人均消费多少那	gǎn xiè rén jūn xiāo fèi duō shǎo nà
1611	严	1670	483	93	122.73	不给家教严	bù gěi jiā jiào yán	管这么严呀你	guǎn zhè me yán ya nǐ	同学，你觉得今年评分严吗	tóng xué ， nǐ jué dé jīn nián píng fēn yán ma
1612	海南	3517	21	13	122.63	我在海南	wǒ zài hǎi nán	在海南旅游	zài hǎi nán lǚ yóu	你去海南了？	nǐ qù hǎi nán le ？
1613	漫画	3055	1264	12	122.52	去看漫画.	qù kàn màn huà .	就是木鸟漫画	jiù shì mù niǎo màn huà	哈哈哈漫画也是	hā hā hā màn huà yě shì
1614	编	2729	1675	20	122.51	他一般不编好像	tā yī bān bù biān hǎo xiàng	周编，好好带娃	zhōu biān ， hǎo hǎo dài wá	嗯，编的很辛苦	ń ， biān de hěn xīn kǔ
1615	屏蔽	3713	152	1	122.49	屏蔽海啸	píng bì hǎi xiào	我要屏蔽你	wǒ yào píng bì nǐ	那你屏蔽啊	nà nǐ píng bì a
1616	朕	3362	1007	2	122.48	给朕退下	gěi zhèn tuì xià	伺候朕就寝吧	cì hòu zhèn jiù qǐn ba	朕拒绝都拒绝	zhèn jù jué dōu jù jué
1617	手机壳	3623	2	8	122.44	手机壳很帅气	shǒu jī ké hěn shuài qì	换手机壳干嘛	huàn shǒu jī ké gàn ma	这手机壳不错	zhè shǒu jī ké bù cuò
1618	剑	1391	3946	42	122.43	捂裆练剑	wǔ dāng liàn jiàn	仗剑天涯剑	zhàng jiàn tiān yá jiàn	你去练剑了？	nǐ qù liàn jiàn le ？
1619	即	2382	2773	16	122.28	拎包即住	līn bāo jí zhù	弱混即半声	ruò hùn jí bàn shēng	考完即胜利	kǎo wán jí shèng lì
1620	思念	3364	821	5	122.25	思念深深	sī niàn shēn shēn	思念你啦！	sī niàn nǐ la ！	思念红红姐	sī niàn hóng hóng jiě
1621	制造	776	4753	56	122.07	谁制造你	shuí zhì zào nǐ	光明，制造瞎子	guāng míng ， zhì zào xiā zi	别制造紧张好伐	bié zhì zào jǐn zhāng hǎo fá
1622	里边儿	36	5	179	122.05	客官里边儿请	kè guān lǐ biān ér qǐng	放了呀，在里边儿	fàng le ya ， zài lǐ biān ér	蹲里边儿不出来了	dūn lǐ biān ér bù chū lái le
1623	大脑	1601	3305	43	121.91	偶没有大脑	ǒu méi yǒu dà nǎo	嗯，没大脑	ń ， méi dà nǎo	强大脑回路	qiáng dà nǎo huí lù
1624	舞台	2490	2297	19	121.86	期待五个人的舞台	qī dài wǔ gè rén de wǔ tái	看服装舞台是弟弟	kàn fú zhuāng wǔ tái shì dì dì	等着今晚的舞台凯	děng zhe jīn wǎn de wǔ tái kǎi
1625	活该	3330	876	5	121.84	你们活该	nǐ men huó gāi	你活该被训	nǐ huó gāi bèi xùn	哈哈哈活该	hā hā hā huó gāi
1626	制作	1399	3912	41	121.59	y印刷厂制作中	y yìn shuā chǎng zhì zuò zhōng	马上制作一份给你	mǎ shàng zhì zuò yī fèn gěi nǐ	多谢你后期制作好好	duō xiè nǐ hòu qī zhì zuò hǎo hǎo
1627	通常	1370	4956	23	121.51	我通常抱着被子	wǒ tōng cháng bào zhe bèi zi	开门的那个通常是我	kāi mén de nà gè tōng cháng shì wǒ	我通常一杯豆浆自己打	wǒ tōng cháng yī bēi dòu jiāng zì jǐ dǎ
1628	差距	2178	356	69	121.35	差距好大呀	chà jù hǎo dà ya	年龄差距太大	nián líng chà jù tài dà	还是有差距滴	hái shì yǒu chà jù dī
1629	黑眼圈	3205	131	24	121.35	黑眼圈深	hēi yǎn quān shēn	有黑眼圈么	yǒu hēi yǎn quān me	哈哈哈黑眼圈	hā hā hā hēi yǎn quān
1630	掌握	1159	2882	71	121.26	不好掌握嘛	bù hǎo zhǎng wò ma	掌握方向！	zhǎng wò fāng xiàng ！	嘿嘿掌握要领了！	hēi hēi zhǎng wò yào lǐng le ！
1631	至今	2679	1379	26	121.25	至今还是单身汪	zhì jīn hái shì dān shēn wāng	我至今仍然分不清她俩	wǒ zhì jīn réng rán fēn bù qīng tā liǎ	至今没吃过正宗羊肉泡馍	zhì jīn méi chī guò zhèng zōng yáng ròu pào mó
1632	规划	1096	495	118	121.21	在规划呢	zài guī huà ne	超前规划不行	chāo qián guī huà bù xíng	我在规划设计院	wǒ zài guī huà shè jì yuàn
1633	午安	3516	614	0	121.21	哈哈午安	hā hā wǔ ān	谢哦午安	xiè ó wǔ ān	好美～午安	hǎo měi ～ wǔ ān
1634	不是的	2459	2974	7	121.19	不是的。	bù shì de 。	不是的吧	bù shì de ba	不是的哦	bù shì de ó
1635	像是	1249	4106	44	121.19	就。是感觉看着像是他	jiù 。 shì gǎn jué kàn zhe xiàng shì tā	确实像是如此，祝福你	què shí xiàng shì rú cǐ ， zhù fú nǐ	你看起像是很会哭的喃！	nǐ kàn qǐ xiàng shì hěn huì kū de nán ！
1636	正宗	3218	191	22	121.16	正宗南方	zhèng zōng nán fāng	正宗吃豆腐	zhèng zōng chī dòu fǔ	吃才是正宗的	chī cái shì zhèng zōng de
1637	理论	1536	2926	52	121.16	。什么理论	。 shén me lǐ lùn	驾照理论题	jià zhào lǐ lùn tí	对就是这理论	duì jiù shì zhè lǐ lùn
1638	硂	0	9722	0	121.11	硂痷稭镍.	quán ān jiē niè .	硂ㄠ.	  quán ㄠ .	硂琌屡芖.	quán  líng lǚ zhì .
1639	论	3080	541	22	121.07	论土好吃吗	lùn tǔ hǎo chī ma	你论文欧啦？	nǐ lùn wén ōu la ？	到华山论剑！	dào huá shān lùn jiàn ！
1640	团队	1518	2472	61	121.00	一个创业团队	yī gè chuàng yè tuán duì	一起啊卖保险小团队	yī qǐ a mài bǎo xiǎn xiǎo tuán duì	安心打造销售团队嘻嘻	ān xīn dǎ zào xiāo shòu tuán duì xī xī
1641	睡衣	3243	1032	5	120.97	睡衣好评	shuì yī hǎo píng	耶撞睡衣	yé zhuàng shuì yī	睡衣哪买的	shuì yī nǎ mǎi de
1642	原图	3737	4	0	120.75	我要原图	wǒ yào yuán tú	给你原图	gěi nǐ yuán tú	想求个原图	xiǎng qiú gè yuán tú
1643	养生	2803	37	44	120.69	养生喝茶	yǎng shēng hē chá	养生女孩	yǎng shēng nǚ hái	很懂养生	hěn dǒng yǎng shēng
1644	粉丝	1	1123	158	120.67	大粉丝！	dà fěn sī ！	那你的粉丝呢	nà nǐ de fěn sī ne	他是莫里斯粉丝	tā shì mò lǐ sī fěn sī
1645	建立	652	3650	80	120.53	我们自己建立的群	wǒ men zì jǐ jiàn lì de qún	你的高兴建立在我的痛苦上	nǐ de gāo xīng jiàn lì zài wǒ de tòng kǔ shàng	双方建立在自愿基础上减肥	shuāng fāng jiàn lì zài zì yuàn jī chǔ shàng jiǎn féi
1646	感恩	3547	370	2	120.52	哈，感恩	hā ， gǎn ēn	感恩外婆	gǎn ēn wài pó	感恩炮王	gǎn ēn pào wáng
1647	滋润	3650	157	1	120.52	很滋润嘛	hěn zī rùn ma	滋润心情	zī rùn xīn qíng	爱情的滋润	ài qíng de zī rùn
1648	告	2184	2052	36	120.40	我要告孃孃	wǒ yào gào niáng niáng	你告儿我哪细了	nǐ gào ér wǒ nǎ xì le	我可以告苹果吗？	wǒ kě yǐ gào píng guǒ ma ？
1649	师父	2218	3589	6	120.40	你师父姓啥	nǐ shī fù xìng shá	师父说笑了	shī fù shuō xiào le	我好想你师父	wǒ hǎo xiǎng nǐ shī fù
1650	上瘾	2904	614	28	120.34	染发上瘾	rǎn fā shàng yǐn	喝咖啡上瘾	hē kā fēi shàng yǐn	游上瘾了啊	yóu shàng yǐn le a
1651	剪短	3682	111	0	120.30	打算去剪短了	dǎ suàn qù jiǎn duǎn le	难道你剪短了	nán dào nǐ jiǎn duǎn le	你头发剪短了？	nǐ tóu fā jiǎn duǎn le ？
1652	一般般	3290	92	19	120.23	一般般吧	yī bān bān ba	一般般咯	yī bān bān gē	一般般的啦	yī bān bān de la
1653	知足	3534	163	6	120.22	恩，知足	ēn ， zhī zú	人要知足诶	rén yào zhī zú éi	不知足还想见本人	bù zhī zú hái xiǎng jiàn běn rén
1654	90后	3717	12	0	120.20	单身90后	dān shēn 9 0 hòu	90后有多少	9 0 hòu yǒu duō shǎo	你是90后？	nǐ shì 9 0 hòu ？
1655	特意	3269	627	10	120.14	嘻嘻。。特意问问你嘛	xī xī 。 。 tè yì wèn wèn nǐ ma	很多人特意去反正拍照	hěn duō rén tè yì qù fǎn zhèng pāi zhào	我特意放上了熊猫为了你	wǒ tè yì fàng shàng le xióng māo wèi le nǐ
1656	恩爱	3557	196	4	120.02	这恩爱呀	zhè ēn ài ya	又秀恩爱！	yòu xiù ēn ài ！	恩爱什么鬼	ēn ài shén me guǐ
1657	闭	2488	2199	18	119.90	闭上眼睛	bì shàng yǎn jīng	又一闭眼黑!	yòu yī bì yǎn hēi !	你闭着眼睛打扫	nǐ bì zhe yǎn jīng dǎ sǎo
1658	管用	2790	1576	15	119.87	不太管用	bù tài guǎn yòng	不管用吧	bù guǎn yòng ba	喝水不管用	hē shuǐ bù guǎn yòng
1659	需	2495	1794	25	119.81	需帮忙你说话	xū bāng máng nǐ shuō huà	不需闹钟准点醒	bù xū nào zhōng zhǔn diǎn xǐng	撸债还需撸来还	lū zhài hái xū lū lái hái
1660	仇恨	3066	1173	9	119.71	拉仇恨？	lā chóu hèn ？	你在拉仇恨	nǐ zài lā chóu hèn	拉仇恨的节奏	lā chóu hèn de jié zòu
1661	宠	3253	189	18	119.57	唯有宠着了	wéi yǒu chǒng zhe le	爱你太宠了	ài nǐ tài chǒng le	而且有你宠着	ér qiě yǒu nǐ chǒng zhe
1662	罚	2438	997	42	119.51	停车罚的啊	tíng chē fá de a	迟到罚二十	chí dào fá èr shí	罚你唱歌给我听	fá nǐ chàng gē gěi wǒ tīng
1663	完毕	2270	3482	4	119.39	运动完毕	yùn dòng wán bì	鉴定完毕。	jiàn dìng wán bì 。	腿白鉴定完毕	tuǐ bái jiàn dìng wán bì
1664	桂林	2616	21	51	119.18	广西桂林	guǎng xī guì lín	路过桂林	lù guò guì lín	你在桂林？	nǐ zài guì lín ？
1665	显然	1423	5767	2	119.15	显然不是	xiǎn rán bù shì	显然一样的	xiǎn rán yī yàng de	显然是后者	xiǎn rán shì hòu zhě
1666	牛逼	0	240	172	119.09	你牛逼！	nǐ niú bī ！	牛逼了！	niú bī le ！	瞧 牛逼	qiáo   niú bī
1667	代价	1866	3961	14	119.06	什么代价	shén me dài jià	要有代价的	yào yǒu dài jià de	青春有代价	qīng chūn yǒu dài jià
1668	竟	2864	1861	5	119.06	妈竟美丽过女	mā jìng měi lì guò nǚ	我竟无法反驳	wǒ jìng wú fǎ fǎn bó	我竟无言以对	wǒ jìng wú yán yǐ duì
1669	艰难	2624	2031	13	118.83	工作艰难	gōng zuò jiān nán	稳食艰难啊	wěn shí jiān nán a	好艰难的样子	hǎo jiān nán de yàng zi
1670	严肃	2871	1494	11	118.76	我很严肃的	wǒ hěn yán sù de	不准笑严肃些	bù zhǔn xiào yán sù xiē	严肃点，不许笑	yán sù diǎn ， bù xǔ xiào
1671	脂肪	2564	604	42	118.68	脂肪在燃烧	zhī fáng zài rán shāo	哦淹没在脂肪里	ó yān méi zài zhī fáng lǐ	我给你外送脂肪	wǒ gěi nǐ wài sòng zhī fáng
1672	安好	3580	245	0	118.68	愿你安好	yuàn nǐ ān hǎo	目前安好	mù qián ān hǎo	祝你安好	zhù nǐ ān hǎo
1673	得瑟	3656	45	0	118.64	切，得瑟	qiè ， dé sè	瞧你得瑟的	qiáo nǐ dé sè de	你再得瑟我删了	nǐ zài dé sè wǒ shān le
1674	规律	2161	551	62	118.51	饮食不规律	yǐn shí bù guī lǜ	忌饮食不规律	jì yǐn shí bù guī lǜ	倒班还能规律？	dào bān hái néng guī lǜ ？
1675	这时候	2180	1248	48	118.36	这时候回来作死	zhè shí hòu huí lái zuò sǐ	对，这时候好像还凉	duì ， zhè shí hòu hǎo xiàng hái liáng	这时候他们出现了！	zhè shí hòu tā men chū xiàn le ！
1676	睫毛	3618	112	0	118.25	我种睫毛	wǒ zhǒng jié máo	这睫毛！	zhè jié máo ！	睫毛也刮掉	jié máo yě guā diào
1677	逼	0	5860	67	118.23	不是我逼你们呀	bù shì wǒ bī nǐ men ya	我没有逼过他呀	wǒ méi yǒu bī guò tā ya	他们快把我逼疯了	tā men kuài bǎ wǒ bī fēng le
1678	拍摄	2103	3332	13	118.21	爪机拍摄	zhǎo jī pāi shè	一个拍摄啦	yī gè pāi shè la	感谢你的拍摄	gǎn xiè nǐ de pāi shè
1679	对手	1604	3704	30	118.20	不是对手啊	bù shì duì shǒu a	对手变化好大呢	duì shǒu biàn huà hǎo dà ne	旗鼓相当的对手	qí gǔ xiāng dāng de duì shǒu
1680	望	2892	1658	6	118.11	我都望你拉	wǒ dōu wàng nǐ lā	望京紫霞门	wàng jīng zǐ xiá mén	望馀生皆是晴天	wàng yú shēng jiē shì qíng tiān
1681	解	2746	1435	17	118.04	解了哦也	jiě le ó yě	一醉解千愁	yī zuì jiě qiān chóu	土豆解乡愁	tǔ dòu jiě xiāng chóu
1682	高度	2042	1954	41	117.97	高度警惕	gāo dù jǐng tì	板楼的高度	bǎn lóu de gāo dù	慢慢适应这个高度	màn màn shì yīng zhè gè gāo dù
1683	说谎	1410	5699	2	117.89	她在说谎	tā zài shuō huǎng	不要说谎噢	bù yào shuō huǎng ō	你一直说谎	nǐ yī zhí shuō huǎng
1684	婚姻	1806	4393	7	117.78	婚姻幸福。	hūn yīn xìng fú 。	婚姻摧残人性	hūn yīn cuī cán rén xìng	厉害霸道独断婚姻不利	lì hài bà dào dú duàn hūn yīn bù lì
1685	老妈	2624	2487	3	117.76	老妈最近可好	lǎo mā zuì jìn kě hǎo	准备带老妈看电影	zhǔn bèi dài lǎo mā kàn diàn yǐng	刚给老妈打完电话	gāng gěi lǎo mā dǎ wán diàn huà
1686	西藏	3035	283	24	117.75	你真要大西藏？	nǐ zhēn yào dà xī cáng ？	你当真去西藏了啊	nǐ dāng zhēn qù xī cáng le a	也许大理，也许西藏	yě xǔ dà lǐ ， yě xǔ xī cáng
1687	甜蜜	2816	1554	11	117.73	必须甜蜜	bì xū tián mì	你也好甜蜜啦	nǐ yě hǎo tián mì la	你甜蜜的顾的干啥	nǐ tián mì de gù de gàn shá
1688	诅咒	2329	3140	5	117.71	不要诅咒我	bù yào zǔ zhòu wǒ	诅咒你挂科	zǔ zhòu nǐ guà kē	画圈圈诅咒你	huà quān quān zǔ zhòu nǐ
1689	明晚	3273	955	0	117.61	要不明晚	yào bù míng wǎn	明晚收工撤	míng wǎn shōu gōng chè	明晚来喝酒啊	míng wǎn lái hē jiǔ a
1690	肯	1544	3212	41	117.56	要抱抱才肯下床	yào bào bào cái kěn xià chuáng	OK，只要你肯来	O K ， zhǐ yào nǐ kěn lái	我肯我爹也不肯啊	wǒ kěn wǒ diē yě bù kěn a
1691	届	2427	435	50	117.55	上一届的师哥	shàng yī jiè de shī gē	来蔬菜届转转	lái shū cài jiè zhuǎn zhuǎn	你是哪届的啊？	nǐ shì nǎ jiè de a ？
1692	味儿	2343	326	56	117.53	最爱黄瓜味儿	zuì ài huáng guā wèi ér	越老越有味儿	yuè lǎo yuè yǒu wèi ér	你是茄子味儿的	nǐ shì jiā zi wèi ér de
1693	驾驶	789	2836	84	117.51	专业老驾驶	zhuān yè lǎo jià shǐ	拖拉机驾驶	tuō lā jī jià shǐ	举报无证驾驶	jǔ bào wú zhèng jià shǐ
1694	骨头	2203	1980	32	117.42	只有骨头	zhǐ yǒu gǔ tóu	特产就是肉骨头	tè chǎn jiù shì ròu gǔ tóu	不早说就剩骨头了	bù zǎo shuō jiù shèng gǔ tóu le
1695	键盘	3152	265	18	117.25	双手已嫁键盘	shuāng shǒu yǐ jià jiàn pán	感觉键盘特好用	gǎn jué jiàn pán tè hǎo yòng	快成键盘摄影师了	kuài chéng jiàn pán shè yǐng shī le
1696	皇上	1848	2554	38	117.15	见过皇上	jiàn guò huáng shàng	我才是皇上	wǒ cái shì huáng shàng	皇上在哪呢	huáng shàng zài nǎ ne
1697	专辑	3240	775	4	117.00	坐等专辑	zuò děng zhuān jí	头像专辑啊	tóu xiàng zhuān jí a	求签名专辑礼物	qiú qiān míng zhuān jí lǐ wù
1698	嫁给	2051	2769	24	116.94	嫁给我吧	jià gěi wǒ ba	嫁给我呢？	jià gěi wǒ ne ？	也会嫁给爱情的	yě huì jià gěi ài qíng de
1699	采访	2246	2153	26	116.91	我采访你几句	wǒ cǎi fǎng nǐ jǐ jù	采访表白狗啊	cǎi fǎng biǎo bái gǒu a	一看昨天采访就没看	yī kàn zuó tiān cǎi fǎng jiù méi kàn
1700	虫	2741	1617	12	116.77	放虫咬你	fàng chóng yǎo nǐ	虫是谁！？	chóng shì shuí ！ ？	可惜你是虫儿	kě xī nǐ shì chóng ér
1701	豆腐	2812	403	31	116.77	吃谁豆腐	chī shuí dòu fǔ	别吃我豆腐	bié chī wǒ dòu fǔ	出豆腐的坊子	chū dòu fǔ de fāng zi
1702	赔	2048	1459	48	116.72	个电池我的赔。	gè diàn chí wǒ de péi 。	弄丢了，你赔我	nòng diū le ， nǐ péi wǒ	如假包换假一赔十	rú jiǎ bāo huàn jiǎ yī péi shí
1703	娱乐圈	1929	86	79	116.70	娱乐圈水深！	yú lè quān shuǐ shēn ！	你们娱乐圈这么乱吗	nǐ men yú lè quān zhè me luàn ma	对娱乐圈一笑而过吧	duì yú lè quān yī xiào ér guò ba
1704	逗比	3588	9	1	116.67	我不逗比	wǒ bù dòu bǐ	逗比室友	dòu bǐ shì yǒu	逗比聊天	dòu bǐ liáo tiān
1705	设	2466	1208	32	116.29	人设不符	rén shè bù fú	给我设的是啥哈哈	gěi wǒ shè de shì shá hā hā	设了，可我没迟到	shè le ， kě wǒ méi chí dào
1706	案子	268	7823	15	116.24	大哥.什么案子	dà gē . shén me àn zi	下一个案子又来了	xià yī gè àn zi yòu lái le	看了静海一中的案子	kàn le jìng hǎi yī zhōng de àn zi
1707	相爱	2800	1691	7	116.22	默然相爱	mò rán xiāng ài	相爱十年啊	xiāng ài shí nián a	互相相爱么么哒	hù xiāng xiāng ài me me dá
1708	至	1975	3389	15	116.13	人生之至高境界	rén shēng zhī zhì gāo jìng jiè	友尽期延长至一个月	yǒu jǐn qī yán zhǎng zhì yī gè yuè	启初至本珂润都可以	qǐ chū zhì běn kē rùn dōu kě yǐ
1709	酱油	3196	219	15	116.08	送你酱油	sòng nǐ jiàng yóu	顺便打酱油	shùn biàn dǎ jiàng yóu	洋人喜欢酱油	yáng rén xǐ huān jiàng yóu
1710	技巧	1355	1630	77	116.04	什么技巧	shén me jì qiǎo	听说是有技巧的	tīng shuō shì yǒu jì qiǎo de	师傅传授泡妹技巧咯	shī fù chuán shòu pào mèi jì qiǎo gē
1711	跑到	2036	1544	46	116.04	哪天就跑到大连了	nǎ tiān jiù pǎo dào dà lián le	你跑到哪一国去了？	nǐ pǎo dào nǎ yī guó qù le ？	白天跑到黑夜啊！！	bái tiān pǎo dào hēi yè a ！ ！
1712	高手	2652	1732	13	116.00	尬聊高手	gà liáo gāo shǒu	打架高手	dǎ jià gāo shǒu	碎屏高手	suì píng gāo shǒu
1713	抖	2936	723	18	115.98	抖不粗来	dǒu bù cū lái	她是抖s吗	tā shì dǒu s ma	脚抖的厉害	jiǎo dǒu de lì hài
1714	私人	1518	4885	9	115.96	私人珍藏	sī rén zhēn cáng	还请了私人教练	hái qǐng le sī rén jiào liàn	我用我的私人去接你	wǒ yòng wǒ de sī rén qù jiē nǐ
1715	拖鞋	3284	411	7	115.91	在家才穿拖鞋	zài jiā cái chuān tuō xié	到底买了这拖鞋	dào dǐ mǎi le zhè tuō xié	拖鞋跟我家一样	tuō xié gēn wǒ jiā yī yàng
1716	足	2769	825	24	115.91	吃饱喝足	chī bǎo hē zú	有你足矣	yǒu nǐ zú yǐ	越足越好	yuè zú yuè hǎo
1717	向往	2377	370	51	115.80	心向往之	xīn xiàng wǎng zhī	你所向往的生活	nǐ suǒ xiàng wǎng de shēng huó	古城西安随时很向往	gǔ chéng xī ān suí shí hěn xiàng wǎng
1718	醋	2577	338	42	115.79	醋喝多了	cù hē duō le	用醋和泡椒	yòng cù hé pào jiāo	醋泡牛板筋	cù pào niú bǎn jīn
1719	企业	1109	1705	87	115.78	考企业文化	kǎo qǐ yè wén huà	对了，企业资助的	duì le ， qǐ yè zī zhù de	企业质量不是很高？	qǐ yè zhì liàng bù shì hěn gāo ？
1720	前进	1376	5019	13	115.74	往高原前进	wǎng gāo yuán qián jìn	准备游泳前进	zhǔn bèi yóu yǒng qián jìn	前进马德里。	qián jìn mǎ dé lǐ 。
1721	啊哈	3018	1195	5	115.74	啊哈午安	a hā wǔ ān	啊哈已截图。	a hā yǐ jié tú 。	啊哈谢谢茜茜	a hā xiè xiè qiàn qiàn
1722	操	0	8297	18	115.51	- 操!	-   cāo !	我要操你	wǒ yào cāo nǐ	操...	cāo . . .
1723	破坏	0	6450	52	115.45	破坏你?	pò huài nǐ ?	你破坏我?	nǐ pò huài wǒ ?	你无法破坏我们的	nǐ wú fǎ pò huài wǒ men de
1724	奖励	2832	895	19	115.44	我要奖励	wǒ yào jiǎng lì	有奖励吗	yǒu jiǎng lì ma	不是，奖励	bù shì ， jiǎng lì
1725	智齿	3565	18	0	115.36	智齿么？	zhì chǐ me ？	拔智齿多钱	bá zhì chǐ duō qián	智齿美少女	zhì chǐ měi shǎo nǚ
1726	人民	0	4755	83	115.26	你的人民	nǐ de rén mín	是我的人民	shì wǒ de rén mín	放走你的人民	fàng zǒu nǐ de rén mín
1727	持续	1898	3138	22	115.24	持续发烧	chí xù fā shāo	持续展示	chí xù zhǎn shì	春节持续16天	chūn jié chí xù 1 6 tiān
1728	瞎说	3251	496	6	115.23	别瞎说！	bié xiā shuō ！	我瞎说的	wǒ xiā shuō de	瞎说大实话	xiā shuō dà shí huà
1729	哪怕	1691	1558	61	115.20	哪怕是活成精啦	nǎ pà shì huó chéng jīng la	哪怕在过百年千年	nǎ pà zài guò bǎi nián qiān nián	没事你哪怕大背都好看	méi shì nǐ nǎ pà dà bèi dōu hǎo kàn
1730	原	2339	1877	24	115.13	原画模式	yuán huà mó shì	同求原图	tóng qiú yuán tú	求个原图	qiú gè yuán tú
1731	贡献	1350	1177	84	114.96	我贡献！	wǒ gòng xiàn ！	贡献很多啥	gòng xiàn hěn duō shá	多亏我贡献！	duō kuī wǒ gòng xiàn ！
1732	代言人	3265	211	10	114.83	最佳代言人	zuì jiā dài yán rén	表白代言人	biǎo bái dài yán rén	让我们当代言人	ràng wǒ men dāng dài yán rén
1733	使劲	2738	815	24	114.78	使劲挖挖挖	shǐ jìn wā wā wā	那就使劲摔	nà jiù shǐ jìn shuāi	使劲喝的意思？	shǐ jìn hē de yì sī ？
1734	南宁	3506	13	2	114.75	回南宁么	huí nán níng me	不是回南宁	bù shì huí nán níng	到南宁了.	dào nán níng le .
1735	世上	1722	4367	7	114.74	世上好人多！	shì shàng hǎo rén duō ！	世上没那么多坏人	shì shàng méi nà me duō huài rén	我说你世上最善良	wǒ shuō nǐ shì shàng zuì shàn liáng
1736	小清新	3485	11	3	114.72	你小清新？！	nǐ xiǎo qīng xīn ？ ！	你是文艺小清新	nǐ shì wén yì xiǎo qīng xīn	小清新了亲！！	xiǎo qīng xīn le qīn ！ ！
1737	建筑	1292	2171	68	114.67	建筑方案	jiàn zhù fāng àn	建筑与园林制图	jiàn zhù yǔ yuán lín zhì tú	你学什么建筑专业的	nǐ xué shén me jiàn zhù zhuān yè de
1738	弱弱	3504	12	2	114.67	弱弱的存在感	ruò ruò de cún zài gǎn	你好，我是弱弱弱	nǐ hǎo ， wǒ shì ruò ruò ruò	我弱弱的想知道工资	wǒ ruò ruò de xiǎng zhī dào gōng zī
1739	酱紫	3542	21	0	114.66	原来是酱紫	yuán lái shì jiàng zǐ	哦哦酱紫挺好	ó ó jiàng zǐ tǐng hǎo	怎么可以酱紫	zěn me kě yǐ jiàng zǐ
1740	悲催	3416	21	6	114.64	丕少悲催	pī shǎo bēi cuī	俺悲催啊	ǎn bēi cuī a	喔，那你悲催了	ō ， nà nǐ bēi cuī le
1741	疯子	1298	5565	5	114.62	疯子的嘛	fēng zi de ma	你好，疯子	nǐ hǎo ， fēng zi	把我疯子留下	bǎ wǒ fēng zi liú xià
1742	好过	2746	1699	7	114.58	不好过。	bù hǎo guò 。	好过吗？	hǎo guò ma ？	补考好过	bǔ kǎo hǎo guò
1743	闷	2980	927	10	114.54	我好闷自己	wǒ hǎo mèn zì jǐ	我用了闷痘	wǒ yòng le mèn dòu	我闷了好久	wǒ mèn le hǎo jiǔ
1744	南昌	3503	1	2	114.50	去南昌吧	qù nán chāng ba	南昌的妖风	nán chāng de yāo fēng	嗯，南昌呢	ń ， nán chāng ne
1745	湿	2578	1803	13	114.50	湿到哪里了	shī dào nǎ lǐ le	湿主求姻缘吗	shī zhǔ qiú yīn yuán ma	鞋子还是会湿	xié zi hái shì huì shī
1746	一模一样	2626	1402	18	114.43	一模一样	yī mó yī yàng	天啊一模一样	tiān a yī mó yī yàng	就是你，一模一样	jiù shì nǐ ， yī mó yī yàng
1747	互动	3213	258	11	114.41	对！互动一下	duì ！ hù dòng yī xià	开车怎么互动	kāi chē zěn me hù dòng	早，好久没互动了	zǎo ， hǎo jiǔ méi hù dòng le
1748	拍戏	2871	272	27	114.34	哥忙着拍戏	gē máng zhe pāi xì	在哪里拍戏啊	zài nǎ lǐ pāi xì a	菇凉在拍戏啊	gū liáng zài pāi xì a
1749	大实话	3527	23	0	114.20	大实话！	dà shí huà ！	恩，大实话	ēn ， dà shí huà	真心大实话	zhēn xīn dà shí huà
1750	文笔	3446	66	3	114.14	文笔真好	wén bǐ zhēn hǎo	文笔太好了	wén bǐ tài hǎo le	文笔差我也是	wén bǐ chà wǒ yě shì
1751	家里人	2190	503	55	114.12	告知家里人	gào zhī jiā lǐ rén	家里人去的？	jiā lǐ rén qù de ？	反正不是家里人给的	fǎn zhèng bù shì jiā lǐ rén gěi de
1752	大长腿	3461	25	3	114.12	大长腿！	dà zhǎng tuǐ ！	我看大长腿	wǒ kàn dà zhǎng tuǐ	猴哥大长腿！	hóu gē dà zhǎng tuǐ ！
1753	捂	3313	137	8	114.11	捂多觉咯.其实	wǔ duō jué gē . qí shí	捂得严严实实的	wǔ dé yán yán shí shí de	捂眼睛干什么?	wǔ yǎn jīng gàn shén me ?
1754	三亚	3359	13	8	114.05	三亚美友	sān yà měi yǒu	三亚那边？	sān yà nà biān ？	三亚多少度？	sān yà duō shǎo dù ？
1755	咋个	3508	4	1	114.02	咋个聊？	zǎ gè liáo ？	咋个那么土	zǎ gè nà me tǔ	明天咋个过呢	míng tiān zǎ gè guò ne
1756	监狱	0	8122	19	114.01	却又发明了监狱	què yòu fā míng le jiān yù	在监狱，他真蠢	zài jiān yù ， tā zhēn chǔn	我会进监狱吗？	wǒ huì jìn jiān yù ma ？
1757	一岁	3198	203	12	113.92	儿子一岁	ér zi yī suì	又老一岁忧伤的	yòu lǎo yī suì yōu shāng de	啧，大我一岁呢	zé ， dà wǒ yī suì ne
1758	退休	1905	2549	30	113.53	我只想退休	wǒ zhǐ xiǎng tuì xiū	赶紧退休吧	gǎn jǐn tuì xiū ba	他还没退休呀	tā hái méi tuì xiū ya
1759	摄像头	1730	1105	65	113.51	摄像头啊	shè xiàng tóu a	摄像头还凸吗	shè xiàng tóu hái tū ma	不好啊。摄像头不好	bù hǎo a 。 shè xiàng tóu bù hǎo
1760	绑	1619	3228	31	113.43	绑在腰间	bǎng zài yāo jiān	不绑就撒手没了	bù bǎng jiù sā shǒu méi le	太长了就绑起来	tài zhǎng le jiù bǎng qǐ lái
1761	地位	1448	1609	69	113.39	地位不保	dì wèi bù bǎo	地位可高了	dì wèi kě gāo le	姗姗地位不稳	shān shān dì wèi bù wěn
1762	今	2477	1323	25	113.36	今次和屋企人	jīn cì hé wū qǐ rén	好烦的课今晚上	hǎo fán de kè jīn wǎn shàng	今次绝硬交都得啦	jīn cì jué yìng jiāo dōu dé la
1763	答辩	3478	72	0	113.23	毕业答辩么	bì yè dá biàn me	我们快答辩啦	wǒ men kuài dá biàn la	我答辩完了哇	wǒ dá biàn wán le wa
1764	大多数	1427	2024	62	113.15	大多数是知情的	dà duō shù shì zhī qíng de	我大多数都是有茶就好	wǒ dà duō shù dōu shì yǒu chá jiù hǎo	真的大多数都认为重要	zhēn de dà duō shù dōu rèn wèi zhòng yào
1765	之外	1136	2718	63	113.07	武汉之外走走啊	wǔ hàn zhī wài zǒu zǒu a	恩喜欢，除了你之外	ēn xǐ huān ， chú le nǐ zhī wài	我送你离开千里之外	wǒ sòng nǐ lí kāi qiān lǐ zhī wài
1766	背影	3375	160	3	113.02	背影好看	bèi yǐng hǎo kàn	背影秒杀	bèi yǐng miǎo shā	背影好漂亮	bèi yǐng hǎo piāo liàng
1767	目测	3483	41	0	113.00	目测光脚	mù cè guāng jiǎo	目测妹子	mù cè mèi zi	目测39码	mù cè 3 9 mǎ
1768	子弹	542	6416	23	112.96	橡胶子弹	xiàng jiāo zi dàn	幸福的子弹	xìng fú de zi dàn	我给你子弹	wǒ gěi nǐ zi dàn
1769	壮	2865	556	20	112.96	变黑壮熊	biàn hēi zhuàng xióng	我这是壮！	wǒ zhè shì zhuàng ！	是肌肉壮了	shì jī ròu zhuàng le
1770	公寓	1191	4840	21	112.94	爱情公寓外传	ài qíng gōng yù wài chuán	大学生公寓。。	dà xué shēng gōng yù 。 。	爱情公寓！哈哈	ài qíng gōng yù ！ hā hā
1771	奔奔	3496	1	0	112.92	谢谢奔奔	xiè xiè bēn bēn	咱们可以换奔奔了	zán men kě yǐ huàn bēn bēn le	好的，谢谢奔奔哦	hǎo de ， xiè xiè bēn bēn ó
1772	内涵	2858	187	27	112.86	太内涵了	tài nèi hán le	我是内涵挂的	wǒ shì nèi hán guà de	老司机有内涵	lǎo sī jī yǒu nèi hán
1773	咸鱼	3331	94	6	112.80	咸鱼财神	xián yú cái shén	真·咸鱼	zhēn · xián yú	咸鱼号妹纸	xián yú hào mèi zhǐ
1774	屋里	2747	1767	3	112.76	屋里好暖	wū lǐ hǎo nuǎn	屋里别人呢	wū lǐ bié rén ne	我屋里好黑	wǒ wū lǐ hǎo hēi
1775	尽快	1764	4261	4	112.76	尽快谢谢	jǐn kuài xiè xiè	我尽快找回来	wǒ jǐn kuài zhǎo huí lái	好的，尽快买刀	hǎo de ， jǐn kuài mǎi dāo
1776	同桌	3030	57	21	112.75	你们同桌俩！	nǐ men tóng zhuō liǎ ！	同桌上班啦？	tóng zhuō shàng bān la ？	毕竟，我是你同桌	bì jìng ， wǒ shì nǐ tóng zhuō
1777	争	2160	1228	41	112.74	争三试名额	zhēng sān shì míng é	嗯…不想去争	ń … bù xiǎng qù zhēng	只与同好争高下	zhǐ yǔ tóng hǎo zhēng gāo xià
1778	好些	2855	1482	3	112.70	腿好些了吗	tuǐ hǎo xiē le ma	你身体好些了吗	nǐ shēn tǐ hǎo xiē le ma	一撩就秃感觉好些	yī liāo jiù tū gǎn jué hǎo xiē
1779	暗	1449	3981	24	112.59	暗在哪里	àn zài nǎ lǐ	你下的有点暗	nǐ xià de yǒu diǎn àn	暗搓搓的嫉妒	àn cuō cuō de jí dù
1780	企鹅	3083	503	10	112.59	企鹅知道滴	qǐ é zhī dào dī	我想吃企鹅	wǒ xiǎng chī qǐ é	企鹅怎么样？	qǐ é zěn me yàng ？
1781	忽略	2783	950	16	112.52	都忽略吧！	dōu hū lüè ba ！	所以你忽略了我	suǒ yǐ nǐ hū lüè le wǒ	自动忽略，看不到	zì dòng hū lüè ， kàn bù dào
1782	要不是	2578	1751	11	112.50	那要不是吃饭点要不太远	nà yào bù shì chī fàn diǎn yào bù tài yuǎn	要不是实话，你就勇敢地说不	yào bù shì shí huà ， nǐ jiù yǒng gǎn dì shuō bù	要不是过来人我还不敢反驳你	yào bù shì guò lái rén wǒ hái bù gǎn fǎn bó nǐ
1783	服装	1427	1426	72	112.45	专心做服装吧	zhuān xīn zuò fú zhuāng ba	服装的问题吗	fú zhuāng de wèn tí ma	这是节目服装	zhè shì jié mù fú zhuāng
1784	抽	0	5223	70	112.32	少抽点烟	shǎo chōu diǎn yān	就抽几口	jiù chōu jǐ kǒu	想抽根烟吗？	xiǎng chōu gēn yān ma ？
1785	老人家	3033	718	8	112.30	老人家！	lǎo rén jiā ！	老人家你好	lǎo rén jiā nǐ hǎo	你好，老人家	nǐ hǎo ， lǎo rén jiā
1786	事物	1123	2731	62	112.14	事物和食物一个理。	shì wù hé shí wù yī gè lǐ 。	孩子是最美好的事物	hái zi shì zuì měi hǎo de shì wù	人看到美的事物就会感到快乐	rén kàn dào měi de shì wù jiù huì gǎn dào kuài lè
1787	来回	2938	618	14	112.04	点了来回一下吧	diǎn le lái huí yī xià ba	来回都是只身一人？	lái huí dōu shì zhǐ shēn yī rén ？	我来回大概..25？	wǒ lái huí dà gài . . 2 5 ？
1788	樱花	3279	164	6	112.00	写实樱花	xiě shí yīng huā	这不是樱花	zhè bù shì yīng huā	你去看樱花了	nǐ qù kàn yīng huā le
1789	伴	2911	1062	7	111.97	流水伴鱼走	liú shuǐ bàn yú zǒu	我稳伴稳左好耐	wǒ wěn bàn wěn zuǒ hǎo nài	至少得有个伴啊	zhì shǎo dé yǒu gè bàn a
1790	糊	3088	383	11	111.93	糊到没边	hú dào méi biān	我喜欢高糊	wǒ xǐ huān gāo hú	我怕搞糊了	wǒ pà gǎo hú le
1791	高冷	3270	4	9	111.74	特别高冷	tè bié gāo lěng	高冷女神	gāo lěng nǚ shén	我好高冷哦	wǒ hǎo gāo lěng ó
1792	乱七八糟	2150	1003	44	111.63	乱七八糟	luàn qī bā zāo	神马乱七八糟的	shén mǎ luàn qī bā zāo de	乱七八糟的一大堆	luàn qī bā zāo de yī dà duī
1793	闹钟	3145	318	9	111.61	闹钟一下	nào zhōng yī xià	定个闹钟哇	dìng gè nào zhōng wa	买闹钟干什么	mǎi nào zhōng gàn shén me
1794	捧	2960	526	14	111.60	咱俩就互相捧	zán liǎ jiù hù xiāng pěng	没事我捧得下	méi shì wǒ pěng dé xià	哈哈哈各种互相捧	hā hā hā gè zhǒng hù xiāng pěng
1795	过完	3321	76	5	111.58	过完年再找了	guò wán nián zài zhǎo le	等过完年再说吧	děng guò wán nián zài shuō ba	嘿嘿、过完年再改	hēi hēi 、 guò wán nián zài gǎi
1796	印度	1108	3375	50	111.58	尼泊尔印度	ní pō ěr yìn dù	印度飞饼吗？	yìn dù fēi bǐng ma ？	我去左印度啊！	wǒ qù zuǒ yìn dù a ！
1797	爆发	2244	1780	25	111.53	该爆发？	gāi bào fā ？	运气大爆发	yùn qì dà bào fā	人品突然大爆发	rén pǐn tū rán dà bào fā
1798	跨年	3441	21	0	111.40	今年去跨年	jīn nián qù kuà nián	我月底去跨年	wǒ yuè dǐ qù kuà nián	是啊，来跨年	shì a ， lái kuà nián
1799	想不到	2335	2169	13	111.21	寻思你就想不到是我	xún sī nǐ jiù xiǎng bù dào shì wǒ	想不到你怼人的样子	xiǎng bù dào nǐ duì rén de yàng zi	我会想不到你会来这招？	wǒ huì xiǎng bù dào nǐ huì lái zhè zhāo ？
1800	星	2415	1416	23	111.16	吐槽星人	tǔ cáo xīng rén	星力量？	xīng lì liàng ？	星大诗人啊	xīng dà shī rén a
1801	啊哈哈	3427	30	0	111.06	去啊哈哈	qù a hā hā	充实啊哈哈	chōng shí a hā hā	我在啊哈哈	wǒ zài a hā hā
1802	相对	1463	618	83	110.97	相对来说嘛	xiāng duì lái shuō ma	相对来说江汉路吧	xiāng duì lái shuō jiāng hàn lù ba	只是相对的无知很可怕	zhǐ shì xiāng duì de wú zhī hěn kě pà
1803	沉迷	2399	514	40	110.88	沉迷了！！	chén mí le ！ ！	沉迷于抢热评	chén mí yú qiǎng rè píng	沉迷追星哦你	chén mí zhuī xīng ó nǐ
1804	学弟	3294	35	6	110.87	学弟也喜欢么	xué dì yě xǐ huān me	学弟有对象了嘛	xué dì yǒu duì xiàng le ma	你要对学弟下手？	nǐ yào duì xué dì xià shǒu ？
1805	嘎嘎	3385	120	0	110.82	正解，嘎嘎	zhèng jiě ， gā gā	嘎嘎嘎嘎好啊	gā gā gā gā hǎo a	嘎嘎逗你玩儿	gā gā dòu nǐ wán ér
1806	一大早	3230	520	0	110.80	一大早你就撩	yī dà zǎo nǐ jiù liāo	一大早就想吐	yī dà zǎo jiù xiǎng tǔ	一大早的超开心啊	yī dà zǎo de chāo kāi xīn a
1807	大头	3243	322	3	110.78	不是大头	bù shì dà tóu	要的大头	yào de dà tóu	噗好吧大头	pū hǎo ba dà tóu
1808	醒醒	2257	3035	0	110.70	醒醒睡吧	xǐng xǐng shuì ba	大清亡了醒醒	dà qīng wáng le xǐng xǐng	孩纸，醒醒吧	hái zhǐ ， xǐng xǐng ba
1809	外婆	2647	1204	15	110.62	外婆咋了	wài pó zǎ le	感恩外婆	gǎn ēn wài pó	外婆才是高级黑	wài pó cái shì gāo jí hēi
1810	化妆品	2531	308	37	110.56	还有化妆品	hái yǒu huà zhuāng pǐn	化妆品美容仪	huà zhuāng pǐn měi róng yí	你为哪家化妆品代言的	nǐ wèi nǎ jiā huà zhuāng pǐn dài yán de
1811	专家	1157	4513	25	110.46	情感专家	qíng gǎn zhuān jiā	拆弹专家，赞	chāi dàn zhuān jiā ， zàn	男科专家！！	nán kē zhuān jiā ！ ！
1812	私聊	3370	13	2	110.35	回头私聊	huí tóu sī liáo	好私聊！	hǎo sī liáo ！	快私聊我	kuài sī liáo wǒ
1813	武术	229	460	144	110.32	学武术的？？	xué wǔ shù de ？ ？	带你学武术去	dài nǐ xué wǔ shù qù	我们武术教学实践	wǒ men wǔ shù jiào xué shí jiàn
1814	有才	3000	210	16	110.31	你太有才了	nǐ tài yǒu cái le	有才的稀土	yǒu cái de xī tǔ	你太有才了！	nǐ tài yǒu cái le ！
1815	伦敦	1109	5319	12	110.18	在伦敦。	zài lún dūn 。	在伦敦谢谢	zài lún dūn xiè xiè	伦敦关你什么事	lún dūn guān nǐ shén me shì
1816	针	2446	1581	17	110.17	打美白针	dǎ měi bái zhēn	给我扎几针呗	gěi wǒ zhā jǐ zhēn bei	我有气针我有球	wǒ yǒu qì zhēn wǒ yǒu qiú
1817	绕	2243	1781	23	110.16	岁月不绕人	suì yuè bù rào rén	妹的，好绕啊	mèi de ， hǎo rào a	绕嘴绕不明白	rào zuǐ rào bù míng bái
1818	吉他	2544	1325	17	110.15	吉他格格	jí tā gé gé	也在学吉他	yě zài xué jí tā	吉他那个最美	jí tā nà gè zuì měi
1819	歌曲	1899	1692	41	110.09	我说我求歌曲	wǒ shuō wǒ qiú gē qū	翻墙捡回来的歌曲	fān qiáng jiǎn huí lái de gē qū	安利歌曲，从我做起	ān lì gē qū ， cóng wǒ zuò qǐ
1820	抠	2894	141	22	110.08	这个抠啊	zhè gè kōu a	抠啥图阿。	kōu shá tú ā 。	你咋比我还抠	nǐ zǎ bǐ wǒ hái kōu
1821	值班	3129	501	4	110.00	过年值班	guò nián zhí bān	初二值班。	chū èr zhí bān 。	在航信值班	zài háng xìn zhí bān
1822	沉默	2327	2140	12	109.92	保持沉默	bǎo chí chén mò	沉默是金	chén mò shì jīn	请保持沉默	qǐng bǎo chí chén mò
1823	收藏	2850	998	8	109.88	收藏起来了	shōu cáng qǐ lái le	发啦，收藏着	fā la ， shōu cáng zhe	好听，收藏了	hǎo tīng ， shōu cáng le
1824	品味	2842	964	9	109.87	嗯有品味	ń yǒu pǐn wèi	品味还是有的	pǐn wèi hái shì yǒu de	品味高大上啊	pǐn wèi gāo dà shàng a
1825	玩意儿	2031	2350	22	109.72	这玩意儿能挤么	zhè wán yì ér néng jǐ me	我不需要那玩意儿	wǒ bù xū yào nà wán yì ér	你有那个修脚的玩意儿	nǐ yǒu nà gè xiū jiǎo de wán yì ér
1826	珍贵	2629	1232	14	109.71	失去才懂得珍贵	shī qù cái dǒng dé zhēn guì	得不到的最珍贵。	dé bù dào de zuì zhēn guì 。	知道我多珍贵了吧	zhī dào wǒ duō zhēn guì le ba
1827	观	2844	348	20	109.69	会观天象阿	huì guān tiān xiàng ā	建得观那里面	jiàn dé guān nà lǐ miàn	观阴大湿善哉善哉	guān yīn dà shī shàn zāi shàn zāi
1828	噢噢	3358	99	0	109.69	噢噢呵呵	ō ō hē hē	噢噢好的	ō ō hǎo de	噢噢噢。。	ō ō ō 。 。
1829	粑粑	3374	49	0	109.58	你吃了粑粑	nǐ chī le bā bā	小齐粑粑？	xiǎo qí bā bā ？	有劲个粑粑	yǒu jìn gè bā bā
1830	韩剧	2937	44	21	109.58	你看韩剧吗	nǐ kàn hán jù ma	你看韩剧？！	nǐ kàn hán jù ？ ！	看韩剧哭啦？	kàn hán jù kū la ？
1831	气氛	2427	1527	18	109.56	我在活跃气氛	wǒ zài huó yuè qì fēn	讲究的就是气氛	jiǎng jiū de jiù shì qì fēn	配合深夜的气氛嘛	pèi hé shēn yè de qì fēn ma
1832	理智	2446	1576	16	109.43	爱国要理智	ài guó yào lǐ zhì	？兄弟，理智	？ xiōng dì ， lǐ zhì	无法理智了年年这样	wú fǎ lǐ zhì le nián nián zhè yàng
1833	罗	2327	2098	12	109.39	我也急死罗	wǒ yě jí sǐ luó	C罗单刀神。。	C luó dān dāo shén 。 。	哦哦，好的罗老师	ó ó ， hǎo de luó lǎo shī
1834	政策	743	1436	100	109.38	几包政策	jǐ bāo zhèng cè	等新政策啊	děng xīn zhèng cè a	政策允许，自然不犯法	zhèng cè yǔn xǔ ， zì rán bù fàn fǎ
1835	至于	1832	2564	27	109.34	你至于嘛	nǐ zhì yú ma	做了个梦至于么	zuò le gè mèng zhì yú me	吃个柚子至于么	chī gè yòu zi zhì yú me
1836	炫耀	3054	642	4	109.33	高调炫耀	gāo diào xuàn yào	切，你就是炫耀！	qiè ， nǐ jiù shì xuàn yào ！	怎么可以那么炫耀	zěn me kě yǐ nà me xuàn yào
1837	迟早	2314	2072	13	109.32	迟早要打的	chí zǎo yào dǎ de	那是迟早的	nà shì chí zǎo de	迟早都能看到	chí zǎo dōu néng kàn dào
1838	单词	2520	605	30	109.18	快去背单词	kuài qù bèi dān cí	专四单词太难了	zhuān sì dān cí tài nán le	记单词啦。。。。	jì dān cí la 。 。 。 。
1839	四级	2674	92	32	109.11	准备四级？	zhǔn bèi sì jí ？	四级祝幸福	sì jí zhù xìng fú	攒到四级！	zǎn dào sì jí ！
1840	后果	1541	2969	33	109.03	不推塔的后果	bù tuī tǎ de hòu guǒ	不自觉的后果	bù zì jué de hòu guǒ	没充钱的后果	méi chōng qián de hòu guǒ
1841	同一	2099	2601	13	108.97	同一场？	tóng yī chǎng ？	如果系同一间就好咯	rú guǒ xì tóng yī jiān jiù hǎo gē	同一个世界同一款桌布	tóng yī gè shì jiè tóng yī kuǎn zhuō bù
1842	喝醉	2016	2924	11	108.96	我喝醉了	wǒ hē zuì le	可能喝醉了	kě néng hē zuì le	你喝醉了游泳	nǐ hē zuì le yóu yǒng
1843	好评	2919	147	19	108.93	唇色好评	chún sè hǎo píng	好评返现	hǎo píng fǎn xiàn	指甲好评	zhǐ jiǎ hǎo píng
1844	操作	0	1592	132	108.93	- 操作？	-   cāo zuò ？	单手可以操作	dān shǒu kě yǐ cāo zuò	改为人工操作	gǎi wèi rén gōng cāo zuò
1845	上线	3092	233	9	108.84	励志哥上线	lì zhì gē shàng xiàn	字幕组啥时候上线	zì mù zǔ shá shí hòu shàng xiàn	快上线他现在在玩	kuài shàng xiàn tā xiàn zài zài wán
1846	完整	2346	1619	19	108.76	发个完整的嘛	fā gè wán zhěng de ma	回答不完整。	huí dá bù wán zhěng 。	你的人生不完整	nǐ de rén shēng bù wán zhěng
1847	看上	2508	818	26	108.74	看上哪个了	kàn shàng nǎ gè le	看上谁了呢	kàn shàng shuí le ne	谁会看上我	shuí huì kàn shàng wǒ
1848	体	1691	692	67	108.46	夜猫子体	yè māo zi tǐ	先做到体胖	xiān zuò dào tǐ pàng	体住扭亲条腰	tǐ zhù niǔ qīn tiáo yāo
1849	赶脚	3356	0	0	108.39	我赶脚也是	wǒ gǎn jiǎo yě shì	好流弊的赶脚	hǎo liú bì de gǎn jiǎo	听着赶脚好心酸	tīng zhe gǎn jiǎo hǎo xīn suān
1850	无辜	1835	3563	7	108.38	我无辜被黑	wǒ wú gū bèi hēi	我是无辜的	wǒ shì wú gū de	你爸无辜躺枪	nǐ bà wú gū tǎng qiāng
1851	要得	3315	36	1	108.19	好！要得	hǎo ！ yào dé	要得要得	yào dé yào dé	好的，要得	hǎo de ， yào dé
1852	走起	3304	63	1	108.17	嗯，走起	ń ， zǒu qǐ	走起啊！	zǒu qǐ a ！	回来走起！	huí lái zǒu qǐ ！
1853	意识到	1274	4187	22	108.16	你才意识到吗	nǐ cái yì shí dào ma	什么时候意识到的	shén me shí hòu yì shí dào de	我觉得他意识到了	wǒ jué dé tā yì shí dào le
1854	三星	2317	72	48	108.13	垃圾三星	lā jī sān xīng	有三星型号哒	yǒu sān xīng xíng hào dá	三星行不行啊？	sān xīng xíng bù xíng a ？
1855	阴影	2541	1277	15	108.10	坐在阴影里	zuò zài yīn yǐng lǐ	自带阴影么	zì dài yīn yǐng me	我心里有阴影	wǒ xīn lǐ yǒu yīn yǐng
1856	遥远	2629	1482	7	108.10	路途遥远	lù tú yáo yuǎn	遥远的地方	yáo yuǎn de dì fāng	因为旅途遥远！	yīn wèi lǚ tú yáo yuǎn ！
1857	瘦子	3252	82	3	108.08	我是瘦子	wǒ shì shòu zi	瘦子没有	shòu zi méi yǒu	瘦子！！	shòu zi ！ ！
1858	天赋	1640	1981	45	108.02	你天赋太差	nǐ tiān fù tài chà	天赋什么鬼	tiān fù shén me guǐ	天赋秉异也是	tiān fù bǐng yì yě shì
1859	初三	1746	23	76	107.98	嗯，初三晚见	ń ， chū sān wǎn jiàn	我大四你初三	wǒ dà sì nǐ chū sān	初三到初六啊亲	chū sān dào chū liù a qīn
1860	丢人	2822	860	9	107.93	哼哼，到底谁丢人	hēng hēng ， dào dǐ shuí diū rén	我98大一好丢人	wǒ 9 8 dà yī hǎo diū rén	哎呀，这回丢人了。	āi ya ， zhè huí diū rén le 。
1861	烦躁	3096	255	7	107.89	超级烦躁！	chāo jí fán zào ！	我也是。好烦躁	wǒ yě shì 。 hǎo fán zào	勿烦躁，小心岔气	wù fán zào ， xiǎo xīn chà qì
1862	烊	3297	0	2	107.83	我烊专属	wǒ yáng zhuān shǔ	易烊春夏	yì yáng chūn xià	易烊红花	yì yáng hóng huā
1863	萝卜	3002	277	11	107.83	萝卜萝卜	luó bo luó bo	白菜萝卜都好养	bái cài luó bo dōu hǎo yǎng	给你买了泡萝卜	gěi nǐ mǎi le pào luó bo
1864	一晚	2633	1768	1	107.74	一晚没睡	yī wǎn méi shuì	跟猴子大战了一晚	gēn hóu zi dà zhàn le yī wǎn	就我遇见你的那一晚	jiù wǒ yù jiàn nǐ de nà yī wǎn
1865	开放	1877	1392	44	107.66	开放参观不	kāi fàng cān guān bù	现在的孩子，太开放	xiàn zài de hái zi ， tài kāi fàng	这个。。不开放哈哈	zhè gè 。 。 bù kāi fàng hā hā
1866	台词	2572	1158	15	107.62	台词好赞	tái cí hǎo zàn	这是我台词	zhè shì wǒ tái cí	但是台词不好	dàn shì tái cí bù hǎo
1867	当地	1327	2054	58	107.60	当地人武部报名	dāng dì rén wǔ bù bào míng	不要捡当地的石头	bù yào jiǎn dāng dì de shí tóu	嫁个当地的富二代吧	jià gè dāng dì de fù èr dài ba
1868	针对	1421	1969	55	107.55	针对你的吗	zhēn duì nǐ de ma	你是不是针对我	nǐ shì bù shì zhēn duì wǒ	你老是针对我哼	nǐ lǎo shì zhēn duì wǒ hēng
1869	战场	999	2511	65	107.42	职场如战场	zhí chǎng rú zhàn chǎng	下星期上战场的我	xià xīng qī shàng zhàn chǎng de wǒ	伤好了继续战场！	shāng hǎo le jì xù zhàn chǎng ！
1870	周冬雨	755	0	123	107.41	周冬雨绿了	zhōu dōng yǔ lǜ le	周冬雨说的	zhōu dōng yǔ shuō de	送周冬雨上去	sòng zhōu dōng yǔ shàng qù
1871	犹豫	2655	1083	12	107.34	吃吃吃别犹豫！	chī chī chī bié yóu yù ！	犹豫了一下多嘛	yóu yù le yī xià duō ma	犹豫还是忧郁？	yóu yù hái shì yōu yù ？
1872	汉堡	2377	1801	12	107.31	给我买个汉堡	gěi wǒ mǎi gè hàn bǎo	我不能放弃汉堡	wǒ bù néng fàng qì hàn bǎo	我不爱吃汉堡你爱么	wǒ bù ài chī hàn bǎo nǐ ài me
1873	最新	2189	2393	10	107.26	看到最新了啦	kàn dào zuì xīn le la	偶还迷看最新哒	ǒu hái mí kàn zuì xīn dá	看我最新的那条	kàn wǒ zuì xīn de nà tiáo
1874	主题	2106	1467	31	107.22	主题可以随便换噢	zhǔ tí kě yǐ suí biàn huàn ō	会员可以换主题的	huì yuán kě yǐ huàn zhǔ tí de	啊你准确的表达了主题	a nǐ zhǔn què de biǎo dá le zhǔ tí
1875	天真	2741	1227	5	107.19	天真无鞋	tiān zhēn wú xié	你太天真了	nǐ tài tiān zhēn le	天真……冷	tiān zhēn … … lěng
1876	相遇	2440	1248	19	107.18	感谢相遇	gǎn xiè xiāng yù	相遇就是缘分	xiāng yù jiù shì yuán fēn	期待明年的相遇	qī dài míng nián de xiāng yù
1877	江湖	2724	890	12	107.17	闯荡江湖	chuǎng dàng jiāng hú	行走于江湖	xíng zǒu yú jiāng hú	棒棒重出江湖！	bàng bàng zhòng chū jiāng hú ！
1878	发明	677	2938	72	107.06	等你发明	děng nǐ fā míng	我发明的你	wǒ fā míng de nǐ	你发明的灯泡？	nǐ fā míng de dēng pào ？
1879	丝	2499	1082	19	107.02	一丝希望	yī sī xī wàng	丝走心呐	sī zǒu xīn nà	好吧！丝姐	hǎo ba ！ sī jiě
1880	派对	270	7779	2	106.98	气球派对	qì qiú pài duì	跨年派对	kuà nián pài duì	因为舍友在开派对	yīn wèi shě yǒu zài kāi pài duì
1881	上路	1193	1641	71	106.90	新手上路	xīn shǒu shàng lù	吃饱了好上路	chī bǎo le hǎo shàng lù	我是新手上路	wǒ shì xīn shǒu shàng lù
1882	处于	1223	2206	59	106.81	现在处于迷茫状态	xiàn zài chù yú mí máng zhuàng tài	哈哈，想处于第三阶段	hā hā ， xiǎng chù yú dì sān jiē duàn	想想真快天天处于休息中	xiǎng xiǎng zhēn kuài tiān tiān chù yú xiū xī zhōng
1883	极限	1884	1087	48	106.79	极限挑战	jí xiàn tiāo zhàn	奋斗，突破极限	fèn dòu ， tū pò jí xiàn	这应该是极限了	zhè yīng gāi shì jí xiàn le
1884	物质	906	2048	77	106.75	不要，要物质的	bù yào ， yào wù zhì de	田纳西是什么物质。。	tián nà xī shì shén me wù zhì 。 。	天天做实验碰到的有害物质	tiān tiān zuò shí yàn pèng dào de yǒu hài wù zhì
1885	微软	0	8404	3	106.72	微软星云	wēi ruǎn xīng yún	微软银河系	wēi ruǎn yín hé xì	微软想毁灭苹果。	wēi ruǎn xiǎng huǐ miè píng guǒ 。
1886	中心	1510	3782	16	106.68	不均匀的中心胖	bù jūn yún de zhōng xīn pàng	但依然在画面中心	dàn yī rán zài huà miàn zhōng xīn	毕竟在画面的正中心	bì jìng zài huà miàn de zhèng zhōng xīn
1887	为止	1385	3772	22	106.57	再吃，吃饱为止	zài chī ， chī bǎo wèi zhǐ	坚持到坚持不住为止	jiān chí dào jiān chí bù zhù wèi zhǐ	我想抬到够三百为止	wǒ xiǎng tái dào gòu sān bǎi wèi zhǐ
1888	十个	1801	905	55	106.57	十个开心	shí gè kāi xīn	十个壮汉。	shí gè zhuàng hàn 。	我一个打十个	wǒ yī gè dǎ shí gè
1889	负	2278	966	31	106.53	有负您的厚望	yǒu fù nín de hòu wàng	德国不会负丹麦	dé guó bù huì fù dān mài	太高啦，负无穷阿	tài gāo la ， fù wú qióng ā
1890	表面	1736	1759	42	106.33	表面淑女	biǎo miàn shū nǚ	表面浮夸。	biǎo miàn fú kuā 。	离开地球表面	lí kāi dì qiú biǎo miàn
1891	难度	2635	505	22	106.24	难度挺大	nán dù tǐng dà	这么没难度吗	zhè me méi nán dù ma	专四八难度的吗	zhuān sì bā nán dù de ma
1892	耽误	2266	913	32	106.16	怕耽误你学业	pà dān wù nǐ xué yè	3d看剧两不耽误	3 d kàn jù liǎng bù dān wù	不能耽误别人下班	bù néng dān wù bié rén xià bān
1893	才华	2567	891	18	106.16	没有才华	méi yǒu cái huá	你才有才华呢	nǐ cái yǒu cái huá ne	外貌才华兼具	wài mào cái huá jiān jù
1894	描述	1899	2403	22	106.12	不可描述的事	bù kě miáo shù de shì	哈哈哈哈不可描述	hā hā hā hā bù kě miáo shù	描述文件屏蔽更新	miáo shù wén jiàn píng bì gèng xīn
1895	猜猜	2418	2032	4	106.11	我爱猜猜猜	wǒ ài cāi cāi cāi	猜猜也不是	cāi cāi yě bù shì	猜猜我是谁	cāi cāi wǒ shì shuí
1896	宁波	3239	1	2	105.97	宁波有没	níng bō yǒu méi	宁波欢迎你	níng bō huān yíng nǐ	我不在宁波	wǒ bù zài níng bō
1897	隐藏	1946	2703	14	105.97	隐藏答案	yǐn cáng dá àn	可以隐藏的	kě yǐ yǐn cáng de	隐藏太久了	yǐn cáng tài jiǔ le
1898	放手	1820	3677	2	105.94	该放手了	gāi fàng shǒu le	放手一博啊	fàng shǒu yī bó a	我已经放手了	wǒ yǐ jīng fàng shǒu le
1899	好几年	2554	896	18	105.80	好几年了	hǎo jǐ nián le	哦，好几年前了吧	ó ， hǎo jǐ nián qián le ba	好几年没看春晚了	hǎo jǐ nián méi kàn chūn wǎn le
1900	痒	2754	1024	6	105.75	7年之痒	7 nián zhī yǎng	头不痒吗	tóu bù yǎng ma	特别痒，哈哈哈	tè bié yǎng ， hā hā hā
1901	春晚	3271	4	0	105.70	春晚打卡	chūn wǎn dǎ kǎ	我在看春晚	wǒ zài kàn chūn wǎn	辽宁的春晚	liáo níng de chūn wǎn
1902	麻辣烫	2415	1	41	105.69	我想吃麻辣烫	wǒ xiǎng chī má là tàng	中午吃麻辣烫去	zhōng wǔ chī má là tàng qù	麻辣烫好诱人!!	má là tàng hǎo yòu rén ! !
1903	矛盾	2072	942	40	105.65	，矛盾咯	， máo dùn gē	不信，有矛盾	bù xìn ， yǒu máo dùn	地域矛盾来了	dì yù máo dùn lái le
1904	部队	203	4696	60	105.56	警察部队	jǐng chá bù duì	部队生活就是滋润	bù duì shēng huó jiù shì zī rùn	后面过来是武警部队	hòu miàn guò lái shì wǔ jǐng bù duì
1905	换成	2679	652	16	105.45	换成橡胶的	huàn chéng xiàng jiāo de	干脆把头像换成燃燃	gàn cuì bǎ tóu xiàng huàn chéng rán rán	你想换成什么发型啊？	nǐ xiǎng huàn chéng shén me fā xíng a ？
1906	去世	1027	3796	37	105.43	你去世之后	nǐ qù shì zhī hòu	你可以去世了	nǐ kě yǐ qù shì le	去世了才知道	qù shì le cái zhī dào
1907	吉祥	3220	108	0	105.34	娘娘吉祥	niáng niáng jí xiáng	早上吉祥	zǎo shàng jí xiáng	事事吉祥！	shì shì jí xiáng ！
1908	讲究	1506	325	78	105.34	有什么讲究	yǒu shén me jiǎng jiū	没钱还讲究	méi qián hái jiǎng jiū	还有啥讲究	hái yǒu shá jiǎng jiū
1909	长期	1830	1156	47	105.23	长期来看	zhǎng qī lái kàn	长期看来	zhǎng qī kàn lái	不接，长期不接	bù jiē ， zhǎng qī bù jiē
1910	工具	1611	2419	34	105.12	啥工具啊?	shá gōng jù a ?	嗯有辅助工具	ń yǒu fǔ zhù gōng jù	没工具我也想	méi gōng jù wǒ yě xiǎng
1911	提示	2624	982	12	105.08	有啥提示	yǒu shá tí shì	因为有提示	yīn wèi yǒu tí shì	你邮箱有邮件提示吗	nǐ yóu xiāng yǒu yóu jiàn tí shì ma
1912	包装	2457	644	26	104.93	包装和排版	bāo zhuāng hé pái bǎn	包装好的能吃	bāo zhuāng hǎo de néng chī	主要是包装加分	zhǔ yào shì bāo zhuāng jiā fēn
1913	品种	2953	438	6	104.88	我说是啥品种	wǒ shuō shì shá pǐn zhǒng	新见到的品种	xīn jiàn dào de pǐn zhǒng	核桃，品种不明	hé táo ， pǐn zhǒng bù míng
1914	不幸	1070	5102	10	104.87	不幸上得早	bù xìng shàng dé zǎo	不幸中的万幸	bù xìng zhōng de wàn xìng	我是注定不幸了	wǒ shì zhù dìng bù xìng le
1915	刺激	0	3541	90	104.86	刺激吗？	cì jī ma ？	这么刺激	zhè me cì jī	这么刺激？	zhè me cì jī ？
1916	直男	2998	98	10	104.80	你是直男吗	nǐ shì zhí nán ma	是可爱的直男不	shì kě ài de zhí nán bù	可爱的直男在这里	kě ài de zhí nán zài zhè lǐ
1917	林更新	2952	0	14	104.79	林更新恨他!	lín gèng xīn hèn tā !	林更新，来娶我吧	lín gèng xīn ， lái qǔ wǒ ba	我在夸赞你远胜林更新	wǒ zài kuā zàn nǐ yuǎn shèng lín gèng xīn
1918	钻	2488	1198	14	104.73	已经钻三了	yǐ jīng zuān sān le	要有钻的吗	yào yǒu zuān de ma	为嘛要钻衣柜	wèi ma yào zuān yī guì
1919	归来	2765	745	9	104.66	何时归来	hé shí guī lái	欢迎归来	huān yíng guī lái	等俺归来	děng ǎn guī lái
1920	打到	1337	1141	70	104.64	打到不爱哭	dǎ dào bù ài kū	是，打到欠费	shì ， dǎ dào qiàn fèi	嗯嗯，打到脸那儿	ń ń ， dǎ dào liǎn nà ér
1921	惊讶	1663	3272	15	104.60	你惊讶什么	nǐ jīng yà shén me	我当时表示很惊讶	wǒ dāng shí biǎo shì hěn jīng yà	真惊讶，世界真小	zhēn jīng yà ， shì jiè zhēn xiǎo
1922	素	2765	198	19	104.59	素的素的	sù de sù de	肉的和素的	ròu de hé sù de	花生什么素	huā shēng shén me sù
1923	个性	2429	1227	16	104.54	名字好个性	míng zì hǎo gè xìng	这叫个性。	zhè jiào gè xìng 。	个性，不是怪	gè xìng ， bù shì guài
1924	经	2099	1215	32	104.53	你在湖经？	nǐ zài hú jīng ？	经重置搞定了	jīng zhòng zhì gǎo dìng le	对呀必经之地哇	duì ya bì jīng zhī dì wa
1925	清新	2928	311	9	104.52	清新保洁	qīng xīn bǎo jié	清新樱桃红	qīng xīn yīng táo hóng	清新的咸湿	qīng xīn de xián shī
1926	兰州	2696	96	24	104.47	同兰州！	tóng lán zhōu ！	他回兰州了	tā huí lán zhōu le	兰州已买到	lán zhōu yǐ mǎi dào
1927	情节	1322	786	77	104.46	你有米老鼠情节啊	nǐ yǒu mǐ lǎo shǔ qíng jié a	乡村情节，念旧之人	xiāng cūn qíng jié ， niàn jiù zhī rén	好像小说情节有木有	hǎo xiàng xiǎo shuō qíng jié yǒu mù yǒu
1928	非主流	3025	51	9	104.41	醉汉非主流	zuì hàn fēi zhǔ liú	你别非主流了	nǐ bié fēi zhǔ liú le	终于不非主流了	zhōng yú bù fēi zhǔ liú le
1929	勾搭	2966	307	7	104.34	来勾搭啊	lái gōu dā a	背着我乱勾搭	bèi zhe wǒ luàn gōu dā	勾搭一个回来！	gōu dā yī gè huí lái ！
1930	遵守	410	1939	99	104.22	不遵守交规	bù zūn shǒu jiāo guī	遵守自然滴逻辑	zūn shǒu zì rán dī luó jí	以后我会遵守诺言了。	yǐ hòu wǒ huì zūn shǒu nuò yán le 。
1931	不愿	1959	2521	14	104.13	愿早不愿晚	yuàn zǎo bù yuàn wǎn	别不愿再带了	bié bù yuàn zài dài le	歇的不愿上班了	xiē de bù yuàn shàng bān le
1932	警官	338	7100	7	104.09	耿警官…！	gěng jǐng guān … ！	刘警官息怒啊	liú jǐng guān xī nù a	殷警官你这是	yīn jǐng guān nǐ zhè shì
1933	笨蛋	0	8354	0	104.07	你笨蛋。	nǐ bèn dàn 。	你是笨蛋，呆子	nǐ shì bèn dàn ， dāi zi	你这两个笨蛋！	nǐ zhè liǎng gè bèn dàn ！
1934	今早	2316	2348	0	104.05	今早就相见	jīn zǎo jiù xiāng jiàn	我今早吃杂拉	wǒ jīn zǎo chī zá lā	今早你吃的狗粮？	jīn zǎo nǐ chī de gǒu liáng ？
1935	完蛋	2131	2651	3	103.88	完蛋去吧你	wán dàn qù ba nǐ	那就完蛋了	nà jiù wán dàn le	过了你就完蛋了	guò le nǐ jiù wán dàn le
1936	干脆	2256	1892	11	103.86	干脆12吧	gàn cuì 1 2 ba	秋水太不干脆	qiū shuǐ tài bù gàn cuì	哈哈，干脆不穿算	hā hā ， gàn cuì bù chuān suàn
1937	裹	2627	605	17	103.86	裹哈哈。	guǒ hā hā 。	裹蒸粽吗	guǒ zhēng zòng ma	裹羽绒服拉	guǒ yǔ róng fú lā
1938	打错	3058	345	1	103.74	闭嘴！打错	bì zuǐ ！ dǎ cuò	其实是打错了	qí shí shì dǎ cuò le	打错了哈哈哈	dǎ cuò le hā hā hā
1939	沙漠	974	2440	62	103.70	6号回沙漠	6 hào huí shā mò	你那不是沙漠吗	nǐ nà bù shì shā mò ma	去沙漠里找表哥	qù shā mò lǐ zhǎo biǎo gē
1940	舌头	2376	2162	0	103.67	咬到舌头	yǎo dào shé tóu	捋直舌头	lǚ zhí shé tóu	舌头放直	shé tóu fàng zhí
1941	鸡腿	2625	204	24	103.52	想吃鸡腿	xiǎng chī jī tuǐ	给你鸡腿	gěi nǐ jī tuǐ	鸡腿包饭	jī tuǐ bāo fàn
1942	群众	2570	722	17	103.47	优秀的群众呗	yōu xiù de qún zhòng bei	群众无处不在	qún zhòng wú chù bù zài	伤害群众呢好吧	shāng hài qún zhòng ne hǎo ba
1943	把握	1948	1567	31	103.36	把握幸福吧	bǎ wò xìng fú ba	把握职业机会。	bǎ wò zhí yè jī huì 。	不要自己做披萨不好把握	bù yào zì jǐ zuò pī sà bù hǎo bǎ wò
1944	住手	126	7970	0	103.36	住手！！	zhù shǒu ！ ！	住手,不要	zhù shǒu , bù yào	住手！！！！	zhù shǒu ！ ！ ！ ！
1945	聚聚	3116	155	1	103.25	毕业前聚聚	bì yè qián jù jù	什么时候聚聚	shén me shí hòu jù jù	加油毕业聚聚	jiā yóu bì yè jù jù
1946	审美	2787	32	19	103.24	你的审美？？	nǐ de shěn měi ？ ？	留学生审美有差异	liú xué shēng shěn měi yǒu chà yì	直男的审美你不懂	zhí nán de shěn měi nǐ bù dǒng
1947	肩膀	2342	1509	13	103.21	拥抱肩膀	yōng bào jiān bǎng	肩膀怎么	jiān bǎng zěn me	你的肩膀美	nǐ de jiān bǎng měi
1948	原本	1605	2389	32	103.20	他们原本都是怪人	tā men yuán běn dōu shì guài rén	喔原本以为他不会更博了	ō yuán běn yǐ wèi tā bù huì gèng bó le	一定是因为你原本不够爆炸头	yī dìng shì yīn wèi nǐ yuán běn bù gòu bào zhà tóu
1949	特产	2870	81	14	103.15	我要吃特产！	wǒ yào chī tè chǎn ！	臭人我的特产	chòu rén wǒ de tè chǎn	你的特产没收！	nǐ de tè chǎn méi shōu ！
1950	发布	1462	1181	61	103.11	为啥俺发布了图	wèi shá ǎn fā bù le tú	请问富力什么时候发布	qǐng wèn fù lì shén me shí hòu fā bù	鄙视鄙视为啥俺发布了	bǐ shì bǐ shì wèi shá ǎn fā bù le
1951	似	2847	841	1	103.10	似得似的	shì dé shì de	似不似想挨打	shì bù shì xiǎng āi dǎ	似讽刺多d咯	shì fěng cì duō d gē
1952	晴天	2999	175	6	103.09	晴天不下雨	qíng tiān bù xià yǔ	晴天的时候	qíng tiān de shí hòu	今天晴天耶。	jīn tiān qíng tiān yé 。
1953	大方	2872	548	5	102.96	你真大方啊哈哈	nǐ zhēn dà fāng a hā hā	二婶很大方滴！放心吧！	èr shěn hěn dà fāng dī ！ fàng xīn ba ！	大方点～来二十串大腰子	dà fāng diǎn ～ lái èr shí chuàn dà yāo zi
1954	开启	2339	1385	15	102.92	在半夜开启	zài bàn yè kāi qǐ	开启作业模式	kāi qǐ zuò yè mó shì	开启吃土模式	kāi qǐ chī tǔ mó shì
1955	潮	2553	394	23	102.89	天气很潮	tiān qì hěn cháo	这么潮啊	zhè me cháo a	朋友你好潮	péng yǒu nǐ hǎo cháo
1956	思维	1866	765	49	102.87	正常思维	zhèng cháng sī wéi	你思维好跳跃	nǐ sī wéi hǎo tiào yuè	很成熟的思维	hěn chéng shú de sī wéi
1957	睁	2537	1077	11	102.78	我刚刚睁开眼	wǒ gāng gāng zhēng kāi yǎn	美得你睁不开眼	měi dé nǐ zhēng bù kāi yǎn	好的，我睁不开了	hǎo de ， wǒ zhēng bù kāi le
1958	媒体	1673	2558	25	102.78	媒体搞事	méi tǐ gǎo shì	找媒体的吗？	zhǎo méi tǐ de ma ？	那是媒体误读	nà shì méi tǐ wù dú
1959	魔鬼	1212	4119	18	102.61	你是魔鬼	nǐ shì mó guǐ	魔鬼吧你	mó guǐ ba nǐ	魔鬼附身	mó guǐ fù shēn
1960	带到	946	4475	24	102.50	带到明年二月底	dài dào míng nián èr yuè dǐ	祝福必须带到。	zhù fú bì xū dài dào 。	带到外面回来就冰凉	dài dào wài miàn huí lái jiù bīng liáng
1961	不配	2083	929	35	102.47	不配不配	bù pèi bù pèi	不配也丑啊	bù pèi yě chǒu a	不配被记住	bù pèi bèi jì zhù
1962	闺女	2974	242	5	102.44	想当闺女养	xiǎng dāng guī nǚ yǎng	闺女好有才！	guī nǚ hǎo yǒu cái ！	好久没见闺女了	hǎo jiǔ méi jiàn guī nǚ le
1963	伙伴	1265	3478	27	102.41	正义的伙伴	zhèng yì de huǒ bàn	想找健身伙伴	xiǎng zhǎo jiàn shēn huǒ bàn	伙伴比你小两岁	huǒ bàn bǐ nǐ xiǎo liǎng suì
1964	微薄	3086	106	2	102.34	你微薄好无聊	nǐ wēi báo hǎo wú liáo	我的微薄怎么了？	wǒ de wēi báo zěn me le ？	你怎么半夜五点上微薄	nǐ zěn me bàn yè wǔ diǎn shàng wēi báo
1965	正义	1488	2459	35	102.32	颜值正义	yán zhí zhèng yì	两正义是么	liǎng zhèng yì shì me	为正义而战	wèi zhèng yì ér zhàn
1966	手臂	1777	2303	24	102.28	受伤的手臂	shòu shāng de shǒu bì	手臂相当细	shǒu bì xiāng dāng xì	打算纹手臂	dǎ suàn wén shǒu bì
1967	屏	2356	92	37	102.21	好说舔屏	hǎo shuō tiǎn píng	可以舔屏吗	kě yǐ tiǎn píng ma	我屏又碎了	wǒ píng yòu suì le
1968	洞	1403	3912	12	102.15	洞头看海	dòng tóu kàn hǎi	把黄鳝进洞了	bǎ huáng shàn jìn dòng le	那里是一个洞	nà lǐ shì yī gè dòng
1969	天才	1344	4170	10	102.11	你好天才涵	nǐ hǎo tiān cái hán	你是个天才	nǐ shì gè tiān cái	厨艺小天才呀	chú yì xiǎo tiān cái ya
1970	刘	2143	960	31	102.10	刘太太了不起	liú tài tài le bù qǐ	老刘相信你！	lǎo liú xiāng xìn nǐ ！	姓刘名HZ的那个	xìng liú míng H Z de nà gè
1971	肥肉	2472	213	29	102.07	不要肥肉	bù yào féi ròu	分层的肥肉	fēn céng de féi ròu	肥肉澄澄澄	féi ròu chéng chéng chéng
1972	人性	2030	1301	30	102.02	没人性啊	méi rén xìng a	人性的复杂	rén xìng de fù zá	人性很复杂。	rén xìng hěn fù zá 。
1973	吾	2678	972	5	101.98	吾系啦。	wú xì la 。	打包吾该	dǎ bāo wú gāi	吾系你点还钱	wú xì nǐ diǎn hái qián
1974	强迫症	3071	111	2	101.92	我强迫症	wǒ qiáng pò zhèng	强迫症害的	qiáng pò zhèng hài de	强迫症是吧	qiáng pò zhèng shì ba
1975	自恋	3097	147	0	101.86	你自恋了	nǐ zì liàn le	都好自恋	dōu hǎo zì liàn	你太自恋了	nǐ tài zì liàn le
1976	愚蠢	804	5983	2	101.85	愚蠢殿下	yú chǔn diàn xià	愚蠢的人类	yú chǔn de rén lèi	愚蠢就是愚蠢	yú chǔn jiù shì yú chǔn
1977	穿过	1377	3738	16	101.84	不对穿过短点的	bù duì chuān guò duǎn diǎn de	好久没穿过外套了	hǎo jiǔ méi chuān guò wài tào le	电流穿过就有电了	diàn liú chuān guò jiù yǒu diàn le
1978	小鲜肉	2269	9	42	101.74	小鲜肉啊加油	xiǎo xiān ròu a jiā yóu	不像我小鲜肉。	bù xiàng wǒ xiǎo xiān ròu 。	不我还是小鲜肉	bù wǒ hái shì xiǎo xiān ròu
1979	一不小心	2515	178	27	101.67	一不小心	yī bù xiǎo xīn	一不小心随我了	yī bù xiǎo xīn suí wǒ le	我一不小心把钱花光了	wǒ yī bù xiǎo xīn bǎ qián huā guāng le
1980	鹅	2878	587	2	101.61	加拿大鹅	jiā ná dà é	日常求鹅	rì cháng qiú é	为何是鹅？	wèi hé shì é ？
1981	樱桃	2803	561	6	101.57	谢谢樱桃	xiè xiè yīng táo	晚安啦樱桃	wǎn ān la yīng táo	这么多樱桃	zhè me duō yīng táo
1982	妈呀	2563	151	25	101.53	哎呀妈呀	āi ya mā ya	妈呀我晕车	mā ya wǒ yūn chē	妈呀好可怕啊	mā ya hǎo kě pà a
1983	频繁	2735	409	12	101.53	去太频繁了	qù tài pín fán le	见面好频繁	jiàn miàn hǎo pín fán	频繁的换图像	pín fán de huàn tú xiàng
1984	生产	821	1686	80	101.52	生产衣服是吧	shēng chǎn yī fú shì ba	哈哈哈专业生产	hā hā hā zhuān yè shēng chǎn	回去生产给你？	huí qù shēng chǎn gěi nǐ ？
1985	啊哈哈哈哈	3138	13	0	101.51	啊哈哈哈哈	a hā hā hā hā	啊哈哈哈哈想他吗	a hā hā hā hā xiǎng tā ma	打王者啊哈哈哈哈	dǎ wáng zhě a hā hā hā hā
1986	嗯哪	3120	2	1	101.47	嗯哪是的！	ń nǎ shì de ！	嗯哪～晚安	ń nǎ ～ wǎn ān	嗯哪，点缀吧	ń nǎ ， diǎn zhuì ba
1987	复活	2235	1483	16	101.46	我复活了	wǒ fù huó le	满血复活	mǎn xuè fù huó	啊你复活了	a nǐ fù huó le
1988	正面	2350	961	20	101.37	正面更漂亮	zhèng miàn gèng piāo liàng	不要怂！正面杠！	bù yào sǒng ！ zhèng miàn gāng ！	敢露正面脑门儿么？	gǎn lù zhèng miàn nǎo mén ér me ？
1989	崇拜	2029	1572	24	101.31	别崇拜我	bié chóng bài wǒ	快崇拜我	kuài chóng bài wǒ	崇拜可以嘛	chóng bài kě yǐ ma
1990	星期六	1993	1337	30	101.27	星期六啊？	xīng qī liù a ？	星期六好嘛	xīng qī liù hǎo ma	约战星期六	yuē zhàn xīng qī liù
1991	赵丽颖	1525	0	77	101.23	期待赵丽颖林浅	qī dài zhào lì yǐng lín qiǎn	赵丽颖招谁惹谁了	zhào lì yǐng zhāo shuí rě shuí le	呵呵，是赵丽颖狗粉不争气	hē hē ， shì zhào lì yǐng gǒu fěn bù zhēng qì
1992	士兵	208	6013	29	101.20	是士兵突击吧？	shì shì bīng tū jī ba ？	大学生士兵也有军衔？	dà xué shēng shì bīng yě yǒu jūn xián ？	想刷的话推荐你士兵突击	xiǎng shuā de huà tuī jiàn nǐ shì bīng tū jī
1993	笑容	2564	1308	3	101.13	慈祥的笑容	cí xiáng de xiào róng	笑容真暖心	xiào róng zhēn nuǎn xīn	笑容杀好迷人	xiào róng shā hǎo mí rén
1994	白痴	0	8001	2	101.02	真象个白痴	zhēn xiàng gè bái chī	真是个白痴！	zhēn shì gè bái chī ！	快点给我滚，白痴	kuài diǎn gěi wǒ gǔn ， bái chī
1995	不肯	1643	3415	8	101.01	表砸你不肯吗	biǎo zá nǐ bù kěn ma	他不肯给我写字	tā bù kěn gěi wǒ xiě zì	我爸不肯帮我请	wǒ bà bù kěn bāng wǒ qǐng
1996	犯罪	0	5558	47	100.96	犯罪目击	fàn zuì mù jī	那才是犯罪	nà cái shì fàn zuì	我是应当犯罪的	wǒ shì yīng dāng fàn zuì de
1997	18岁	2757	955	0	100.94	18岁吗	1 8 suì ma	你的18岁也很老	nǐ de 1 8 suì yě hěn lǎo	18岁的女神生日快乐	1 8 suì de nǚ shén shēng rì kuài lè
1998	猴	2738	564	8	100.86	猴喝什么	hóu hē shén me	猴！！！	hóu ！ ！ ！	就是吼猴看	jiù shì hǒu hóu kàn
1999	自带	2837	31	13	100.79	自带阴影么	zì dài yīn yǐng me	自带美颜抱歉	zì dài měi yán bào qiàn	苹果自带相机呀	píng guǒ zì dài xiāng jī ya
2000	消化	2312	412	31	100.73	得消化半个小时	dé xiāo huà bàn gè xiǎo shí	消化消化跑回来	xiāo huà xiāo huà pǎo huí lái	难消化哇！真的是	nán xiāo huà wa ！ zhēn de shì
2001	林	2362	1362	11	100.68	问一下林指导	wèn yī xià lín zhǐ dǎo	林叔叔我好喜欢你	lín shū shū wǒ hǎo xǐ huān nǐ	林的要这么幸福吗	lín de yào zhè me xìng fú ma
2002	煎饼	2651	609	11	100.63	山东煎饼	shān dōng jiān bǐng	海鲜煎饼	hǎi xiān jiān bǐng	卖煎饼果子！	mài jiān bǐng guǒ zi ！
2003	对付	845	5451	8	100.60	太好对付了	tài hǎo duì fù le	对付点零花钱	duì fù diǎn líng huā qián	对付某些人才是	duì fù mǒu xiē rén cái shì
2004	蟑螂	2655	738	8	100.34	都是母蟑螂	dōu shì mǔ zhāng láng	你是蟑螂小强	nǐ shì zhāng láng xiǎo qiáng	饺子吃出蟑螂	jiǎo zi chī chū zhāng láng
2005	香菜	2925	38	8	100.34	我煮的是香菜	wǒ zhǔ de shì xiāng cài	把你劈成香菜	bǎ nǐ pī chéng xiāng cài	那个香菜是谁	nà gè xiāng cài shì shuí
2006	当成	1431	2773	29	100.34	你仿佛把我当成了预言家	nǐ fǎng fú bǎ wǒ dāng chéng le yù yán jiā	你把想把你当成来养肥！	nǐ bǎ xiǎng bǎ nǐ dāng chéng lái yǎng féi ！	叔叔被当成犯人抓起来？	shū shū bèi dāng chéng fàn rén zhuā qǐ lái ？
2007	淑女	2588	586	14	100.34	好看、淑女	hǎo kàn 、 shū nǚ	你挺淑女的啊	nǐ tǐng shū nǚ de a	你要走淑女范	nǐ yào zǒu shū nǚ fàn
2008	革命	1541	1891	40	100.33	革命就要成功了！	gé mìng jiù yào chéng gōng le ！	革命尚未成功还需努力	gé mìng shàng wèi chéng gōng hái xū nǔ lì	革命的友谊就这样没了	gé mìng de yǒu yì jiù zhè yàng méi le
2009	忍心	2845	458	4	100.29	你忍心么？	nǐ rěn xīn me ？	你忍心劈嘛	nǐ rěn xīn pī ma	老子不忍心	lǎo zi bù rěn xīn
2010	明儿	3060	115	0	100.26	明儿联系	míng ér lián xì	明儿去相亲么	míng ér qù xiāng qīn me	明儿得穿校服	míng ér dé chuān xiào fú
2011	防	1738	773	51	100.19	去屑防脱	qù xiè fáng tuō	防中暑么	fáng zhōng shǔ me	开始防脱！	kāi shǐ fáng tuō ！
2012	酱	2494	376	22	100.08	抱紧残酱	bào jǐn cán jiàng	酱牛肉吧	jiàng niú ròu ba	晚安总裁酱	wǎn ān zǒng cái jiàng
2013	仙	2500	360	22	100.08	仙女本仙	xiān nǚ běn xiān	绿野仙踪	lǜ yě xiān zōng	鲜芋仙么	xiān yù xiān me
2014	概念	1918	1110	36	100.07	一个概念啊！	yī gè gài niàn a ！	对灯没有概念	duì dēng méi yǒu gài niàn	表示根本没概念	biǎo shì gēn běn méi gài niàn
2015	虫子	2432	1185	10	100.06	虫子？？？	chóng zi ？ ？ ？	大米里的虫子	dà mǐ lǐ de chóng zi	是什么虫子哦	shì shén me chóng zi ó
2016	要命	2384	1632	4	100.03	饿的要命	è de yào mìng	文艺的要命呀	wén yì de yào mìng ya	你也是来要命的吧	nǐ yě shì lái yào mìng de ba
2017	法官	196	7247	5	99.99	法官不答应	fǎ guān bù dá yīng	对方是法官啊	duì fāng shì fǎ guān a	我也要当法官啊	wǒ yě yào dāng fǎ guān a
2018	属	2504	775	14	99.98	我属松鼠	wǒ shǔ sōng shǔ	你也属狗哇	nǐ yě shǔ gǒu wa	你也找属！	nǐ yě zhǎo shǔ ！
2019	不足	1848	1337	35	99.97	我气场不足	wǒ qì chǎng bù zú	眼睛休息不足	yǎn jīng xiū xī bù zú	睡眠严重不足	shuì mián yán zhòng bù zú
2020	围巾	2907	432	1	99.95	围巾不错	wéi jīn bù cuò	围巾亮了	wéi jīn liàng le	围巾能这样	wéi jīn néng zhè yàng
2021	解放	2297	1308	14	99.93	解放了？	jiě fàng le ？	终于快解放了	zhōng yú kuài jiě fàng le	小仙女，解放啦	xiǎo xiān nǚ ， jiě fàng la
2022	境界	2569	440	17	99.93	这都什么境界	zhè dōu shén me jìng jiè	人生之至高境界	rén shēng zhī zhì gāo jìng jiè	这个是最高境界哎	zhè gè shì zuì gāo jìng jiè āi
2023	记错	2673	437	12	99.88	你记错人了。	nǐ jì cuò rén le 。	对对我记错了	duì duì wǒ jì cuò le	我记错了不好意思	wǒ jì cuò le bù hǎo yì sī
2024	心塞	3049	0	2	99.83	心塞惨了	xīn sāi cǎn le	掉头发好心塞	diào tóu fā hǎo xīn sāi	哈哈哈哈哈！心塞	hā hā hā hā hā ！ xīn sāi
2025	挣扎	2401	1243	10	99.78	我还在挣扎	wǒ hái zài zhēng zhā	我正在挣扎中	wǒ zhèng zài zhēng zhā zhōng	哈哈哈别挣扎了	hā hā hā bié zhēng zhā le
2026	猫猫	2888	142	7	99.77	我们猫猫猫	wǒ men māo māo māo	猫猫!!!	māo māo ! ! !	猫猫好可爱	māo māo hǎo kě ài
2027	棉袄	2909	33	8	99.76	哪种棉袄？	nǎ zhǒng mián ǎo ？	生个小棉袄	shēng gè xiǎo mián ǎo	穿棉袄了都	chuān mián ǎo le dōu
2028	12点	2930	412	0	99.76	12点多	1 2 diǎn duō	12点穿	1 2 diǎn chuān	12点你还没睡	1 2 diǎn nǐ hái méi shuì
2029	对比	2516	291	22	99.74	对比之前的照片	duì bǐ zhī qián de zhào piàn	对比下你和老王的	duì bǐ xià nǐ hé lǎo wáng de	没有对比就没有伤害	méi yǒu duì bǐ jiù méi yǒu shāng hài
2030	彩虹	2777	695	2	99.70	彩虹分手了	cǎi hóng fēn shǒu le	彩虹很害羞	cǎi hóng hěn hài xiū	人家错了彩虹	rén jiā cuò le cǎi hóng
2031	转移	1889	2346	14	99.69	不要转移话题	bù yào zhuǎn yí huà tí	你以后要转移阵地了	nǐ yǐ hòu yào zhuǎn yí zhèn dì le	别转移话题这是爱情	bié zhuǎn yí huà tí zhè shì ài qíng
2032	水军	2714	43	17	99.67	水军迷路了？	shuǐ jūn mí lù le ？	我就是传说中的水军	wǒ jiù shì chuán shuō zhōng de shuǐ jūn	哇这里有人自带水军啊	wa zhè lǐ yǒu rén zì dài shuǐ jūn a
2033	安全感	2594	570	13	99.66	没安全感	méi ān quán gǎn	缺乏安全感	quē fá ān quán gǎn	什么是安全感	shén me shì ān quán gǎn
2034	意味着	784	5632	6	99.53	意味着我又要更圈了	yì wèi zhe wǒ yòu yào gèng quān le	意味着我将有新手机了	yì wèi zhe wǒ jiāng yǒu xīn shǒu jī le	祖国就意味着郫县豆瓣	zǔ guó jiù yì wèi zhe pí xiàn dòu bàn
2035	周四	2748	645	4	99.49	周四应该在！	zhōu sì yīng gāi zài ！	我是周四去的	wǒ shì zhōu sì qù de	周四倒休去看病	zhōu sì dào xiū qù kàn bìng
2036	力	1792	1818	28	99.42	借你力。	jiè nǐ lì 。	咋力咋力	zǎ lì zǎ lì	清洁力一般	qīng jié lì yī bān
2037	削	2281	331	32	99.39	高低削他	gāo dī xuē tā	小心我削你	xiǎo xīn wǒ xuē nǐ	把肉削一削	bǎ ròu xuē yī xuē
2038	旅途	2519	1336	2	99.35	旅途愉快	lǚ tú yú kuài	不是旅途哎	bù shì lǚ tú āi	旅途愉快！	lǚ tú yú kuài ！
2039	停下	496	6144	10	99.31	痛就停下	tòng jiù tíng xià	鸽子停下歇歇	gē zi tíng xià xiē xiē	是，快停下我出去	shì ， kuài tíng xià wǒ chū qù
2040	气息	2243	854	24	99.28	感受自然气息哈。	gǎn shòu zì rán qì xī hā 。	社会气息怎么那么重	shè huì qì xī zěn me nà me zhòng	逃也逃不掉的男子气息	táo yě táo bù diào de nán zi qì xī
2041	屋	2266	1874	4	99.23	到屋哒撒	dào wū dá sā	打的满屋跑！	dǎ de mǎn wū pǎo ！	你几时翻屋企噶	nǐ jǐ shí fān wū qǐ gá
2042	指纹	1645	2074	30	99.22	指纹放哪里呢	zhǐ wén fàng nǎ lǐ ne	那不是有指纹吗	nà bù shì yǒu zhǐ wén ma	不进韩国录指纹的	bù jìn hán guó lù zhǐ wén de
2043	逐渐	627	1245	94	99.21	在逐渐调节了	zài zhú jiàn diào jié le	逐渐把范围缩小	zhú jiàn bǎ fàn wéi suō xiǎo	对京剧逐渐了解了	duì jīng jù zhú jiàn le jiě le
2044	阴天	2974	35	4	99.19	阴天有点	yīn tiān yǒu diǎn	嗯是的阴天	ń shì de yīn tiān	无雨，阴天	wú yǔ ， yīn tiān
2045	改成	2154	422	36	99.13	富改成福不错	fù gǎi chéng fú bù cuò	我可以改成18级	wǒ kě yǐ gǎi chéng 1 8 jí	不是要改成爱吃鱼么	bù shì yào gǎi chéng ài chī yú me
2046	瑟瑟	3048	48	0	99.04	瑟瑟发抖	sè sè fā dǒu	瑟瑟发抖呀	sè sè fā dǒu ya	早安瑟瑟发抖	zǎo ān sè sè fā dǒu
2047	用力	1609	3291	9	99.04	跑，用力跑	pǎo ， yòng lì pǎo	翻身用力过猛	fān shēn yòng lì guò měng	很小用力看一下	hěn xiǎo yòng lì kàn yī xià
2048	陈	2115	1598	16	99.02	同乐哈陈妈	tóng lè hā chén mā	我不姓陈啊	wǒ bù xìng chén a	陈三岁哈哈哈哈	chén sān suì hā hā hā hā
2049	蘑菇	2302	679	24	99.01	蘑菇女神	mó gū nǚ shén	海底捞蘑菇	hǎi dǐ lāo mó gū	蘑菇来捞你	mó gū lái lāo nǐ
2050	大胆	2485	1287	4	98.99	大胆猴哥	dà dǎn hóu gē	大胆猴子	dà dǎn hóu zi	大胆还不跪下！	dà dǎn hái bù guì xià ！
2051	长高	2586	212	19	98.99	你长高了	nǐ zhǎng gāo le	长高了？	zhǎng gāo le ？	希望你长高	xī wàng nǐ zhǎng gāo
2052	末日	2400	1602	2	98.82	末日安好啊	mò rì ān hǎo a	之哥末日快乐	zhī gē mò rì kuài lè	世界末日是哪天	shì jiè mò rì shì nǎ tiān
2053	黄瓜	2416	313	25	98.80	天天都吃黄瓜	tiān tiān dōu chī huáng guā	最爱黄瓜味儿	zuì ài huáng guā wèi ér	你是黄瓜味儿的	nǐ shì huáng guā wèi ér de
2054	轻易	2178	1632	12	98.77	就这么轻易看穿	jiù zhè me qīng yì kàn chuān	瞒不会轻易说出口	mán bù huì qīng yì shuō chū kǒu	这么轻易就破戒了	zhè me qīng yì jiù pò jiè le
2055	翅膀	1903	1739	23	98.65	翅膀硬了咧	chì bǎng yìng le liě	翅膀晒化了噻	chì bǎng shài huà le sāi	在翅膀上吹吹风	zài chì bǎng shàng chuī chuī fēng
2056	幼稚	2470	862	12	98.61	刘海幼稚	liú hǎi yòu zhì	好幼稚哦	hǎo yòu zhì ó	你好幼稚哟	nǐ hǎo yòu zhì yō
2057	活着	2379	1041	13	98.58	一个人叫活着	yī gè rén jiào huó zhe	活着就有希望哦	huó zhe jiù yǒu xī wàng ó	稳住，活着多好	wěn zhù ， huó zhe duō hǎo
2058	蒸	2652	223	15	98.56	蒸的煮的	zhēng de zhǔ de	裹蒸粽吗	guǒ zhēng zòng ma	就是蒸鱼！	jiù shì zhēng yú ！
2059	科	2302	426	28	98.56	我们科的	wǒ men kē de	100一科	1 0 0 yī kē	明天最后一科。	míng tiān zuì hòu yī kē 。
2060	惊	2726	460	7	98.50	对啊惊不惊喜	duì a jīng bù jīng xǐ	哈哈哈惊不惊喜	hā hā hā jīng bù jīng xǐ	惊！这不科学啊	jīng ！ zhè bù kē xué a
2061	差别	1980	876	35	98.49	什么差别	shén me chà bié	差别大得多了	chà bié dà dé duō le	差别简直太大了	chà bié jiǎn zhí tài dà le
2062	搜索	1808	1972	23	98.49	搜索什么才能找到	sōu suǒ shén me cái néng zhǎo dào	你为啥子会搜索饺子	nǐ wèi shá zi huì sōu suǒ jiǎo zi	老铁怎么搜索关注啊	lǎo tiě zěn me sōu suǒ guān zhù a
2063	摩托车	1067	1291	71	98.47	摩托车不错	mó tuō chē bù cuò	考摩托车证？	kǎo mó tuō chē zhèng ？	你是摩托车开瘦的	nǐ shì mó tuō chē kāi shòu de
2064	攻	2263	791	23	98.47	仙女攻！	xiān nǚ gōng ！	可攻可受	kě gōng kě shòu	不是狼攻么	bù shì láng gōng me
2065	待遇	2252	710	25	98.45	你待遇不同三	nǐ dài yù bù tóng sān	待遇不错嘛。	dài yù bù cuò ma 。	一看这待遇就不同	yī kàn zhè dài yù jiù bù tóng
2066	上映	2098	291	40	98.38	恭喜新戏上映	gōng xǐ xīn xì shàng yìng	海外不上映啊	hǎi wài bù shàng yìng a	上映时各种错过昂	shàng yìng shí gè zhǒng cuò guò áng
2067	网恋	2940	4	5	98.38	你网恋？	nǐ wǎng liàn ？	网恋找我	wǎng liàn zhǎo wǒ	小甜甜网恋吗	xiǎo tián tián wǎng liàn ma
2068	各种各样	354	475	120	98.35	各种各样的有！	gè zhǒng gè yàng de yǒu ！	各种各样的辣条	gè zhǒng gè yàng de là tiáo	各种各样的小短片	gè zhǒng gè yàng de xiǎo duǎn piàn
2069	箱	2463	1129	7	98.34	来一箱。	lái yī xiāng 。	给你寄一箱	gěi nǐ jì yī xiāng	给我寄一箱	gěi wǒ jì yī xiāng
2070	临时	2270	1304	13	98.34	临时凑一块	lín shí còu yī kuài	临时通知什么啦？	lín shí tōng zhī shén me la ？	也是临时决定去的	yě shì lín shí jué dìng qù de
2071	高一	1880	93	54	98.33	高一吗？	gāo yī ma ？	这是高一的书	zhè shì gāo yī de shū	高一什么同学录	gāo yī shén me tóng xué lù
2072	称呼	1996	2012	13	98.31	请称呼我黄总	qǐng chēng hū wǒ huáng zǒng	哥你怎么称呼啊	gē nǐ zěn me chēng hū a	唐探2里的称呼	táng tàn 2 lǐ de chēng hū
2073	磨	2542	650	12	98.30	我磨了三个泡	wǒ mó le sān gè pào	磨刀磨菜刀。	mó dāo mó cài dāo 。	就是耐心磨没了	jiù shì nài xīn mó méi le
2074	主任	1851	1736	25	98.28	主任与狗卅	zhǔ rèn yǔ gǒu sà	主任早大家早	zhǔ rèn zǎo dà jiā zǎo	褚主任看到了	chǔ zhǔ rèn kàn dào le
2075	一百	1925	447	45	98.12	一百出头	yī bǎi chū tóu	一百昏一百昏	yī bǎi hūn yī bǎi hūn	梦一百！！！	mèng yī bǎi ！ ！ ！
2076	小三	2969	70	2	98.11	那是小三	nà shì xiǎo sān	小三不好当吧?	xiǎo sān bù hǎo dāng ba ?	我不做小三，谢谢	wǒ bù zuò xiǎo sān ， xiè xiè
2077	喉咙	2176	1851	7	98.06	喉咙不舒服	hóu lóng bù shū fú	喉咙那么小	hóu lóng nà me xiǎo	没错卡喉咙	méi cuò kǎ hóu lóng
2078	马赛克	3017	46	0	98.01	文明马赛克	wén míng mǎ sài kè	那是马赛克	nà shì mǎ sài kè	这马赛克打的	zhè mǎ sài kè dǎ de
2079	沉	2252	1427	11	97.94	你很沉？	nǐ hěn chén ？	我太沉了	wǒ tài chén le	我不沉，你虚	wǒ bù chén ， nǐ xū
2080	不易	2712	286	10	97.90	不易不易	bù yì bù yì	入睡不易	rù shuì bù yì	生活不易	shēng huó bù yì
2081	店铺	2143	244	38	97.90	店铺名叫什么	diàn pù míng jiào shén me	有推荐店铺吗	yǒu tuī jiàn diàn pù ma	这个店铺叫啥	zhè gè diàn pù jiào shá
2082	请教	2635	647	7	97.89	请教哥瘦	qǐng jiào gē shòu	相互请教嘛	xiāng hù qǐng jiào ma	想请教一下英语	xiǎng qǐng jiào yī xià yīng yǔ
2083	蹦	2192	386	33	97.88	挺能蹦哒	tǐng néng bèng dá	就蹦了一下下	jiù bèng le yī xià xià	建议蹦极一次	jiàn yì bèng jí yī cì
2084	独自	1528	3624	5	97.87	让我独自泪流吧	ràng wǒ dú zì lèi liú ba	哈哈是啊独自看雨	hā hā shì a dú zì kàn yǔ	你都不说想独自瘦哼	nǐ dōu bù shuō xiǎng dú zì shòu hēng
2085	无人	1856	1628	26	97.77	无人可约	wú rén kě yuē	哪里有无人村	nǎ lǐ yǒu wú rén cūn	哎呀，现在无人要啊！！！	āi ya ， xiàn zài wú rén yào a ！ ！ ！
2086	中毒	2623	558	9	97.74	中毒了？	zhōng dú le ？	不了，怕中毒	bù le ， pà zhōng dú	中毒太深了！	zhōng dú tài shēn le ！
2087	杰伦	3025	3	0	97.74	杰伦必须帅	jié lún bì xū shuài	也喜欢杰伦啊	yě xǐ huān jié lún a	她很喜欢杰伦	tā hěn xǐ huān jié lún
2088	暴富	2927	38	4	97.71	只求暴富	zhǐ qiú bào fù	想一夜暴富	xiǎng yī yè bào fù	我也想暴富啊	wǒ yě xiǎng bào fù a
2089	召唤	2420	1237	6	97.62	使命召唤	shǐ mìng zhào huàn	召唤娴娴姐	zhào huàn xián xián jiě	涛帅召唤你啦	tāo shuài zhào huàn nǐ la
2090	现代	840	1585	75	97.50	回到现代社会	huí dào xiàn dài shè huì	好再买辆现代代步	hǎo zài mǎi liàng xiàn dài dài bù	你还能回到现代么？	nǐ hái néng huí dào xiàn dài me ？
2091	大把	2463	511	17	97.39	掉大把大把	diào dà bǎ dà bǎ	你自己大把啦	nǐ zì jǐ dà bǎ la	反正有大把时光	fǎn zhèng yǒu dà bǎ shí guāng
2092	赖	2642	641	6	97.37	你刷赖噢	nǐ shuā lài ō	恭喜你赖	gōng xǐ nǐ lài	我就赖着你	wǒ jiù lài zhe nǐ
2093	两点	2623	525	9	97.33	两点多吧。	liǎng diǎn duō ba 。	我两点多睡的	wǒ liǎng diǎn duō shuì de	两点多就睡醒咧	liǎng diǎn duō jiù shuì xǐng liě
2094	模仿	1712	1261	39	97.33	一直被模仿	yī zhí bèi mó fǎng	是模仿榜姐好吗	shì mó fǎng bǎng jiě hǎo ma	有人模仿我的脸	yǒu rén mó fǎng wǒ de liǎn
2095	警告	432	6367	6	97.32	九八k警告	jiǔ bā k jǐng gào	我警告过你了	wǒ jǐng gào guò nǐ le	广州进入高温警告	guǎng zhōu jìn rù gāo wēn jǐng gào
2096	发表	1670	2178	24	97.27	你要发表啥	nǐ yào fā biǎo shá	你居然木有发表感叹	nǐ jū rán mù yǒu fā biǎo gǎn tàn	凌晨发表失恋感概？	líng chén fā biǎo shī liàn gǎn gài ？
2097	高跟鞋	2719	426	6	97.17	别穿高跟鞋哦	bié chuān gāo gēn xié ó	你居然有高跟鞋	nǐ jū rán yǒu gāo gēn xié	我可以穿高跟鞋	wǒ kě yǐ chuān gāo gēn xié
2098	而言	760	3066	51	97.17	对吃货而言不难	duì chī huò ér yán bù nán	那要看对谁而言	nà yào kàn duì shuí ér yán	于我而言也是一样	yú wǒ ér yán yě shì yī yàng
2099	远方	2595	687	7	97.10	我在远方	wǒ zài yuǎn fāng	一杯敬远方	yī bēi jìng yuǎn fāng	还有诗和远方	hái yǒu shī hé yuǎn fāng
2100	中考	1582	8	68	97.09	好好中考	hǎo hǎo zhōng kǎo	15中考累	1 5 zhōng kǎo lèi	你们要中考吗？	nǐ men yào zhōng kǎo ma ？
2101	怪物	587	5459	15	97.09	怪物公司	guài wù gōng sī	怪物猎人	guài wù liè rén	机智的怪物	jī zhì de guài wù
2102	好歹	2679	414	8	97.08	好歹很近啊	hǎo dǎi hěn jìn a	好歹出了月子	hǎo dǎi chū le yuè zi	好歹打个招呼么	hǎo dǎi dǎ gè zhāo hū me
2103	眼线	2709	227	10	97.07	低配眼线	dī pèi yǎn xiàn	来点眼线	lái diǎn yǎn xiàn	眼线画大了	yǎn xiàn huà dà le
2104	批	2274	1029	16	97.06	你祎姐批了	nǐ yī jiě pī le	难道我被批啦	nán dào wǒ bèi pī la	青岛确实牛批	qīng dǎo què shí niú pī
2105	纯洁	2506	1072	4	96.99	你哪里纯洁	nǐ nǎ lǐ chún jié	我梦想纯洁	wǒ mèng xiǎng chún jié	那些不纯洁	nà xiē bù chún jié
2106	科目	2073	134	42	96.97	什么科目	shén me kē mù	16号科目二	1 6 hào kē mù èr	28好科目二	2 8 hǎo kē mù èr
2107	安卓	2108	42	42	96.96	安卓早已不卡	ān zhuó zǎo yǐ bù kǎ	快把安卓扔掉	kuài bǎ ān zhuó rēng diào	安卓的有用吗？	ān zhuó de yǒu yòng ma ？
2108	闪电	2421	1339	3	96.90	你是闪电	nǐ shì shǎn diàn	这么快快如闪电	zhè me kuài kuài rú shǎn diàn	文盲，闪电5米宽	wén máng ， shǎn diàn 5 mǐ kuān
2109	撒谎	637	5747	7	96.89	你撒谎了	nǐ sā huǎng le	哦，撒谎	ó ， sā huǎng	普通人都撒谎	pǔ tōng rén dōu sā huǎng
2110	过后	2395	864	13	96.89	他看了过后很气	tā kàn le guò hòu hěn qì	已经两发过后了要休息了	yǐ jīng liǎng fā guò hòu le yào xiū xī le	就知道你害羞过后的小逗比	jiù zhī dào nǐ hài xiū guò hòu de xiǎo dòu bǐ
2111	胆子	2397	858	13	96.88	胆子不小	dǎn zi bù xiǎo	你胆子大了	nǐ dǎn zi dà le	木事练胆子	mù shì liàn dǎn zi
2112	最早	1291	581	71	96.86	喵姐最早好吧	miāo jiě zuì zǎo hǎo ba	对！我所以说最早！	duì ！ wǒ suǒ yǐ shuō zuì zǎo ！	来的最早，走得最晚	lái de zuì zǎo ， zǒu dé zuì wǎn
2113	自身	888	973	83	96.83	摇老师自身难保哟	yáo lǎo shī zì shēn nán bǎo yō	自身也是艺术更好。	zì shēn yě shì yì shù gèng hǎo 。	偶尔感慨一下，反省自身	ǒu ěr gǎn kǎi yī xià ， fǎn shěng zì shēn
2114	大王	2463	1058	6	96.78	大王是谁	dà wáng shì shuí	是的大王	shì de dà wáng	遵命大王	zūn mìng dà wáng
2115	组合	1739	1359	35	96.72	相片组合	xiāng piàn zǔ hé	天仙下凡组合	tiān xiān xià fán zǔ hé	组合名叫.？	zǔ hé míng jiào . ？
2116	番茄	2761	389	4	96.72	吃番茄吧。	chī fān jiā ba 。	就那个小番茄	jiù nà gè xiǎo fān jiā	我要次番茄牛腩	wǒ yào cì fān jiā niú nǎn
2117	十分钟	1646	1978	28	96.70	刚刚十分钟前	gāng gāng shí fēn zhōng qián	最多十分钟的算啥	zuì duō shí fēn zhōng de suàn shá	我被堵了！！还有十分钟	wǒ bèi dǔ le ！ ！ hái yǒu shí fēn zhōng
2118	一向	2050	2338	2	96.69	人一向好看	rén yī xiàng hǎo kàn	一向右手好看	yī xiàng yòu shǒu hǎo kàn	我一向很诚实	wǒ yī xiàng hěn chéng shí
2119	情商	2379	7	29	96.50	情商不高	qíng shāng bù gāo	长得帅情商高	zhǎng dé shuài qíng shāng gāo	敢不敢比比情商	gǎn bù gǎn bǐ bǐ qíng shāng
2120	姥姥	2127	281	36	96.50	姥姥不让	lǎo lǎo bù ràng	恭迎姥姥	gōng yíng lǎo lǎo	姥姥去世了..	lǎo lǎo qù shì le . .
2121	看不起	2281	528	24	96.45	你是看不起我	nǐ shì kàn bù qǐ wǒ	还被人看不起	hái bèi rén kàn bù qǐ	呵呵看不起我？	hē hē kàn bù qǐ wǒ ？
2122	保养	2583	231	15	96.43	好好保养吧	hǎo hǎo bǎo yǎng ba	没好好保养	méi hǎo hǎo bǎo yǎng	女人要保养啊	nǚ rén yào bǎo yǎng a
2123	平静	1849	2621	6	96.42	我很平静	wǒ hěn píng jìng	好吧平静了	hǎo ba píng jìng le	我……异常平静	wǒ … … yì cháng píng jìng
2124	兔	2604	500	9	96.41	破兔走开	pò tù zǒu kāi	小焦属兔！	xiǎo jiāo shǔ tù ！	你这个兔脸怪	nǐ zhè gè tù liǎn guài
2125	排骨	2688	223	10	96.34	我的排骨	wǒ de pái gǔ	刚吃完排骨	gāng chī wán pái gǔ	想吃糖醋排骨	xiǎng chī táng cù pái gǔ
2126	银	2638	623	5	96.34	你个坏银	nǐ gè huài yín	她是坏银	tā shì huài yín	悲惨的银	bēi cǎn de yín
2127	惩罚	1179	3592	20	96.33	我接受惩罚	wǒ jiē shòu chéng fá	犯懒的惩罚	fàn lǎn de chéng fá	做的不好有惩罚吗	zuò de bù hǎo yǒu chéng fá ma
2128	紫色	2637	515	7	96.31	紫色按讚	zǐ sè àn zàn	紫色液体。	zǐ sè yè tǐ 。	紫色的爱爱爱	zǐ sè de ài ài ài
2129	愤怒	1471	2887	19	96.30	愤怒的小鸟	fèn nù de xiǎo niǎo	愤怒的老王	fèn nù de lǎo wáng	喜欢你的愤怒	xǐ huān nǐ de fèn nù
2130	单反	2977	9	0	96.26	单反死啦	dān fǎn sǐ la	你买单反啦？	nǐ mǎi dān fǎn la ？	你有单反么？	nǐ yǒu dān fǎn me ？
2131	料	2139	1311	16	96.22	世事难料嘛	shì shì nán liào ma	好有料的蒸饺	hǎo yǒu liào de zhēng jiǎo	不想去。在宿舍料	bù xiǎng qù 。 zài sù shě liào
2132	领养	2631	684	4	96.20	怎么领养你	zěn me lǐng yǎng nǐ	求领养！！	qiú lǐng yǎng ！ ！	海可以领养吗	hǎi kě yǐ lǐng yǎng ma
2133	滴滴	2092	20	42	96.16	滴，滴滴	dī ， dī dī	好滴滴滴滴	hǎo dī dī dī dī	打卡滴滴滴	dǎ kǎ dī dī dī
2134	下手	2129	1927	5	96.14	没法下手	méi fǎ xià shǒu	你比我下手狠	nǐ bǐ wǒ xià shǒu hěn	胖的无从下手	pàng de wú cóng xià shǒu
2135	娘娘	2771	262	5	96.14	娘娘千岁	niáng niáng qiān suì	娘娘威武	niáng niáng wēi wǔ	娘娘饶命啊	niáng niáng ráo mìng a
2136	小龙虾	2628	30	16	96.05	小龙虾咋样	xiǎo lóng xiā zǎ yàng	小龙虾好吃么	xiǎo lóng xiā hǎo chī me	小龙虾好吃吗	xiǎo lóng xiā hǎo chī ma
2137	里头	731	1372	82	96.05	穿在里头	chuān zài lǐ tóu	院里头找个	yuàn lǐ tóu zhǎo gè	半夜我在梦里头	bàn yè wǒ zài mèng lǐ tóu
2138	保安	1745	2371	15	96.02	保安喊了啥	bǎo ān hǎn le shá	那我当保安	nà wǒ dāng bǎo ān	你招保安吗？	nǐ zhāo bǎo ān ma ？
2139	怀里	2714	561	2	95.99	来我怀里	lái wǒ huái lǐ	快到怀里来	kuài dào huái lǐ lái	我怀里暖吧	wǒ huái lǐ nuǎn ba
2140	如果说	261	256	125	95.99	如果说艺术谢幕了，你也就物化了	rú guǒ shuō yì shù xiè mù le ， nǐ yě jiù wù huà le	我如果说我是认真的你是不是就会搬？	wǒ rú guǒ shuō wǒ shì rèn zhēn de nǐ shì bù shì jiù huì bān ？	如果说小三该打，那为啥就不打出轨的呢	rú guǒ shuō xiǎo sān gāi dǎ ， nà wèi shá jiù bù dǎ chū guǐ de ne
2141	俄罗斯	1149	2173	47	95.90	俄罗斯满大街都是	é luó sī mǎn dà jiē dōu shì	好可爱。俄罗斯蓝	hǎo kě ài 。 é luó sī lán	天线猫的俄罗斯套娃	tiān xiàn māo de é luó sī tào wá
2142	改名	2554	316	14	95.87	劳资改名了	láo zī gǎi míng le	你怎么改名了？	nǐ zěn me gǎi míng le ？	哦下次不要改名了	ó xià cì bù yào gǎi míng le
2143	考验	1705	1379	35	95.87	考验恒心	kǎo yàn héng xīn	酒精考验	jiǔ jīng kǎo yàn	考验你的时候到了	kǎo yàn nǐ de shí hòu dào le
2144	迷路	2089	2061	4	95.84	别迷路了	bié mí lù le	迷路啦？	mí lù la ？	她姑父迷路了	tā gū fù mí lù le
2145	如今	1728	2723	9	95.81	如今鼻孔还好吗	rú jīn bí kǒng hái hǎo ma	可如今我已卸王者	kě rú jīn wǒ yǐ xiè wáng zhě	如今只有爆照以示清白	rú jīn zhǐ yǒu bào zhào yǐ shì qīng bái
2146	无比	2285	1331	8	95.78	无比充实	wú bǐ chōng shí	我英明无比	wǒ yīng míng wú bǐ	无比思念你	wú bǐ sī niàn nǐ
2147	告白	2703	348	6	95.69	内心告白好吗	nèi xīn gào bái hǎo ma	这个是告白？	zhè gè shì gào bái ？	你被告白呀？！	nǐ bèi gào bái ya ？ ！
2148	陛下	700	5700	3	95.64	女王陛下	nǚ wáng bì xià	是的女王陛下	shì de nǚ wáng bì xià	陛下下午好！	bì xià xià wǔ hǎo ！
2149	乃	2655	631	3	95.64	请我去乃	qǐng wǒ qù nǎi	我就去乃你	wǒ jiù qù nǎi nǐ	乃儿子还木醒	nǎi ér zi hái mù xǐng
2150	用户	2202	503	27	95.61	我算老用户了？	wǒ suàn lǎo yòng hù le ？	特邀用户才可以	tè yāo yòng hù cái kě yǐ	你圈的用户不存在	nǐ quān de yòng hù bù cún zài
2151	凶手	387	6071	11	95.56	凶手在此	xiōng shǒu zài cǐ	找出凶手了吗	zhǎo chū xiōng shǒu le ma	你是凶手啊。。	nǐ shì xiōng shǒu a 。 。
2152	或者说	375	358	117	95.54	或者说这叫深夜养眼？！	huò zhě shuō zhè jiào shēn yè yǎng yǎn ？ ！	对啊～或者说书生气息也行	duì a ～ huò zhě shuō shū shēng qì xī yě xíng	不会是纯的，或者说可能性很小	bù huì shì chún de ， huò zhě shuō kě néng xìng hěn xiǎo
2153	阳台	2553	670	7	95.53	寝室没阳台？	qǐn shì méi yáng tái ？	阳台也热啊。	yáng tái yě rè a 。	阳台晒不到太阳	yáng tái shài bù dào tài yáng
2154	分分钟	2919	43	1	95.49	分分钟治你	fēn fēn zhōng zhì nǐ	分分钟就变老。	fēn fēn zhōng jiù biàn lǎo 。	分分钟追到。。	fēn fēn zhōng zhuī dào 。 。
2155	仨	2741	173	7	95.41	安逸仨。	ān yì sā 。	来省城仨	lái shěng chéng sā	哈哈必须的仨	hā hā bì xū de sā
2156	飘过	2927	15	1	95.40	七号的飘过	qī hào de piāo guò	38.1飘过	3 8 . 1 piāo guò	5354的飘过	5 3 5 4 de piāo guò
2157	真诚	2573	872	2	95.31	很真诚啊	hěn zhēn chéng a	真诚的导游	zhēn chéng de dǎo yóu	喜欢真诚的你	xǐ huān zhēn chéng de nǐ
2158	灭	1953	1227	25	95.24	用水浇灭	yòng shuǐ jiāo miè	关你灭西啊	guān nǐ miè xī a	求你灭了我	qiú nǐ miè le wǒ
2159	精灵	1767	2084	18	95.18	蓝精灵。。	lán jīng líng 。 。	你呀鬼精灵哦	nǐ ya guǐ jīng líng ó	收它回精灵球	shōu tā huí jīng líng qiú
2160	道德	1256	1836	47	95.16	道德标准	dào dé biāo zhǔn	最有道德的公司	zuì yǒu dào dé de gōng sī	道德：关我屁事！	dào dé ： guān wǒ pì shì ！
2161	校服	2269	239	28	95.16	我穿校服	wǒ chuān xiào fú	小学的校服	xiǎo xué de xiào fú	我看到校服	wǒ kàn dào xiào fú
2162	共享	1704	668	47	95.08	共享单车吗	gòng xiǎng dān chē ma	共享索道可能更好	gòng xiǎng suǒ dào kě néng gèng hǎo	回去把行程共享给你	huí qù bǎ xíng chéng gòng xiǎng gěi nǐ
2163	贴心	2555	517	9	95.04	好吧真贴心	hǎo ba zhēn tiē xīn	你婆婆真贴心	nǐ pó pó zhēn tiē xīn	好贴心啊球球	hǎo tiē xīn a qiú qiú
2164	抑郁	2411	345	19	94.99	我抑郁了	wǒ yì yù le	抑郁要重视	yì yù yào zhòng shì	你会抑郁啥？	nǐ huì yì yù shá ？
2165	青蛙	2212	1076	15	94.97	旅行青蛙	lǚ xíng qīng wā	青蛙呀！	qīng wā ya ！	青蛙旅行	qīng wā lǚ xíng
2166	丧	2780	144	5	94.96	我丧德行呗	wǒ sàng dé xíng bei	谁能丧过你	shuí néng sàng guò nǐ	我已经丧两年了	wǒ yǐ jīng sàng liǎng nián le
2167	导师	2008	1386	19	94.94	爱情导师	ài qíng dǎo shī	你们导师真棒	nǐ men dǎo shī zhēn bàng	导师虐你了吗	dǎo shī nüè nǐ le ma
2168	漏	2380	959	9	94.89	7是漏的	7 shì lòu de	家里漏吗	jiā lǐ lòu ma	胸漏了啊	xiōng lòu le a
2169	爱豆	2642	0	14	94.78	你爱豆是？	nǐ ài dòu shì ？	你爱豆是谁呀？	nǐ ài dòu shì shuí ya ？	我是你的爱豆吗	wǒ shì nǐ de ài dòu ma
2170	诺一	2934	0	0	94.76	诺一长大了	nuò yī zhǎng dà le	诺一胳膊真粗	nuò yī gē bó zhēn cū	诺一，好丑！	nuò yī ， hǎo chǒu ！
2171	雅黑	11	7575	0	94.72	雅黑也不错	yǎ hēi yě bù cuò	雅黑先生是什么	yǎ hēi xiān shēng shì shén me	雅黑皮肤有变化	yǎ hēi pí fū yǒu biàn huà
2172	程序	920	3430	33	94.72	我傻呀，我只是程序	wǒ shǎ ya ， wǒ zhǐ shì chéng xù	呃……就是之前的程序呗	è … … jiù shì zhī qián de chéng xù bei	谁给你编的程序真垃圾啊	shuí gěi nǐ biān de chéng xù zhēn lā jī a
2173	心思	2362	828	12	94.70	你又心思活络了	nǐ yòu xīn sī huó luò le	女人的心思你别猜	nǚ rén de xīn sī nǐ bié cāi	天生是个心思重的人	tiān shēng shì gè xīn sī zhòng de rén
2174	场景	1861	1202	29	94.65	哇这场景	wa zhè chǎng jǐng	什么场景，想看	shén me chǎng jǐng ， xiǎng kàn	场景不对，哈哈	chǎng jǐng bù duì ， hā hā
2175	损失	799	3087	45	94.64	损失多少？	sǔn shī duō shǎo ？	损失有点大	sǔn shī yǒu diǎn dà	损失严重么？	sǔn shī yán zhòng me ？
2176	问候	2441	1213	1	94.62	轻声问候	qīng shēng wèn hòu	问候芽儿	wèn hòu yá ér	元旦都不问候哈？	yuán dàn dōu bù wèn hòu hā ？
2177	从前	1978	2194	5	94.59	从前有座山	cóng qián yǒu zuò shān	叔没从前忧郁了	shū méi cóng qián yōu yù le	。。。。从前的我	。 。 。 。 cóng qián de wǒ
2178	据	919	2447	51	94.59	你怎么老是据你爸说	nǐ zěn me lǎo shì jù nǐ bà shuō	据我所知北京的都是牛的	jù wǒ suǒ zhī běi jīng de dōu shì niú de	据预报：大雪纷飞。。。	jù yù bào ： dà xuě fēn fēi 。 。 。
2179	一时	1975	1333	21	94.57	怪我，一时口误	guài wǒ ， yī shí kǒu wù	爱情只是一时滴冲动	ài qíng zhǐ shì yī shí dī chōng dòng	一时会有，但后害无穷	yī shí huì yǒu ， dàn hòu hài wú qióng
2180	热度	2454	144	20	94.55	蹭热度咯	cèng rè dù gē	别回给热度	bié huí gěi rè dù	送你一个热度	sòng nǐ yī gè rè dù
2181	乐观	2261	1077	12	94.54	我超乐观的	wǒ chāo lè guān de	这叫乐观！	zhè jiào lè guān ！	欣赏你的乐观	xīn shǎng nǐ de lè guān
2182	之内	948	2680	45	94.38	五年之内没计划	wǔ nián zhī nèi méi jì huà	二十之内可以接受	èr shí zhī nèi kě yǐ jiē shòu	大部分三天之内会好	dà bù fēn sān tiān zhī nèi huì hǎo
2183	高二	1639	75	60	94.37	今年高二	jīn nián gāo èr	是的高二	shì de gāo èr	我才高二呢	wǒ cái gāo èr ne
2184	应用	889	447	89	94.35	卖水果的应用	mài shuǐ guǒ de yīng yòng	黑莓应用太少	hēi méi yīng yòng tài shǎo	应用商店搜不到	yīng yòng shāng diàn sōu bù dào
2185	飞行	1170	3780	14	94.33	飞行模式	fēi xíng mó shì	与你飞行与你坠落	yǔ nǐ fēi xíng yǔ nǐ zhuì luò	羡慕你自由地飞行	xiàn mù nǐ zì yóu dì fēi xíng
2186	拼命	1934	1311	23	94.32	拼命女郎	pīn mìng nǚ láng	不拼命怎么行	bù pīn mìng zěn me xíng	为什么这么拼命	wèi shén me zhè me pīn mìng
2187	江苏	2681	24	11	94.31	你去江苏啦	nǐ qù jiāng sū la	哦，在江苏呢	ó ， zài jiāng sū ne	去江苏工作了？	qù jiāng sū gōng zuò le ？
2188	嗷	2732	485	0	94.28	嗷也可以	áo yě kě yǐ	啵啵啵嗷！	bō bō bō áo ！	超喜欢嗷加油	chāo xǐ huān áo jiā yóu
2189	肾	2463	573	11	94.11	你是肾机	nǐ shì shèn jī	肾已掏空	shèn yǐ tāo kōng	肾有没有问题	shèn yǒu méi yǒu wèn tí
2190	地下	1237	2558	33	94.09	倒地下吃	dào dì xià chī	埋到地下去	mái dào dì xià qù	我没在地下	wǒ méi zài dì xià
2191	介	2787	270	1	94.05	介是什么	jiè shì shén me	介不是重点	jiè bù shì zhòng diǎn	横道世之介	héng dào shì zhī jiè
2192	此刻	2190	1760	2	94.01	此时此刻	cǐ shí cǐ kè	此刻的心情	cǐ kè de xīn qíng	吼开熏哦我此刻	hǒu kāi xūn ó wǒ cǐ kè
2193	代言	2309	93	27	93.96	炫迈找你代言	xuàn mài zhǎo nǐ dài yán	大表叔到处代言	dà biǎo shū dào chù dài yán	热巴代言的那款吗	rè bā dài yán de nà kuǎn ma
2194	杂	2696	164	7	93.84	小表杂晚安	xiǎo biǎo zá wǎn ān	你杂不想我呢	nǐ zá bù xiǎng wǒ ne	下午吃的太杂了	xià wǔ chī de tài zá le
2195	长春	2877	19	1	93.83	你在长春？	nǐ zài zhǎng chūn ？	长春还是北京	zhǎng chūn hái shì běi jīng	长春都下雪了	zhǎng chūn dōu xià xuě le
2196	逛逛	2617	475	5	93.82	偶尔上来逛逛	ǒu ěr shàng lái guàng guàng	来老校逛逛吧	lái lǎo xiào guàng guàng ba	买买买，逛逛逛	mǎi mǎi mǎi ， guàng guàng guàng
2197	豆豆	2684	190	7	93.78	豆豆是谁？	dòu dòu shì shuí ？	吃饭睡觉打豆豆	chī fàn shuì jué dǎ dòu dòu	满天都是豆豆豆	mǎn tiān dōu shì dòu dòu dòu
2198	见见	1861	2373	6	93.72	想见见你	xiǎng jiàn jiàn nǐ	该见见啦	gāi jiàn jiàn la	好想见见书记	hǎo xiǎng jiàn jiàn shū jì
2199	第一眼	2624	338	7	93.68	第一眼看吓一跳	dì yī yǎn kàn xià yī tiào	不好意思第一眼尽然看成骂人	bù hǎo yì sī dì yī yǎn jǐn rán kàn chéng mà rén	我晓得啦!第一眼就看出来了	wǒ xiǎo dé la ! dì yī yǎn jiù kàn chū lái le
2200	员工	1814	2221	11	93.68	有员工价么	yǒu yuán gōng jià me	请移步员工食堂	qǐng yí bù yuán gōng shí táng	男员工都这么帅？	nán yuán gōng dōu zhè me shuài ？
2201	柠檬	2329	1153	6	93.63	不知道柠檬么	bù zhī dào níng méng me	薄荷柠檬水啊	báo hé níng méng shuǐ a	大眼睛的柠檬姑娘	dà yǎn jīng de níng méng gū niáng
2202	包邮	2835	3	3	93.63	随便包邮	suí biàn bāo yóu	不包邮啊亲	bù bāo yóu a qīn	不包邮的吗	bù bāo yóu de ma
2203	辣鸡	2875	5	1	93.59	你很辣鸡了	nǐ hěn là jī le	你才是辣鸡	nǐ cái shì là jī	你这个辣鸡	nǐ zhè gè là jī
2204	感触	2044	153	38	93.57	感触良多	gǎn chù liáng duō	太有感触咯	tài yǒu gǎn chù gē	很有感触？	hěn yǒu gǎn chù ？
2205	皆	2232	1291	8	93.57	世人皆邪恶	shì rén jiē xié è	处处皆美好	chù chù jiē měi hǎo	一切皆有可能	yī qiè jiē yǒu kě néng
2206	无力	2544	642	5	93.54	无力反驳	wú lì fǎn bó	无力吐槽	wú lì tǔ cáo	海外狗有心无力	hǎi wài gǒu yǒu xīn wú lì
2207	行程	2491	885	3	93.50	列入行程！	liè rù xíng chéng ！	行啊，列入行程	xíng a ， liè rù xíng chéng	行程不断哦哈哈	xíng chéng bù duàn ó hā hā
2208	盼	2622	485	4	93.43	盼着25年呢	pàn zhe 2 5 nián ne	盼着你们凯旋	pàn zhe nǐ men kǎi xuán	天天抠脚盼！！	tiān tiān kōu jiǎo pàn ！ ！
2209	心累	2869	1	1	93.35	唉，心累	āi ， xīn lèi	心累心累	xīn lèi xīn lèi	哈哈哈心累	hā hā hā xīn lèi
2210	抱怨	1717	2550	9	93.30	你收集了多少个抱怨？	nǐ shōu jí le duō shǎo gè bào yuàn ？	那抱怨春天还是抱怨夏天	nà bào yuàn chūn tiān hái shì bào yuàn xià tiān	你真是芝麻大点事都要抱怨	nǐ zhēn shì zhī má dà diǎn shì dōu yào bào yuàn
2211	突破	1234	1631	49	93.25	坚持哈突破自己	jiān chí hā tū pò zì jǐ	奋斗，突破极限	fèn dòu ， tū pò jí xiàn	突破了我的底线	tū pò le wǒ de dǐ xiàn
2212	开发	1127	1366	59	93.24	开发漏洞	kāi fā lòu dòng	你想开发我么	nǐ xiǎng kāi fā wǒ me	一群猴子等着你去开发	yī qún hóu zi děng zhe nǐ qù kāi fā
2213	污	2785	100	3	93.22	感觉很污了	gǎn jué hěn wū le	你是不是在污	nǐ shì bù shì zài wū	学长，你好污	xué zhǎng ， nǐ hǎo wū
2214	萌萌哒	2863	1	1	93.16	嗯，萌萌哒	ń ， méng méng dá	分手，萌萌哒	fēn shǒu ， méng méng dá	帆帆真是萌萌哒	fān fān zhēn shì méng méng dá
2215	进攻	267	2931	71	93.06	进攻违例	jìn gōng wéi lì	进攻吧少年	jìn gōng ba shǎo nián	这样我就进攻啦	zhè yàng wǒ jiù jìn gōng la
2216	励志	2277	42	28	92.96	励志大片	lì zhì dà piàn	你好励志哦	nǐ hǎo lì zhì ó	励志哥上线	lì zhì gē shàng xiàn
2217	小编	2813	5	3	92.94	小编厉害	xiǎo biān lì hài	小编在哪里	xiǎo biān zài nǎ lǐ	小编快睡。	xiǎo biān kuài shuì 。
2218	前途	2091	1334	13	92.93	有前途！	yǒu qián tú ！	你很有前途	nǐ hěn yǒu qián tú	肯定有前途	kěn dìng yǒu qián tú
2219	集中	896	3131	37	92.92	集中反馈嘛	jí zhōng fǎn kuì ma	北方不是集中供暖吗？	běi fāng bù shì jí zhōng gōng nuǎn ma ？	太惨了集中不了注意力	tài cǎn le jí zhōng bù le zhù yì lì
2220	出道	1921	146	43	92.89	正式出道了	zhèng shì chū dào le	我都要出道了	wǒ dōu yào chū dào le	人家出道十几年了	rén jiā chū dào shí jǐ nián le
2221	长腿	2783	131	2	92.87	秀长腿么	xiù zhǎng tuǐ me	一家的长腿	yī jiā de zhǎng tuǐ	三个长腿的聚会	sān gè zhǎng tuǐ de jù huì
2222	双手	1698	2400	12	92.84	双手比心	shuāng shǒu bǐ xīn	举双手双脚	jǔ shuāng shǒu shuāng jiǎo	合双手感谢	hé shuāng shǒu gǎn xiè
2223	代	1768	1566	24	92.81	全代钱包瘪	quán dài qián bāo biě	没说代你去	méi shuō dài nǐ qù	代她向你问好	dài tā xiàng nǐ wèn hǎo
2224	诸葛亮	453	43	115	92.79	我不是诸葛亮	wǒ bù shì zhū gé liàng	诸葛亮行吗？	zhū gé liàng xíng ma ？	事后诸葛亮啊！	shì hòu zhū gé liàng a ！
2225	光头	2430	278	16	92.75	光头看看	guāng tóu kàn kàn	女生光头	nǚ shēng guāng tóu	最帅的光头	zuì shuài de guāng tóu
2226	工	1598	808	46	92.73	又去工了？	yòu qù gōng le ？	见工成功？	jiàn gōng chéng gōng ？	你的寒假工呢？	nǐ de hán jiǎ gōng ne ？
2227	伪	1507	3536	0	92.72	不，伪学霸	bù ， wěi xué bà	你个伪光棍	nǐ gè wěi guāng gùn	我网伪强队	wǒ wǎng wěi qiáng duì
2228	教堂	573	4819	21	92.72	教堂叫啥	jiào táng jiào shá	这是教堂	zhè shì jiào táng	峡山哪里有教堂	xiá shān nǎ lǐ yǒu jiào táng
2229	拽	2193	563	22	92.69	这么拽？	zhè me zhuāi ？	哈哈我拽着你	hā hā wǒ zhuāi zhe nǐ	饭正是拽到爆	fàn zhèng shì zhuāi dào bào
2230	胡说	1508	3422	2	92.69	不要胡说	bù yào hú shuō	你就胡说吧！	nǐ jiù hú shuō ba ！	听她胡说了。	tīng tā hú shuō le 。
2231	姚明	88	4	133	92.66	姚明。人生赢家	yáo míng 。 rén shēng yíng jiā	地铁上看到姚明了	dì tiě shàng kàn dào yáo míng le	感觉姚明中了一枪	gǎn jué yáo míng zhōng le yī qiāng
2232	端午	2867	4	0	92.65	端午安康	duān wǔ ān kāng	端午出来玩	duān wǔ chū lái wán	回来吗？端午	huí lái ma ？ duān wǔ
2233	凌晨	2418	299	16	92.62	凌晨特价机票	líng chén tè jià jī piào	忙到凌晨才惨	máng dào líng chén cái cǎn	凌晨也在想你哪	líng chén yě zài xiǎng nǐ nǎ
2234	记性	2658	381	3	92.62	我记性好	wǒ jì xìng hǎo	没记性！	méi jì xìng ！	长记性了	zhǎng jì xìng le
2235	形成	513	1931	77	92.60	还未形成自己的风格	hái wèi xíng chéng zì jǐ de fēng gé	和我形成鲜明对比？？	hé wǒ xíng chéng xiān míng duì bǐ ？ ？	与百公里15形成鲜明对比	yǔ bǎi gōng lǐ 1 5 xíng chéng xiān míng duì bǐ
2236	甚	2550	657	3	92.57	医院干甚	yī yuàn gàn shèn	甚是想念	shèn shì xiǎng niàn	看她做甚	kàn tā zuò shèn
2237	出事	1333	2884	20	92.48	飞机出事了？	fēi jī chū shì le ？	我觉得2万块会出事	wǒ jué dé 2 wàn kuài huì chū shì	现在来问一下出没出事	xiàn zài lái wèn yī xià chū méi chū shì
2238	总裁	2082	1045	18	92.41	总裁咋样	zǒng cái zǎ yàng	总裁再见。	zǒng cái zài jiàn 。	总裁什么鬼。	zǒng cái shén me guǐ 。
2239	各自	1844	1011	30	92.40	各自安好	gè zì ān hǎo	都在各自房间！	dōu zài gè zì fáng jiān ！	唉唉，各自加油啊	āi āi ， gè zì jiā yóu a
2240	侮辱	1945	1718	12	92.32	不要侮辱黑色	bù yào wǔ rǔ hēi sè	别侮辱了东西	bié wǔ rǔ le dōng xī	秋裤是种侮辱	qiū kù shì zhǒng wǔ rǔ
2241	军事	223	2100	87	92.09	对军事有兴趣？	duì jūn shì yǒu xīng qù ？	你咋就成军事博主了	nǐ zǎ jiù chéng jūn shì bó zhǔ le	你在读军事理论！！	nǐ zài dú jūn shì lǐ lùn ！ ！
2242	指望	1940	2358	0	92.03	就是没指望了	jiù shì méi zhǐ wàng le	唉，我还指望你呢	āi ， wǒ hái zhǐ wàng nǐ ne	这就指望你了黄总	zhè jiù zhǐ wàng nǐ le huáng zǒng
2243	僵尸	1346	1351	47	92.03	都是僵尸	dōu shì jiāng shī	为啥像僵尸？	wèi shá xiàng jiāng shī ？	真的很僵尸..	zhēn de hěn jiāng shī . .
2244	狮子	2137	1574	5	92.00	看狮子去	kàn shī zi qù	狮子与小喵！	shī zi yǔ xiǎo miāo ！	狮子所爱略同啊	shī zi suǒ ài lüè tóng a
2245	过奖	2669	463	0	91.97	谢谢过奖	xiè xiè guò jiǎng	过奖去睡	guò jiǎng qù shuì	过奖过奖	guò jiǎng guò jiǎng
2246	右手	2047	1370	13	91.95	我是右手	wǒ shì yòu shǒu	刚搞完右手	gāng gǎo wán yòu shǒu	右手好看嘛	yòu shǒu hǎo kàn ma
2247	价	2127	891	18	91.95	快滴个价	kuài dī gè jià	有员工价么	yǒu yuán gōng jià me	A4现在啥价	A 4 xiàn zài shá jià
2248	披萨	1966	981	24	91.92	尊宝披萨！	zūn bǎo pī sà ！	来块大披萨	lái kuài dà pī sà	榴莲披萨最好吃	liú lián pī sà zuì hǎo chī
2249	手套	2095	1673	5	91.88	买个手套	mǎi gè shǒu tào	外加手套	wài jiā shǒu tào	带手套砸	dài shǒu tào zá
2250	平安夜	2759	220	0	91.85	平安夜快乐	píng ān yè kuài lè	平安夜快乐！	píng ān yè kuài lè ！	兔兔平安夜快乐	tù tù píng ān yè kuài lè
2251	成真	2339	1254	1	91.84	梦想成真	mèng xiǎng chéng zhēn	梦想成真。	mèng xiǎng chéng zhēn 。	梦想成真！	mèng xiǎng chéng zhēn ！
2252	剃	2450	421	11	91.80	晚上继续剃	wǎn shàng jì xù tì	还想剃头发	hái xiǎng tì tóu fā	我给它毛剃了	wǒ gěi tā máo tì le
2253	容	2263	1011	9	91.76	容我想想	róng wǒ xiǎng xiǎng	容我笑一会	róng wǒ xiào yī huì	整了点小容	zhěng le diǎn xiǎo róng
2254	浙江	2688	16	7	91.74	欢迎来浙江昂	huān yíng lái zhè jiāng áng	浙江更好！嘿嘿	zhè jiāng gèng hǎo ！ hēi hēi	浙江还冷么？？	zhè jiāng hái lěng me ？ ？
2255	辅助	960	377	83	91.73	嗯有辅助工具	ń yǒu fǔ zhù gōng jù	你把辅助放在哪	nǐ bǎ fǔ zhù fàng zài nǎ	辅助存在感太低了	fǔ zhù cún zài gǎn tài dī le
2256	亮点	2708	125	4	91.72	那是亮点	nà shì liàng diǎn	找亮点啊！	zhǎo liàng diǎn a ！	那不是亮点	nà bù shì liàng diǎn
2257	桑心	2838	4	0	91.71	太桑心了	tài sāng xīn le	太桑心啦	tài sāng xīn la	又不可以了桑心	yòu bù kě yǐ le sāng xīn
2258	土地	528	3825	40	91.70	土地确权？	tǔ dì què quán ？	我这方土地木有	wǒ zhè fāng tǔ dì mù yǒu	同一个地球同一片土地	tóng yī gè dì qiú tóng yī piàn tǔ dì
2259	擅长	1124	2225	41	91.70	你擅长你家喵	nǐ shàn zhǎng nǐ jiā miāo	你擅长什么位置	nǐ shàn zhǎng shén me wèi zhì	没事我擅长屏蔽	méi shì wǒ shàn zhǎng píng bì
2260	具有	308	1845	87	91.66	具有收藏价值	jù yǒu shōu cáng jià zhí	p图具有魔法！	p tú jù yǒu mó fǎ ！	我的好奇心具有选择性	wǒ de hǎo qí xīn jù yǒu xuǎn zé xìng
2261	释放	936	3948	18	91.56	来释放本性了	lái shì fàng běn xìng le	去唱歌释放释放	qù chàng gē shì fàng shì fàng	所以一起去释放	suǒ yǐ yī qǐ qù shì fàng
2262	狂	2355	1075	3	91.48	你狂买了？	nǐ kuáng mǎi le ？	正在狂算数	zhèng zài kuáng suàn shù	狂点头中。	kuáng diǎn tóu zhōng 。
2263	浓	2436	593	8	91.46	太浓了啦	tài nóng le la	每日特浓鸡汤	měi rì tè nóng jī tāng	眉头太浓了点	méi tóu tài nóng le diǎn
2264	歇	2419	581	9	91.44	天天都歇	tiān tiān dōu xiē	那先歇半天	nà xiān xiē bàn tiān	你放假歇美了吗	nǐ fàng jiǎ xiē měi le ma
2265	许	2131	1216	11	91.40	许了什么愿	xǔ le shén me yuàn	谢谢许夫人	xiè xiè xǔ fū rén	许老师真可爱	xǔ lǎo shī zhēn kě ài
2266	拦	2133	885	17	91.39	你不拦？？	nǐ bù lán ？ ？	我可没拦你	wǒ kě méi lán nǐ	拦都拦不住	lán dōu lán bù zhù
2267	浑身	2213	1001	11	91.37	裆暖浑身暖	dāng nuǎn hún shēn nuǎn	我浑身都应该长。	wǒ hún shēn dōu yīng gāi zhǎng 。	现在浑身不对劲。	xiàn zài hún shēn bù duì jìn 。
2268	冒险	799	4229	19	91.31	冒险什么	mào xiǎn shén me	北京冒险	běi jīng mào xiǎn	去冒险了我	qù mào xiǎn le wǒ
2269	指导	1947	1361	17	91.31	求指导！	qiú zhǐ dǎo ！	史指导辛苦	shǐ zhǐ dǎo xīn kǔ	谢谢指导！	xiè xiè zhǐ dǎo ！
2270	意	1996	1504	12	91.30	心寒意绝	xīn hán yì jué	意转心回	yì zhuǎn xīn huí	正有此意	zhèng yǒu cǐ yì
2271	左手	2091	1093	15	91.28	左手书法	zuǒ shǒu shū fǎ	左手有烟	zuǒ shǒu yǒu yān	左手你真忙	zuǒ shǒu nǐ zhēn máng
2272	啵	2793	85	0	91.27	啵一口！	bō yī kǒu ！	啵叽老刘	bō jī lǎo liú	吃饭了啵？	chī fàn le bō ？
2273	优势	1178	1183	57	91.26	包子脸的优势	bāo zi liǎn de yōu shì	果断主场优势阿	guǒ duàn zhǔ chǎng yōu shì ā	你豆在红土优势太大	nǐ dòu zài hóng tǔ yōu shì tài dà
2274	脸皮	2643	140	6	91.16	脸皮薄嘛	liǎn pí báo ma	你脸皮太厚	nǐ liǎn pí tài hòu	脸皮真厚啊	liǎn pí zhēn hòu a
2275	摔倒	2038	781	23	91.08	今天摔倒了吗	jīn tiān shuāi dào le ma	骑自行车还会摔倒	qí zì xíng chē hái huì shuāi dào	摔倒要拉葡萄当垫背	shuāi dào yào lā pú táo dāng diàn bèi
2276	纪念	1866	1658	15	91.05	那你就留着纪念	nà nǐ jiù liú zhe jì niàn	那是永远的纪念	nà shì yǒng yuǎn de jì niàn	纪念我逝去的爱情	jì niàn wǒ shì qù de ài qíng
2277	伙食	2616	145	7	91.02	伙食不错	huǒ shí bù cuò	伙食不错。	huǒ shí bù cuò 。	伙食可以啊	huǒ shí kě yǐ a
2278	杨	2207	1259	6	91.01	杨臭脚！	yáng chòu jiǎo ！	杨妹妹是谁	yáng mèi mèi shì shuí	杨总贼走心	yáng zǒng zéi zǒu xīn
2279	炸弹	0	6706	11	90.97	塑胶炸弹？	sù jiāo zhà dàn ？	小心炸弹！	xiǎo xīn zhà dàn ！	这里有炸弹	zhè lǐ yǒu zhà dàn
2280	一个个	2170	484	22	90.96	一个个敲醒哼	yī gè gè qiāo xǐng hēng	一个个都是美图手机	yī gè gè dōu shì měi tú shǒu jī	你们一个个都怪能的	nǐ men yī gè gè dōu guài néng de
2281	供	1254	2693	25	90.92	娶个在家供着	qǔ gè zài jiā gōng zhe	我想供都供吾起	wǒ xiǎng gōng dōu gōng wú qǐ	把你当佛供着吧	bǎ nǐ dāng fú gōng zhe ba
2282	规矩	883	4358	12	90.91	叫姐姐没规矩	jiào jiě jiě méi guī jǔ	懂规矩的社会姐	dǒng guī jǔ de shè huì jiě	谁订的破规矩！	shuí dìng de pò guī jǔ ！
2283	人气	2117	235	29	90.88	人气不好	rén qì bù hǎo	脑公人气好好	nǎo gōng rén qì hǎo hǎo	因为我是人气博主	yīn wèi wǒ shì rén qì bó zhǔ
2284	高高	2419	480	10	90.86	要抱高高	yào bào gāo gāo	高高高!	gāo gāo gāo !	新年长高高	xīn nián zhǎng gāo gāo
2285	物理	1716	777	38	90.75	教物理的	jiào wù lǐ de	也有可能是物理	yě yǒu kě néng shì wù lǐ	以前是物理老师	yǐ qián shì wù lǐ lǎo shī
2286	眼影	2407	68	18	90.74	眼影喜欢	yǎn yǐng xǐ huān	那叫眼影	nà jiào yǎn yǐng	是夜的眼影	shì yè de yǎn yǐng
2287	白白	2379	682	8	90.73	嗯白白白	ń bái bái bái	晓爱白白	xiǎo ài bái bái	白白白！	bái bái bái ！
2288	服气	2540	150	10	90.65	服气服气	fú qì fú qì	服气了蓓蓓	fú qì le bèi bèi	服气哈哈哈	fú qì hā hā hā
2289	想像	916	4845	1	90.62	不敢想像	bù gǎn xiǎng xiàng	好难想像嘛	hǎo nán xiǎng xiàng ma	我也想像你这样	wǒ yě xiǎng xiàng nǐ zhè yàng
2290	等会	2247	1338	2	90.59	等会过来	děng huì guò lái	等会你被调戏	děng huì nǐ bèi diào xì	等会，我就到	děng huì ， wǒ jiù dào
2291	打给	1160	4098	3	90.54	某得问题你打给我	mǒu dé wèn tí nǐ dǎ gěi wǒ	理智我可以打给你吗	lǐ zhì wǒ kě yǐ dǎ gěi nǐ ma	亲爱的，我到了打给你	qīn ài de ， wǒ dào le dǎ gěi nǐ
2292	关闭	898	4506	8	90.54	系统已关闭	xì tǒng yǐ guān bì	我找不到关闭的地方	wǒ zhǎo bù dào guān bì de dì fāng	请关闭所有电子设备	qǐng guān bì suǒ yǒu diàn zi shè bèi
2293	忍受	1284	3505	8	90.53	忍受不了	rěn shòu bù le	我还能忍受。	wǒ hái néng rěn shòu 。	我快忍受不了了	wǒ kuài rěn shòu bù le le
2294	时差	2721	211	0	90.51	时差时差	shí chà shí chà	抱住时差党	bào zhù shí chà dǎng	有时差啊亲	yǒu shí chà a qīn
2295	渴望	1439	2776	14	90.51	渴望星星眼	kě wàng xīng xīng yǎn	不敢渴望爱情	bù gǎn kě wàng ài qíng	无限渴望逆袭	wú xiàn kě wàng nì xí
2296	全面	1219	1287	52	90.50	你是谁，说全面点儿	nǐ shì shuí ， shuō quán miàn diǎn ér	你这个软件还不全面	nǐ zhè gè ruǎn jiàn hái bù quán miàn	5T那种全面屏的设计	5 T nà zhǒng quán miàn píng de shè jì
2297	晨晨	2801	1	0	90.48	偶是晨晨晨	ǒu shì chén chén chén	你见过晨晨没	nǐ jiàn guò chén chén méi	早呀晨晨晨哥	zǎo ya chén chén chén gē
2298	回报	1725	2080	13	90.40	不求回报吗？？	bù qiú huí bào ma ？ ？	付出不一定有回报	fù chū bù yī dìng yǒu huí bào	熬夜的回报叫脱发	áo yè de huí bào jiào tuō fā
2299	几岁	2099	1106	13	90.35	你几岁啊	nǐ jǐ suì a	你几岁？	nǐ jǐ suì ？	几岁你啦	jǐ suì nǐ la
2300	前提	2208	495	19	90.30	前提是起得来	qián tí shì qǐ dé lái	前提是身材好	qián tí shì shēn cái hǎo	前提先有个老婆	qián tí xiān yǒu gè lǎo pó
2301	劲	2192	909	12	90.22	眼气银劲儿	yǎn qì yín jìn ér	你高兴个啥劲	nǐ gāo xīng gè shá jìn	不爱你费点儿劲	bù ài nǐ fèi diǎn ér jìn
2302	胡	2573	352	4	90.19	对对胡吧	duì duì hú ba	胡学姐。。。	hú xué jiě 。 。 。	怎么不叫胡到底	zěn me bù jiào hú dào dǐ
2303	花痴	2738	83	1	90.14	花痴了啊	huā chī le a	球球你是花痴	qiú qiú nǐ shì huā chī	眼睛不够花痴	yǎn jīng bù gòu huā chī
2304	别看	1827	1624	16	90.04	那你别看	nà nǐ bié kàn	讨厌就别看	tǎo yàn jiù bié kàn	单身高别看了	dān shēn gāo bié kàn le
2305	称为	396	2190	74	90.02	觉得胖就称为胖	jué dé pàng jiù chēng wèi pàng	我被别人称为婴儿肥	wǒ bèi bié rén chēng wèi yīng ér féi	阿黄称为新晋拆台王	ā huáng chēng wèi xīn jìn chāi tái wáng
2306	投入	1165	1982	41	89.99	你还真投入啊	nǐ hái zhēn tóu rù a	你太投入了哈哈	nǐ tài tóu rù le hā hā	或许我看太投入了	huò xǔ wǒ kàn tài tóu rù le
2307	一批	1793	840	32	89.97	妥的一批	tuǒ de yī pī	瘦的一批	shòu de yī pī	发热卡的一批	fā rè kǎ de yī pī
2308	相关	1339	1691	38	89.96	职称相关的科目	zhí chēng xiāng guān de kē mù	找跟专业相关的吗	zhǎo gēn zhuān yè xiāng guān de ma	是和这相关的话题吗？	shì hé zhè xiāng guān de huà tí ma ？
2309	脆弱	1932	1450	14	89.91	脆弱不敢说	cuì ruò bù gǎn shuō	女人心很脆弱的	nǚ rén xīn hěn cuì ruò de	你的肠胃比较脆弱	nǐ de cháng wèi bǐ jiào cuì ruò
2310	过度	1605	1268	33	89.91	烟酒过度吗？	yān jiǔ guò dù ma ？	怎么呢运动过度	zěn me ne yùn dòng guò dù	毕竟枯萎过度了	bì jìng kū wēi guò dù le
2311	发达	1140	467	70	89.89	哔哔发达了	bì bì fā dá le	你要发达了喂喂	nǐ yào fā dá le wèi wèi	唐老板要发达了	táng lǎo bǎn yào fā dá le
2312	主持人	1802	429	39	89.87	主持人，求罩	zhǔ chí rén ， qiú zhào	我想潜主持人	wǒ xiǎng qián zhǔ chí rén	主持人刚刚好开心	zhǔ chí rén gāng gāng hǎo kāi xīn
2313	形状	2145	946	13	89.84	形状不同	xíng zhuàng bù tóng	没有爱你的形状	méi yǒu ài nǐ de xíng zhuàng	不敢用搞不定形状	bù gǎn yòng gǎo bù dìng xíng zhuàng
2314	备注	2705	90	2	89.84	我没改备注	wǒ méi gǎi bèi zhù	不会改备注吗	bù huì gǎi bèi zhù ma	哈哈哈得有备注	hā hā hā dé yǒu bèi zhù
2315	蚂蚁	1594	802	42	89.82	白蚂蚁嘛	bái mǎ yǐ ma	蚂蚁老多了	mǎ yǐ lǎo duō le	小蚂蚁在哪？	xiǎo mǎ yǐ zài nǎ ？
2316	赛季	1636	476	46	89.82	下赛季见	xià sài jì jiàn	期待下赛季咯	qī dài xià sài jì gē	赛季报销了？	sài jì bào xiāo le ？
2317	夜猫子	2683	145	2	89.81	夜猫子体	yè māo zi tǐ	抓夜猫子	zhuā yè māo zi	夜猫子你好	yè māo zi nǐ hǎo
2318	开头	1869	900	27	89.80	你开头阿	nǐ kāi tóu ā	开头那个护士	kāi tóu nà gè hù shì	我是A开头的	wǒ shì A kāi tóu de
2319	抽烟	0	3307	72	89.80	不准抽烟	bù zhǔn chōu yān	抽烟吗？	chōu yān ma ？	我绝不抽烟	wǒ jué bù chōu yān
2320	暴雨	2669	179	2	89.78	广东暴雨	guǎng dōng bào yǔ	暴雨呢？	bào yǔ ne ？	明天下暴雨	míng tiān xià bào yǔ
2321	看球	2608	117	6	89.74	看球了恰	kàn qiú le qià	看球呢？	kàn qiú ne ？	你看球了没	nǐ kàn qiú le méi
2322	馅	2461	172	12	89.73	啥馅都有	shá xiàn dōu yǒu	问你啥馅儿呢	wèn nǐ shá xiàn ér ne	喜欢吃什么馅的	xǐ huān chī shén me xiàn de
2323	下雨天	2718	95	1	89.64	又是下雨天。	yòu shì xià yǔ tiān 。	我旨在下雨天	wǒ zhǐ zài xià yǔ tiān	下雨天了怎么办	xià yǔ tiān le zěn me bàn
2324	转转	2002	595	26	89.62	随便转转	suí biàn zhuǎn zhuǎn	我要去转转	wǒ yào qù zhuǎn zhuǎn	嘻嘻，转转转	xī xī ， zhuǎn zhuǎn zhuǎn
2325	大理	2542	2	11	89.55	爱上大理	ài shàng dà lǐ	大理哪里啊	dà lǐ nǎ lǐ a	四月底来大理	sì yuè dǐ lái dà lǐ
2326	值钱	1865	1159	22	89.52	就你最值钱	jiù nǐ zuì zhí qián	都比铁的值钱	dōu bǐ tiě de zhí qián	但眼泪不值钱啊	dàn yǎn lèi bù zhí qián a
2327	发泄	2320	736	8	89.50	找我发泄	zhǎo wǒ fā xiè	给你发泄	gěi nǐ fā xiè	出来发泄发泄	chū lái fā xiè fā xiè
2328	哭泣	2038	1736	3	89.47	暴风哭泣	bào fēng kū qì	一分钟哭泣	yī fēn zhōng kū qì	摸着脸哭泣	mō zhe liǎn kū qì
2329	大餐	2580	438	1	89.46	卫生间吃大餐	wèi shēng jiān chī dà cān	反正我有大餐	fǎn zhèng wǒ yǒu dà cān	我的大餐呢？	wǒ de dà cān ne ？
2330	代替	1265	1788	39	89.46	我来代替你骑	wǒ lái dài tì nǐ qí	都能代替午饭了！	dōu néng dài tì wǔ fàn le ！	哼我代替二狗呸死你	hēng wǒ dài tì èr gǒu pēi sǐ nǐ
2331	盗	1871	865	27	89.43	盗梦空间	dào mèng kōng jiān	不会被盗啊	bù huì bèi dào a	刚从你那盗的图	gāng cóng nǐ nà dào de tú
2332	长相	2156	721	16	89.42	长相神似	zhǎng xiāng shén shì	主要看长相	zhǔ yào kàn zhǎng xiāng	是长相很小	shì zhǎng xiāng hěn xiǎo
2333	利益	0	1595	103	89.39	最后因利益冲突	zuì hòu yīn lì yì chōng tū	最后因为利益冲突	zuì hòu yīn wèi lì yì chōng tū	对我们来说是很有利益的	duì wǒ men lái shuō shì hěn yǒu lì yì de
2334	科普	2650	34	5	89.39	自己科普	zì jǐ kē pǔ	新人求科普	xīn rén qiú kē pǔ	求科普。。	qiú kē pǔ 。 。
2335	固定	1620	1293	31	89.35	固定住。	gù dìng zhù 。	你固定周一周二休啦	nǐ gù dìng zhōu yī zhōu èr xiū la	用螺丝钉固定在床上	yòng luó sī dīng gù dìng zài chuáng shàng
2336	妈咪	1566	3112	0	89.35	贪杯妈咪	tān bēi mā mī	妈咪很棒哦	mā mī hěn bàng ó	我妈咪也是	wǒ mā mī yě shì
2337	主持	1933	1129	19	89.32	主持打卡	zhǔ chí dǎ kǎ	睡觉怎么主持	shuì jué zěn me zhǔ chí	对啊…是我主持的	duì a … shì wǒ zhǔ chí de
2338	体力	1884	660	30	89.32	姑娘好体力	gū niáng hǎo tǐ lì	啥券？体力吗	shá quàn ？ tǐ lì ma	你体力这么好？	nǐ tǐ lì zhè me hǎo ？
2339	紧急	348	5128	21	89.30	对啊情势紧急	duì a qíng shì jǐn jí	紧急情况该问	jǐn jí qíng kuàng gāi wèn	已经紧急拿去修了	yǐ jīng jǐn jí ná qù xiū le
2340	黑白	2361	337	13	89.23	黑白好看	hēi bái hǎo kàn	是哦黑白配	shì ó hēi bái pèi	那不然黑白？	nà bù rán hēi bái ？
2341	爽	0	3582	66	89.17	好爽呀！	hǎo shuǎng ya ！	当然爽了	dāng rán shuǎng le	- 真是爽	-   zhēn shì shuǎng
2342	说完	1405	1616	35	89.13	说完了？	shuō wán le ？	不，你先听我说完	bù ， nǐ xiān tīng wǒ shuō wán	大佬，你把话说完啊	dà lǎo ， nǐ bǎ huà shuō wán a
2343	贤惠	2745	38	0	89.13	太贤惠了	tài xián huì le	好贤惠的男人	hǎo xián huì de nán rén	贤惠的妹纸啊	xián huì de mèi zhǐ a
2344	计算机	1320	1184	47	89.11	你计算机的	nǐ jì suàn jī de	我丝计算机肯定过	wǒ sī jì suàn jī kěn dìng guò	计算机二级是啥子	jì suàn jī èr jí shì shá zi
2345	挨	2063	1152	12	89.08	仲挨紧世界	zhòng āi jǐn shì jiè	我不敢挨它装样	wǒ bù gǎn āi tā zhuāng yàng	起码要挨三日先	qǐ mǎ yào āi sān rì xiān
2346	在外	2315	661	9	89.08	名声在外了	míng shēng zài wài le	在外注意身体哦	zài wài zhù yì shēn tǐ ó	你还在外留宿啊。	nǐ hái zài wài liú sù a 。
2347	拳	882	3238	30	89.07	给你一拳	gěi nǐ yī quán	一拳你就晕倒	yī quán nǐ jiù yūn dào	师傅滴小粉拳	shī fù dī xiǎo fěn quán
2348	婊子	0	7095	1	89.06	臭婊子,过来	chòu biǎo zi , guò lái	过来,婊子.	guò lái , biǎo zi .	臭婊子装高贵？	chòu biǎo zi zhuāng gāo guì ？
2349	成就	1022	1728	51	88.96	成就，哈哈	chéng jiù ， hā hā	成就这么定了	chéng jiù zhè me dìng le	敢问一下成就是啥？	gǎn wèn yī xià chéng jiù shì shá ？
2350	音	1744	935	31	88.90	你没音！	nǐ méi yīn ！	逐梦之音	zhú mèng zhī yīn	啊哈你萝莉音吗	a hā nǐ luó lì yīn ma
2351	角落	1714	2042	12	88.90	你被遗忘在角落了！	nǐ bèi yí wàng zài jiǎo luò le ！	那个角落有安全感吧	nà gè jiǎo luò yǒu ān quán gǎn ba	世界角落都等着你哟。	shì jiè jiǎo luò dōu děng zhe nǐ yō 。
2352	咋地	2503	101	10	88.85	你俩想咋地	nǐ liǎ xiǎng zǎ dì	就不行咋地	jiù bù xíng zǎ dì	咋地啦？不明白	zǎ dì la ？ bù míng bái
2353	顺其自然	2605	367	0	88.71	顺其自然吧	shùn qí zì rán ba	哎顺其自然吧	āi shùn qí zì rán ba	没有，顺其自然吧	méi yǒu ， shùn qí zì rán ba
2354	六个	1395	1440	38	88.64	不对是六个	bù duì shì liù gè	这是六个字	zhè shì liù gè zì	知道六个核桃	zhī dào liù gè hé táo
2355	蜂蜜	2155	872	12	88.56	蜂蜜正不正	fēng mì zhèng bù zhèng	蜂蜜怎么卖？	fēng mì zěn me mài ？	吃幸福蜂蜜蛋糕	chī xìng fú fēng mì dàn gāo
2356	勿	2436	468	6	88.56	初心勿忘	chū xīn wù wàng	甜甜散勿	tián tián sàn wù	红了勿忘我	hóng le wù wàng wǒ
2357	绝不	1597	2965	0	88.52	绝不后悔	jué bù hòu huǐ	绝不逗留	jué bù dòu liú	2018绝不	2 0 1 8 jué bù
2358	美妞	2717	59	0	88.49	早安美妞	zǎo ān měi niū	美妞一枚	měi niū yī méi	早啊，美妞	zǎo a ， měi niū
2359	语气	2184	736	13	88.48	注意我的语气	zhù yì wǒ de yǔ qì	这无奈的语气	zhè wú nài de yǔ qì	就语气比较轻咯	jiù yǔ qì bǐ jiào qīng gē
2360	00后	2735	8	0	88.43	啊，00后	a ， 0 0 hòu	素素是00后	sù sù shì 0 0 hòu	你完全就是00后	nǐ wán quán jiù shì 0 0 hòu
2361	尖	2381	599	6	88.41	头太尖了	tóu tài jiān le	尖好久到	jiān hǎo jiǔ dào	鼻子真尖	bí zi zhēn jiān
2362	体质	2194	103	24	88.34	我体质不好啊	wǒ tǐ zhì bù hǎo a	自带热评体质啊你	zì dài rè píng tǐ zhì a nǐ	还有奇异偶遇体质	hái yǒu qí yì ǒu yù tǐ zhì
2363	虎	1930	889	22	88.26	虎吹来啦	hǔ chuī lái la	丫鬟真的虎	yā huán zhēn de hǔ	有钱胖虎妹妹	yǒu qián pàng hǔ mèi mèi
2364	菠萝	2319	312	14	88.23	我要菠萝包	wǒ yào bō luó bāo	你明明是叫菠萝	nǐ míng míng shì jiào bō luó	小菠萝诞生了？	xiǎo bō luó dàn shēng le ？
2365	雪糕	2201	291	20	88.21	雪糕老师	xuě gāo lǎo shī	以为雪糕榴莲	yǐ wèi xuě gāo liú lián	回来请吃雪糕	huí lái qǐng chī xuě gāo
2366	六级	2468	25	12	88.12	快六级了	kuài liù jí le	六级考加油	liù jí kǎo jiā yóu	六级好难的说	liù jí hǎo nán de shuō
2367	当真	2365	886	1	88.10	会当真的	huì dāng zhēn de	我当真啦	wǒ dāng zhēn la	我也没当真	wǒ yě méi dāng zhēn
2368	元宵节	2723	8	0	88.05	元宵节快乐	yuán xiāo jié kuài lè	元宵节快乐吼	yuán xiāo jié kuài lè hǒu	元宵节快乐！	yuán xiāo jié kuài lè ！
2369	男子	1197	2284	31	88.04	美男子突	měi nán zi tū	疯一样的男子	fēng yī yàng de nán zi	谜一样的男子	mí yī yàng de nán zi
2370	怪怪	1969	1093	16	88.01	听着怪怪的	tīng zhe guài guài de	你今天怪怪的！	nǐ jīn tiān guài guài de ！	因为头像怪怪的	yīn wèi tóu xiàng guài guài de
2371	新人	1850	1401	16	88.00	我是新人	wǒ shì xīn rén	66的新人	6 6 de xīn rén	你也新人？	nǐ yě xīn rén ？
2372	九点	2377	467	8	87.99	九点我叫你	jiǔ diǎn wǒ jiào nǐ	九点多回来的	jiǔ diǎn duō huí lái de	我从九点等起	wǒ cóng jiǔ diǎn děng qǐ
2373	上校	225	6478	0	87.97	帅气易上校	shuài qì yì shàng xiào	为易上校买单	wèi yì shàng xiào mǎi dān	可爱的易上校	kě ài de yì shàng xiào
2374	始终	1819	1586	14	87.96	你始终要回来！	nǐ shǐ zhōng yào huí lái ！	没关系！始终是你！	méi guān xì ！ shǐ zhōng shì nǐ ！	商丘始终欢迎你的到来	shāng qiū shǐ zhōng huān yíng nǐ de dào lái
2375	鸭	2140	482	19	87.95	做什么鸭	zuò shén me yā	想吃鸭呀	xiǎng chī yā ya	鸭化的嘉	yā huà de jiā
2376	也就是说	374	2297	70	87.94	也就是说并没有练	yě jiù shì shuō bìng méi yǒu liàn	也就是说十点才醒啊	yě jiù shì shuō shí diǎn cái xǐng a	也就是说慕斯是内鬼?	yě jiù shì shuō mù sī shì nèi guǐ ?
2377	退出	1330	2629	18	87.86	退出江湖	tuì chū jiāng hú	求你退出演艺圈	qiú nǐ tuì chū yǎn yì quān	退出了，还是一样	tuì chū le ， hái shì yī yàng
2378	异地恋	2421	15	14	87.83	异地恋呗	yì dì liàn bei	你异地恋哦	nǐ yì dì liàn ó	异地恋的正能量	yì dì liàn de zhèng néng liàng
2379	发光	2085	936	13	87.78	发光滴！	fā guāng dī ！	白的发光	bái de fā guāng	求发光喔。	qiú fā guāng ō 。
2380	小偷	1711	2067	10	87.76	可恨的小偷	kě hèn de xiǎo tōu	小偷太张狂	xiǎo tōu tài zhāng kuáng	赖皮小偷大叔	lài pí xiǎo tōu dà shū
2381	兔兔	2701	39	0	87.72	不许打兔兔	bù xǔ dǎ tù tù	兔兔兔么么	tù tù tù me me	带上兔兔吧	dài shàng tù tù ba
2382	套餐	2183	241	21	87.68	啥套餐这么划算呀	shá tào cān zhè me huà suàn ya	阿姨，三块八套餐	ā yí ， sān kuài bā tào cān	奇奇的生日套餐好吗	qí qí de shēng rì tào cān hǎo ma
2383	近视	2275	109	19	87.66	近视手术呀	jìn shì shǒu shù ya	近视700读	jìn shì 7 0 0 dú	一百度根本不算近视！	yī bǎi dù gēn běn bù suàn jìn shì ！
2384	混乱	1291	2767	17	87.64	思想混乱	sī xiǎng hùn luàn	真混乱。	zhēn hùn luàn 。	喵？时间混乱了	miāo ？ shí jiān hùn luàn le
2385	福建	2527	38	8	87.49	不是在福建面试？	bù shì zài fú jiàn miàn shì ？	福建女婿，了不起	fú jiàn nǚ xù ， le bù qǐ	以后早日回福建养老	yǐ hòu zǎo rì huí fú jiàn yǎng lǎo
2386	见鬼	492	5691	1	87.46	可能见鬼了	kě néng jiàn guǐ le	学才见鬼了	xué cái jiàn guǐ le	瘦下来见鬼	shòu xià lái jiàn guǐ
2387	西班牙	1567	2468	9	87.43	西班牙！	xī bān yá ！	西班牙。。	xī bān yá 。 。	西班牙马德里	xī bān yá mǎ dé lǐ
2388	一言难尽	2644	106	1	87.39	一言难尽	yī yán nán jǐn	一言难尽啊	yī yán nán jǐn a	哎一言难尽	āi yī yán nán jǐn
2389	手艺	2495	433	2	87.33	大哥好手艺	dà gē hǎo shǒu yì	手艺必须提高	shǒu yì bì xū tí gāo	手艺不错有点懒	shǒu yì bù cuò yǒu diǎn lǎn
2390	鸭子	2128	1058	8	87.31	谢谢小鸭子	xiè xiè xiǎo yā zi	不一定是鸭子	bù yī dìng shì yā zi	那个鸭子最猛	nà gè yā zi zuì měng
2391	虚	2411	270	9	87.31	怎么炸了不虚	zěn me zhà le bù xū	我不沉，你虚	wǒ bù chén ， nǐ xū	撸不动了，虚了	lū bù dòng le ， xū le
2392	东东	2472	434	3	87.27	我们东东	wǒ men dōng dōng	谢谢东东	xiè xiè dōng dōng	东东东～瓜	dōng dōng dōng ～ guā
2393	增肥	2561	36	6	87.21	增肥啊！	zēng féi a ！	增肥，回家	zēng féi ， huí jiā	我在增肥呢	wǒ zài zēng féi ne
2394	公布	1979	947	17	87.19	西安也不公布	xī ān yě bù gōng bù	有人公布答案啦	yǒu rén gōng bù dá àn la	实验好使了再公布吧	shí yàn hǎo shǐ le zài gōng bù ba
2395	清理	1395	3052	6	87.13	姐已经清理了	jiě yǐ jīng qīng lǐ le	木有清理下相册	mù yǒu qīng lǐ xià xiāng cè	14年的为啥不清理	1 4 nián de wèi shá bù qīng lǐ
2396	世界杯	1521	228	52	87.06	世界杯赛程	shì jiè bēi sài chéng	我不喜欢世界杯	wǒ bù xǐ huān shì jiè bēi	看世界杯啊逗比	kàn shì jiè bēi a dòu bǐ
2397	决赛	1542	983	37	87.02	看决赛吧	kàn jué sài ba	西部决赛	xī bù jué sài	还有决赛呢	hái yǒu jué sài ne
2398	少林寺	180	179	117	87.02	我少林寺	wǒ shǎo lín sì	上少林寺么？	shàng shǎo lín sì me ？	哦也是去少林寺了	ó yě shì qù shǎo lín sì le
2399	教训	1269	2828	16	87.02	血的教训。	xuè de jiào xùn 。	这就是教训	zhè jiù shì jiào xùn	婧婧教训的是	jìng jìng jiào xùn de shì
2400	两句	2115	904	11	87.00	我想说两句	wǒ xiǎng shuō liǎng jù	唠嗑两句先！	láo kē liǎng jù xiān ！	说两句来听听	shuō liǎng jù lái tīng tīng
2401	屁事	2491	522	0	86.96	关你屁事	guān nǐ pì shì	关我屁事	guān wǒ pì shì	关你屁事哦	guān nǐ pì shì ó
2402	非得	1640	1370	25	86.91	非得染黑	fēi dé rǎn hēi	你非得说出来	nǐ fēi dé shuō chū lái	非得那么多人么	fēi dé nà me duō rén me
2403	分享	0	3237	69	86.90	有许多可以分享	yǒu xǔ duō kě yǐ fēn xiǎng	我们一起分享这一刻	wǒ men yī qǐ fēn xiǎng zhè yī kè	除非拿出来与我们分享	chú fēi ná chū lái yǔ wǒ men fēn xiǎng
2404	小弟	2178	1219	2	86.88	小弟好！	xiǎo dì hǎo ！	小弟！！！	xiǎo dì ！ ！ ！	你外卖小弟呀	nǐ wài mài xiǎo dì ya
2405	赛	1485	1006	39	86.82	回去看赛	huí qù kàn sài	赛过活神仙	sài guò huó shén xiān	又脆又甜赛高	yòu cuì yòu tián sài gāo
2406	内衣	2068	1282	6	86.81	买了件内衣啦	mǎi le jiàn nèi yī la	内衣颜色不错	nèi yī yán sè bù cuò	亲，内衣穿小了	qīn ， nèi yī chuān xiǎo le
2407	干掉	586	5124	6	86.81	干掉雅思	gàn diào yǎ sī	不是已经干掉了吗	bù shì yǐ jīng gàn diào le ma	你早晚会被虾干掉的	nǐ zǎo wǎn huì bèi xiā gàn diào de
2408	怀孕	0	4796	40	86.75	她怀孕了	tā huái yùn le	我怀孕了	wǒ huái yùn le	好像怀孕了	hǎo xiàng huái yùn le
2409	展示	1046	2570	31	86.72	持续展示	chí xù zhǎn shì	展示一下啊	zhǎn shì yī xià a	回头展示展示	huí tóu zhǎn shì zhǎn shì
2410	内存	1846	114	38	86.69	4g小内存	4 g xiǎo nèi cún	但我内存小	dàn wǒ nèi cún xiǎo	偶最爱吃内存	ǒu zuì ài chī nèi cún
2411	大街	1932	1079	16	86.64	大街上多的是	dà jiē shàng duō de shì	俄罗斯满大街都是	é luó sī mǎn dà jiē dōu shì	事实呀，中韩都臭大街了	shì shí ya ， zhōng hán dōu chòu dà jiē le
2412	握手	2179	924	7	86.61	再次握手	zài cì wò shǒu	快来握手	kuài lái wò shǒu	握手同感	wò shǒu tóng gǎn
2413	独特	1573	1247	30	86.59	品味独特	pǐn wèi dú tè	为什么是独特	wèi shén me shì dú tè	少见就独特了	shǎo jiàn jiù dú tè le
2414	敷	2391	209	10	86.58	敷个面膜吧	fū gè miàn mó ba	喝牛奶敷酸奶	hē niú nǎi fū suān nǎi	能敷脸？？？	néng fū liǎn ？ ？ ？
2415	遮	2353	252	11	86.56	遮遮遮吖	zhē zhē zhē yā	一手遮猫脸	yī shǒu zhē māo liǎn	你勤换衫遮	nǐ qín huàn shān zhē
2416	额头	2410	428	5	86.54	我也是大额头	wǒ yě shì dà é tóu	主要是遮住了额头	zhǔ yào shì zhē zhù le é tóu	回学校让你看我额头	huí xué xiào ràng nǐ kàn wǒ é tóu
2417	往下	1373	1436	36	86.53	不敢往下接	bù gǎn wǎng xià jiē	往下都是腿	wǎng xià dōu shì tuǐ	对接着往下猜	duì jiē zhe wǎng xià cāi
2418	妇女	1789	1928	7	86.52	妇女之友	fù nǚ zhī yǒu	妇女再见	fù nǚ zài jiàn	陪酒妇女	péi jiǔ fù nǚ
2419	粘	2131	928	9	86.46	快来粘我	kuài lái zhān wǒ	你老粘着我	nǐ lǎo zhān zhe wǒ	是的，粘牙	shì de ， zhān yá
2420	花儿	2395	351	7	86.45	是村花儿	shì cūn huā ér	花啊花儿	huā a huā ér	来，和花儿一起	lái ， hé huā ér yī qǐ
2421	向上	1692	809	32	86.33	天天向上	tiān tiān xiàng shàng	积极向上	jī jí xiàng shàng	加油！向上！	jiā yóu ！ xiàng shàng ！
2422	强行	2230	497	12	86.31	强行一波	qiáng xíng yī bō	强行休假	qiáng xíng xiū jiǎ	强行表扬	qiáng xíng biǎo yáng
2423	假发	2306	730	4	86.27	假发掉了	jiǎ fā diào le	那戴假发	nà dài jiǎ fā	以后戴假发	yǐ hòu dài jiǎ fā
2424	色彩	1361	682	50	86.20	色彩呢？	sè cǎi ne ？	色彩都好棒	sè cǎi dōu hǎo bàng	色彩可艳丽了	sè cǎi kě yàn lì le
2425	暖暖	2344	137	13	86.19	暖暖暖!	nuǎn nuǎn nuǎn !	感动暖暖暖	gǎn dòng nuǎn nuǎn nuǎn	暖暖暖晚安	nuǎn nuǎn nuǎn wǎn ān
2426	政治	0	3772	58	86.14	任何政治组织	rèn hé zhèng zhì zǔ zhī	政治就是民众	zhèng zhì jiù shì mín zhòng	吸引你，除了政治?	xī yǐn nǐ ， chú le zhèng zhì ?
2427	别个	2591	34	3	86.13	不害别个	bù hài bié gè	算了、不怪别个	suàn le 、 bù guài bié gè	别个要男的！！！	bié gè yào nán de ！ ！ ！
2428	暴力	0	3440	64	86.05	我反对暴力	wǒ fǎn duì bào lì	他们就是暴力！	tā men jiù shì bào lì ！	他们有暴力倾向	tā men yǒu bào lì qīng xiàng
2429	迎接	2146	1073	5	86.05	迎接下？	yíng jiē xià ？	快摆架迎接	kuài bǎi jià yíng jiē	迎接我么？	yíng jiē wǒ me ？
2430	同性恋	0	5055	34	85.92	同性恋？	tóng xìng liàn ？	和同性恋	hé tóng xìng liàn	我不是同性恋	wǒ bù shì tóng xìng liàn
2431	日语	2092	497	18	85.91	你会日语吗?	nǐ huì rì yǔ ma ?	日语水平测试	rì yǔ shuǐ píng cè shì	日语我爱你音译	rì yǔ wǒ ài nǐ yīn yì
2432	震惊	1658	1729	16	85.89	对！震惊！	duì ！ zhèn jīng ！	震惊姓十？	zhèn jīng xìng shí ？	哇，震惊！！	wa ， zhèn jīng ！ ！
2433	敬	1686	2356	3	85.83	先赞为敬	xiān zàn wèi jìng	一杯敬故乡	yī bēi jìng gù xiāng	一杯敬明天	yī bēi jìng míng tiān
2434	边上	1956	841	18	85.80	是三环边上吗？	shì sān huán biān shàng ma ？	问边上的帅哥借	wèn biān shàng de shuài gē jiè	就站你边上是！！	jiù zhàn nǐ biān shàng shì ！ ！
2435	诶呀	806	27	88	85.77	诶呀，好巧	éi ya ， hǎo qiǎo	~~诶呀饿了	~ ~ éi ya è le	诶呀好纠结呀	éi ya hǎo jiū jié ya
2436	口袋	1589	2602	3	85.76	联机打口袋妖怪吧	lián jī dǎ kǒu dài yāo guài ba	我没有口袋，没钱。	wǒ méi yǒu kǒu dài ， méi qián 。	我宝穿麻布口袋都好看	wǒ bǎo chuān má bù kǒu dài dōu hǎo kàn
2437	调戏	2521	185	3	85.75	调戏我？	diào xì wǒ ？	别调戏我了	bié diào xì wǒ le	来调戏我吧	lái diào xì wǒ ba
2438	适当	1552	1071	33	85.74	适当紧张挺吼啊	shì dāng jǐn zhāng tǐng hǒu a	适当都存不起来	shì dāng dōu cún bù qǐ lái	匀称就好，适当运动	yún chēng jiù hǎo ， shì dāng yùn dòng
2439	奔跑	1719	474	36	85.72	你奔跑了	nǐ bēn pǎo le	都是奔跑中的人	dōu shì bēn pǎo zhōng de rén	为啥是奔跑?哪句?	wèi shá shì bēn pǎo ? nǎ jù ?
2440	当兵	1563	499	43	85.72	当兵回来了	dāng bīng huí lái le	你是当兵的吗	nǐ shì dāng bīng de ma	怎么不去当兵呢	zěn me bù qù dāng bīng ne
2441	星座	2465	326	3	85.70	你什么星座	nǐ shén me xīng zuò	你什么星座。	nǐ shén me xīng zuò 。	你什么星座？	nǐ shén me xīng zuò ？
2442	达	1235	1345	43	85.67	达人知命	dá rén zhī mìng	全部达不到	quán bù dá bù dào	红枫思迷达。	hóng fēng sī mí dá 。
2443	清淡	2088	101	25	85.57	清淡点多好	qīng dàn diǎn duō hǎo	看着真清淡	kàn zhe zhēn qīng dàn	肠粉不会的清淡	cháng fěn bù huì de qīng dàn
2444	皇后	814	1827	54	85.50	人鱼皇后	rén yú huáng hòu	皇后好有眼光	huáng hòu hǎo yǒu yǎn guāng	你是皇后娘娘吗	nǐ shì huáng hòu niáng niáng ma
2445	蓝天	2530	249	1	85.49	喜欢蓝天	xǐ huān lán tiān	蓝天配红花	lán tiān pèi hóng huā	蓝天白云天天见	lán tiān bái yún tiān tiān jiàn
2446	心想	2310	492	7	85.46	心想事成	xīn xiǎng shì chéng	求心想事成	qiú xīn xiǎng shì chéng	祝心想事成	zhù xīn xiǎng shì chéng
2447	京东	2122	1	25	85.42	到京东买	dào jīng dōng mǎi	京东上买的	jīng dōng shàng mǎi de	京东打折啊	jīng dōng dǎ zhé a
2448	珠海	2578	5	3	85.35	你在珠海？	nǐ zài zhū hǎi ？	珠海不热吗？	zhū hǎi bù rè ma ？	没有，来珠海玩	méi yǒu ， lái zhū hǎi wán
2449	凤凰	2438	205	6	85.35	凤凰太远了	fèng huáng tài yuǎn le	没去凤凰？	méi qù fèng huáng ？	黑色的凤凰	hēi sè de fèng huáng
2450	喜剧	1414	961	41	85.31	你太喜剧了	nǐ tài xǐ jù le	想看个喜剧嘛	xiǎng kàn gè xǐ jù ma	哥为毛不接喜剧	gē wèi máo bù jiē xǐ jù
2451	美图	2223	0	20	85.30	什么美图软件呀？	shén me měi tú ruǎn jiàn ya ？	一个个都是美图手机	yī gè gè dōu shì měi tú shǒu jī	这美图养眼，我喜欢	zhè měi tú yǎng yǎn ， wǒ xǐ huān
2452	一日	2226	479	11	85.29	一日~？	yī rì ~ ？	一日不见	yī rì bù jiàn	无聊一日	wú liáo yī rì
2453	好气	2401	23	11	85.26	啧！好气哦	zé ！ hǎo qì ó	嗨呀好气呀	hāi ya hǎo qì ya	嗨呀好气哦	hāi ya hǎo qì ó
2454	淘汰	1601	955	32	85.20	人淘汰不了了	rén táo tài bù le le	杨被淘汰了？	yáng bèi táo tài le ？	我第一个被淘汰	wǒ dì yī gè bèi táo tài
2455	打字	2077	207	23	85.19	打字对吗	dǎ zì duì ma	你会打字不	nǐ huì dǎ zì bù	你打字好快	nǐ dǎ zì hǎo kuài
2456	烦人	2199	865	5	85.17	嗯嗯烦人	ń ń fán rén	很烦人了	hěn fán rén le	说我烦人	shuō wǒ fán rén
2457	试图	398	5530	5	85.12	不要试图减肥	bù yào shì tú jiǎn féi	那就试图接近她	nà jiù shì tú jiē jìn tā	不要试图转移话题！	bù yào shì tú zhuǎn yí huà tí ！
2458	妖怪	1419	1310	34	85.10	你个妖怪	nǐ gè yāo guài	妖怪哪里逃	yāo guài nǎ lǐ táo	估计是老妖怪了	gū jì shì lǎo yāo guài le
2459	首页	2612	55	0	85.05	首页互赞	shǒu yè hù zàn	首页路过	shǒu yè lù guò	首页互诚信	shǒu yè hù chéng xìn
2460	销售	1269	1202	43	84.98	算是销售	suàn shì xiāo shòu	销售助理	xiāo shòu zhù lǐ	公司销售任务	gōng sī xiāo shòu rèn wù
2461	上下	1691	755	31	84.95	对，全身上下	duì ， quán shēn shàng xià	浑身上下都是脑袋	hún shēn shàng xià dōu shì nǎo dài	只有一本还是分上下	zhǐ yǒu yī běn hái shì fēn shàng xià
2462	白富美	2604	8	1	84.88	谁是白富美	shuí shì bái fù měi	谢谢白富美	xiè xiè bái fù měi	赢取白富美	yíng qǔ bái fù měi
2463	研	2306	14	15	84.78	嗯嗯？研	ń ń ？ yán	读研啊？	dú yán a ？	你在读研？	nǐ zài dú yán ？
2464	灯光	1942	1388	7	84.74	灯光问题	dēng guāng wèn tí	自带灯光	zì dài dēng guāng	小灯光加油	xiǎo dēng guāng jiā yóu
2465	兄	2302	670	3	84.72	袍兄小年好	páo xiōng xiǎo nián hǎo	是有秋兄了嘛	shì yǒu qiū xiōng le ma	01兄寒假放不	0 1 xiōng hán jiǎ fàng bù
2466	死掉	1167	2366	26	84.72	我死掉了	wǒ sǐ diào le	好玩死掉了	hǎo wán sǐ diào le	你才死掉了嘞	nǐ cái sǐ diào le lei
2467	那位	1606	2580	1	84.69	蓝色衬衫那位吗	lán sè chèn shān nà wèi ma	个个都讲那位。。。	gè gè dōu jiǎng nà wèi 。 。 。	厨师替你那位求婚哩！	chú shī tì nǐ nà wèi qiú hūn lī ！
2468	少爷	2048	1317	3	84.58	没钱啊少爷	méi qián a shǎo yé	喜欢听少爷唱歌	xǐ huān tīng shǎo yé chàng gē	少爷也说你了呢	shǎo yé yě shuō nǐ le ne
2469	大气	2133	446	15	84.57	哇晒大气	wa shài dà qì	这是大气	zhè shì dà qì	你最大气了	nǐ zuì dà qì le
2470	凑合	2435	310	3	84.53	嘿嘿凑合	hēi hēi còu hé	能凑合看	néng còu hé kàn	不，不能凑合	bù ， bù néng còu hé
2471	猪猪	2543	138	1	84.53	猪猪棒棒	zhū zhū bàng bàng	加油莹猪猪	jiā yóu yíng zhū zhū	猪猪不可爱吗	zhū zhū bù kě ài ma
2472	师妹	2598	44	0	84.46	师妹好。	shī mèi hǎo 。	谢谢师妹	xiè xiè shī mèi	师妹在吃啥	shī mèi zài chī shá
2473	买好	2398	234	6	84.41	买好刀先	mǎi hǎo dāo xiān	已经买好票啦	yǐ jīng mǎi hǎo piào la	谢谢已经买好	xiè xiè yǐ jīng mǎi hǎo
2474	船长	432	4838	15	84.35	船长好奇了	chuán zhǎng hǎo qí le	新船长是静夜吗	xīn chuán zhǎng shì jìng yè ma	船长夫人想你了	chuán zhǎng fū rén xiǎng nǐ le
2475	离不开	1570	424	42	84.34	离不开你	lí bù kāi nǐ	天天离不开我	tiān tiān lí bù kāi wǒ	我也离不开你	wǒ yě lí bù kāi nǐ
2476	沾	2140	1005	4	84.34	我沾床就睡	wǒ zhān chuáng jiù shuì	好！沾点糖更好	hǎo ！ zhān diǎn táng gèng hǎo	我来沾点幸福气	wǒ lái zhān diǎn xìng fú qì
2477	怀	1898	872	18	84.31	怀了？？	huái le ？ ？	我蛮怀！	wǒ mán huái ！	来，怀挺	lái ， huái tǐng
2478	稀饭	2507	48	4	84.27	哈哈稀饭	hā hā xī fàn	辣椒不稀饭	là jiāo bù xī fàn	没啥好稀饭滴	méi shá hǎo xī fàn dī
2479	脏话	2140	891	6	84.27	不要说脏话	bù yào shuō zàng huà	我没说脏话	wǒ méi shuō zàng huà	我脏话了？？	wǒ zàng huà le ？ ？
2480	外表	1976	1200	8	84.17	不要被外表迷惑	bù yào bèi wài biǎo mí huò	喜欢外表还是内在？	xǐ huān wài biǎo hái shì nèi zài ？	你内心和外表一样丑陋	nǐ nèi xīn hé wài biǎo yī yàng chǒu lòu
2481	第三	1334	1725	29	84.15	第三你管太多了	dì sān nǐ guǎn tài duō le	哈哈，想处于第三阶段	hā hā ， xiǎng chù yú dì sān jiē duàn	天狼星是第三亮的！！	tiān láng xīng shì dì sān liàng de ！ ！
2482	丫头	2180	1101	0	84.12	丫头大车呢	yā tóu dà chē ne	小丫头片子	xiǎo yā tóu piàn zi	丫头又肿么啦	yā tóu yòu zhǒng me la
2483	表哥	2052	937	9	84.02	寸头像我表哥	cùn tóu xiàng wǒ biǎo gē	我表哥黄金五	wǒ biǎo gē huáng jīn wǔ	表哥帅爆了。	biǎo gē shuài bào le 。
2484	母	1786	1463	12	84.01	都是母的	dōu shì mǔ de	你又母问。	nǐ yòu mǔ wèn 。	都是母蟑螂	dōu shì mǔ zhāng láng
2485	投资	1191	2462	22	83.99	你要投资	nǐ yào tóu zī	投资公司？	tóu zī gōng sī ？	让我投资呗	ràng wǒ tóu zī bei
2486	星期五	1809	1564	9	83.99	星期五吧	xīng qī wǔ ba	星期五？	xīng qī wǔ ？	星期五啊吗	xīng qī wǔ a ma
2487	周三	2355	578	1	83.94	周三吉祥。	zhōu sān jí xiáng 。	周三求帮选	zhōu sān qiú bāng xuǎn	不是周三回吗	bù shì zhōu sān huí ma
2488	商业	927	2978	25	83.91	商业互吹	shāng yè hù chuī	商业机密	shāng yè jī mì	又商业互吹！	yòu shāng yè hù chuī ！
2489	诗人	1675	1523	16	83.87	你是诗人	nǐ shì shī rén	星大诗人啊	xīng dà shī rén a	你是个诗人吗	nǐ shì gè shī rén ma
2490	告知	2065	1323	1	83.85	多谢告知	duō xiè gào zhī	好吧，求告知	hǎo ba ， qiú gào zhī	求原谅求告知	qiú yuán liàng qiú gào zhī
2491	枕头	2033	1023	8	83.81	我泪湿枕头	wǒ lèi shī zhěn tóu	我枕头都潮了	wǒ zhěn tóu dōu cháo le	因为我看到了枕头	yīn wèi wǒ kàn dào le zhěn tóu
2492	瑜伽	1807	308	32	83.80	空中瑜伽	kōng zhōng yú gā	哪里了瑜伽？	nǎ lǐ le yú gā ？	你在哪里瑜伽？	nǐ zài nǎ lǐ yú gā ？
2493	婚纱	2244	475	8	83.79	婚纱照片！！	hūn shā zhào piàn ！ ！	期待你穿婚纱	qī dài nǐ chuān hūn shā	你们好久拍婚纱	nǐ men hǎo jiǔ pāi hūn shā
2494	高大上	2385	0	10	83.78	高大上！	gāo dà shàng ！	就是高大上	jiù shì gāo dà shàng	终极高大上	zhōng jí gāo dà shàng
2495	演戏	1416	1046	37	83.74	因为演戏需要	yīn wèi yǎn xì xū yào	演戏高手送你	yǎn xì gāo shǒu sòng nǐ	说了只是演戏	shuō le zhǐ shì yǎn xì
2496	捉	1508	2052	14	83.72	到处捉你们俩	dào chù zhuō nǐ men liǎ	好捉急好挫败	hǎo zhuō jí hǎo cuò bài	捉到一只思鸢	zhuō dào yī zhǐ sī yuān
2497	豆	2157	313	15	83.69	我豆好辛苦	wǒ dòu hǎo xīn kǔ	晚安我豆！	wǎn ān wǒ dòu ！	素食可去豆	sù shí kě qù dòu
2498	红红火火	2589	5	0	83.68	红红火火	hóng hóng huǒ huǒ	呵呵红红火火	hē hē hóng hóng huǒ huǒ	红红火火不好吗？	hóng hóng huǒ huǒ bù hǎo ma ？
2499	求婚	1754	1789	7	83.66	不是求婚	bù shì qiú hūn	你求婚啊	nǐ qiú hūn a	求婚失败？	qiú hūn shī bài ？
2500	新娘	1669	2219	3	83.57	哑巴新娘	yǎ bā xīn niáng	最美新娘	zuì měi xīn niáng	百年的新娘	bǎi nián de xīn niáng
2501	灏明	2587	0	0	83.55	灏明。在线	hào míng 。 zài xiàn	灏明。我来啦	hào míng 。 wǒ lái la	肠粉在骂灏明呢	cháng fěn zài mà hào míng ne
2502	警方	215	5390	14	83.54	已通知警方	yǐ tōng zhī jǐng fāng	警方公示了啊	jǐng fāng gōng shì le a	警方通知你了吗？	jǐng fāng tōng zhī nǐ le ma ？
2503	两周	1836	1727	4	83.51	还有两周	hái yǒu liǎng zhōu	两周不到也	liǎng zhōu bù dào yě	开学还有两周	kāi xué hái yǒu liǎng zhōu
2504	四点	2280	357	8	83.49	我四点多	wǒ sì diǎn duō	四点睡六点起	sì diǎn shuì liù diǎn qǐ	四点。。还不睡	sì diǎn 。 。 hái bù shuì
2505	头脑	1172	2361	24	83.47	头脑王者	tóu nǎo wáng zhě	头脑简单	tóu nǎo jiǎn dān	头脑风暴了	tóu nǎo fēng bào le
2506	夏	2130	412	14	83.38	夏凉冬暖	xià liáng dōng nuǎn	我夏你秋	wǒ xià nǐ qiū	夏总工作辛苦啦	xià zǒng gōng zuò xīn kǔ la
2507	助理	1674	1648	13	83.37	助理在杭州呢	zhù lǐ zài háng zhōu ne	没有助理的说	méi yǒu zhù lǐ de shuō	做你的助理就行	zuò nǐ de zhù lǐ jiù xíng
2508	忽悠	2389	227	5	83.36	接着忽悠大众	jiē zhe hū yōu dà zhòng	你又忽悠我一次	nǐ yòu hū yōu wǒ yī cì	是不是在忽悠人家啊	shì bù shì zài hū yōu rén jiā a
2509	逃课	2108	141	20	83.34	逃课了呀	táo kè le ya	我没逃课啊	wǒ méi táo kè a	她逃课了呗哈哈	tā táo kè le bei hā hā
2510	实体店	1594	6	47	83.28	实体店做的	shí tǐ diàn zuò de	实体店的？	shí tǐ diàn de ？	到实体店看看噜	dào shí tǐ diàn kàn kàn lū
2511	叶	1368	1296	34	83.28	我落了叶了	wǒ luò le yè le	提下你叶问	tí xià nǐ yè wèn	报了……老叶？	bào le … … lǎo yè ？
2512	油条	1906	63	31	83.27	油条来了	yóu tiáo lái le	我想吃油条	wǒ xiǎng chī yóu tiáo	油条少吃哦	yóu tiáo shǎo chī ó
2513	动态	2026	128	24	83.23	最近动态有点多啊	zuì jìn dòng tài yǒu diǎn duō a	你好熟悉市场动态呀	nǐ hǎo shú xī shì chǎng dòng tài ya	我动态里面就能看到	wǒ dòng tài lǐ miàn jiù néng kàn dào
2514	创意	1996	1126	7	83.22	太没创意了	tài méi chuàng yì le	冰淇淋很创意	bīng qí lín hěn chuàng yì	不会找新创意呀	bù huì zhǎo xīn chuàng yì ya
2515	人士	1656	1628	14	83.22	专业人士	zhuān yè rén shì	我是离异人士	wǒ shì lí yì rén shì	-.-我是爱车人士	- . - wǒ shì ài chē rén shì
2516	成立	510	1455	72	83.20	→→不成立	→ → bù chéng lì	嗯依旧成立	ń yī jiù chéng lì	你国成立党支部了吗	nǐ guó chéng lì dǎng zhī bù le ma
2517	人心	1990	487	19	83.16	爱暖人心	ài nuǎn rén xīn	人心隔肚皮	rén xīn gé dù pí	爱久见人心	ài jiǔ jiàn rén xīn
2518	集合	1684	1822	9	83.16	内蒙人集合	nèi méng rén jí hé	在哪集合？	zài nǎ jí hé ？	山东人集合	shān dōng rén jí hé
2519	甜品	2256	230	11	83.15	大爱甜品	dà ài tián pǐn	那是甜品	nà shì tián pǐn	喜欢吃甜品	xǐ huān chī tián pǐn
2520	良好	947	1995	41	83.11	合理饮食良好体态	hé lǐ yǐn shí liáng hǎo tǐ tài	少自我感觉良好了你	shǎo zì wǒ gǎn jué liáng hǎo le nǐ	你倒是自我感觉良好啊	nǐ dào shì zì wǒ gǎn jué liáng hǎo a
2521	老头	1371	2521	11	83.11	老头，你好	lǎo tóu ， nǐ hǎo	老头，我也爱你	lǎo tóu ， wǒ yě ài nǐ	数学老师是个老头吧	shù xué lǎo shī shì gè lǎo tóu ba
2522	治愈	1843	1134	14	83.10	怒吃治愈	nù chī zhì yù	对，很治愈的	duì ， hěn zhì yù de	没事啦。找你男票治愈	méi shì la 。 zhǎo nǐ nán piào zhì yù
2523	卫衣	1921	10	31	83.09	也是卫衣	yě shì wèi yī	卫衣私你哦	wèi yī sī nǐ ó	卫衣挺好看哎	wèi yī tǐng hǎo kàn āi
2524	太原	2191	13	18	83.08	太原天晴了	tài yuán tiān qíng le	太原欢迎你	tài yuán huān yíng nǐ	我在太原呢	wǒ zài tài yuán ne
2525	星球	732	3686	20	83.06	在其他星球	zài qí tā xīng qiú	快乐星球！！	kuài lè xīng qiú ！ ！	聊你的星球吧	liáo nǐ de xīng qiú ba
2526	传奇	1342	1453	32	83.04	凤凰传奇	fèng huáng chuán qí	人狗传奇。。	rén gǒu chuán qí 。 。	蓝色海洋的传奇	lán sè hǎi yáng de chuán qí
2527	消灭	1550	2317	6	82.98	消灭我噶哈	xiāo miè wǒ gá hā	我要消灭贞子	wǒ yào xiāo miè zhēn zi	代表月亮消灭你	dài biǎo yuè liàng xiāo miè nǐ
2528	奶油	1759	1502	11	82.95	你还吃奶油？	nǐ hái chī nǎi yóu ？	是奶油奶酪这种吗	shì nǎi yóu nǎi lào zhè zhǒng ma	杯子里是奶油么？	bēi zi lǐ shì nǎi yóu me ？
2529	晃	2066	702	11	82.90	你晃点我	nǐ huǎng diǎn wǒ	晃得挺厉害	huǎng dé tǐng lì hài	来无锡晃一趟	lái wú xī huǎng yī tàng
2530	不要紧	1297	3128	3	82.88	我不要紧	wǒ bù yào jǐn	不要紧，慢慢来	bù yào jǐn ， màn màn lái	我这里不要紧的	wǒ zhè lǐ bù yào jǐn de
2531	项链	1855	1192	12	82.86	幸福项链！	xìng fú xiàng liàn ！	或是项链。	huò shì xiàng liàn 。	项链真好看	xiàng liàn zhēn hǎo kàn
2532	挡住	1814	1134	15	82.84	包包大挡住了	bāo bāo dà dǎng zhù le	你被挡住了吧？	nǐ bèi dǎng zhù le ba ？	水印挡住文字了	shuǐ yìn dǎng zhù wén zì le
2533	牛排	1673	1333	18	82.79	懒人牛排	lǎn rén niú pái	给你做牛排好了	gěi nǐ zuò niú pái hǎo le	还有牛排的日子	hái yǒu niú pái de rì zi
2534	日出	2003	584	16	82.77	日出比人好看	rì chū bǐ rén hǎo kàn	看到日出了吗	kàn dào rì chū le ma	你每当日出都反	nǐ měi dāng rì chū dōu fǎn
2535	立	1568	952	30	82.75	早有蜻蜓立上头	zǎo yǒu qīng tíng lì shàng tóu	flag边立边倒	f l a g biān lì biān dào	而立，三月好快乐。	ér lì ， sān yuè hǎo kuài lè 。
2536	坑爹	2534	18	1	82.74	嗯啊坑爹吧	ń a kēng diē ba	坑爹啊!!	kēng diē a ! !	太坑爹了！	tài kēng diē le ！
2537	围脖	2554	18	0	82.71	把围脖摘掉	bǎ wéi bó zhāi diào	围脖有人出啊	wéi bó yǒu rén chū a	干嘛翻我老围脖	gàn ma fān wǒ lǎo wéi bó
2538	补充	1630	842	29	82.71	感谢补充	gǎn xiè bǔ chōng	很好的补充	hěn hǎo de bǔ chōng	我看到补充内容了	wǒ kàn dào bǔ chōng nèi róng le
2539	竞技	487	228	95	82.69	竞技体育	jìng jì tǐ yù	哼哼，电子竞技！	hēng hēng ， diàn zi jìng jì ！	电子竞技需要队友	diàn zi jìng jì xū yào duì yǒu
2540	打牌	2096	605	11	82.66	打牌赢钱	dǎ pái yíng qián	打牌好开心？	dǎ pái hǎo kāi xīn ？	云南没人打牌吗	yún nán méi rén dǎ pái ma
2541	保留	1137	2163	28	82.57	保留意见	bǎo liú yì jiàn	保留证据	bǎo liú zhèng jù	请继续保留	qǐng jì xù bǎo liú
2542	围	1549	1253	25	82.51	那围着干嘛	nà wéi zhe gàn ma	行啦围小区半圈	xíng la wéi xiǎo qū bàn quān	666肯定围几圈	6 6 6 kěn dìng wéi jǐ quān
2543	载	1231	2877	10	82.35	下次载你呀	xià cì zài nǐ ya	你姐姐载你去呗	nǐ jiě jiě zài nǐ qù bei	你来载我好不好	nǐ lái zài wǒ hǎo bù hǎo
2544	艺人	1832	560	24	82.34	他现在是艺人了吧	tā xiàn zài shì yì rén le ba	那艺人不是人啊？！	nà yì rén bù shì rén a ？ ！	你是模特吗还是艺人？	nǐ shì mó tè ma hái shì yì rén ？
2545	本命年	2547	5	0	82.32	他本命年	tā běn mìng nián	本命年吗	běn mìng nián ma	你本命年吗	nǐ běn mìng nián ma
2546	过期	2182	353	11	82.30	会过期吗	huì guò qī ma	小心过期	xiǎo xīn guò qī	我去你才过期	wǒ qù nǐ cái guò qī
2547	剧本	1478	1795	18	82.25	剧本很扯啊	jù běn hěn chě a	你不按剧本走	nǐ bù àn jù běn zǒu	是剧本预见了未来	shì jù běn yù jiàn le wèi lái
2548	交易	0	6276	6	82.23	没钱没交易	méi qián méi jiāo yì	这些感情的交易	zhè xiē gǎn qíng de jiāo yì	我没有做任何交易	wǒ méi yǒu zuò rèn hé jiāo yì
2549	互	2225	235	11	82.21	互摸狗头	hù mō gǒu tóu	互赞有嘛	hù zàn yǒu ma	咱俩互养	zán liǎ hù yǎng
2550	坏事	1600	2070	7	82.19	我没有干坏事	wǒ méi yǒu gàn huài shì	做坏事，被人骂	zuò huài shì ， bèi rén mà	感觉你做了坏事	gǎn jué nǐ zuò le huài shì
2551	工程	1429	1266	30	82.17	大工程呀！	dà gōng chéng ya ！	工程管理毛	gōng chéng guǎn lǐ máo	工程，快完了	gōng chéng ， kuài wán le
2552	预定	2192	857	1	82.15	预定一个	yù dìng yī gè	可以预定了	kě yǐ yù dìng le	哪里预定啊	nǎ lǐ yù dìng a
2553	热量	1635	350	37	82.14	他是把热量传给你啊	tā shì bǎ rè liàng chuán gěi nǐ a	好吃，就是热量爆表	hǎo chī ， jiù shì rè liàng bào biǎo	有些水果热量也高嘞	yǒu xiē shuǐ guǒ rè liàng yě gāo lei
2554	待会	1650	2310	0	82.07	待会就死了	dài huì jiù sǐ le	在床上待会吃牛排	zài chuáng shàng dài huì chī niú pái	待会做梦应该可以	dài huì zuò mèng yīng gāi kě yǐ
2555	白菜	2144	106	17	82.04	没白菜吃	méi bái cài chī	去哪找白菜	qù nǎ zhǎo bái cài	你以为买白菜？	nǐ yǐ wèi mǎi bái cài ？
2556	爪子	2273	530	3	82.04	爪子了？	zhǎo zi le ？	再见爪子？	zài jiàn zhǎo zi ？	爪子，何肿	zhǎo zi ， hé zhǒng
2557	几分钟	1428	2286	11	82.02	流星雨在几分钟	liú xīng yǔ zài jǐ fēn zhōng	矜持不过几分钟	jīn chí bù guò jǐ fēn zhōng	哥能坚持几分钟了？	gē néng jiān chí jǐ fēn zhōng le ？
2558	寿司	1812	586	24	82.02	心疼寿司	xīn téng shòu sī	不爱吃寿司	bù ài chī shòu sī	哇还是寿司	wa hái shì shòu sī
2559	身为	1379	1808	22	81.91	身为法盲的你给我普法？	shēn wèi fǎ máng de nǐ gěi wǒ pǔ fǎ ？	身为肉者，我必须支持啊	shēn wèi ròu zhě ， wǒ bì xū zhī chí a	身为一名老直男，你居然发现了	shēn wèi yī míng lǎo zhí nán ， nǐ jū rán fā xiàn le
2560	必然	2129	565	9	81.87	必然的啦	bì rán de la	必然不叫。	bì rán bù jiào 。	必然有基情	bì rán yǒu jī qíng
2561	异地	2458	33	3	81.82	异地学校吗	yì dì xué xiào ma	异地真难受	yì dì zhēn nán shòu	异地汪也是汪	yì dì wāng yě shì wāng
2562	妥妥	2499	33	1	81.80	妥妥哒！	tuǒ tuǒ dá ！	妥妥的！	tuǒ tuǒ de ！	唬人妥妥的	hǔ rén tuǒ tuǒ de
2563	乡下	1626	1429	17	81.79	我翻乡下哈哈	wǒ fān xiāng xià hā hā	我天天吃乡下菜	wǒ tiān tiān chī xiāng xià cài	你是乡下来的吗你	nǐ shì xiāng xià lái de ma nǐ
2564	好使	2288	254	7	81.79	买个魔笔好使不	mǎi gè mó bǐ hǎo shǐ bù	你眼不好使了吧	nǐ yǎn bù hǎo shǐ le ba	哈哈哈眼真好使	hā hā hā yǎn zhēn hǎo shǐ
2565	感叹	2433	39	4	81.77	啊，表感叹	a ， biǎo gǎn tàn	你居然木有发表感叹	nǐ jū rán mù yǒu fā biǎo gǎn tàn	我要感叹真的很好看	wǒ yào gǎn tàn zhēn de hěn hǎo kàn
2566	农历	2528	7	0	81.74	农历的更准	nóng lì de gèng zhǔn	今天？新农历？	jīn tiān ？ xīn nóng lì ？	你农历还是阳历	nǐ nóng lì hái shì yáng lì
2567	请求	741	4475	3	81.71	请求加餐	qǐng qiú jiā cān	请求店名	qǐng qiú diàn míng	请求支援	qǐng qiú zhī yuán
2568	朋友们	1427	1876	18	81.61	拼单吗朋友们	pīn dān ma péng yǒu men	主要是陪朋友们看	zhǔ yào shì péi péng yǒu men kàn	换张敬业，朋友们	huàn zhāng jìng yè ， péng yǒu men
2569	迈	2265	191	9	81.61	有迈有迈	yǒu mài yǒu mài	你是仙女迈	nǐ shì xiān nǚ mài	难道不是迈	nán dào bù shì mài
2570	报复	1347	2025	19	81.56	继续报复	jì xù bào fù	你在报复我	nǐ zài bào fù wǒ	报复回来？	bào fù huí lái ？
2571	大不了	1650	2052	4	81.55	大不了不睡啊	dà bù le bù shuì a	大不了从新再来！	dà bù le cóng xīn zài lái ！	大不了你跑躺三亚	dà bù le nǐ pǎo tǎng sān yà
2572	题目	1776	411	28	81.38	今年题目是啥	jīn nián tí mù shì shá	你题目什么！	nǐ tí mù shén me ！	你选的题目呢？	nǐ xuǎn de tí mù ne ？
2573	文学	1209	742	49	81.37	文学素养	wén xué sù yǎng	爱好文学	ài hǎo wén xué	介是纪实文学	jiè shì jì shí wén xué
2574	豆浆	2121	55	18	81.34	只看到豆浆	zhǐ kàn dào dòu jiāng	豆浆好喝嘛	dòu jiāng hǎo hē ma	这像豆浆嘛	zhè xiàng dòu jiāng ma
2575	光线	2077	870	5	81.30	光线问题	guāng xiàn wèn tí	光线比较好	guāng xiàn bǐ jiào hǎo	就是光线不好	jiù shì guāng xiàn bù hǎo
2576	低头	2149	629	6	81.29	向饭低头	xiàng fàn dī tóu	向大佬低头	xiàng dà lǎo dī tóu	向天气势力低头	xiàng tiān qì shì lì dī tóu
2577	清晰	1759	1040	17	81.24	我要清晰既	wǒ yào qīng xī jì	清晰的思路	qīng xī de sī lù	来张清晰合照呗！	lái zhāng qīng xī hé zhào bei ！
2578	富	2093	550	10	81.20	糕富帅嘛	gāo fù shuài ma	富改成福不错	fù gǎi chéng fú bù cuò	再富点给你送个	zài fù diǎn gěi nǐ sòng gè
2579	特效	1580	360	38	81.16	特效加分	tè xiào jiā fēn	我不要看特效	wǒ bù yào kàn tè xiào	懂不懂什么叫特效	dǒng bù dǒng shén me jiào tè xiào
2580	年头	2202	481	6	81.16	你年头反到年尾	nǐ nián tóu fǎn dào nián wěi	这年头非主流才是王道	zhè nián tóu fēi zhǔ liú cái shì wáng dào	呵呵，确实有点年头了。	hē hē ， què shí yǒu diǎn nián tóu le 。
2581	叼	2375	194	3	81.15	你好叼噢	nǐ hǎo diāo ō	打电话叼	dǎ diàn huà diāo	为何这么叼	wèi hé zhè me diāo
2582	大本营	1658	260	36	81.09	快乐大本营	kuài lè dà běn yíng	大本营几级？	dà běn yíng jǐ jí ？	我去看快乐大本营啦	wǒ qù kàn kuài lè dà běn yíng la
2583	肯德基	2371	86	5	81.02	吃肯德基。	chī kěn dé jī 。	肯德基去买吧	kěn dé jī qù mǎi ba	难道是肯德基	nán dào shì kěn dé jī
2584	主演	650	3139	31	81.02	谁主演的？革命片？	shuí zhǔ yǎn de ？ gé mìng piàn ？	跟主演人员没关系吧	gēn zhǔ yǎn rén yuán méi guān xì ba	我主演偶像剧，开始表白	wǒ zhǔ yǎn ǒu xiàng jù ， kāi shǐ biǎo bái
2585	新生	1510	909	31	81.02	大一新生	dà yī xīn shēng	新生新生	xīn shēng xīn shēng	大一新生？	dà yī xīn shēng ？
2586	注重	696	309	81	81.00	注重主旋律哦	zhù zhòng zhǔ xuán lǜ ó	我们要注重质量	wǒ men yào zhù zhòng zhì liàng	爱情使我注重细节	ài qíng shǐ wǒ zhù zhòng xì jié
2587	压抑	1810	669	21	80.97	心情压抑	xīn qíng yā yì	心情好压抑	xīn qíng hǎo yā yì	看完超级压抑	kàn wán chāo jí yā yì
2588	三月	2422	219	0	80.95	同三月哈哈	tóng sān yuè hā hā	三月对你很好哦	sān yuè duì nǐ hěn hǎo ó	三月还是几月的	sān yuè hái shì jǐ yuè de
2589	当心	1307	3108	0	80.93	你当心点啊	nǐ dāng xīn diǎn a	师傅要当心	shī fù yào dāng xīn	走路当心点	zǒu lù dāng xīn diǎn
2590	亲人	1405	1445	26	80.93	亲人？你咋了？	qīn rén ？ nǐ zǎ le ？	你真的是亲人啊	nǐ zhēn de shì qīn rén a	作为亲人不得不赞	zuò wèi qīn rén bù dé bù zàn
2591	刺	1319	2046	19	80.91	我不怕刺	wǒ bù pà cì	这是刺果	zhè shì cì guǒ	刺一个很贵啊	cì yī gè hěn guì a
2592	停留	1501	1025	29	80.82	上海做停留么	shàng hǎi zuò tíng liú me	下次可以久点停留。	xià cì kě yǐ jiǔ diǎn tíng liú 。	脑回路只停留在网速上	nǎo huí lù zhǐ tíng liú zài wǎng sù shàng
2593	打破	739	2945	30	80.81	我来打破零回复	wǒ lái dǎ pò líng huí fù	打破了我的幻想	dǎ pò le wǒ de huàn xiǎng	打破零赞零评尴尬	dǎ pò líng zàn líng píng gān gà
2594	海报	1849	710	18	80.71	海报有用吗	hǎi bào yǒu yòng ma	聘你画海报	pìn nǐ huà hǎi bào	想求t的海报	xiǎng qiú t de hǎi bào
2595	娜娜	2400	256	0	80.70	娜娜的面包	nà nà de miàn bāo	有娜娜吗？	yǒu nà nà ma ？	哈哈娜娜娜娜？	hā hā nà nà nà nà ？
2596	举手	2202	769	0	80.70	举手举手	jǔ shǒu jǔ shǒu	举手赞同	jǔ shǒu zàn tóng	举手！！！	jǔ shǒu ！ ！ ！
2597	发色	2468	71	0	80.59	什么发色	shén me fā sè	发色不错	fā sè bù cuò	发色好看	fā sè hǎo kàn
2598	呼呼	2335	199	4	80.59	呼呼呼呼	hū hū hū hū	哇呼呼呼呼	wa hū hū hū hū	哇厉害呼呼呼	wa lì hài hū hū hū
2599	鉴定	2203	432	6	80.58	珠宝鉴定	zhū bǎo jiàn dìng	这还要鉴定	zhè hái yào jiàn dìng	鉴定完毕。	jiàn dìng wán bì 。
2600	物	1513	1679	16	80.58	物以稀为贵	wù yǐ xī wèi guì	二哥买的萌物	èr gē mǎi de méng wù	听说你要物我	tīng shuō nǐ yào wù wǒ
2601	崩	1936	471	18	80.55	早就崩了	zǎo jiù bēng le	祝你笑崩	zhù nǐ xiào bēng	心态已经崩了	xīn tài yǐ jīng bēng le
2602	三观	2451	0	2	80.51	你啥子三观？	nǐ shá zi sān guān ？	再次刷新了三观	zài cì shuā xīn le sān guān	你三观不正，别说了	nǐ sān guān bù zhèng ， bié shuō le
2603	相见	2181	591	4	80.50	今早就相见	jīn zǎo jiù xiāng jiàn	几时可以相见	jǐ shí kě yǐ xiāng jiàn	想念比相见好	xiǎng niàn bǐ xiāng jiàn hǎo
2604	一次性	1847	263	26	80.48	一次性的那	yī cì xìng de nà	一次性的？	yī cì xìng de ？	你能不能一次性的	nǐ néng bù néng yī cì xìng de
2605	查理	43	6348	0	80.47	那放查理	nà fàng chá lǐ	查理厨房？	chá lǐ chú fáng ？	谢谢查理大哥	xiè xiè chá lǐ dà gē
2606	一块钱	1795	505	24	80.46	给他一块钱	gěi tā yī kuài qián	饭一块钱啊	fàn yī kuài qián a	500M一块钱	5 0 0 M yī kuài qián
2607	性价比	1588	10	43	80.44	你性价比比较高	nǐ xìng jià bǐ bǐ jiào gāo	性价比高，买！	xìng jià bǐ gāo ， mǎi ！	真的性价比很高	zhēn de xìng jià bǐ hěn gāo
2608	买来	2287	308	4	80.40	买来给我吃嘛	mǎi lái gěi wǒ chī ma	猫是买来的吗	māo shì mǎi lái de ma	你几多买来的？	nǐ jǐ duō mǎi lái de ？
2609	逃跑	581	3806	21	80.35	因为你想要逃跑	yīn wèi nǐ xiǎng yào táo pǎo	边骂边逃跑。。	biān mà biān táo pǎo 。 。	那还不赶紧逃跑	nà hái bù gǎn jǐn táo pǎo
2610	火车站	2160	578	5	80.34	我在火车站呢	wǒ zài huǒ chē zhàn ne	你在火车站干嘛	nǐ zài huǒ chē zhàn gàn ma	嗯，到火车站了	ń ， dào huǒ chē zhàn le
2611	兵	909	1813	42	80.29	你当过兵？	nǐ dāng guò bīng ？	兵哥！最帅！	bīng gē ！ zuì shuài ！	这兵哥好帅呢	zhè bīng gē hǎo shuài ne
2612	划	1554	1386	19	80.28	我划圈圈诅咒你。	wǒ huà quān quān zǔ zhòu nǐ 。	就怕摔不怕刮不怕划	jiù pà shuāi bù pà guā bù pà huà	感谢课代表给划重点	gǎn xiè kè dài biǎo gěi huà zhòng diǎn
2613	咨询	2012	686	10	80.28	到时候咨询你	dào shí hòu zī xún nǐ	我直接咨询你	wǒ zhí jiē zī xún nǐ	超疼，咨询好	chāo téng ， zī xún hǎo
2614	走向	1132	1394	39	80.25	相拥走向堕落	xiāng yōng zǒu xiàng duò luò	走向网红之路	zǒu xiàng wǎng hóng zhī lù	国产猪走向世界	guó chǎn zhū zǒu xiàng shì jiè
2615	认错	2068	700	7	80.24	认错人了吧	rèn cuò rén le ba	起码认错了	qǐ mǎ rèn cuò le	你没认错人吧	nǐ méi rèn cuò rén ba
2616	共勉	2482	4	0	80.21	与君共勉	yǔ jūn gòng miǎn	共勉共勉	gòng miǎn gòng miǎn	好，共勉。	hǎo ， gòng miǎn 。
2617	墨镜	2336	324	1	80.16	带墨镜那张	dài mò jìng nà zhāng	我戴着墨镜	wǒ dài zhe mò jìng	哪有戴墨镜勒哦	nǎ yǒu dài mò jìng lēi ó
2618	往后	1348	1314	30	80.16	脖子和面部往后移	bó zi hé miàn bù wǎng hòu yí	挺好看的，往后看吧	tǐng hǎo kàn de ， wǎng hòu kàn ba	往后日子，万分珍重！	wǎng hòu rì zi ， wàn fēn zhēn zhòng ！
2619	赞美	1871	1146	8	80.11	好看赞美	hǎo kàn zàn měi	我也是真心赞美	wǒ yě shì zhēn xīn zàn měi	早安，谢谢赞美	zǎo ān ， xiè xiè zàn měi
2620	截	2165	274	10	80.09	截个图先	jié gè tú xiān	可以慢慢截了	kě yǐ màn màn jié le	我盖你的，截你的	wǒ gài nǐ de ， jié nǐ de
2621	巨星	1727	646	24	80.03	送巨星上去	sòng jù xīng shàng qù	巨星变帅啦哈哈哈	jù xīng biàn shuài la hā hā hā	不准巨星的晚一点嘛	bù zhǔn jù xīng de wǎn yī diǎn ma
2622	搓	2323	184	4	80.02	哦，有点搓	ó ， yǒu diǎn cuō	嘉娜宝搓泥	jiā nà bǎo cuō ní	搓麻将误事啊	cuō má jiāng wù shì a
2623	秃	2362	133	3	79.97	一起秃吧	yī qǐ tū ba	让我秃！	ràng wǒ tū ！	要一起秃吗	yào yī qǐ tū ma
2624	松	1626	1064	21	79.95	松，土豆	sōng ， tǔ dòu	不骂你你皮就松	bù mà nǐ nǐ pí jiù sōng	你在五棵松附近么？	nǐ zài wǔ kē sōng fù jìn me ？
2625	当下	2048	348	14	79.93	活在当下	huó zài dāng xià	活在当下！	huó zài dāng xià ！	人得活在当下	rén dé huó zài dāng xià
2626	安徽	2238	15	11	79.89	安徽一岗	ān huī yī gǎng	安徽哪儿	ān huī nǎ ér	安徽仙寓山	ān huī xiān yù shān
2627	改善	1374	792	38	79.89	怎么改善	zěn me gǎi shàn	改善生活来的	gǎi shàn shēng huó lái de	买鞋改善下心情	mǎi xié gǎi shàn xià xīn qíng
2628	国产	1811	36	31	79.86	我们是国产的	wǒ men shì guó chǎn de	国产手机哪个好	guó chǎn shǒu jī nǎ gè hǎo	国产猪走向世界	guó chǎn zhū zǒu xiàng shì jiè
2629	暗示	1737	1528	7	79.86	你在暗示什么	nǐ zài àn shì shén me	你这是暗示我么？	nǐ zhè shì àn shì wǒ me ？	大飞在暗示我什么	dà fēi zài àn shì wǒ shén me
2630	在此	1254	3158	0	79.84	凶手在此	xiōng shǒu zài cǐ	在此谢过	zài cǐ xiè guò	天蝎在此	tiān xiē zài cǐ
2631	任	1658	1406	13	79.84	上一任牺牲了	shàng yī rèn xī shēng le	宝宝你也姓任	bǎo bǎo nǐ yě xìng rèn	哦，下一任说掉了	ó ， xià yī rèn shuō diào le
2632	交换	1391	2585	4	79.83	交换空间	jiāo huàn kōng jiān	要么交换	yào me jiāo huàn	拿什么交换	ná shén me jiāo huàn
2633	谋杀	0	6191	4	79.83	一级谋杀罪	yī jí móu shā zuì	嗯，因为谋杀。	ń ， yīn wèi móu shā 。	- 因为这是谋杀。	-   yīn wèi zhè shì móu shā 。
2634	比例	1534	479	36	79.81	要看比例	yào kàn bǐ lì	总之比例协调	zǒng zhī bǐ lì xié diào	不过我们是男女比例	bù guò wǒ men shì nán nǚ bǐ lì
2635	不及	1816	1696	0	79.78	换不及衣服	huàn bù jí yī fú	不及收藏家然	bù jí shōu cáng jiā rán	不及你万分之一	bù jí nǐ wàn fēn zhī yī
2636	胎	2224	313	6	79.78	对！！二胎	duì ！ ！ èr tāi	二胎了吗哈哈	èr tāi le ma hā hā	你怀二胎了？	nǐ huái èr tāi le ？
2637	卖给	1190	2289	19	79.77	不卖给你	bù mài gěi nǐ	卖给我么	mài gěi wǒ me	卖给我吧	mài gěi wǒ ba
2638	脑壳	2260	108	8	79.74	结脑壳昏	jié nǎo ké hūn	哈哈个脑壳	hā hā gè nǎo ké	我不吃脑壳	wǒ bù chī nǎo ké
2639	鸽子	1944	1031	6	79.68	没吃过鸽子	méi chī guò gē zi	又不是小鸽子	yòu bù shì xiǎo gē zi	不放鸽子还是老子么	bù fàng gē zi hái shì lǎo zi me
2640	实验室	1338	2490	8	79.63	去到实验室考？	qù dào shí yàn shì kǎo ？	我在实验室上网	wǒ zài shí yàn shì shàng wǎng	我来参观实验室了	wǒ lái cān guān shí yàn shì le
2641	无知	1961	928	7	79.62	你无知了	nǐ wú zhī le	原谅我无知	yuán liàng wǒ wú zhī	原谅我的文盲无知！	yuán liàng wǒ de wén máng wú zhī ！
2642	打仗	662	2180	46	79.59	打仗了？	dǎ zhàng le ？	打仗打仗	dǎ zhàng dǎ zhàng	打仗不是？	dǎ zhàng bù shì ？
2643	和好	1855	658	17	79.58	和好了又？	hé hǎo le yòu ？	我们和好吧	wǒ men hé hǎo ba	仲未和好啊？	zhòng wèi hé hǎo a ？
2644	将就	2131	209	12	79.53	还行，将就吧。	hái xíng ， jiāng jiù ba 。	看来他是没的选是将就	kàn lái tā shì méi de xuǎn shì jiāng jiù	一分钱一分货嘛，将就吧	yī fēn qián yī fēn huò ma ， jiāng jiù ba
2645	结合	848	1422	51	79.53	城乡结合	chéng xiāng jié hé	结合时事	jié hé shí shì	丑与帅相结合！	chǒu yǔ shuài xiāng jié hé ！
2646	招呼	1501	2382	2	79.50	你当招呼吧	nǐ dāng zhāo hū ba	好歹打个招呼么	hǎo dǎi dǎ gè zhāo hū me	要不要招呼招呼你	yào bù yào zhāo hū zhāo hū nǐ
2647	乐视	2189	1	13	79.49	有乐视的会员号吗	yǒu lè shì de huì yuán hào ma	拍了，还是乐视出品	pāi le ， hái shì lè shì chū pǐn	希望乐视手机越做做好	xī wàng lè shì shǒu jī yuè zuò zuò hǎo
2648	哪能	2132	362	9	79.44	在哪能看到？	zài nǎ néng kàn dào ？	今朝摸底考哪能？	jīn cháo mō dǐ kǎo nǎ néng ？	哪能剪短头发了啦	nǎ néng jiǎn duǎn tóu fā le la
2649	不可思议	694	3710	16	79.43	不可思议	bù kě sī yì	太不可思议了	tài bù kě sī yì le	哈哈不可思议吧	hā hā bù kě sī yì ba
2650	直视	2339	312	0	79.43	不忍直视	bù rěn zhí shì	不敢直视	bù gǎn zhí shì	恩，不忍直视	ēn ， bù rěn zhí shì
2651	叫上	2317	203	3	79.39	叫上我阿	jiào shàng wǒ ā	去南极叫上我	qù nán jí jiào shàng wǒ	回去记得叫上我	huí qù jì dé jiào shàng wǒ
2652	启动	682	4382	4	79.32	启动得到个屁	qǐ dòng dé dào gè pì	渡劫模式已启动	dù jié mó shì yǐ qǐ dòng	独生女模式启动	dú shēng nǚ mó shì qǐ dòng
2653	克制	1920	358	19	79.30	爱是克制	ài shì kè zhì	我我我需要克制	wǒ wǒ wǒ xū yào kè zhì	请你克制一下！！	qǐng nǐ kè zhì yī xià ！ ！
2654	作息	1988	66	21	79.20	是你的作息	shì nǐ de zuò xī	你的作息时间	nǐ de zuò xī shí jiān	你们这都什么作息	nǐ men zhè dōu shén me zuò xī
2655	甜心	616	4489	5	79.19	小甜心？	xiǎo tián xīn ？	热舞甜心	rè wǔ tián xīn	可爱的甜心	kě ài de tián xīn
2656	原则	1481	1541	18	79.18	怎么无原则了	zěn me wú yuán zé le	你是无原则亲妈	nǐ shì wú yuán zé qīn mā	那是原则问题。	nà shì yuán zé wèn tí 。
2657	心碎	2174	718	0	79.16	你心碎啥	nǐ xīn suì shá	为啥要心碎	wèi shá yào xīn suì	唱得我心碎	chàng dé wǒ xīn suì
2658	甄嬛	1194	1	60	79.07	我在看甄嬛	wǒ zài kàn zhēn huán	甄嬛传最好看	zhēn huán chuán zuì hǎo kàn	甄嬛界的前辈	zhēn huán jiè de qián bèi
2659	嗷嗷	2400	71	1	79.07	嗷嗷是谁	áo áo shì shuí	嗷嗷嗷嗷对	áo áo áo áo duì	嗷嗷嗷布偶	áo áo áo bù ǒu
2660	双胞胎	1635	1404	13	79.07	双胞胎/羞涩	shuāng bāo tāi / xiū sè	你给我怀了双胞胎	nǐ gěi wǒ huái le shuāng bāo tāi	俩女儿是双胞胎？	liǎ nǚ ér shì shuāng bāo tāi ？
2661	诚意	2207	515	2	79.05	你的诚意呢	nǐ de chéng yì ne	哼没得诚意	hēng méi dé chéng yì	真没诚意！	zhēn méi chéng yì ！
2662	巴掌	2054	472	10	78.97	一巴掌要吗？	yī bā zhǎng yào ma ？	忍，忍不了巴掌	rěn ， rěn bù le bā zhǎng	我一巴掌拍晕你	wǒ yī bā zhǎng pāi yūn nǐ
2663	蜜蜂	1763	1224	10	78.94	勤劳的小蜜蜂	qín láo de xiǎo mì fēng	买了小蜜蜂卫衣	mǎi le xiǎo mì fēng wèi yī	勤劳的小蜜蜂！	qín láo de xiǎo mì fēng ！
2664	天气预报	2359	220	0	78.93	看天气预报了么	kàn tiān qì yù bào le me	恩，看天气预报了	ēn ， kàn tiān qì yù bào le	我这边的天气预报说的	wǒ zhè biān de tiān qì yù bào shuō de
2665	败	1922	702	12	78.92	东方不败	dōng fāng bù bài	晕,败我家!	yūn , bài wǒ jiā !	=。=……我败了	= 。 = … … wǒ bài le
2666	为嘛	2427	39	0	78.87	为嘛去爬山	wèi ma qù pá shān	为嘛第一天	wèi ma dì yī tiān	为嘛这样说	wèi ma zhè yàng shuō
2667	芝士	2196	419	4	78.85	不吃芝士	bù chī zhī shì	喜欢芝士	xǐ huān zhī shì	妞这个芝士甜吗	niū zhè gè zhī shì tián ma
2668	集体	1883	742	13	78.83	集体去求	jí tǐ qù qiú	集体婚礼	jí tǐ hūn lǐ	吃饭还要集体吃	chī fàn hái yào jí tǐ chī
2669	端	1522	1241	21	78.79	我端盆水来。	wǒ duān pén shuǐ lái 。	端茶倒水陪睡	duān chá dào shuǐ péi shuì	端起来大碗喝啊	duān qǐ lái dà wǎn hē a
2670	广西	2301	33	6	78.78	广西没下吗	guǎng xī méi xià ma	我是广西人	wǒ shì guǎng xī rén	羡慕广西人	xiàn mù guǎng xī rén
2671	美滋滋	2392	11	2	78.74	美滋滋哦	měi zī zī ó	美滋滋！	měi zī zī ！	你也美滋滋	nǐ yě měi zī zī
2672	真理	1818	1444	3	78.73	真理。。	zhēn lǐ 。 。	这是真理	zhè shì zhēn lǐ	此语是真理	cǐ yǔ shì zhēn lǐ
2673	心意	1843	1325	4	78.73	心意重要	xīn yì zhòng yào	心意，晚上好！	xīn yì ， wǎn shàng hǎo ！	你喜欢就好表浅浅心意	nǐ xǐ huān jiù hǎo biǎo qiǎn qiǎn xīn yì
2674	蜜月	1905	1109	5	78.72	度蜜月！	dù mì yuè ！	小蜜月旅行	xiǎo mì yuè lǚ xíng	度蜜月去啦	dù mì yuè qù la
2675	麦当劳	2146	537	4	78.70	没有麦当劳？	méi yǒu mài dāng láo ？	这里没有麦当劳	zhè lǐ méi yǒu mài dāng láo	麦当劳不喜欢你	mài dāng láo bù xǐ huān nǐ
2676	维护	1040	1181	45	78.68	维护要多久	wéi hù yào duō jiǔ	请你维护我的形象	qǐng nǐ wéi hù wǒ de xíng xiàng	过来维护吧。哈哈	guò lái wéi hù ba 。 hā hā
2677	外星人	1211	2792	7	78.62	你外星人	nǐ wài xīng rén	外星人闭嘴	wài xīng rén bì zuǐ	纹个外星人	wén gè wài xīng rén
2678	吞	1949	1254	0	78.57	一口吞掉	yī kǒu tūn diào	只要吞得下切！	zhǐ yào tūn dé xià qiè ！	生气前面的被吞了	shēng qì qián miàn de bèi tūn le
2679	猝死	1432	47	47	78.56	小心猝死	xiǎo xīn cù sǐ	猝死啊！	cù sǐ a ！	猝死猝死	cù sǐ cù sǐ
2680	脑洞	2389	3	2	78.55	脑洞太大	nǎo dòng tài dà	脑洞非常大	nǎo dòng fēi cháng dà	这脑洞开的	zhè nǎo dòng kāi de
2681	医	1749	469	24	78.53	高龄住院医	gāo líng zhù yuàn yī	心病还得心药医	xīn bìng hái dé xīn yào yī	劝人学医天打雷劈	quàn rén xué yī tiān dǎ léi pī
2682	宣布	705	3708	14	78.41	又有大事要宣布	yòu yǒu dà shì yào xuān bù	巴巴宣布退出跑男了	bā bā xuān bù tuì chū pǎo nán le	我单方面宣布是四声	wǒ dān fāng miàn xuān bù shì sì shēng
2683	鸡翅	2323	159	2	78.36	爱各种鸡翅	ài gè zhǒng jī chì	鸡翅最好吃！	jī chì zuì hǎo chī ！	只能给一双鸡翅	zhǐ néng gěi yī shuāng jī chì
2684	爪	2303	314	0	78.29	好萌的爪	hǎo méng de zhǎo	快握握爪	kuài wò wò zhǎo	？？爪了	？ ？ zhǎo le
2685	蛙	2276	111	5	78.27	蛙来哒么	wā lái dá me	跳跳蛙在哪	tiào tiào wā zài nǎ	我养蛙了老铁。	wǒ yǎng wā le lǎo tiě 。
2686	猜到	2069	918	0	78.26	我猜到了	wǒ cāi dào le	你猜到啦。	nǐ cāi dào la 。	被你猜到了！	bèi nǐ cāi dào le ！
2687	新婚	2192	380	4	78.23	新婚快乐	xīn hūn kuài lè	小别胜新婚	xiǎo bié shèng xīn hūn	姑娘新婚快乐	gū niáng xīn hūn kuài lè
2688	盾	194	5614	3	78.23	U盾是什莫	U dùn shì shén mò	拿出你的盾	ná chū nǐ de dùn	老纸A的盾	lǎo zhǐ A de dùn
2689	友友	2417	9	0	78.18	愉快友友	yú kuài yǒu yǒu	晚安友友	wǎn ān yǒu yǒu	谢谢友友	xiè xiè yǒu yǒu
2690	好好玩	2172	319	6	78.17	好好玩吧	hǎo hǎo wán ba	好好玩哦	hǎo hǎo wán ó	好好玩啊	hǎo hǎo wán a
2691	灿烂	2121	666	2	78.15	你灿烂啦	nǐ càn làn la	阳光灿烂	yáng guāng càn làn	本该灿烂过一生	běn gāi càn làn guò yī shēng
2692	比起	1679	1377	10	78.13	比起你富贵多了	bǐ qǐ nǐ fù guì duō le	比起你来呢哈哈	bǐ qǐ nǐ lái ne hā hā	比起你的算什么	bǐ qǐ nǐ de suàn shén me
2693	打打	670	142	81	78.08	教我打打	jiào wǒ dǎ dǎ	不会打打八万	bù huì dǎ dǎ bā wàn	我再打打鸡血	wǒ zài dǎ dǎ jī xuè
2694	教程	2242	20	8	78.06	出个教程看看	chū gè jiào chéng kàn kàn	我等你教程！	wǒ děng nǐ jiào chéng ！	求假睫毛教程	qiú jiǎ jié máo jiào chéng
2695	清朝	139	54	108	78.06	清朝趴？	qīng cháo pā ？	你活在清朝吗	nǐ huó zài qīng cháo ma	回到清朝了？	huí dào qīng cháo le ？
2696	评论	4	1108	95	78.06	伤人或不敬的评论	shāng rén huò bù jìng de píng lùn	你爸爸也看了评论	nǐ bà bà yě kàn le píng lùn	力奇不肯发表评论	lì qí bù kěn fā biǎo píng lùn
2697	纯粹	1841	1057	8	78.03	纯粹一时兴起	chún cuì yī shí xīng qǐ	纯粹就是好看	chún cuì jiù shì hǎo kàn	纯粹是在看颜	chún cuì shì zài kàn yán
2698	联盟	754	891	63	77.98	联盟在心中	lián méng zài xīn zhōng	联盟之间的爱呢	lián méng zhī jiān de ài ne	够了，联盟最强控卫了	gòu le ， lián méng zuì qiáng kòng wèi le
2699	印	1476	1348	20	77.96	无印良品嘛	wú yìn liáng pǐn ma	你们怎么印的？	nǐ men zěn me yìn de ？	你是怎样印的？	nǐ shì zěn yàng yìn de ？
2700	总算	1686	1832	1	77.95	总算还了	zǒng suàn hái le	总算找到了	zǒng suàn zhǎo dào le	你可总算来了！	nǐ kě zǒng suàn lái le ！
2701	没救	2233	413	1	77.94	唉没救了	āi méi jiù le	没救了你	méi jiù le nǐ	没救了哈	méi jiù le hā
2702	柚子	2082	100	14	77.94	想次柚子	xiǎng cì yòu zi	柚子吃柚子	yòu zi chī yòu zi	花式吃柚子	huā shì chī yòu zi
2703	招人	2149	251	8	77.93	招人吗？	zhāo rén ma ？	要招人不	yào zhāo rén bù	看到就招人烦	kàn dào jiù zhāo rén fán
2704	有心	2237	399	1	77.90	你有心？	nǐ yǒu xīn ？	有心的妹纸！	yǒu xīn de mèi zhǐ ！	海外狗有心无力	hǎi wài gǒu yǒu xīn wú lì
2705	别提	1943	1215	0	77.89	别提上班	bié tí shàng bān	别提论文了	bié tí lùn wén le	别提了。。。	bié tí le 。 。 。
2706	勤快	2181	109	9	77.87	今天勤快	jīn tiān qín kuài	勤快人啊	qín kuài rén a	勤快小公举	qín kuài xiǎo gōng jǔ
2707	核桃	1677	114	33	77.86	开核桃吗	kāi hé táo ma	核桃不亏	hé táo bù kuī	知道六个核桃	zhī dào liù gè hé táo
2708	入手	2095	168	12	77.86	已经入手	yǐ jīng rù shǒu	新入手一歌	xīn rù shǒu yī gē	是不是打算入手	shì bù shì dǎ suàn rù shǒu
2709	高富帅	2380	22	1	77.82	C罗高富帅	C luó gāo fù shuài	遇到高富帅！	yù dào gāo fù shuài ！	高富帅一等座	gāo fù shuài yī děng zuò
2710	否	2089	612	4	77.79	您满意否	nín mǎn yì fǒu	一起，约否	yī qǐ ， yuē fǒu	今晚跳舞否	jīn wǎn tiào wǔ fǒu
2711	别管	677	4217	5	77.77	别管了，没问题	bié guǎn le ， méi wèn tí	别管了，随心吧！	bié guǎn le ， suí xīn ba ！	你别管，乖乖吃就行	nǐ bié guǎn ， guāi guāi chī jiù xíng
2712	天涯	2295	184	2	77.77	天涯？？？	tiān yá ？ ？ ？	同为天涯沦落人	tóng wèi tiān yá lún luò rén	同是天涯沦落人	tóng shì tiān yá lún luò rén
2713	牛仔裤	1848	530	17	77.76	牛仔裤啊	niú zǎi kù a	从来不洗牛仔裤	cóng lái bù xǐ niú zǎi kù	搭配破洞牛仔裤	dā pèi pò dòng niú zǎi kù
2714	可不	2206	414	2	77.76	可不哈哈	kě bù hā hā	可不嘛！	kě bù ma ！	可不....	kě bù . . . .
2715	从事	402	1229	73	77.57	支持你从事网球工作	zhī chí nǐ cóng shì wǎng qiú gōng zuò	鸭哥从事什么行业？	yā gē cóng shì shén me xíng yè ？	你正从事地铁运行吗？	nǐ zhèng cóng shì dì tiě yùn xíng ma ？
2716	人群	1354	1631	20	77.55	你也是稀有人群了	nǐ yě shì xī yǒu rén qún le	快快跟人群合影留念	kuài kuài gēn rén qún hé yǐng liú niàn	下次人群里还能有我么	xià cì rén qún lǐ hái néng yǒu wǒ me
2717	自私	1509	1661	12	77.53	怎么个自私？	zěn me gè zì sī ？	我不该自私的。	wǒ bù gāi zì sī de 。	某人很自私..	mǒu rén hěn zì sī . .
2718	影子	1615	1545	9	77.48	你是影子姐姐	nǐ shì yǐng zi jiě jiě	影子都快秃了	yǐng zi dōu kuài tū le	我是影子哥哥	wǒ shì yǐng zi gē gē
2719	地板	1518	2228	1	77.46	偶擦地板	ǒu cā dì bǎn	实木复合地板	shí mù fù hé dì bǎn	是不是木地板！	shì bù shì mù dì bǎn ！
2720	恶魔	761	4077	3	77.39	小恶魔啊	xiǎo è mó a	恶魔果实	è mó guǒ shí	三个白衣恶魔	sān gè bái yī è mó
2721	创业	1492	113	41	77.27	创业大计	chuàng yè dà jì	咱创业把	zán chuàng yè bǎ	好想创业	hǎo xiǎng chuàng yè
2722	瞧瞧	1176	3153	0	77.26	我去瞧瞧	wǒ qù qiáo qiáo	哈?我去瞧瞧	hā ? wǒ qù qiáo qiáo	来张正脸瞧瞧	lái zhāng zhèng liǎn qiáo qiáo
2723	颜	2184	106	8	77.26	颜老师好	yán lǎo shī hǎo	你有她的颜	nǐ yǒu tā de yán	有颜无肉啊	yǒu yán wú ròu a
2724	魅族	1890	0	24	77.24	我是魅族的	wǒ shì mèi zú de	魅族的还行	mèi zú de hái xíng	魅族的是女的	mèi zú de shì nǚ de
2725	浅	1922	400	15	77.18	中毒不浅	zhōng dú bù qiǎn	阅历不浅	yuè lì bù qiǎn	缘分不浅啊	yuán fēn bù qiǎn a
2726	型号	2186	364	3	77.16	求相机型号	qiú xiāng jī xíng hào	右二什么型号	yòu èr shén me xíng hào	有三星型号哒	yǒu sān xīng xíng hào dá
2727	壁纸	2336	83	1	77.16	抱走当壁纸	bào zǒu dāng bì zhǐ	壁纸还是头像	bì zhǐ hái shì tóu xiàng	壁纸很得意熬啊！	bì zhǐ hěn dé yì áo a ！
2728	金钱	1062	1760	31	77.15	修炼金钱	xiū liàn jīn qián	我视金钱如粪土	wǒ shì jīn qián rú fèn tǔ	来来来向金钱低头	lái lái lái xiàng jīn qián dī tóu
2729	认证	2101	204	10	77.15	兴趣认证！	xīng qù rèn zhèng ！	认证哥碉堡了	rèn zhèng gē diāo bǎo le	'怎么认证呢？	' zěn me rèn zhèng ne ？
2730	大陆	1277	1419	27	77.15	大陆欢迎你	dà lù huān yíng nǐ	血脉相连的大陆	xuè mài xiāng lián de dà lù	嗷嗷要来大陆了！！	áo áo yào lái dà lù le ！ ！
2731	一哈	2388	1	0	77.14	我没有晒一哈啊	wǒ méi yǒu shài yī hā a	来好好研究一哈	lái hǎo hǎo yán jiū yī hā	淡淡的学习一哈	dàn dàn de xué xí yī hā
2732	人儿	2033	106	15	77.11	多情善感的人儿	duō qíng shàn gǎn de rén ér	早起的人儿晒被子	zǎo qǐ de rén ér shài bèi zi	是美丽可爱的人儿	shì měi lì kě ài de rén ér
2733	奥运会	0	336	108	77.08	去奥运会	qù ào yùn huì	奥运会还有两年	ào yùn huì hái yǒu liǎng nián	蒙特利尔奥运会	méng tè lì ěr ào yùn huì
2734	半个	1801	1029	9	77.06	我是半个	wǒ shì bàn gè	可以买半个	kě yǐ mǎi bàn gè	那你算半个	nà nǐ suàn bàn gè
2735	守护	1590	1249	15	77.04	人家也想要守护天使	rén jiā yě xiǎng yào shǒu hù tiān shǐ	有多少墙头让你守护	yǒu duō shǎo qiáng tóu ràng nǐ shǒu hù	嗯，我等着守护我的人呢	ń ， wǒ děng zhe shǒu hù wǒ de rén ne
2736	忙完	2259	108	4	77.01	刚忙完我	gāng máng wán wǒ	等我忙完	děng wǒ máng wán	你们忙完了？	nǐ men máng wán le ？
2737	传播	771	1036	58	76.96	新闻传播。	xīn wén chuán bō 。	空气传播吧！	kōng qì chuán bō ba ！	广东传播去的？	guǎng dōng chuán bō qù de ？
2738	过不去	1899	549	13	76.95	私聊过不去	sī liáo guò bù qù	兄弟过不去了	xiōng dì guò bù qù le	过不去要挂科了	guò bù qù yào guà kē le
2739	红酒	1854	936	8	76.94	喝红酒吧	hē hóng jiǔ ba	红酒是什么	hóng jiǔ shì shén me	不然是红酒咯	bù rán shì hóng jiǔ gē
2740	古	1168	1412	32	76.91	友尽古德白	yǒu jǐn gǔ dé bái	古你都有噶	gǔ nǐ dōu yǒu gá	古耐我的沙沙	gǔ nài wǒ de shā shā
2741	早已	1849	1271	2	76.90	我早已成佛	wǒ zǎo yǐ chéng fú	我早已长大	wǒ zǎo yǐ zhǎng dà	安卓早已不卡	ān zhuó zǎo yǐ bù kǎ
2742	充钱	499	0	90	76.86	充钱送钱呐	chōng qián sòng qián nà	没充钱的后果	méi chōng qián de hòu guǒ	充钱我就能变强	chōng qián wǒ jiù néng biàn qiáng
2743	炮	1798	747	14	76.83	两炮行吧	liǎng pào xíng ba	炮比脸小	pào bǐ liǎn xiǎo	你约过炮吗	nǐ yuē guò pào ma
2744	辜负	2091	420	6	76.82	别辜负了她	bié gū fù le tā	长情最怕辜负	zhǎng qíng zuì pà gū fù	唯有美食不可辜负	wéi yǒu měi shí bù kě gū fù
2745	香水	1946	1121	0	76.82	香水有毒	xiāng shuǐ yǒu dú	我喜欢男士香水	wǒ xǐ huān nán shì xiāng shuǐ	我超喜欢这个香水的	wǒ chāo xǐ huān zhè gè xiāng shuǐ de
2746	最最	1260	298	48	76.81	你最最最可爱	nǐ zuì zuì zuì kě ài	竹伞你最最帅	zhú sǎn nǐ zuì zuì shuài	不要和你最最好了	bù yào hé nǐ zuì zuì hǎo le
2747	超人	1540	2009	3	76.79	女超人！	nǚ chāo rén ！	早安，小超人	zǎo ān ， xiǎo chāo rén	不要听超人乱讲	bù yào tīng chāo rén luàn jiǎng
2748	泡脚	1999	5	18	76.77	我在泡脚	wǒ zài pào jiǎo	咱先泡脚吧	zán xiān pào jiǎo ba	试试泡脚？	shì shì pào jiǎo ？
2749	桃子	2076	455	6	76.77	我爱桃子	wǒ ài táo zi	桃子妖妖	táo zi yāo yāo	你好，桃子	nǐ hǎo ， táo zi
2750	洗脸	2246	122	4	76.76	洗脸是肯定的	xǐ liǎn shì kěn dìng de	要洗脸不梳头	yào xǐ liǎn bù shū tóu	孩子，今天洗脸了吗	hái zi ， jīn tiān xǐ liǎn le ma
2751	吸血鬼	1107	2858	8	76.76	吸血鬼日记	xī xuè guǐ rì jì	初代吸血鬼啊	chū dài xī xuè guǐ a	吸血鬼很压惊	xī xuè guǐ hěn yā jīng
2752	传单	0	577	103	76.71	准备传单！	zhǔn bèi chuán dān ！	麦克，传单	mài kè ， chuán dān	传单，优惠券	chuán dān ， yōu huì quàn
2753	留意	1730	1401	5	76.70	行我留意下	xíng wǒ liú yì xià	哦哦没留意呢	ó ó méi liú yì ne	好的我会留意	hǎo de wǒ huì liú yì
2754	此时	1652	1439	8	76.68	此时此刻	cǐ shí cǐ kè	淡定么此时此刻	dàn dìng me cǐ shí cǐ kè	此时此刻、祝福你	cǐ shí cǐ kè 、 zhù fú nǐ
2755	四天	2111	624	1	76.63	还有四天撒	hái yǒu sì tiān sā	我们只放四天假	wǒ men zhǐ fàng sì tiān jiǎ	我四天假好闹心啊	wǒ sì tiān jiǎ hǎo nào xīn a
2756	伤口	1055	2928	9	76.63	伤口撒盐啊	shāng kǒu sā yán a	你伤口好了没	nǐ shāng kǒu hǎo le méi	摊开伤口任宰割	tān kāi shāng kǒu rèn zǎi gē
2757	练练	1782	174	25	76.60	你练练啊	nǐ liàn liàn a	下回练练再拍	xià huí liàn liàn zài pāi	厉害了练练练	lì hài le liàn liàn liàn
2758	霸道	2114	121	10	76.53	早安霸道总裁	zǎo ān bà dào zǒng cái	霸道也不错啊	bà dào yě bù cuò a	霸道总裁可以的	bà dào zǒng cái kě yǐ de
2759	思	2044	516	6	76.49	秋冬思春	qiū dōng sī chūn	思个鬼啊！	sī gè guǐ a ！	思了什么恐	sī le shén me kǒng
2760	翘	2066	509	5	76.44	好翘嘛？！	hǎo qiào ma ？ ！	求怎么翘的	qiú zěn me qiào de	上嘴皮翘着了	shàng zuǐ pí qiào zhe le
2761	俱乐部	543	3317	26	76.41	俱乐部三停是？	jù lè bù sān tíng shì ？	知道了～影视俱乐部！	zhī dào le ～ yǐng shì jù lè bù ！	可以去参加即兴演出俱乐部	kě yǐ qù cān jiā jí xīng yǎn chū jù lè bù
2762	嗨皮	2361	12	0	76.40	早上嗨皮	zǎo shàng hāi pí	那么嗨皮	nà me hāi pí	下班嗨皮去	xià bān hāi pí qù
2763	自觉	1869	307	18	76.34	不自觉的后果	bù zì jué de hòu guǒ	凭我自觉给你？	píng wǒ zì jué gěi nǐ ？	我自觉的上交了	wǒ zì jué de shàng jiāo le
2764	姑姑	1707	724	18	76.30	姑姑抱紧	gū gū bào jǐn	孩子的姑姑	hái zi de gū gū	好的姑姑爱你	hǎo de gū gū ài nǐ
2765	官网	2286	35	3	76.29	天猫官网	tiān māo guān wǎng	官网可查	guān wǎng kě chá	我在官网买的	wǒ zài guān wǎng mǎi de
2766	模样	1724	1275	7	76.29	我就喜欢你自信的模样	wǒ jiù xǐ huān nǐ zì xìn de mó yàng	我还是喜欢你短发的模样	wǒ hái shì xǐ huān nǐ duǎn fā de mó yàng	没事一切都是幸福的模样	méi shì yī qiè dōu shì xìng fú de mó yàng
2767	贵阳	2360	4	0	76.27	去贵阳了	qù guì yáng le	你在贵阳？	nǐ zài guì yáng ？	我今天回贵阳	wǒ jīn tiān huí guì yáng
2768	炸鸡	1803	308	21	76.24	想吃炸鸡	xiǎng chī zhà jī	你刚吃了啥炸鸡	nǐ gāng chī le shá zhà jī	可有炸鸡配啤酒	kě yǒu zhà jī pèi pí jiǔ
2769	悲哀	1509	961	23	76.23	好悲哀的答案	hǎo bēi āi de dá àn	胖妞的悲哀吗	pàng niū de bēi āi ma	嗯嗯总之就悲哀	ń ń zǒng zhī jiù bēi āi
2770	剥	1995	619	6	76.19	…剥剥剥	… bō bō bō	可以剥的？	kě yǐ bō de ？	下次我给你剥	xià cì wǒ gěi nǐ bō
2771	删除	1774	919	11	76.17	删除又发	shān chú yòu fā	为什么要删除	wèi shén me yào shān chú	不喜欢就删除哈	bù xǐ huān jiù shān chú hā
2772	优雅	1741	1056	10	76.14	不要污要优雅	bù yào wū yào yōu yǎ	今天是优雅新	jīn tiān shì yōu yǎ xīn	简约优雅清凉	jiǎn yuē yōu yǎ qīng liáng
2773	承诺	833	3408	10	76.11	能承诺不	néng chéng nuò bù	行我承诺	xíng wǒ chéng nuò	承诺不简单	chéng nuò bù jiǎn dān
2774	那啥	525	31	87	76.07	那啥p3有进度吗？	nà shá p 3 yǒu jìn dù ma ？	我也是，刷的我快那啥了	wǒ yě shì ， shuā de wǒ kuài nà shá le	那啥~你还加班呢？北京呢？	nà shá ~ nǐ hái jiā bān ne ？ běi jīng ne ？
2775	机长	764	710	63	76.04	谢谢机长	xiè xiè jī zhǎng	机长会打你哦	jī zhǎng huì dǎ nǐ ó	机长特别爱书	jī zhǎng tè bié ài shū
2776	测	1526	468	31	76.04	神鬼莫测	shén guǐ mò cè	我们开学测	wǒ men kāi xué cè	他愿意测蜂蜜吗？	tā yuàn yì cè fēng mì ma ？
2777	巅峰	1792	208	23	75.99	颜值巅峰	yán zhí diān fēng	还不是巅峰	hái bù shì diān fēng	巅峰照啊亲！	diān fēng zhào a qīn ！
2778	肝	1973	333	12	75.97	肝不起了	gān bù qǐ le	慢慢肝别着急	màn màn gān bié zhe jí	真能肝！！！	zhēn néng gān ！ ！ ！
2779	娃儿	2340	30	0	75.95	背时娃儿	bèi shí wá ér	可怜的娃儿	kě lián de wá ér	幸福的娃儿	xìng fú de wá ér
2780	遇上	1699	1474	4	75.94	遇上高人了	yù shàng gāo rén le	看遇上谁看谁穿	kàn yù shàng shuí kàn shuí chuān	你遇上啥艰难啦？	nǐ yù shàng shá jiān nán la ？
2781	感激	828	3892	1	75.90	不胜感激	bù shèng gǎn jī	灰常感激	huī cháng gǎn jī	感激无限呐	gǎn jī wú xiàn nà
2782	万能	2017	646	4	75.89	万能的后期	wàn néng de hòu qī	万能的大师	wàn néng de dà shī	万能的百度	wàn néng de bǎi dù
2783	李白	1259	8	52	75.86	不会李白	bù huì lǐ bái	关李白什么事	guān lǐ bái shén me shì	会李白小哥哥吗	huì lǐ bái xiǎo gē gē ma
2784	欢	2025	243	11	75.85	我无辣不欢	wǒ wú là bù huān	一天跑得欢咯	yī tiān pǎo dé huān gē	我欢怎么都美	wǒ huān zěn me dōu měi
2785	转身	1451	1784	10	75.84	我为你转身	wǒ wèi nǐ zhuǎn shēn	你得看我转身不	nǐ dé kàn wǒ zhuǎn shēn bù	夜了，转身睡觉去！	yè le ， zhuǎn shēn shuì jué qù ！
2786	洛阳	1918	31	20	75.83	你还在洛阳	nǐ hái zài luò yáng	洛阳好玩吗	luò yáng hǎo wán ma	我在洛阳呀！	wǒ zài luò yáng ya ！
2787	卸	1832	362	18	75.83	妆都卸了	zhuāng dōu xiè le	有点难卸	yǒu diǎn nán xiè	你那些都卸了	nǐ nà xiē dōu xiè le
2788	熟人	1995	531	7	75.77	看到熟人	kàn dào shú rén	哇，有熟人	wa ， yǒu shú rén	熟人刷好评	shú rén shuā hǎo píng
2789	画风	2167	26	8	75.71	我说画风	wǒ shuō huà fēng	画风清奇	huà fēng qīng qí	画风不一样	huà fēng bù yī yàng
2790	咳咳	2320	62	0	75.70	咳咳…早说呀	ké ké … zǎo shuō ya	咳咳加油啊！	ké ké jiā yóu a ！	咳咳咳对对对	ké ké ké duì duì duì
2791	心事	2093	487	3	75.69	你的心事	nǐ de xīn shì	心事太多	xīn shì tài duō	心事多了哦	xīn shì duō le ó
2792	捐	1590	707	23	75.69	不是捐那么多	bù shì juān nà me duō	你捐了几百了？	nǐ juān le jǐ bǎi le ？	先问捐者愿意不	xiān wèn juān zhě yuàn yì bù
2793	魔	1406	1667	14	75.63	魔都是哪儿	mó dōu shì nǎ ér	哈哈哈哈哈修魔	hā hā hā hā hā xiū mó	来魔都就有的吃	lái mó dōu jiù yǒu de chī
2794	灰色	1825	797	10	75.62	你染灰色吧	nǐ rǎn huī sè ba	灰色体恤是姐姐	huī sè tǐ xù shì jiě jiě	灰色西装显老啊	huī sè xī zhuāng xiǎn lǎo a
2795	莫非	2198	317	1	75.61	莫非快了？	mò fēi kuài le ？	咦莫非是外国人	yí mò fēi shì wài guó rén	莫非你嫌弃我啦	mò fēi nǐ xián qì wǒ la
2796	高贵	1841	969	6	75.58	真是太高贵	zhēn shì tài gāo guì	高贵的象征	gāo guì de xiàng zhēng	高贵的雾霾	gāo guì de wù mái
2797	惬意	2239	207	1	75.57	你真是惬意	nǐ zhēn shì qiè yì	生活挺惬意	shēng huó tǐng qiè yì	不惬意能行吗	bù qiè yì néng xíng ma
2798	威武	2241	92	3	75.55	娘娘威武	niáng niáng wēi wǔ	峰哥威武啊	fēng gē wēi wǔ a	党老板威武！	dǎng lǎo bǎn wēi wǔ ！
2799	初一	1419	51	43	75.49	初一不学高数	chū yī bù xué gāo shù	初一滴时候呗	chū yī dī shí hòu bei	初一先识你咋啵	chū yī xiān shí nǐ zǎ bō
2800	嘴唇	1810	1362	0	75.43	大红嘴唇诶	dà hóng zuǐ chún éi	大鼻头厚嘴唇	dà bí tóu hòu zuǐ chún	嘴唇怎么那么黑	zuǐ chún zěn me nà me hēi
2801	犀利	2183	230	3	75.40	你犀利啦	nǐ xī lì la	我犀利咯	wǒ xī lì gē	你在做犀利	nǐ zài zuò xī lì
2802	傻瓜	0	5997	1	75.38	太傻瓜！	tài shǎ guā ！	-像个傻瓜	- xiàng gè shǎ guā	嘿，看那个傻瓜	hēi ， kàn nà gè shǎ guā
2803	一一	891	380	62	75.36	多一一一	duō yī yī yī	一一，过来	yī yī ， guò lái	那是一一一	nà shì yī yī yī
2804	形式	910	1522	40	75.35	形式不重要	xíng shì bù zhòng yào	一对一的形式	yī duì yī de xíng shì	化合物的形式	huà hé wù de xíng shì
2805	做成	1374	1023	27	75.35	你做成媒婆啦	nǐ zuò chéng méi pó la	做成啥样儿滴	zuò chéng shá yàng ér dī	是后期做成的	shì hòu qī zuò chéng de
2806	匹配	1181	544	45	75.29	上线匹配	shàng xiàn pǐ pèi	匹配随便赢吧	pǐ pèi suí biàn yíng ba	我不能打匹配吗	wǒ bù néng dǎ pǐ pèi ma
2807	级别	1615	610	23	75.28	报排位级别	bào pái wèi jí bié	快到剁手的级别了	kuài dào duò shǒu de jí bié le	我是女神级别好不好	wǒ shì nǚ shén jí bié hǎo bù hǎo
2808	排位	1717	19	29	75.27	报排位级别	bào pái wèi jí bié	大神带我排位	dà shén dài wǒ pái wèi	打排位忘记了	dǎ pái wèi wàng jì le
2809	失误	1370	756	32	75.27	已经失误了	yǐ jīng shī wù le	呀!失误失误	ya ! shī wù shī wù	哈哈判断失误	hā hā pàn duàn shī wù
2810	偷懒	2008	345	9	75.23	没有偷懒	méi yǒu tōu lǎn	上班偷懒。	shàng bān tōu lǎn 。	是不是偷懒了	shì bù shì tōu lǎn le
2811	广场	1570	937	19	75.20	广场领舞	guǎng chǎng lǐng wǔ	广场上疯了	guǎng chǎng shàng fēng le	7点半广场啊	7 diǎn bàn guǎng chǎng a
2812	拉倒	2204	214	2	75.20	不信拉倒	bù xìn lā dào	不说拉倒	bù shuō lā dào	你可拉倒吧	nǐ kě lā dào ba
2813	公	1519	688	26	75.18	我家的公的	wǒ jiā de gōng de	噢，居然是公	ō ， jū rán shì gōng	忠犬八公的故事	zhōng quǎn bā gōng de gù shì
2814	签到	2055	110	11	75.17	正好签到	zhèng hǎo qiān dào	你不签到了吗	nǐ bù qiān dào le ma	好像没签到了	hǎo xiàng méi qiān dào le
2815	五月	2100	264	6	75.16	五月去约吗	wǔ yuè qù yuē ma	五月去哪里啊	wǔ yuè qù nǎ lǐ a	五月快乐卤蛋	wǔ yuè kuài lè lǔ dàn
2816	橙子	2079	154	9	75.14	橙子七岁	chéng zi qī suì	想一只橙子	xiǎng yī zhǐ chéng zi	去哪里，橙子	qù nǎ lǐ ， chéng zi
2817	张艺兴	1762	0	27	75.13	数张艺兴啊	shù zhāng yì xīng a	那张艺兴是我的	nà zhāng yì xīng shì wǒ de	你把张艺兴放哪了	nǐ bǎ zhāng yì xīng fàng nǎ le
2818	修仙	1970	0	17	75.10	一直修仙	yī zhí xiū xiān	你也修仙	nǐ yě xiū xiān	日常修仙	rì cháng xiū xiān
2819	因素	903	975	50	75.06	因素太多啦	yīn sù tài duō la	好多的因素	hǎo duō de yīn sù	口水多有遗传因素	kǒu shuǐ duō yǒu yí chuán yīn sù
2820	弄好	1644	1164	11	75.02	弄好没有	nòng hǎo méi yǒu	还没弄好	hái méi nòng hǎo	发型弄好了啊	fā xíng nòng hǎo le a
2821	反映	847	624	59	74.95	我是说你反映快！	wǒ shì shuō nǐ fǎn yìng kuài ！	有反映了啊！可怜	yǒu fǎn yìng le a ！ kě lián	真实反映目前状态	zhēn shí fǎn yìng mù qián zhuàng tài
2822	雾	1899	767	6	74.94	雾是什么	wù shì shén me	雾里看花	wù lǐ kàn huā	雾好大！！	wù hǎo dà ！ ！
2823	小妞	1741	1499	0	74.90	小妞美的	xiǎo niū měi de	谢谢小妞	xiè xiè xiǎo niū	去哪啦小妞	qù nǎ la xiǎo niū
2824	可耻	2089	594	0	74.87	卖萌可耻	mài méng kě chǐ	太可耻了	tài kě chǐ le	威胁可耻	wēi xié kě chǐ
2825	油腻	1808	127	22	74.83	油腻男孩	yóu nì nán hái	油腻的师姐	yóu nì de shī jiě	不吃也好油腻	bù chī yě hǎo yóu nì
2826	无言以对	2304	30	0	74.79	无言以对	wú yán yǐ duì	我竟无言以对	wǒ jìng wú yán yǐ duì	也是无言以对了	yě shì wú yán yǐ duì le
2827	胡萝卜	1781	408	18	74.75	胡萝卜呀	hú luó bo ya	胡萝卜你吃不	hú luó bo nǐ chī bù	你还在等胡萝卜吗	nǐ hái zài děng hú luó bo ma
2828	陌生	1659	995	13	74.75	客气会变的陌生新年快了	kè qì huì biàn de mò shēng xīn nián kuài le	心有了距离，人也变得陌生	xīn yǒu le jù lí ， rén yě biàn dé mò shēng	这是来自陌生网友的关心吗	zhè shì lái zì mò shēng wǎng yǒu de guān xīn ma
2829	煎	1906	625	8	74.75	哦，煎馄饨	ó ， jiān hún tún	煎苦蒿吗？	jiān kǔ hāo ma ？	反正不是我煎	fǎn zhèng bù shì wǒ jiān
2830	维持	901	2520	21	74.67	友谊维持不下去了	yǒu yì wéi chí bù xià qù le	我有按时健身，勉强维持	wǒ yǒu àn shí jiàn shēn ， miǎn qiáng wéi chí	因为她们要我维持网红的形象	yīn wèi tā men yào wǒ wéi chí wǎng hóng de xíng xiàng
2831	一致	1464	1602	11	74.67	口味一致	kǒu wèi yī zhì	想法一致	xiǎng fǎ yī zhì	眼光一致	yǎn guāng yī zhì
2832	一早	1767	1249	3	74.65	明天一早	míng tiān yī zǎo	一早我又来了	yī zǎo wǒ yòu lái le	一早就推送狗粮	yī zǎo jiù tuī sòng gǒu liáng
2833	萝莉	2195	139	3	74.65	假装萝莉！	jiǎ zhuāng luó lì ！	你不是萝莉吗	nǐ bù shì luó lì ma	不不我是伪萝莉	bù bù wǒ shì wěi luó lì
2834	无锡	1993	12	15	74.64	无锡太湖	wú xī tài hú	无锡？！	wú xī ？ ！	是在无锡吧？	shì zài wú xī ba ？
2835	泥	1815	636	12	74.64	嘉娜宝搓泥	jiā nà bǎo cuō ní	泥没叫我呀	ní méi jiào wǒ ya	踩你一脚泥。	cǎi nǐ yī jiǎo ní 。
2836	周二	2030	672	1	74.61	我周二周三不在	wǒ zhōu èr zhōu sān bù zài	还不睡明天才周二	hái bù shuì míng tiān cái zhōu èr	你固定周一周二休啦	nǐ gù dìng zhōu yī zhōu èr xiū la
2837	第二张	2288	56	0	74.59	第二张图	dì èr zhāng tú	喜欢第二张嘛？	xǐ huān dì èr zhāng ma ？	想泳有p2的第二张	xiǎng yǒng yǒu p 2 de dì èr zhāng
2838	初二	1133	14	56	74.57	不，是初二	bù ， shì chū èr	初二值班。	chū èr zhí bān 。	初二才回哦。	chū èr cái huí ó 。
2839	壳	1994	436	7	74.56	你的壳不错	nǐ de ké bù cuò	女汉子不用壳	nǚ hàn zi bù yòng ké	翻新是换壳吗	fān xīn shì huàn ké ma
2840	收下	1796	1274	1	74.55	收下了…乖	shōu xià le … guāi	来帮我收下	lái bāng wǒ shōu xià	你先去收下。	nǐ xiān qù shōu xià 。
2841	坨	1940	413	10	74.55	照顾坨总	zhào gù tuó zǒng	你也要来一坨吗	nǐ yě yào lái yī tuó ma	一坨黑看到才有鬼	yī tuó hēi kàn dào cái yǒu guǐ
2842	撒子	2307	0	0	74.51	买了撒子	mǎi le sā zi	n撒子工作	n sā zi gōng zuò	你在撒子嘛	nǐ zài sā zi ma
2843	照样	1603	416	26	74.50	历史照样延续	lì shǐ zhào yàng yán xù	回兴义照样宰你！	huí xīng yì zhào yàng zǎi nǐ ！	我没了手机照样活	wǒ méi le shǒu jī zhào yàng huó
2844	年年	2147	139	5	74.45	机会年年有	jī huì nián nián yǒu	我年年18岁	wǒ nián nián 1 8 suì	年年过年一大堆	nián nián guò nián yī dà duī
2845	詹姆斯	152	2602	55	74.45	心疼詹姆斯	xīn téng zhān mǔ sī	成都詹姆斯长高了样	chéng dōu zhān mǔ sī zhǎng gāo le yàng	我也要去接詹姆斯！	wǒ yě yào qù jiē zhān mǔ sī ！
2846	玩家	1293	619	37	74.45	超级玩家？	chāo jí wán jiā ？	玩家还不错哦	wán jiā hái bù cuò ó	不是魔兽玩家啊	bù shì mó shòu wán jiā a
2847	我国	502	719	73	74.44	是啊我国套路	shì a wǒ guó tào lù	我国服11貂蝉	wǒ guó fú 1 1 diāo chán	我国貌似禁止克隆人？	wǒ guó mào shì jìn zhǐ kè lóng rén ？
2848	承担	614	1674	50	74.43	享受需要承担代价的	xiǎng shòu xū yào chéng dān dài jià de	反正就是承担后果嘛	fǎn zhèng jiù shì chéng dān hòu guǒ ma	已经无力承担网费。	yǐ jīng wú lì chéng dān wǎng fèi 。
2849	侦探	1025	2666	12	74.42	小白是侦探？	xiǎo bái shì zhēn tàn ？	明星大侦探吗？	míng xīng dà zhēn tàn ma ？	明星大侦探啊啊	míng xīng dà zhēn tàn a a
2850	财	1917	569	8	74.40	发大财！	fā dà cái ！	南财特别多	nán cái tè bié duō	财多身子弱	cái duō shēn zi ruò
2851	制服	1175	2436	9	74.37	搜制服包	sōu zhì fú bāo	制服这么帅	zhì fú zhè me shuài	制服控没办法	zhì fú kòng méi bàn fǎ
2852	往事	1804	639	12	74.33	当爱已成往事	dāng ài yǐ chéng wǎng shì	有往事有友情	yǒu wǎng shì yǒu yǒu qíng	哈哈哈往事不堪回首	hā hā hā wǎng shì bù kān huí shǒu
2853	元宵	2195	4	5	74.32	元宵快乐	yuán xiāo kuài lè	祝元宵快乐	zhù yuán xiāo kuài lè	赞元宵快乐	zàn yuán xiāo kuài lè
2854	快活	2076	582	0	74.30	来呀快活呀	lái ya kuài huó ya	来啊快活啊	lái a kuài huó a	来呀，快活呀	lái ya ， kuài huó ya
2855	车辆	376	1034	73	74.30	影响车辆正常行驶	yǐng xiǎng chē liàng zhèng cháng xíng shǐ	车辆调效不一样呀	chē liàng diào xiào bù yī yàng ya	小心点路很滑的，注意车辆	xiǎo xīn diǎn lù hěn huá de ， zhù yì chē liàng
2856	自卑	1929	150	15	74.30	不要自卑	bù yào zì bēi	怕你自卑	pà nǐ zì bēi	一直都好自卑。	yī zhí dōu hǎo zì bēi 。
2857	支付宝	0	2	110	74.27	为什么马云要创造支付宝？	wèi shén me mǎ yún yào chuàng zào zhī fù bǎo ？	支付宝的后面的强强大团队	zhī fù bǎo de hòu miàn de qiáng qiáng dà tuán duì	支付宝的话，有黑客攻击过	zhī fù bǎo de huà ， yǒu hēi kè gōng jī guò
2858	法语	1438	2229	0	74.21	学法语?	xué fǎ yǔ ?	喔以为法语	ō yǐ wèi fǎ yǔ	比法语课强	bǐ fǎ yǔ kè qiáng
2859	坚决	1946	532	7	74.20	坚决不吃	jiān jué bù chī	坚决说不	jiān jué shuō bù	坚决不舍啊	jiān jué bù shě a
2860	虽	1552	1227	13	74.19	今年真的都是虽事儿	jīn nián zhēn de dōu shì suī shì ér	我的孤独，虽败犹荣	wǒ de gū dú ， suī bài yóu róng	牛奶虽好可不要贪杯	niú nǎi suī hǎo kě bù yào tān bēi
2861	女主角	1091	470	49	74.17	女主角是谁	nǚ zhǔ jiǎo shì shuí	女主角美啊	nǚ zhǔ jiǎo měi a	我是你的女主角	wǒ shì nǐ de nǚ zhǔ jiǎo
2862	一楼	1894	338	13	74.16	去一楼了	qù yī lóu le	一楼是啥好好奇	yī lóu shì shá hǎo hǎo qí	一楼说的漂亮！	yī lóu shuō de piāo liàng ！
2863	澳门	1777	316	19	74.15	去左澳门	qù zuǒ ào mén	去澳门走	qù ào mén zǒu	她要去澳门	tā yào qù ào mén
2864	歧视	1825	461	14	74.14	不能歧视如花	bù néng qí shì rú huā	不要歧视仙子	bù yào qí shì xiān zi	不许歧视胖子！	bù xǔ qí shì pàng zi ！
2865	奢侈	2136	304	2	74.12	太奢侈了	tài shē chǐ le	这么奢侈的睡衣	zhè me shē chǐ de shuì yī	。。。哎呀太奢侈	。 。 。 āi ya tài shē chǐ
2866	自助	1810	173	20	74.11	中午的自助	zhōng wǔ de zì zhù	不是吃自助的吗	bù shì chī zì zhù de ma	再也不吃自助了	zài yě bù chī zì zhù le
2867	一瞬间	1640	720	18	74.09	输赢就在一瞬间	shū yíng jiù zài yī shùn jiān	那只是冲动的一瞬间	nà zhǐ shì chōng dòng de yī shùn jiān	只是一瞬间的感觉而已	zhǐ shì yī shùn jiān de gǎn jué ér yǐ
2868	葱	2140	236	3	74.08	过年好～葱	guò nián hǎo ～ cōng	不造放不放葱	bù zào fàng bù fàng cōng	葱姜都弄了就没弄蒜	cōng jiāng dōu nòng le jiù méi nòng suàn
2869	收集	1141	2282	13	74.05	收集春天的细雨	shōu jí chūn tiān de xì yǔ	嗯啊，收集数据中	ń a ， shōu jí shù jù zhōng	嗯嗯毛衣收集癖!	ń ń máo yī shōu jí pǐ !
2870	关掉	889	3422	4	74.04	可以关掉	kě yǐ guān diào	把空调关掉	bǎ kōng diào guān diào	吹到我都关掉了	chuī dào wǒ dōu guān diào le
2871	赏	2041	489	3	74.04	何事要赏！	hé shì yào shǎng ！	赵县赏梨花	zhào xiàn shǎng lí huā	赏你朵小红花	shǎng nǐ duǒ xiǎo hóng huā
2872	一号	1607	1342	8	74.02	一号你呢	yī hào nǐ ne	给你看腐女一号	gěi nǐ kàn fǔ nǚ yī hào	明天?不是一号吗	míng tiān ? bù shì yī hào ma
2873	舅舅	1304	1152	26	74.02	舅舅很可爱	jiù jiù hěn kě ài	舅舅不是姐姐	jiù jiù bù shì jiě jiě	尊重舅舅打到怪兽	zūn zhòng jiù jiù dǎ dào guài shòu
2874	为毛	2284	17	0	73.98	为毛那么久？	wèi máo nà me jiǔ ？	为毛是失眠啊！	wèi máo shì shī mián a ！	为毛我不觉得他低俗	wèi máo wǒ bù jué dé tā dī sú
2875	20斤	2290	1	0	73.97	我长了20斤。	wǒ zhǎng le 2 0 jīn 。	20斤那是有多少个	2 0 jīn nà shì yǒu duō shǎo gè	20斤？太励志了。	2 0 jīn ？ tài lì zhì le 。
2876	上床	0	5178	14	73.96	你该早点上床	nǐ gāi zǎo diǎn shàng chuáng	我跟他上床了	wǒ gēn tā shàng chuáng le	你上床睡比较好	nǐ shàng chuáng shuì bǐ jiào hǎo
2877	高数	1639	1	31	73.87	高数必过	gāo shù bì guò	好怀恋高数	hǎo huái liàn gāo shù	挂在高数上	guà zài gāo shù shàng
2878	婴儿	844	3197	10	73.84	婴儿肥吧	yīng ér féi ba	婴儿肥你好	yīng ér féi nǐ hǎo	那是婴儿肥	nà shì yīng ér féi
2879	成年	1607	622	21	73.83	恭喜成年	gōng xǐ chéng nián	我成年了	wǒ chéng nián le	成年了好吗	chéng nián le hǎo ma
2880	计较	1953	373	9	73.80	不跟小学生计较了	bù gēn xiǎo xué shēng jì jiào le	带你去好吧计较什么	dài nǐ qù hǎo ba jì jiào shén me	你已早更，不与你计较	nǐ yǐ zǎo gèng ， bù yǔ nǐ jì jiào
2881	绝交	2255	76	0	73.78	绝交吧！	jué jiāo ba ！	绝交绝交	jué jiāo jué jiāo	那就绝交	nà jiù jué jiāo
2882	天然	1945	445	8	73.76	要纯天然的	yào chún tiān rán de	天然白有啥办法	tiān rán bái yǒu shá bàn fǎ	并不天然的大脸	bìng bù tiān rán de dà liǎn
2883	饮	1927	757	3	73.69	饮啤酒呢	yǐn pí jiǔ ne	举杯共饮！	jǔ bēi gòng yǐn ！	一边看书一边饮	yī biān kàn shū yī biān yǐn
2884	空虚	1937	731	3	73.69	你空虚吗	nǐ kōng xū ma	寂寞空虚冷	jì mò kōng xū lěng	需要我空虚	xū yào wǒ kōng xū
2885	需求	1054	1015	40	73.69	没需求啊。	méi xū qiú a 。	你需求这么旺盛	nǐ xū qiú zhè me wàng shèng	你又没有跳槽需求	nǐ yòu méi yǒu tiào cáo xū qiú
2886	内部	946	2270	22	73.68	内部电台	nèi bù diàn tái	内部业务知识	nèi bù yè wù zhī shí	内部的人员吧？	nèi bù de rén yuán ba ？
2887	资金	531	1612	54	73.68	是的没有资金	shì de méi yǒu zī jīn	我给你拨点资金	wǒ gěi nǐ bō diǎn zī jīn	请自带入伙资金	qǐng zì dài rù huǒ zī jīn
2888	尊敬	695	2973	21	73.66	拍佛不尊敬	pāi fú bù zūn jìng	尊敬的会员你好	zūn jìng de huì yuán nǐ hǎo	我为啥子要尊敬你	wǒ wèi shá zi yào zūn jìng nǐ
2889	觉着	1800	215	19	73.64	你觉着呢？	nǐ jué zhe ne ？	我觉着挺好	wǒ jué zhe tǐng hǎo	觉着怎么样	jué zhe zěn me yàng
2890	勇士	1122	997	37	73.63	我不是勇士	wǒ bù shì yǒng shì	今天勇士赢了	jīn tiān yǒng shì yíng le	勇士今天要输了	yǒng shì jīn tiān yào shū le
2891	刷屏	2237	1	2	73.61	对着手机刷屏	duì zhe shǒu jī shuā píng	你最近又刷屏了	nǐ zuì jìn yòu shuā píng le	又开始刷屏了你	yòu kāi shǐ shuā píng le nǐ
2892	私	2081	403	2	73.58	好哒私你	hǎo dá sī nǐ	好滴私你	hǎo dī sī nǐ	求求求私	qiú qiú qiú sī
2893	备	2056	413	3	73.57	勤备雨伞	qín bèi yǔ sǎn	下次备一点	xià cì bèi yī diǎn	备个逃生包吧	bèi gè táo shēng bāo ba
2894	残酷	1398	1682	11	73.53	你很残酷	nǐ hěn cán kù	残酷月光	cán kù yuè guāng	这么残酷	zhè me cán kù
2895	萌萌	2228	17	2	73.52	萌萌萌哦	méng méng méng ó	萌萌萌！	méng méng méng ！	伊姐萌萌萌	yī jiě méng méng méng
2896	尽情	1687	1415	2	73.46	尽情地去吃	jǐn qíng dì qù chī	你就尽情黑我	nǐ jiù jǐn qíng hēi wǒ	恨吧，尽情狠	hèn ba ， jǐn qíng hěn
2897	含	1631	639	19	73.46	厦门网吧含好玩吧	shà mén wǎng ba hán hǎo wán ba	我要把你含在嘴里！	wǒ yào bǎ nǐ hán zài zuǐ lǐ ！	讲得智慧韵含成熟！	jiǎng dé zhì huì yùn hán chéng shú ！
2898	韭菜	2178	32	4	73.44	韭菜饺子？	jiǔ cài jiǎo zi ？	听说韭菜壮阳	tīng shuō jiǔ cài zhuàng yáng	猪肉韭菜月饼	zhū ròu jiǔ cài yuè bǐng
2899	创新	609	249	75	73.39	科技创新	kē jì chuàng xīn	要有创新	yào yǒu chuàng xīn	有点创新好吗	yǒu diǎn chuàng xīn hǎo ma
2900	长袖	2069	38	9	73.37	长袖好吗	zhǎng xiù hǎo ma	穿长袖的我	chuān zhǎng xiù de wǒ	长袖长裤！	zhǎng xiù zhǎng kù ！
2901	焦虑	1789	818	8	73.37	你在焦虑什么？	nǐ zài jiāo lǜ shén me ？	破了就不焦虑了	pò le jiù bù jiāo lǜ le	会焦虑，烦躁吗？	huì jiāo lǜ ， fán zào ma ？
2902	送来	1445	1872	5	73.37	给我送来	gěi wǒ sòng lái	送来玩玩	sòng lái wán wán	你给我送来	nǐ gěi wǒ sòng lái
2903	感染	909	2554	18	73.33	嘻嘻被感染两秒钟	xī xī bèi gǎn rǎn liǎng miǎo zhōng	我知道你会感染我的	wǒ zhī dào nǐ huì gǎn rǎn wǒ de	拒绝驳回芝士已感染	jù jué bó huí zhī shì yǐ gǎn rǎn
2904	渣渣	2261	19	0	73.26	模版渣渣	mó bǎn zhā zhā	渣渣渣！	zhā zhā zhā ！	天生萌渣渣	tiān shēng méng zhā zhā
2905	一下午	2072	73	8	73.23	等了一下午了	děng le yī xià wǔ le	大叔失踪了一下午哇	dà shū shī zōng le yī xià wǔ wa	我睡了一下午摸摸头	wǒ shuì le yī xià wǔ mō mō tóu
2906	扑	1840	566	10	73.23	快来扑我	kuài lái pū wǒ	是你就扑	shì nǐ jiù pū	丢你个扑街	diū nǐ gè pū jiē
2907	媳妇儿	1947	15	15	73.19	媳妇儿爱你	xí fù ér ài nǐ	媳妇儿！！	xí fù ér ！ ！	想讨个媳妇儿	xiǎng tǎo gè xí fù ér
2908	说来	1570	1262	10	73.18	细细说来	xì xì shuō lái	说来听听	shuō lái tīng tīng	你说来看看	nǐ shuō lái kàn kàn
2909	璶	0	5874	0	73.18	и璶癣ミ.	и  jìn xuǎn ミ .	- ぃ璶候眎.	-   ぃ jìn hòu shì .	ゲ斗璶獭и.	 ゲ dòu jìn  tǎ и .
2910	人口	1042	1381	33	73.13	失踪人口	shī zōng rén kǒu	什么叫人口馍	shén me jiào rén kǒu mó	哈哈哈失踪人口	hā hā hā shī zōng rén kǒu
2911	捧场	2153	180	2	73.13	太捧场！	tài pěng chǎng ！	捧场倩！	pěng chǎng qiàn ！	太捧场了！	tài pěng chǎng le ！
2912	乔	680	4049	1	73.08	错失良机的乔	cuò shī liáng jī de qiáo	乔的合照交给我	qiáo de hé zhào jiāo gěi wǒ	搞不好是乔某人	gǎo bù hǎo shì qiáo mǒu rén
2913	战士	831	3224	9	73.08	美少女战士	měi shǎo nǚ zhàn shì	小战士想家了	xiǎo zhàn shì xiǎng jiā le	猴子是战士啊	hóu zi shì zhàn shì a
2914	默契	2007	227	8	73.05	我们太默契了	wǒ men tài mò qì le	我们没有默契	wǒ men méi yǒu mò qì	无神且不默契	wú shén qiě bù mò qì
2915	热评	2261	0	0	73.02	沉迷于抢热评	chén mí yú qiǎng rè píng	一次尴尬的热评	yī cì gān gà de rè píng	热评第一美呆。	rè píng dì yī měi dāi 。
2916	保	1255	819	33	73.01	你去保一个	nǐ qù bǎo yī gè	交学费保你会	jiāo xué fèi bǎo nǐ huì	戒撸保平安。。	jiè lū bǎo píng ān 。 。
2917	注意力	1058	1763	25	73.01	注意力全在狗	zhù yì lì quán zài gǒu	为了转移你的注意力	wèi le zhuǎn yí nǐ de zhù yì lì	你这注意力放哪去了	nǐ zhè zhù yì lì fàng nǎ qù le
2918	看清	1772	723	10	72.99	看清自己	kàn qīng zì jǐ	害我又木看清	hài wǒ yòu mù kàn qīng	你想看清哪个嘛	nǐ xiǎng kàn qīng nǎ gè ma
2919	脑补	2211	17	2	72.97	脑补不来	nǎo bǔ bù lái	自己个脑补	zì jǐ gè nǎo bǔ	脑补一下还真是	nǎo bǔ yī xià hái zhēn shì
2920	告别	1763	1232	1	72.96	告别交流吧	gào bié jiāo liú ba	我告别毽球了	wǒ gào bié jiàn qiú le	那告别个啥？	nà gào bié gè shá ？
2921	微博	2	108	106	72.96	微博伟哥！	wēi bó wěi gē ！	微博怎么样？	wēi bó zěn me yàng ？	微博也没有几条	wēi bó yě méi yǒu jǐ tiáo
2922	杨紫	335	0	92	72.92	杨紫好美	yáng zǐ hǎo měi	杨紫的男朋友	yáng zǐ de nán péng yǒu	那杨紫怎么办	nà yáng zǐ zěn me bàn
2923	去掉	1990	476	4	72.90	把吗去掉	bǎ ma qù diào	把热血去掉	bǎ rè xuè qù diào	请去掉儿童	qǐng qù diào ér tóng
2924	本质	1498	879	20	72.83	什么本质	shén me běn zhì	嗯呢，本质是	ń ne ， běn zhì shì	学姐珍素本质	xué jiě zhēn sù běn zhì
2925	无视	1865	791	4	72.79	无视他啊！	wú shì tā a ！	请无视背景！	qǐng wú shì bèi jǐng ！	你就无视事实吧	nǐ jiù wú shì shì shí ba
2926	布	1352	1687	12	72.78	就是白布	jiù shì bái bù	布觉得啊	bù jué dé a	什么布啊?	shén me bù a ?
2927	一天天	1820	200	17	72.75	一天天干啥呢	yī tiān tiān gàn shá ne	一天天就知道约	yī tiān tiān jiù zhī dào yuē	你太抢戏一天天	nǐ tài qiǎng xì yī tiān tiān
2928	忧郁	1924	743	2	72.75	忧郁干嘛	yōu yù gàn ma	忧郁胖子	yōu yù pàng zi	我也忧郁！	wǒ yě yōu yù ！
2929	变形	1606	536	21	72.72	我都变形了	wǒ dōu biàn xíng le	变形记是什么	biàn xíng jì shì shén me	囧～都勒变形了	jiǒng ～ dōu lēi biàn xíng le
2930	抱紧	2159	239	0	72.71	抱紧我。	bào jǐn wǒ 。	快来抱紧我	kuài lái bào jǐn wǒ	抱紧！！！	bào jǐn ！ ！ ！
2931	后边	762	337	65	72.68	三信后边	sān xìn hòu biān	右图后边	yòu tú hòu biān	不要落我后边	bù yào luò wǒ hòu biān
2932	消耗	1235	465	40	72.68	对线消耗的时候	duì xiàn xiāo hào de shí hòu	卡路里消耗还不够	kǎ lù lǐ xiāo hào hái bù gòu	把我需要消耗多少	bǎ wǒ xū yào xiāo hào duō shǎo
2933	气球	1702	717	13	72.68	告白气球	gào bái qì qiú	气球给我	qì qiú gěi wǒ	一吹气球？	yī chuī qì qiú ？
2934	连接	920	2093	25	72.66	有连接吗	yǒu lián jiē ma	芋头有连接么？	yù tóu yǒu lián jiē me ？	裙子给个连接吧	qún zi gěi gè lián jiē ba
2935	活跃	1577	547	22	72.60	异常的活跃	yì cháng de huó yuè	你们太活跃啦	nǐ men tài huó yuè la	我在活跃气氛	wǒ zài huó yuè qì fēn
2936	露脸	2164	108	2	72.59	敢不敢露脸	gǎn bù gǎn lù liǎn	求露脸嘿嘿	qiú lù liǎn hēi hēi	露脸就哭了	lù liǎn jiù kū le
2937	空中	751	2250	30	72.53	空中瑜伽	kōng zhōng yú gā	空中飞人	kōng zhōng fēi rén	我在空中飘	wǒ zài kōng zhōng piāo
2938	打脸	1982	87	11	72.52	等着打脸吧	děng zhe dǎ liǎn ba	，实力打脸	， shí lì dǎ liǎn	分了就打脸了	fēn le jiù dǎ liǎn le
2939	坐标	1967	667	1	72.51	坐标念破	zuò biāo niàn pò	留下坐标	liú xià zuò biāo	坐标在哪呀亲	zuò biāo zài nǎ ya qīn
2940	反弹	1685	149	24	72.48	反弹一波	fǎn dàn yī bō	月底就反弹了	yuè dǐ jiù fǎn dàn le	没有了反弹了	méi yǒu le fǎn dàn le
2941	大象	1355	950	25	72.47	大象吃药了吗	dà xiàng chī yào le ma	大象病好点没	dà xiàng bìng hǎo diǎn méi	我有大象娃娃	wǒ yǒu dà xiàng wá wá
2942	小腿	1866	167	15	72.47	小腿p了	xiǎo tuǐ p le	小腿挺美哒	xiǎo tuǐ tǐng měi dá	小腿超级粗	xiǎo tuǐ chāo jí cū
2943	流泪	1922	560	5	72.43	默默流泪	mò mò liú lèi	你让我流泪	nǐ ràng wǒ liú lèi	我又在流泪	wǒ yòu zài liú lèi
2944	微微	1828	153	17	72.42	晚好微微	wǎn hǎo wēi wēi	来吧芦苇微微	lái ba lú wěi wēi wēi	我只想微微一笑	wǒ zhǐ xiǎng wēi wēi yī xiào
2945	粉	645	619	65	72.42	不要取粉	bù yào qǔ fěn	吃了炒粉	chī le chǎo fěn	粉太早了我	fěn tài zǎo le wǒ
2946	蹭饭	2175	11	3	72.41	去蹭饭！	qù cèng fàn ！	欢迎蹭饭	huān yíng cèng fàn	想去蹭饭了	xiǎng qù cèng fàn le
2947	金毛	2079	41	7	72.38	大爱金毛	dà ài jīn máo	大金毛不错	dà jīn máo bù cuò	金毛是暖男	jīn máo shì nuǎn nán
2948	成龙	119	136	99	72.36	成龙才胖了	chéng lóng cái pàng le	怕大家学成龙	pà dà jiā xué chéng lóng	成龙这么嗨的	chéng lóng zhè me hāi de
2949	弃	1822	759	6	72.35	弃博了吗	qì bó le ma	你要弃我而去了吗	nǐ yào qì wǒ ér qù le ma	然而我已经弃坑了	rán ér wǒ yǐ jīng qì kēng le
2950	误解	1723	903	8	72.30	误解误解	wù jiě wù jiě	主要是怕有误解	zhǔ yào shì pà yǒu wù jiě	我感觉你有点误解	wǒ gǎn jué nǐ yǒu diǎn wù jiě
2951	江南	1963	118	11	72.29	烟雨江南	yān yǔ jiāng nán	我家属江南	wǒ jiā shǔ jiāng nán	全在江南西？	quán zài jiāng nán xī ？
2952	普通人	1092	1236	32	72.27	普通人一枚	pǔ tōng rén yī méi	普通人。。。	pǔ tōng rén 。 。 。	吾想做普通人就加油	wú xiǎng zuò pǔ tōng rén jiù jiā yóu
2953	撤	1651	1136	7	72.20	三点就撤	sān diǎn jiù chè	吃饱就撤	chī bǎo jiù chè	明晚收工撤	míng wǎn shōu gōng chè
2954	折	1894	506	7	72.20	新手有折么	xīn shǒu yǒu zhé me	反正一折出咯	fǎn zhèng yī zhé chū gē	哼！打个折呗	hēng ！ dǎ gè zhé bei
2955	袭击	175	4691	12	72.19	被泡姐袭击了	bèi pào jiě xí jī le	我也被蚊子袭击了	wǒ yě bèi wén zi xí jī le	你这是想袭击社长？	nǐ zhè shì xiǎng xí jī shè zhǎng ？
2956	漫长	1595	1170	9	72.16	好漫长啊	hǎo màn zhǎng a	但是好漫长	dàn shì hǎo màn zhǎng	天啦，好漫长	tiān la ， hǎo màn zhǎng
2957	一口气	1773	1031	3	72.13	哎，就差一口气了	āi ， jiù chà yī kǒu qì le	对滴一口气吃了大半盒	duì dī yī kǒu qì chī le dà bàn hé	那就一口气把你吃掉啦	nà jiù yī kǒu qì bǎ nǐ chī diào la
2958	年糕	1702	77	24	72.13	年糕我的爱	nián gāo wǒ de ài	想听年糕叫	xiǎng tīng nián gāo jiào	有年糕！！	yǒu nián gāo ！ ！
2959	反抗	693	2094	35	72.09	居然没反抗	jū rán méi fǎn kàng	不反抗一下？	bù fǎn kàng yī xià ？	为啥要反抗呢	wèi shá yào fǎn kàng ne
2960	果子	1923	255	10	72.03	放心果子！	fàng xīn guǒ zi ！	卖煎饼果子！	mài jiān bǐng guǒ zi ！	煎饼果子不错	jiān bǐng guǒ zi bù cuò
2961	期望	1214	2201	8	72.03	心里期望的	xīn lǐ qī wàng de	我只是期望！	wǒ zhǐ shì qī wàng ！	不要辜负了白的期望	bù yào gū fù le bái de qī wàng
2962	何况	1639	934	11	72.00	何况病入膏肓	hé kuàng bìng rù gāo huāng	最近都睡不太着何况明天休息	zuì jìn dōu shuì bù tài zhe hé kuàng míng tiān xiū xī	不要这样直接嘛何况季节都过了	bù yào zhè yàng zhí jiē ma hé kuàng jì jié dōu guò le
2963	充分	968	1156	39	71.99	你要充分的相信我	nǐ yào chōng fēn de xiāng xìn wǒ	充分利用剩馀的手	chōng fēn lì yòng shèng yú de shǒu	充分表达出你的矫情	chōng fēn biǎo dá chū nǐ de jiǎo qíng
2964	贫穷	1802	672	8	71.97	贫穷饥饿	pín qióng jī è	贫穷使我奋进	pín qióng shǐ wǒ fèn jìn	贫穷是我理智	pín qióng shì wǒ lǐ zhì
2965	惭愧	1903	407	8	71.93	惭愧啊谢	cán kuì a xiè	惭愧我眼拙	cán kuì wǒ yǎn zhuō	我那个，惭愧呀	wǒ nà gè ， cán kuì ya
2966	长久	1729	695	11	71.93	长久投资！	zhǎng jiǔ tóu zī ！	但愿人长久。	dàn yuàn rén zhǎng jiǔ 。	长久的...	zhǎng jiǔ de . . .
2967	东莞	2165	51	2	71.91	你在东莞？	nǐ zài dōng guǎn ？	再见。东莞	zài jiàn 。 dōng guǎn	下海，东莞。	xià hǎi ， dōng guǎn 。
2968	靠近	0	4849	17	71.88	靠近一点	kào jìn yī diǎn	-别靠近我	- bié kào jìn wǒ	别让那树靠近我	bié ràng nà shù kào jìn wǒ
2969	五天	1924	619	3	71.88	五天没吃饭了	wǔ tiān méi chī fàn le	五天，自由行	wǔ tiān ， zì yóu xíng	五天胖三斤啊！	wǔ tiān pàng sān jīn a ！
2970	汤姆	26	5375	6	71.85	见汤姆吗	jiàn tāng mǔ ma	汤姆胖了吗。	tāng mǔ pàng le ma 。	汤姆还是流弊吧	tāng mǔ hái shì liú bì ba
2971	忒	2175	124	0	71.79	眼光忒差	yǎn guāng tè chà	忒不要脸了	tè bù yào liǎn le	你忒不地道啦	nǐ tè bù dì dào la
2972	冷漠	1499	467	26	71.78	你好冷漠	nǐ hǎo lěng mò	冷漠无情	lěng mò wú qíng	冷漠又粗暴	lěng mò yòu cū bào
2973	玛丽	119	4749	13	71.78	超级玛丽	chāo jí mǎ lì	你说超级玛丽吗	nǐ shuō chāo jí mǎ lì ma	可以买超级玛丽了	kě yǐ mǎi chāo jí mǎ lì le
2974	四月	2058	262	3	71.76	四月想去	sì yuè xiǎng qù	不是四月吗	bù shì sì yuè ma	四月是谁？	sì yuè shì shuí ？
2975	灵	1777	827	6	71.75	我也不灵啊	wǒ yě bù líng a	你鼻子很灵嘛	nǐ bí zi hěn líng ma	感冒灵啊啊啊	gǎn mào líng a a a
2976	网易	1782	0	21	71.73	网易家的	wǎng yì jiā de	网易两瓶起售	wǎng yì liǎng píng qǐ shòu	网易云就能听	wǎng yì yún jiù néng tīng
2977	划算	2015	153	7	71.71	不划算了	bù huà suàn le	好划算呢！	hǎo huà suàn ne ！	划算得很，哈哈	huà suàn dé hěn ， hā hā
2978	西装	1528	1469	6	71.70	其他西装照呢	qí tā xī zhuāng zhào ne	穿西装冷不？	chuān xī zhuāng lěng bù ？	穿西装听广播	chuān xī zhuāng tīng guǎng bō
2979	情敌	2140	95	2	71.65	情敌！！	qíng dí ！ ！	活捉情敌	huó zhuō qíng dí	好情敌真多	hǎo qíng dí zhēn duō
2980	周边	1822	431	11	71.64	哪个周边	nǎ gè zhōu biān	周边住几天	zhōu biān zhù jǐ tiān	DNA的周边	D N A de zhōu biān
2981	痣	2155	162	0	71.62	胸有大痣	xiōng yǒu dà zhì	他掌心没痣	tā zhǎng xīn méi zhì	你掌心的痣	nǐ zhǎng xīn de zhì
2982	东京	1327	1820	9	71.61	东京练马区	dōng jīng liàn mǎ qū	东京98学生	dōng jīng 9 8 xué shēng	你在东京吗亲	nǐ zài dōng jīng ma qīn
2983	栋	955	2730	10	71.60	你栋哥抱么	nǐ dòng gē bào me	栋哥表吓我	dòng gē biǎo xià wǒ	别墅多少钱一栋	bié shù duō shǎo qián yī dòng
2984	懵	1464	55	35	71.59	文案懵了	wén àn měng le	睡懵了秒	shuì měng le miǎo	哦我过懵了	ó wǒ guò měng le
2985	学学	1708	397	17	71.58	等我学学	děng wǒ xué xué	能不能学学新的耿	néng bù néng xué xué xīn de gěng	有机会去学学才得了	yǒu jī huì qù xué xué cái dé le
2986	风险	894	2127	24	71.57	风险多了	fēng xiǎn duō le	风险本来就无处不在	fēng xiǎn běn lái jiù wú chù bù zài	别人家要冒多大风险呀	bié rén jiā yào mào duō dà fēng xiǎn ya
2987	监督	1419	763	24	71.54	买了监督你	mǎi le jiān dū nǐ	好，监督你	hǎo ， jiān dū nǐ	你怎么监督我	nǐ zěn me jiān dū wǒ
2988	背叛	716	3669	4	71.53	背叛我。	bèi pàn wǒ 。	哼你就是背叛	hēng nǐ jiù shì bèi pàn	你已经背叛我了	nǐ yǐ jīng bèi pàn wǒ le
2989	影视	501	593	71	71.49	影视基地	yǐng shì jī dì	人人影视下载	rén rén yǐng shì xià zài	影视大全里面有	yǐng shì dà quán lǐ miàn yǒu
2990	搞错	1114	2742	2	71.49	哦,那我搞错喽	ó , nà wǒ gǎo cuò lóu	我以为你搞错了	wǒ yǐ wèi nǐ gǎo cuò le	哈哈哈是我搞错啦	hā hā hā shì wǒ gǎo cuò la
2991	尖叫	1222	2513	1	71.45	自制尖叫	zì zhì jiān jiào	迷妹的尖叫	mí mèi de jiān jiào	十全大补尖叫	shí quán dà bǔ jiān jiào
2992	黑体	13	5700	0	71.43	东北加粗黑体	dōng běi jiā cū hēi tǐ	窗户是黑体。	chuāng hù shì hēi tǐ 。	强者都是易黑体	qiáng zhě dōu shì yì hēi tǐ
2993	缺乏	981	1400	33	71.40	我缺乏动力	wǒ quē fá dòng lì	缺乏安全感	quē fá ān quán gǎn	缺乏自信！	quē fá zì xìn ！
2994	手动	1960	433	4	71.40	我是手动	wǒ shì shǒu dòng	手动再见	shǒu dòng zài jiàn	手动赞。	shǒu dòng zàn 。
2995	少女心	2188	4	1	71.39	一颗少女心	yī kē shǎo nǚ xīn	哈哈少女心	hā hā shǎo nǚ xīn	有颗少女心	yǒu kē shǎo nǚ xīn
2996	联络	338	4362	9	71.33	欢迎联络	huān yíng lián luò	保持联络噶	bǎo chí lián luò gá	等你来联络	děng nǐ lái lián luò
2997	官	966	1757	27	71.31	面试官问啥	miàn shì guān wèn shá	官二代就是任性	guān èr dài jiù shì rèn xìng	花重锦官又一春	huā zhòng jǐn guān yòu yī chūn
2998	冬至	2153	33	2	71.30	冬至快乐	dōng zhì kuài lè	冬至吃饺子	dōng zhì chī jiǎo zi	冬至快乐！	dōng zhì kuài lè ！
2999	米粉	1866	71	15	71.28	中午吃了米粉	zhōng wǔ chī le mǐ fěn	你吃米粉吗？	nǐ chī mǐ fěn ma ？	想念桂林米粉	xiǎng niàn guì lín mǐ fěn
3000	抑郁症	0	190	102	71.22	包括抑郁症	bāo kuò yì yù zhèng	我曾患过抑郁症	wǒ céng huàn guò yì yù zhèng	患有抑郁症的张纯如	huàn yǒu yì yù zhèng de zhāng chún rú
